instance,-40,-30,-20,-10,-5,-2,-1,1,2,5,10,20,30,40,best_k
0,13.3857,17.792,28.6184,49.3053,369.7498,109.919,371.9962,78.6192,369.5104,34.5541,11.3248,4.5078,3.8223,4.2447,30
1,9.0533,16.0323,28.6401,45.8849,353.9519,111.2089,353.7849,80.1861,353.457,26.5245,7.2076,3.4316,3.0808,3.1294,30
2,11.2928,15.1593,26.8803,52.0011,362.2828,104.7392,362.4292,81.5632,362.1682,33.5837,9.3751,5.3608,4.3674,4.3477,40
3,9.9037,15.8534,28.1474,49.3402,350.2873,103.6717,350.5764,73.0938,346.2332,33.7102,8.108,4.1127,3.4608,3.7568,30
4,9.8816,15.2155,27.1915,48.2474,363.2384,99.3103,360.8363,75.3645,362.6986,34.7439,9.3921,2.7907,3.5721,2.8143,20
5,10.4081,15.9724,28.4042,50.1532,359.1063,103.5353,359.2079,75.324,358.5729,33.4768,9.5613,3.7554,4.1132,3.365,40
6,11.5417,18.4042,31.6616,51.1118,376.0992,109.8439,375.0676,77.9873,375.945,36.84,9.0138,4.5423,3.9311,3.9553,30
7,14.1044,18.1819,29.1199,55.2216,355.6659,111.8286,356.4986,80.3503,356.5277,38.0914,7.3786,3.6363,3.5289,2.7976,40
8,10.3979,19.43,34.4617,58.3558,364.1821,110.7475,365.1891,89.6246,365.4946,39.5431,8.9514,3.7015,2.9362,2.8451,40
9,15.4498,22.8734,33.476,53.0303,375.2631,111.0707,377.6052,83.6277,375.0709,38.8759,7.3095,3.4468,3.3843,3.5377,30
10,10.6356,16.043,26.547,55.058,378.6402,112.5466,378.9805,76.5033,376.9072,37.6084,9.1847,3.66,3.0445,2.8167,40
11,9.1186,13.1499,28.1684,43.9838,361.364,97.9309,362.6891,76.9165,362.4348,35.8811,8.1277,2.7728,2.216,2.557,30
12,12.5352,19.0242,30.856,57.8327,378.7603,114.1099,378.2679,81.1484,375.0055,35.4598,4.5488,3.1382,2.6001,2.0848,40
13,8.6634,13.6006,25.6273,51.4169,351.8905,109.7518,351.2565,71.1424,352.4306,31.8846,6.5822,2.8959,1.972,2.1738,30
14,14.8645,22.5821,32.2944,61.8134,388.8682,115.1016,389.857,83.7177,384.0728,42.2852,8.2765,3.693,3.3473,2.4622,40
15,13.1842,16.3456,29.3691,53.3469,364.4231,118.6757,363.9846,80.1081,361.5736,35.9554,9.8893,3.9797,3.3735,2.0475,40
16,12.5061,18.568,29.3312,54.0493,370.7881,116.3181,374.0009,75.0406,374.6455,34.7401,7.4046,4.362,2.7814,2.5095,40
17,12.2355,18.7747,30.5609,53.5535,363.9282,114.3315,367.298,79.3442,364.7932,37.2268,8.4124,3.8423,3.6603,3.8729,30
18,11.7152,17.2208,30.2358,59.5454,354.7282,103.0708,355.4889,73.1767,354.8969,33.9694,7.9369,3.1972,2.6507,2.6617,30
19,13.1257,19.3829,29.2888,53.63,377.5075,124.8825,378.9713,75.3913,375.2606,32.6782,8.9029,3.8757,3.9502,3.3823,40
20,10.4245,15.5585,29.6073,49.1891,377.7945,106.6259,376.8301,78.5312,375.9043,36.2082,8.6414,3.492,2.4,2.389,40
21,11.0361,17.3868,29.2401,58.7834,354.0057,108.6936,352.0902,73.3818,351.7325,36.8226,8.3978,3.4923,3.3867,3.0081,40
22,11.1348,15.6687,30.3778,53.4802,368.0947,116.201,370.4932,79.338,366.3082,37.6003,9.7435,4.3346,3.4959,3.7355,30
23,11.7147,17.8974,32.8909,55.3401,373.2758,108.0565,373.2193,74.5812,374.0557,39.7211,8.819,3.6784,3.6616,3.9295,30
24,11.0649,18.4953,26.2242,48.7469,361.0199,103.6802,361.5522,79.3214,360.0775,33.8035,9.9418,3.5429,3.2576,2.5388,40
25,13.0543,20.116,30.4036,55.9574,366.4511,106.6502,367.0475,77.7937,366.4699,35.5884,7.9947,2.2576,2.1225,2.2173,30
26,10.1764,15.8908,31.6641,53.0704,352.4263,101.7089,352.7665,77.3413,352.6592,32.1808,7.9823,3.7958,4.4164,4.0914,20
27,10.3027,16.5343,32.1444,59.4966,346.6634,117.5395,345.7789,77.9711,347.8077,37.4153,9.0477,3.5353,2.9875,3.5777,30
28,8.6612,14.6026,26.2789,50.2894,362.8733,100.5655,363.4268,72.7312,363.4149,36.5619,8.8149,4.2342,4.4769,3.5269,40
29,10.4472,16.9179,30.7817,53.3605,366.8404,102.9423,368.8931,78.0651,368.6119,36.8966,7.5793,3.2258,2.564,2.6565,30
30,9.715,15.9183,24.9034,48.451,362.9776,103.6849,363.2884,83.5673,362.7238,36.5542,6.7989,3.0325,3.1046,3.181,20
31,13.1523,17.4135,29.0439,52.7265,369.8572,103.9552,370.3764,73.3002,368.8047,38.0616,9.9688,4.7523,4.5361,4.1193,40
32,11.1323,16.389,25.7258,49.7741,358.6749,107.5029,361.3501,71.1587,360.7769,33.2766,6.4359,2.8712,3.1565,3.5943,20
33,11.4267,15.4274,30.0864,54.63,357.5668,108.4683,357.5466,77.4428,356.581,38.4349,9.011,4.266,2.4238,2.5058,30
34,12.3291,21.5447,38.0216,62.5213,382.3232,112.8951,379.7457,82.3886,380.729,42.0155,10.546,5.24,4.6764,4.1182,40
35,11.9675,17.6487,27.1821,49.2131,355.4615,95.5568,354.3289,70.8765,354.3858,38.1146,6.4993,3.5213,2.8422,2.9604,30
36,11.611,16.8737,27.5289,47.7329,369.6346,116.103,371.2856,72.6525,370.6659,31.6025,8.9283,3.5502,2.7765,3.1033,30
37,12.9187,16.5521,26.8973,52.1057,360.4484,110.0786,361.1453,72.2913,357.2558,33.5835,9.563,2.9504,2.8998,3.0145,30
38,10.9709,16.6479,27.3061,50.4384,364.4247,110.312,365.7784,81.7315,364.1676,37.2366,8.3391,3.4007,3.9209,3.297,40
39,10.5958,15.386,35.4867,61.7564,364.8028,109.1894,364.9694,73.2963,364.7791,39.5723,8.7609,3.9457,2.961,3.0755,30
40,12.659,19.0559,31.9007,52.7627,360.1961,108.4304,360.6736,74.9268,358.171,40.9537,10.6119,4.2472,3.4301,2.7745,40
41,10.7479,14.4816,27.8051,53.1283,369.5284,117.9313,369.9561,76.3192,368.0164,32.7544,11.3477,5.1372,4.8986,4.1639,40
42,10.2157,15.7336,29.1615,52.6656,359.271,104.8223,358.8492,73.1075,357.5367,34.0394,7.4274,2.3737,1.8219,2.1743,30
43,11.5715,20.0066,31.9311,56.5301,358.1754,107.43,357.5755,76.1975,356.4944,37.9763,9.3642,3.7182,3.2885,3.0707,40
44,12.1594,16.6319,30.7248,51.5323,362.6325,104.4568,364.2556,74.4509,361.6816,36.0621,5.921,4.0622,3.7596,3.6095,40
45,12.6479,20.873,36.1433,53.6444,358.3802,109.2222,357.9022,78.9256,357.5156,35.5712,6.7625,4.0976,3.2827,3.3135,30
46,12.6851,20.7208,30.0724,53.6676,373.9653,113.9808,374.4064,79.2462,370.8554,37.4859,9.6722,4.3273,3.4422,4.2934,30
47,13.0773,20.3563,29.3929,52.5603,375.8257,105.744,376.5068,73.0117,371.3185,37.2003,8.7519,4.1004,4.0681,3.1685,40
48,9.504,15.1184,28.1101,53.3034,363.2347,105.9206,364.4377,71.8738,361.3418,40.1707,5.8515,2.2886,2.0998,1.7431,40
49,12.4986,20.3846,29.9036,48.9787,351.9415,105.3077,352.2928,79.727,351.4721,42.4246,12.8663,3.6011,3.5945,3.2584,40
50,9.6042,16.4184,28.1392,55.4927,377.1772,111.7196,378.1723,82.9359,375.6347,37.9097,10.4746,4.4641,3.6697,3.8536,30
51,9.1292,17.2232,29.4887,52.4834,362.0356,112.3986,362.088,76.5026,359.8446,35.2935,7.8034,2.7565,2.1292,1.9876,40
52,11.8136,16.8559,30.0787,53.7842,359.4776,109.3792,358.9295,78.7669,359.401,36.6814,12.0056,3.1524,2.9658,3.2122,30
53,10.2008,17.1253,29.2403,58.2132,360.8637,109.0494,362.3825,75.9727,358.7157,38.3821,8.5731,4.0474,2.7154,2.8853,30
54,12.716,16.553,26.9035,56.6892,369.1149,115.6591,369.5759,80.6563,366.1087,38.5013,7.4286,4.1959,4.0629,3.899,40
55,14.6007,19.7466,30.1131,58.1769,372.0494,115.2349,371.1462,75.2125,370.959,33.6643,7.2381,3.1766,3.068,3.1329,30
56,9.7357,13.9759,26.6796,51.3296,354.0911,106.0747,355.3708,76.1599,354.3379,34.1214,8.9615,3.7471,3.7571,3.4904,40
57,13.9443,16.8197,27.1918,55.2656,367.2665,115.0485,368.0693,80.92,370.0963,33.5015,9.4201,4.3052,3.7712,3.1449,40
58,12.4745,15.2819,25.9321,52.7972,356.8523,114.505,358.3044,76.1145,358.2325,34.2083,8.2921,2.5591,3.4015,3.2743,20
59,10.7114,15.805,28.274,55.2437,361.8074,103.8007,361.8584,75.3879,362.4616,35.4506,8.1767,3.765,3.0588,3.5087,30
60,12.0762,16.7612,28.2895,52.0587,373.8542,106.2293,375.6661,84.8958,374.4312,40.1711,7.8629,4.0735,3.1507,2.8127,40
61,12.218,19.2642,32.4053,57.0571,377.6073,121.1779,377.5281,80.0331,373.9834,37.8467,8.2422,3.4266,3.2523,2.8587,40
62,10.2462,16.067,27.1596,54.6376,363.6977,115.5331,364.055,79.7672,362.3474,38.5714,7.072,3.2784,2.9792,2.3236,40
63,9.5795,14.1729,24.7984,52.3688,342.9589,101.6832,344.9674,76.8714,342.3616,32.5531,6.6781,3.0396,2.081,2.6738,30
64,10.5577,18.4216,27.8396,49.3701,367.4621,107.425,367.7803,74.5142,362.1936,36.5304,7.5188,3.3942,2.1862,2.3078,30
65,11.8292,20.5355,31.128,55.6278,376.3432,117.4393,378.367,76.7596,375.6414,41.2897,8.7848,2.4459,2.9779,2.8486,20
66,13.3958,19.1359,31.1895,56.6801,363.7946,115.281,364.4438,84.9724,362.7698,35.3545,10.044,3.3751,3.1316,3.3245,30
67,10.5079,16.437,32.2959,55.7,358.9798,122.7108,360.3809,79.4082,358.4477,36.3209,8.4035,3.6698,2.3449,3.0717,30
68,9.4544,14.9835,26.6998,45.7004,351.2657,99.9028,354.2125,71.4726,354.1544,33.6964,7.1039,3.0103,3.1745,2.7429,40
69,12.4187,17.6131,28.7357,56.857,364.7947,114.3093,365.7797,82.0758,365.653,35.7654,9.9373,3.5831,3.2475,3.0516,40
70,14.3971,19.482,33.3578,55.3111,372.3857,119.445,371.5894,79.0379,372.798,39.9079,10.6483,4.8017,3.7285,3.3145,40
71,11.9526,16.3615,27.136,48.2104,371.6196,106.6218,368.7724,77.9021,369.5039,36.3398,7.435,4.4049,3.3209,3.3517,30
72,11.4115,18.3173,29.8413,49.267,362.2471,100.3429,363.1937,78.6699,358.3997,32.4472,8.1986,2.9289,3.4638,3.6188,20
73,11.668,17.667,33.5129,50.7554,366.0271,110.6279,370.4147,80.1063,369.5421,33.8675,9.2601,3.6736,2.8755,2.7269,40
74,11.6864,16.2349,25.043,48.7428,375.58,112.7753,377.2013,76.5276,377.6052,34.5048,9.1846,3.7973,2.9808,3.1773,30
75,11.8908,17.4879,31.6196,47.6082,395.1208,109.677,396.8458,84.4923,394.7391,39.9423,9.8768,3.4078,2.6329,2.214,40
76,12.5751,18.3464,36.325,53.4668,362.4067,106.4896,364.2365,74.6051,364.4112,38.5825,9.0461,3.0822,2.8635,2.8279,40
77,11.1936,16.3262,28.9431,52.2647,354.7227,95.8434,352.516,70.6468,353.2808,34.1895,7.3135,3.9686,3.7215,3.4506,40
78,12.1409,18.8182,32.7303,54.594,353.9115,102.7831,355.0945,77.8182,355.2785,40.8019,7.9526,3.8524,3.1798,3.2501,30
79,12.024,18.8177,30.9162,56.4245,369.0274,110.2311,370.467,73.4184,369.1979,39.3698,7.7159,3.5587,2.6209,2.5274,40
80,11.6192,17.2182,29.6037,51.0327,364.5111,105.1668,363.7534,72.5089,365.2053,37.0958,6.8221,3.1313,3.5261,3.4535,20
81,11.2481,17.1765,29.2512,50.8713,370.1357,109.094,370.5152,76.2239,369.8054,35.7691,10.9256,5.115,4.0781,4.3993,30
82,13.1184,15.0406,27.7006,53.7776,374.7261,109.3346,375.7089,87.7096,374.7071,38.5123,8.6674,4.2978,3.5209,3.4676,40
83,10.9972,18.6047,33.5931,54.5127,358.905,112.3015,359.4379,71.7538,358.13,38.6894,8.6627,3.8907,3.4696,2.677,40
84,12.9977,18.7419,30.7207,54.8345,371.464,109.8823,370.8632,77.9147,369.3738,39.2124,6.7068,4.4553,3.6017,3.3756,40
85,10.6871,17.2218,28.6268,58.1799,383.1436,117.0023,385.2232,79.3551,383.7997,38.5483,7.685,4.595,3.2541,2.8487,40
86,12.2371,20.7059,36.0358,56.1633,363.4093,115.6637,362.9165,76.9872,363.3539,41.9253,10.7493,4.3794,3.5725,3.1039,40
87,9.7264,17.7795,28.1097,48.805,346.1212,103.4767,344.4171,73.0088,342.8179,35.577,10.0004,2.7327,2.9275,2.0781,40
88,11.5026,14.9431,27.028,52.2905,359.5901,105.5244,359.549,79.5016,360.3866,42.1627,6.2102,2.2218,2.3733,2.3543,20
89,12.7228,19.5367,27.417,54.0019,356.4676,105.4122,356.9919,79.0137,357.7513,35.5599,8.3004,3.8363,4.3192,3.3232,40
90,12.7297,19.1406,31.9885,54.9236,373.301,106.6528,374.0205,76.5162,374.0348,37.2052,8.0508,3.7219,3.3622,3.188,40
91,13.3486,21.4661,29.4564,55.4163,373.2465,110.557,374.2794,76.8065,372.1622,35.6183,8.3723,2.7034,2.7452,2.2822,40
92,10.4238,19.0683,33.1502,52.0589,358.0758,108.793,356.9506,70.0708,355.675,38.276,9.7429,3.9037,4.0843,3.6351,40
93,12.7312,21.2623,33.6475,58.0903,369.2977,105.5548,369.6224,81.5919,370.1395,38.7073,10.1695,3.3018,2.8963,3.2099,30
94,10.9235,19.8472,29.4911,56.1956,369.0775,113.1582,370.1615,78.5376,367.7867,37.9549,7.4264,3.3019,3.7052,3.9251,20
95,10.5981,15.4146,28.6346,50.4757,357.416,101.3936,356.4662,75.781,354.4787,34.3897,9.6856,2.6429,2.9454,3.2085,20
96,10.9079,19.0039,27.7101,60.7476,379.8423,116.4869,380.6448,84.3846,381.8009,37.8048,9.6171,4.9984,3.8334,4.3964,30
97,12.1605,16.355,28.5745,52.2456,368.6585,110.8022,368.3974,76.4641,368.8036,35.6568,10.2336,4.4708,4.4497,4.0668,40
98,9.6234,14.5776,26.4619,49.5102,359.0092,109.1399,359.8678,72.2745,359.9165,32.6532,6.6431,3.2111,2.1235,2.0349,40
99,12.1544,18.4819,32.9795,56.9407,372.7044,114.4128,372.6563,82.2976,373.3086,37.0326,11.6798,4.4051,4.3299,3.7555,40
100,10.3566,17.7455,27.7157,52.8236,366.8399,108.2565,370.1623,83.5351,369.1324,38.4031,12.8261,3.8766,2.2858,3.071,30
101,12.0227,15.6656,30.1493,54.2931,369.4225,109.7093,369.0154,82.8293,368.8512,40.7579,9.2741,3.8995,3.4077,3.3454,40
102,12.0767,16.0115,28.4464,53.22,373.9729,113.9803,373.5416,77.4189,372.5983,37.5611,10.8116,4.5333,3.7092,3.3819,40
103,11.438,15.9464,29.2731,53.9355,373.4456,112.256,372.9072,77.337,374.3702,34.1427,9.5524,3.7471,3.3231,2.8918,40
104,11.8945,16.2392,28.5056,48.7665,377.4338,107.2073,378.1579,79.3479,374.1178,40.2814,8.7983,3.7193,3.744,3.0822,40
105,11.8926,17.8488,28.6453,49.5143,379.1475,103.6215,379.7825,73.1913,378.3761,36.7782,8.7277,2.567,2.6645,2.3238,40
106,10.7496,15.6181,28.1474,54.2255,359.4511,112.6366,358.4828,77.5647,359.7727,31.9364,6.6695,2.3639,2.4457,2.1289,40
107,13.5878,20.2635,33.275,54.8478,378.8933,108.4884,380.6563,81.8092,376.7392,38.8535,13.5915,4.5913,4.5604,3.5555,40
108,10.3925,15.0488,27.9328,55.4944,359.427,102.0452,362.7812,76.2784,360.2671,31.4175,8.8379,3.306,3.6689,3.3864,20
109,12.6166,19.4438,34.9931,64.9671,374.5,122.5766,375.9277,76.036,374.9484,36.14,8.6302,5.5673,4.242,3.8294,40
110,11.1917,16.9451,27.6164,55.1787,378.732,116.89,379.6589,84.6685,376.2282,38.9625,9.7742,2.7334,2.2479,2.6251,30
111,11.9554,20.0941,32.6163,51.8718,356.3607,111.3051,359.6,81.6428,357.8303,37.6567,7.4362,3.6274,3.9179,3.0299,40
112,11.6406,16.3081,26.7243,50.5096,370.3134,108.8955,372.422,81.1472,370.0039,37.1688,7.2031,3.196,2.6778,2.8217,30
113,15.0079,21.2859,29.8151,57.9705,364.7243,112.8597,365.9018,81.9384,362.714,41.7962,9.4938,4.3043,4.0847,4.0078,40
114,12.3142,18.2587,30.6589,55.4439,373.6927,110.4939,375.7383,73.7548,375.6636,38.0521,7.1112,3.7541,2.7785,2.7936,30
115,11.4085,17.6607,28.403,60.1033,362.1804,113.549,362.3097,82.2758,362.0827,35.7857,8.7863,4.1072,3.2668,2.9369,40
116,10.6718,13.944,27.2696,48.5183,357.9539,101.3273,359.391,79.8401,358.2595,36.1,8.3579,3.9131,3.3407,2.6542,40
117,12.4014,20.0687,33.2298,61.359,362.3324,115.4289,366.2628,83.0262,362.6863,38.0322,9.6447,3.9236,3.451,2.9987,40
118,12.5836,18.3705,28.5245,52.3122,365.4593,109.3433,365.9413,78.2901,365.5255,40.1639,7.729,4.0194,3.2221,3.8659,30
119,11.7739,16.4839,29.2683,52.3206,354.5967,103.6896,354.3102,76.4065,354.2712,36.3866,8.9113,3.6319,2.89,2.921,30
120,11.512,17.8789,25.5905,53.6157,359.8513,103.5207,360.64,77.5171,358.5754,31.4534,7.9114,3.6011,2.7621,3.0466,30
121,10.7399,18.511,30.8274,54.4675,363.1433,112.3585,364.239,75.1019,361.8296,34.4234,9.8475,4.4748,3.8397,3.6211,40
122,9.9896,16.2637,31.6058,56.5317,353.6898,100.5627,353.5173,74.6687,351.0726,37.6598,9.2772,3.1807,2.7615,2.572,40
123,13.1685,17.038,28.6901,53.7038,369.9184,106.8868,371.9231,74.4789,369.8381,39.3883,9.851,4.3372,3.5222,3.7184,30
124,10.6909,16.7651,27.172,53.0707,362.3997,103.2957,365.0608,76.1863,363.4112,38.2215,7.8144,3.6785,3.2138,2.7842,40
125,12.8475,20.1451,31.0033,56.5284,363.3878,115.6643,364.585,77.1722,363.7352,36.9667,12.9183,4.5626,4.0929,4.7596,30
126,12.7621,18.1412,33.0518,50.3847,378.4302,113.5811,380.4753,81.8951,377.191,39.2129,9.0068,3.6308,4.1449,3.0286,40
127,12.3486,18.477,29.9395,53.5884,378.6809,104.241,379.4964,78.0882,373.353,38.6942,8.6831,5.236,4.3377,3.9007,40
128,11.4361,18.808,28.8731,49.3333,363.2979,101.939,364.9772,79.1414,362.4075,39.6845,8.0504,3.8914,2.9811,2.4278,40
129,12.7218,18.3733,29.2096,53.483,368.9222,108.3261,369.2911,76.012,371.5042,39.611,10.409,4.5147,3.8144,3.7568,40
130,13.4667,16.5703,29.3142,50.9236,367.5054,111.8454,368.5788,81.9674,364.7303,39.6073,10.2202,3.1638,2.9046,2.9563,30
131,11.1297,19.4202,33.6201,53.5953,356.1714,108.2199,356.3876,74.2246,354.1019,36.2595,9.0616,3.5056,3.1954,2.639,40
132,13.7282,19.6019,29.4719,51.0583,368.6039,111.6112,371.9615,76.458,370.3966,39.0899,7.4155,4.3369,3.7451,2.8074,40
133,10.4653,15.9253,26.3503,49.6945,342.1559,96.8167,342.0832,73.6799,341.2932,33.2844,6.703,3.2301,2.6217,2.4935,40
134,9.1321,14.6284,27.3217,51.1596,374.4216,112.4066,374.1396,71.7084,374.1421,33.6156,6.3518,3.5833,2.8679,3.5557,30
135,10.0629,17.3423,29.0126,60.6902,369.6076,119.1757,369.3075,75.8436,367.3255,36.4375,8.4872,3.278,3.2864,3.6995,20
136,11.4148,17.7739,28.0831,54.5851,376.4051,115.2908,381.4361,80.925,378.4898,39.3893,9.055,3.6051,1.8753,2.8788,30
137,13.7306,20.3808,35.1305,59.0073,369.1554,119.7811,368.7472,77.6621,367.4611,39.3389,8.1068,2.5591,2.3552,2.622,30
138,8.8195,17.1595,25.916,51.9872,375.0552,110.204,377.9775,74.2046,377.7949,37.5442,8.6805,2.7529,3.1812,3.0013,20
139,10.1536,16.1294,25.6547,51.0521,363.209,101.4901,362.1062,80.5972,364.9269,36.2822,8.1971,3.6815,2.9105,3.0798,30
140,11.0812,18.9186,29.8904,54.5228,359.2215,103.9322,360.5991,76.0723,360.8581,35.5509,9.0603,3.3823,2.5972,2.7834,30
141,12.8317,18.2158,33.5481,57.9292,361.8971,112.1131,365.2037,74.7371,361.2154,35.2184,9.8438,3.5016,3.0258,2.3318,40
142,12.4145,17.9525,29.867,53.1101,386.0263,116.2521,388.0705,84.2733,384.9409,36.1479,8.3212,3.8021,3.0941,2.9991,40
143,13.6113,18.5174,31.0105,55.5672,376.2166,105.7772,376.428,82.0538,376.6604,43.1462,9.8617,3.6564,3.2499,2.516,40
144,8.4222,13.8003,23.8397,52.2881,359.8144,109.7072,361.2349,81.025,359.4084,33.863,6.8511,3.8133,3.9764,2.9826,40
145,9.8652,17.0062,28.9737,53.4819,368.778,115.8499,369.2955,76.2332,366.6835,38.6431,7.1178,2.8125,2.7581,3.6243,30
146,10.6006,17.2512,29.1768,54.1779,358.04,109.4835,358.8627,75.8214,358.5499,34.8541,10.7491,4.3081,4.1633,4.3056,30
147,13.4249,16.0688,25.5205,44.3946,355.7354,105.6654,355.9006,74.6841,355.1579,33.157,8.9273,3.2518,3.3414,3.3939,20
148,10.3623,20.4191,32.8466,55.6672,376.9247,111.431,377.4305,81.5912,378.8888,39.6746,6.6797,3.2615,3.0757,3.0343,40
149,11.1451,18.6923,27.2689,48.5887,371.6626,107.71,373.7514,71.1662,372.3323,34.4871,7.9523,3.3976,3.448,3.4791,20
150,12.5762,18.4626,34.8411,56.0139,364.0227,110.5248,366.7648,74.4227,364.5038,35.259,7.5465,3.4137,2.2791,2.0877,40
151,10.2098,12.8852,29.2913,53.1299,362.806,109.3479,363.0526,74.8392,359.1986,39.6945,9.5424,3.3513,3.3536,3.1263,40
152,12.7868,17.4168,30.6282,52.4756,368.4954,109.3794,369.4863,81.1459,368.8633,42.1332,7.8011,4.2884,3.4586,3.2682,40
153,12.7016,19.9141,33.0273,59.6125,380.5905,118.2844,380.1472,80.1373,378.4292,39.9036,9.668,3.7024,2.4454,2.5256,30
154,16.4924,19.4444,30.6205,57.9521,373.9815,111.4977,374.2076,79.6999,374.5504,35.1688,8.7869,3.0292,2.9977,3.4482,30
155,12.7649,19.011,29.662,54.9083,366.4537,107.5319,367.6972,81.873,366.7897,41.54,7.7012,2.9548,3.1393,2.5792,40
156,9.0803,14.3044,30.4938,54.0577,372.3353,111.2031,370.8584,78.8278,369.1398,34.7003,10.1648,4.1719,2.8383,2.7547,40
157,10.8993,14.6405,24.6993,52.1742,367.6714,107.3664,368.8554,71.9959,365.5027,35.3197,9.6475,3.5399,3.436,3.3545,40
158,11.3792,16.6306,25.4026,56.902,374.7677,111.6303,376.1844,81.4409,376.4005,37.3257,9.0076,3.8794,3.311,3.122,40
159,13.8011,18.4462,27.9019,48.5101,359.7525,104.8885,361.0975,77.0525,359.4067,39.4779,9.5367,3.787,3.2796,2.8746,40
160,12.8387,16.6105,29.9431,56.053,368.7722,107.3966,370.5695,82.4645,369.3379,35.5735,8.8332,2.9852,2.4501,2.6165,30
161,13.5911,18.4384,26.9233,52.8608,363.977,109.6679,363.7345,81.9267,364.9718,38.6179,9.6347,4.2684,3.3951,3.3153,40
162,11.521,17.1217,30.2195,55.1518,365.4102,107.6936,364.5097,78.4495,360.8345,34.7511,8.606,4.2359,3.7438,3.5406,40
163,9.2377,14.0903,25.5761,48.9908,358.8706,116.9988,361.1495,75.4715,361.1037,33.8302,8.0957,3.0172,2.1801,2.4525,30
164,8.9794,14.5575,28.2075,56.7813,366.4901,113.2775,365.0377,73.4321,365.2335,37.228,7.1156,3.5483,3.5853,3.3386,40
165,12.4371,17.2585,33.5106,61.0478,372.7102,110.6539,375.1622,79.6358,372.569,39.4709,6.5697,2.0555,2.4195,3.24,20
166,11.9775,16.146,28.5382,52.7826,381.2005,110.4284,384.3393,79.9766,383.7632,37.7063,9.5121,3.09,3.0277,2.6107,40
167,13.0747,17.7922,29.5001,46.7926,354.5453,102.3352,355.9872,73.4162,353.8825,36.3526,7.314,4.1105,2.89,2.6976,40
168,10.7988,18.0162,29.8605,51.5867,359.2081,103.8803,363.0147,79.5436,360.0752,38.9563,9.7959,4.5327,3.5147,4.2966,30
169,11.6713,16.7032,27.3737,54.0313,364.1068,102.8555,364.1757,78.0112,363.5976,39.1031,7.1239,4.584,3.8944,3.1147,40
170,14.5022,20.9705,35.6715,61.1396,357.1121,121.5057,357.1233,83.2591,353.355,39.4832,10.3541,4.7066,3.6417,3.5809,40
171,13.6856,21.1471,36.8021,61.576,368.9493,115.1797,370.0205,81.0404,367.3792,37.1967,8.6549,2.9436,2.864,2.9717,30
172,11.4615,19.5486,34.3322,57.3284,371.6267,108.6096,373.5665,79.3433,372.9076,40.4685,8.3111,3.5974,2.7916,2.9423,30
173,10.5026,17.274,30.0836,50.3057,350.5282,102.816,351.9098,75.9802,349.1862,36.937,8.8126,2.9679,2.6414,2.8905,30
174,8.9001,12.1159,25.2999,50.9901,345.5192,96.2398,346.1951,72.6025,344.4044,36.2275,7.6629,4.0776,3.1451,2.9187,40
175,11.4307,19.4045,30.1858,58.1204,365.6067,114.1779,366.7912,78.7396,365.943,37.8255,8.054,3.4549,2.6909,2.9116,30
176,10.8424,14.4155,25.9089,46.147,354.8129,96.5229,355.1127,71.7896,354.827,35.8141,8.1327,3.2237,3.7557,4.6169,20
177,13.3969,19.9321,33.5475,54.6343,366.307,107.107,366.7597,82.42,366.3288,40.8146,7.5572,4.0822,3.0037,2.8718,40
178,8.933,15.3181,26.3608,52.2452,354.8807,103.2407,356.4595,77.3597,353.7545,37.6172,8.9054,3.4006,3.0737,2.4392,40
179,11.5966,16.0522,26.8324,53.4763,369.2056,111.7905,369.7168,73.9464,366.3663,34.307,8.0108,3.5519,2.7217,2.5687,40
180,11.5986,17.4414,26.2518,54.3098,351.5084,107.0131,349.2624,74.432,349.0329,32.8068,7.8817,2.8827,3.3609,3.7602,20
181,9.0277,16.1438,28.3596,45.1516,358.9671,103.0076,360.4384,79.9938,359.231,37.1765,8.9568,3.3289,3.0077,3.3355,30
182,9.7076,13.263,28.3485,58.613,367.7887,106.6813,368.267,79.2087,363.5397,42.2153,8.6064,2.6196,1.7527,2.2258,30
183,10.4467,15.5143,24.9346,52.5443,360.7329,103.178,362.6595,73.7924,361.0453,33.8815,7.6778,3.0345,3.2069,2.3202,40
184,9.2056,15.9167,31.8472,50.2693,357.326,108.1053,358.4829,78.0628,358.0251,38.5889,7.1482,2.5884,3.1892,2.8764,20
185,13.2581,19.5257,29.579,50.2615,369.2505,110.4639,369.4936,80.1998,367.245,36.4228,10.2473,3.8788,3.2063,3.1377,40
186,11.8365,18.374,32.9807,56.3992,363.1055,104.9643,365.0709,78.9505,365.4872,41.0052,8.6552,3.0698,2.2201,2.3956,30
187,8.9425,16.5744,27.3538,54.1675,369.9583,113.604,370.7781,87.3144,371.5548,38.5214,9.7211,3.8207,3.4116,3.3121,40
188,12.3446,16.5308,32.023,52.0763,366.2392,110.0952,365.0394,77.5393,365.6991,35.7788,8.661,2.9261,3.3324,2.9118,40
189,11.7696,14.4154,31.6529,52.6396,350.8964,101.7123,354.6515,72.2329,354.1031,35.3913,9.1807,4.018,3.2974,3.6324,30
190,12.3044,20.459,32.6649,59.4061,367.8848,114.8733,368.1908,76.6073,367.4625,37.0787,11.0097,4.3826,3.8413,3.7521,40
191,10.6927,16.5648,28.3464,51.1706,355.2744,105.301,356.4014,74.7707,356.8154,39.091,7.3059,4.268,3.5742,3.0375,40
192,11.46,15.2881,26.6609,55.1026,359.6214,101.0809,360.0281,76.0757,356.7497,33.0796,8.6637,3.2958,2.8728,2.5581,40
193,10.7225,15.459,27.2164,52.0632,369.3598,98.6383,370.4061,72.5444,369.3295,34.9872,7.4083,3.7268,3.3746,3.1148,40
194,13.0223,17.7928,32.3382,57.0286,362.7455,114.9317,363.3903,83.094,365.1311,39.288,8.7335,3.8102,4.3546,4.2965,20
195,10.1605,15.5045,26.7406,53.3319,352.8947,104.498,353.1284,74.5269,353.537,36.0722,9.1415,4.2005,3.4808,3.3673,40
196,13.3456,19.2676,29.6487,55.6427,378.2946,117.2633,379.4542,76.7105,378.1057,36.7197,6.994,3.5708,3.4691,3.2818,40
197,12.1955,16.0683,28.3789,54.5368,367.6667,108.7297,367.8271,78.4368,363.7142,36.1677,9.3865,3.6238,3.0488,2.6744,40
198,11.7078,22.0009,33.5094,55.4027,359.0604,118.9434,358.2638,81.6964,358.609,41.6686,7.4433,3.5295,2.8411,2.7264,40
199,9.3414,14.6388,27.2913,51.7267,360.7789,111.3361,359.9324,80.7159,361.7539,34.2531,7.5969,3.6266,3.4911,3.6268,30
200,12.8441,20.0468,29.5535,57.1942,356.2493,114.749,357.601,74.8123,353.4389,34.3612,7.0606,3.5839,2.8474,2.6461,40
201,11.7368,16.1664,28.9283,51.8631,372.9182,111.7227,373.7417,77.4029,373.0507,35.8145,8.1806,3.5103,3.1113,3.4908,30
202,12.2958,18.216,32.9934,57.7684,369.355,118.707,371.1004,79.1465,369.6592,33.2698,9.0472,4.1355,3.9073,3.3037,40
203,8.4786,16.5128,27.7585,54.0741,360.1948,104.1484,361.7151,74.1106,361.3885,34.6591,8.6821,2.6786,2.3327,2.4124,30
204,9.491,16.776,29.7955,55.7858,361.1598,106.8083,358.8106,75.2627,360.5356,38.345,8.4887,4.3347,4.1553,3.7442,40
205,13.3577,19.8664,33.965,55.9495,365.249,113.9206,366.874,74.2006,366.4673,36.4579,10.31,4.432,4.1842,3.6628,40
206,10.1204,14.3765,31.2407,56.2428,368.6727,115.291,369.6347,79.6537,369.7803,38.3908,9.2632,3.0289,2.3097,1.9412,40
207,13.8235,19.5129,30.2028,52.9247,371.1108,109.8983,371.5779,77.7664,369.6827,39.7578,11.0496,4.284,3.1296,3.298,30
208,9.6098,15.8807,26.742,49.3727,361.4193,103.9807,361.0594,81.246,358.2381,40.8957,5.6857,3.5664,2.9111,3.0311,30
209,10.7934,17.0927,31.9473,50.7046,361.645,120.7824,362.7965,83.2543,359.904,38.6731,9.0243,3.5596,3.4091,3.1756,40
210,12.9995,18.0606,32.7464,55.7592,371.2467,117.0539,372.6623,81.6651,371.1623,39.8663,8.3237,4.0521,3.2467,3.2691,30
211,12.055,17.6968,32.1158,55.8413,379.314,113.8807,381.7079,83.6894,376.081,39.4522,7.1817,4.3192,3.1505,3.8765,30
212,12.9472,19.4659,32.8652,56.9597,355.817,107.0649,356.795,73.0176,356.7356,36.6973,7.9732,3.4641,2.6012,2.5254,40
213,13.4597,17.7963,27.9125,52.2907,370.101,113.0239,369.2989,76.6982,366.9963,33.1348,6.0847,2.6068,2.6596,2.5834,40
214,10.5978,16.6092,27.3352,50.8512,353.9098,103.051,354.3433,77.6906,351.0477,35.3146,5.9488,3.3794,2.574,2.1815,40
215,10.0816,13.1329,24.2874,48.0114,354.788,106.2185,357.9456,68.8231,356.5646,37.5203,6.5407,2.6411,1.9788,2.0403,30
216,11.8311,17.2486,30.2103,54.4005,372.3113,107.4444,373.857,80.0688,371.6948,37.0648,8.3343,3.8954,3.3025,3.192,40
217,10.8081,17.7523,30.9234,54.725,369.5419,111.701,371.358,79.1042,367.2667,39.3778,7.9553,3.8764,3.1816,2.8368,40
218,11.2826,19.7112,33.3195,53.4557,365.8438,109.4948,365.4389,76.3118,362.1628,36.6179,9.3191,3.0069,2.8819,2.7964,40
219,12.7542,16.9741,28.5618,53.9059,355.9934,113.3186,357.4091,85.6434,357.2986,35.4902,10.2934,3.8597,2.5377,2.2616,40
220,14.3939,21.3582,31.1439,57.9475,387.4043,121.1752,386.0803,74.4378,383.9918,36.0802,12.6061,5.1042,3.9794,3.8659,40
221,13.7016,19.8209,30.3873,58.3673,370.5165,112.6145,371.6558,75.0717,370.911,36.2657,7.5762,5.6597,4.4852,4.2159,40
222,13.36,19.6582,32.8519,59.6494,389.9083,124.4854,388.7725,95.0714,391.6981,42.2554,11.0955,4.9859,4.5289,4.1922,40
223,10.764,17.4746,31.479,57.8076,369.3042,110.8459,368.6486,79.8232,369.2925,32.9788,6.9712,3.3894,3.4578,3.1282,40
224,10.8302,17.9197,29.7778,49.4957,365.5882,101.9112,365.5395,72.2653,362.8632,34.3953,10.1255,2.8701,2.7123,3.437,30
225,14.9336,17.2747,28.7471,51.7638,367.5187,107.4358,366.8705,77.202,365.6208,35.7608,6.8608,3.4827,3.6863,3.2366,40
226,11.9228,18.8918,29.144,56.3522,365.2318,105.5132,365.7619,77.0308,366.5395,33.9933,7.8149,3.9112,3.4221,3.0615,40
227,12.753,17.6373,28.6525,51.1674,353.718,102.069,354.1122,76.5744,352.0806,40.4258,9.1288,4.5137,4.4055,3.8855,40
228,11.6551,17.9904,34.0172,58.319,367.4613,112.292,367.9748,82.614,366.4106,42.202,9.5679,3.6967,2.9868,3.195,30
229,11.8692,19.2939,32.6656,58.7212,362.5395,116.0205,360.6242,74.3316,361.5647,38.799,9.3264,3.6423,2.7506,2.7175,40
230,13.4884,21.2919,35.0291,60.0397,363.1798,123.4097,362.7133,81.1014,364.1956,42.6822,9.2429,4.1798,2.8384,3.1477,30
231,12.5003,19.3744,28.122,54.5664,355.1715,111.3276,357.4757,78.6977,355.9761,39.5022,8.3863,3.9536,4.0819,3.6053,40
232,10.6798,16.8377,30.8419,54.0854,363.4153,107.689,361.3064,77.4667,361.1833,37.6135,11.0349,3.1864,3.5855,3.4659,20
233,12.9486,17.0003,32.3749,60.6446,371.6434,112.5354,371.3596,72.8239,372.0546,37.0783,10.3979,4.4983,3.8116,3.9979,30
234,11.9294,16.8612,29.8151,57.6545,355.7779,105.002,356.7955,77.0482,356.262,36.038,7.4967,4.408,4.0791,4.0765,40
235,12.958,18.8463,28.7965,53.5805,366.8899,105.4703,366.0249,73.2643,365.474,34.0162,8.1687,3.9721,4.0853,3.5456,40
236,9.9071,16.0954,30.1192,55.6758,373.2225,113.2817,372.9801,78.0864,370.0881,40.7146,9.13,4.2478,2.8288,2.5759,40
237,10.1201,17.467,26.8447,47.4157,360.2146,99.5961,361.9789,81.0825,360.1798,38.8024,10.7443,3.7197,3.7738,3.8916,20
238,12.5665,17.5373,31.9722,49.3312,350.5363,110.2451,350.8157,73.6863,351.7449,37.4156,9.8502,3.2024,3.2974,3.4265,20
239,12.2908,19.652,32.8849,59.5167,390.9972,114.0017,392.2714,89.3927,391.8238,42.7722,11.7125,4.0118,3.1028,3.842,30
240,11.7542,17.4071,24.1657,53.9136,370.5534,102.5727,371.2262,78.0017,369.8303,38.5092,8.8324,4.5492,4.6162,3.9567,40
241,11.0407,17.6342,32.4116,56.0819,378.5733,107.8116,377.7574,86.4999,377.5123,41.2873,9.8915,3.3363,3.2237,3.1514,40
242,12.6928,21.0493,33.7676,54.4157,371.0896,106.7847,371.7654,74.495,371.9897,36.2213,8.1095,3.8046,2.6515,3.1995,30
243,13.2354,20.3942,31.9304,52.4171,378.052,116.2808,378.1929,75.9676,376.3366,37.4591,8.7509,5.0302,4.2748,4.1196,40
244,15.6918,20.7576,31.5505,54.8225,367.3586,113.3503,369.7733,73.6325,366.0323,37.2817,9.2727,4.7492,3.801,3.6263,40
245,11.1344,17.1224,28.6803,57.7518,369.9256,110.4112,369.1463,79.9729,367.5582,37.2721,5.4483,2.2335,1.7789,1.3295,40
246,10.7787,17.7502,30.5465,51.9554,375.3896,110.9876,376.033,79.472,374.7811,36.9353,8.8144,3.3222,3.1037,2.7516,40
247,13.0715,19.9953,29.336,54.5208,369.7767,113.835,371.3787,80.0504,370.2315,40.3581,7.4145,3.9358,3.6171,2.9744,40
248,11.4377,18.8856,28.4773,52.581,364.4985,110.1151,364.9998,73.8812,363.9144,36.8297,8.132,2.881,3.2135,2.504,40
249,11.1992,15.9477,29.1074,53.7693,375.0607,110.9467,377.1995,75.6791,376.5515,39.323,9.9468,4.5626,3.2653,2.8642,40
250,9.062,16.9332,25.7457,50.5495,358.4636,104.5356,359.9139,69.6911,357.3035,33.2153,9.1277,4.2306,3.7244,3.2846,40
251,10.8086,18.123,29.4107,56.0639,366.3727,117.6436,367.4208,78.5768,365.8681,36.4109,9.922,4.4096,2.6375,2.6017,40
252,10.329,16.5135,27.2435,51.1044,370.1994,107.5645,369.0917,78.7555,368.4727,35.0668,8.1457,4.3845,4.1962,3.2821,40
253,11.5008,15.4309,25.767,46.3614,360.4942,107.0039,360.4927,75.3349,361.7731,38.0607,8.1265,3.5984,2.8234,2.5786,40
254,11.6032,16.9822,30.7546,57.0809,365.0708,110.6692,365.8791,72.6847,366.1895,37.4253,8.8154,4.3476,3.5169,3.359,40
255,9.4128,13.4012,26.3761,43.0525,361.7185,91.8638,363.5151,70.0418,360.5688,36.1678,10.319,3.7869,2.7064,4.0159,30
256,10.1517,15.7043,26.621,48.0764,361.4393,98.5668,361.2536,74.1241,362.437,36.1703,7.0826,2.466,2.3643,2.4072,30
257,13.2707,19.7476,30.5922,53.4831,375.7869,117.8219,375.7826,75.9452,373.4936,35.6805,9.21,2.6911,2.2352,3.0896,30
258,9.5848,16.2216,26.2872,46.2389,366.5469,99.6485,367.5183,74.9773,367.2629,34.1743,7.8573,3.1286,2.5099,2.3663,40
259,9.8959,16.6002,27.895,52.0744,370.1088,109.3696,371.0288,78.2765,370.9049,41.5604,6.8938,4.2076,2.3166,2.7198,30
260,9.505,19.1017,33.2702,57.7451,363.853,115.239,364.8627,85.4053,364.0805,36.7229,8.6389,3.3243,2.7133,2.7904,30
261,13.6015,19.4827,27.3311,54.6735,367.3445,109.1763,368.7157,68.5128,367.3132,37.6258,9.6452,2.6913,2.7304,2.7281,20
262,8.3441,14.275,24.4182,50.9717,364.7238,105.8186,366.8059,79.695,365.4836,37.6753,6.3729,2.9017,2.5228,2.5891,30
263,10.7958,16.5119,27.1474,45.1351,355.7567,101.9321,357.6994,74.1336,357.4028,33.1287,8.0399,3.0674,3.5399,2.9012,40
264,11.0191,17.5065,28.3137,50.3307,351.3019,98.396,352.8585,70.6131,351.946,33.0162,7.2002,2.9368,3.062,2.7526,40
265,11.2872,15.4244,28.3384,52.3746,363.9216,104.1169,364.7377,71.2565,364.7775,35.4163,8.4419,2.4077,2.2782,2.0204,40
266,13.0489,20.0637,31.5833,52.9404,372.3354,115.9112,373.7102,83.1699,371.1241,43.0441,7.4789,3.3188,2.6417,2.6815,30
267,11.3858,14.6096,30.4962,58.527,375.5501,116.4929,375.7554,74.0002,373.2455,35.3827,9.8407,3.2001,3.5425,3.6253,20
268,10.3845,15.3978,24.1018,49.9359,374.9514,108.2807,375.7849,73.3819,374.9113,36.0869,5.8421,1.7759,2.4202,1.9631,20
269,12.1694,17.3315,28.7574,51.3768,378.3992,111.4715,379.589,78.0884,379.9211,37.6665,9.4209,4.2758,4.2365,3.4004,40
270,11.5002,16.4645,27.8307,58.1078,372.3212,120.2078,372.9946,82.2057,371.4268,33.9073,9.2104,3.2866,3.145,3.7339,30
271,11.2948,16.6277,28.71,46.6018,355.6946,100.2584,356.0251,70.5601,357.9382,32.3622,13.3221,3.7518,3.4924,3.1201,40
272,12.5732,18.2278,28.334,54.0596,373.778,112.463,375.7202,76.6998,375.2364,39.1231,8.4252,3.5262,2.8602,2.6348,40
273,11.7429,19.2021,31.066,45.474,365.5004,110.6226,366.7083,73.262,365.4036,37.557,7.3159,3.7732,4.0874,3.3593,40
274,12.6477,20.0654,31.7316,58.801,384.2341,116.5068,389.5236,83.5202,389.7653,36.9045,10.9827,4.3064,4.438,4.4504,20
275,11.8864,20.1319,34.2683,56.908,359.9205,111.9382,358.8852,71.2597,361.1771,34.8356,8.2124,4.0144,3.2056,3.5109,30
276,9.3559,13.5746,22.8327,46.6159,342.5429,93.6552,346.311,67.4284,344.5646,31.9496,6.7735,2.8065,2.4289,2.0119,40
277,12.4659,20.7789,34.2492,59.2347,381.4227,119.5659,382.2589,76.2412,380.7395,38.6653,9.8074,3.4088,3.1064,2.9744,40
278,13.3824,20.7194,32.5839,50.4872,361.853,103.5551,364.4714,74.4165,362.7966,40.8907,13.0705,3.4061,3.1955,2.8658,40
279,12.7743,19.2083,24.6339,47.2465,363.1149,100.3248,361.0026,78.6177,363.5756,37.5309,9.0235,3.2321,3.4402,3.4879,20
280,13.2336,18.2173,30.1494,53.0249,363.6784,109.8331,362.8497,70.4758,362.9982,35.9141,8.9717,4.2779,4.4153,3.7843,40
281,12.9804,19.6612,33.2145,60.0077,371.1319,111.7393,372.6193,82.7957,370.4396,43.5181,6.9943,3.5711,3.1823,2.4318,40
282,12.1261,19.2985,33.2211,53.3337,364.6702,115.7619,366.803,77.3116,367.085,38.3366,10.3343,4.1421,3.5609,3.4078,40
283,10.9165,16.5957,25.9801,50.5875,361.9428,106.7049,362.5742,73.5482,362.4812,36.4254,9.3105,3.2862,3.0513,3.3867,30
284,8.4653,15.5025,26.0632,51.0278,373.5652,104.36,370.5414,76.8337,373.1411,36.7456,5.7038,2.6674,1.9461,1.8611,40
285,11.3735,19.8346,29.745,55.4424,371.2069,114.1969,373.0643,74.0699,374.3901,38.8159,5.8688,2.7656,2.0436,1.9763,40
286,12.4322,17.9431,29.2317,51.6851,371.9338,111.7896,371.9979,81.6054,369.496,38.6805,7.6597,3.8488,3.8858,3.3375,40
287,13.382,21.1122,31.1003,57.0557,365.0416,113.4015,365.5139,74.7836,365.1937,35.4775,8.8514,3.5549,2.6192,2.4671,40
288,10.813,18.3208,33.2135,57.5177,367.3705,110.415,369.4049,84.187,370.082,39.9882,9.9795,4.0702,3.987,3.8565,40
289,10.9939,17.5913,28.498,50.3529,360.0952,106.689,360.159,74.1509,356.8032,33.8268,7.6941,3.6418,2.4726,2.4639,40
290,9.9174,14.4181,24.7547,46.4492,348.341,102.2343,347.8576,69.0589,346.8566,32.2953,6.0744,3.3106,2.1139,3.5541,30
291,11.6895,17.7435,28.6006,49.6443,360.7511,106.3943,360.2701,75.7076,360.1115,37.7109,8.1516,3.664,2.4222,2.2097,40
292,12.1485,19.0205,31.585,53.9249,379.6087,117.5133,378.8427,86.0217,375.4567,37.371,7.369,4.228,3.7473,3.0554,40
293,13.7385,18.376,28.472,52.8598,359.0639,109.8414,358.6342,77.4311,356.8969,37.7473,8.4445,4.0155,4.0975,3.5684,40
294,12.5428,19.9935,30.0821,52.6333,357.6673,107.9729,358.488,80.4306,356.7542,38.0417,7.8283,3.0268,3.2489,3.2557,20
295,12.3344,18.7663,34.2918,54.1884,366.0981,109.9902,366.5887,70.2831,365.4192,38.9748,8.5975,4.1845,3.2457,2.5733,40
296,12.9429,17.0462,29.3338,55.0375,372.3523,111.7715,372.4489,85.4494,372.2786,35.5212,8.8461,4.4684,4.3475,4.0128,40
297,11.4622,17.357,28.7139,48.7292,372.5274,105.6055,373.2417,73.5652,371.6862,34.5303,8.7413,3.3784,3.2374,3.5157,30
298,11.8162,19.9456,28.9775,54.009,368.3782,110.4839,368.0545,77.7984,368.2621,32.8828,7.4787,3.9987,3.5744,3.1036,40
299,12.1762,21.237,31.807,57.8387,372.0852,112.7341,372.3561,82.0584,370.4513,39.2342,9.3274,4.3781,3.3314,2.733,40
300,10.2812,17.3034,27.2859,48.6112,371.5856,107.0117,371.8715,76.5011,372.9032,34.4621,8.8521,3.1952,3.3847,3.6596,20
301,11.0704,15.4273,28.4849,47.1328,349.5098,98.0462,351.3825,71.1427,353.126,34.3129,9.3673,3.6693,3.3214,3.1239,40
302,11.3814,17.2938,31.2883,57.8001,362.3084,117.9707,364.0504,75.4134,363.4351,35.606,10.3034,4.0542,3.2692,3.2011,40
303,14.5448,19.7416,31.0554,52.3709,373.3922,115.3056,373.7039,81.4263,374.1238,35.5661,8.0156,3.1383,2.2732,2.5342,30
304,11.9928,18.046,33.2766,58.0441,365.8723,101.6073,367.442,84.1582,366.3914,42.4457,9.1488,3.7482,3.2956,2.8075,40
305,12.691,17.9497,26.9332,49.0708,370.5497,113.6361,372.4473,81.0825,373.7946,33.9313,9.3414,3.5325,3.034,2.6358,40
306,10.7905,15.9573,27.9166,49.726,366.0587,111.9053,366.3418,77.6578,366.8765,32.4834,7.9994,3.0915,2.3602,2.1943,40
307,10.1249,16.5846,26.6701,48.0166,346.2707,99.434,346.2417,78.1813,346.6927,36.3566,6.9717,2.149,1.8531,1.4402,40
308,12.1559,20.4781,31.7728,52.7484,377.8545,108.9266,377.6384,79.4688,377.3896,38.6623,7.7357,3.7266,2.638,2.7714,30
309,9.7817,15.258,23.172,45.1842,362.1678,109.1492,363.676,74.4886,360.2542,36.8048,10.3236,2.953,2.3081,2.8414,30
310,12.7388,18.4909,30.7475,59.3077,386.9401,125.4315,385.6387,78.1264,386.4347,34.3945,8.5766,4.762,3.82,3.5339,40
311,12.4087,17.3293,30.7375,55.6225,372.3015,109.3353,371.7348,84.4148,370.2614,38.1427,6.4878,3.7703,4.2605,3.3596,40
312,12.8715,16.4184,27.1438,54.2356,359.0942,110.2042,357.9515,79.1204,358.431,37.3841,7.9346,4.5364,4.787,3.9647,40
313,12.2909,19.4867,30.261,52.6984,359.6917,100.2114,359.688,83.5934,356.7791,36.8518,9.4138,3.1197,2.6909,2.9477,30
314,10.1886,15.394,27.0683,55.239,360.0791,103.7406,361.7329,73.8015,360.709,36.2961,8.8995,4.0686,3.5119,3.2585,40
315,9.9701,20.0404,34.4367,58.0789,376.4404,110.8234,375.9216,79.0984,375.6865,42.0423,11.6297,3.1522,2.6218,2.9569,30
316,10.3556,15.4948,26.8504,53.4207,359.2204,119.3244,360.1359,84.966,359.331,36.0559,7.3988,2.0289,2.6174,2.585,20
317,10.4256,17.5126,27.1902,50.2552,356.2431,103.9612,355.643,76.9526,355.0338,32.5744,7.8572,4.453,3.903,3.37,40
318,11.6843,18.2338,29.9432,57.2892,373.508,117.9777,375.5502,76.69,374.0589,39.599,8.8122,3.2078,2.805,2.932,30
319,12.5639,19.0184,31.0898,57.1058,359.8282,114.1712,359.9156,73.3403,357.4634,33.9572,8.6905,3.1706,2.8417,2.4939,40
320,14.7915,18.5422,32.2144,52.2385,364.0455,109.0774,365.9304,75.122,360.5781,38.9362,9.1618,4.5985,3.2131,2.6805,40
321,10.1177,17.9667,27.6566,51.5069,353.4189,110.8605,356.2787,77.4975,355.0566,34.4292,5.4219,3.2151,2.5255,2.9078,30
322,13.2609,21.687,35.1998,59.5114,380.4598,121.8839,383.0568,79.547,379.7198,36.4886,8.0358,3.8959,3.8464,3.0824,40
323,9.2868,16.5322,29.1055,53.931,366.3492,107.5816,369.8672,77.7069,367.2066,36.9551,12.2221,4.2902,4.9102,4.1882,40
324,8.3382,17.0383,27.0895,54.0095,349.2059,106.1081,349.4457,79.5728,350.1915,34.0364,8.0673,3.4975,3.1564,2.9524,40
325,11.1654,17.9975,30.1742,55.463,369.0026,110.4276,369.9233,79.4906,367.6797,37.2844,8.7578,3.7203,2.8436,2.5172,40
326,14.1467,20.4521,32.1569,54.481,376.8935,105.8311,379.3239,78.1332,379.4052,37.0319,8.8027,3.7794,3.6709,3.587,40
327,11.5492,17.9365,29.0461,50.4151,354.8881,107.5004,357.5098,77.6081,358.2509,34.8714,8.8101,3.9819,4.0992,3.8345,40
328,10.4264,16.0919,29.6147,51.5861,364.3926,109.1758,364.2575,75.0842,365.2531,37.1683,7.3534,4.4171,3.0163,3.2115,30
329,16.279,20.2551,33.0614,55.3677,367.5694,109.6269,370.0516,76.2402,368.9062,36.2082,10.0847,4.7316,3.8326,3.312,40
330,12.3525,18.0258,31.0438,58.5843,380.3899,114.9809,382.1687,82.4816,381.1354,39.5116,7.8019,4.9245,3.9424,3.3761,40
331,14.008,16.09,27.4227,52.2514,353.1334,103.9203,355.1935,75.3193,354.3732,36.8332,8.7409,4.8571,3.8898,3.2145,40
332,10.5365,17.324,30.2394,54.4604,362.6213,106.1092,362.5033,74.0848,363.0772,38.3034,5.8565,3.7821,3.7844,2.7533,40
333,10.0385,12.7356,23.2601,46.3256,354.9361,106.7721,357.1826,81.2278,354.6053,34.1895,10.3378,4.5435,3.6534,3.311,40
334,12.0622,15.9079,30.8678,52.3068,374.9469,107.7449,376.5204,79.578,371.7234,40.2697,8.045,4.1746,5.4491,3.9235,40
335,12.2135,18.787,32.4699,55.8966,358.6081,110.1607,359.5858,76.826,359.3603,32.8047,10.5375,3.6582,3.3323,3.5299,30
336,10.5219,17.2911,28.2357,46.2734,356.2041,100.3503,352.8904,74.461,355.0722,36.9376,10.2678,4.2178,3.8773,3.8258,40
337,9.9771,15.3289,29.7292,50.3541,355.12,113.2633,355.0566,67.8072,353.0569,35.3633,8.3003,4.0243,3.3921,3.4543,30
338,8.6678,14.6315,24.2587,43.4496,361.5382,98.1983,364.2879,74.7856,362.0524,35.3378,7.8518,2.8835,3.1455,2.9086,20
339,12.6195,17.8231,31.4548,56.0757,365.0056,108.6805,364.0325,79.4056,361.6562,35.7156,11.5937,4.2979,3.6652,3.4857,40
340,11.3193,16.2418,29.8877,55.5045,361.0699,105.6134,363.9197,73.7394,363.0349,36.4028,9.2138,3.0028,2.9247,3.5387,30
341,13.4016,18.4277,29.7338,56.3544,352.9491,100.8008,354.8264,73.7108,354.5872,35.0102,10.0685,3.3792,3.1855,2.8726,40
342,10.8579,17.6431,30.2233,55.8748,369.2177,104.597,370.9503,81.7859,368.0953,35.8275,8.6899,3.7565,3.8392,3.0339,40
343,12.41,16.4242,30.8685,56.1859,376.3099,119.267,376.9288,71.7224,373.7509,34.0915,7.1509,4.065,2.5408,2.9505,30
344,13.3049,22.7855,33.5195,57.3679,388.1971,117.6559,391.4122,79.9374,388.4088,40.4444,8.6829,4.2525,3.8035,4.3663,30
345,11.8751,17.8884,29.0426,49.8724,371.683,109.342,369.5785,76.3845,370.5506,34.3232,8.4527,4.0272,2.9336,2.6074,40
346,11.6337,19.743,31.692,55.1979,358.9291,108.9309,360.5242,76.1764,357.4398,42.2921,9.5823,3.0057,3.0247,3.1042,20
347,12.9594,20.8636,32.222,54.1637,373.8071,114.6956,373.5699,80.8172,373.3333,34.5918,9.8888,3.7974,3.3725,2.7097,40
348,14.0486,17.7568,26.7861,49.3,349.6709,107.2778,349.5696,75.7958,344.1291,34.8883,5.739,3.0619,2.3965,2.6101,30
349,12.837,18.5314,30.7058,54.6629,364.7009,111.8756,364.417,79.0991,361.5098,36.0179,8.6946,3.6844,3.5608,3.2844,40
350,10.649,13.2238,23.699,41.9595,340.6133,94.544,340.3751,75.1846,340.5775,32.8134,8.3926,2.4143,2.2139,2.0176,40
351,9.68,13.9637,24.9621,49.8549,354.1006,98.6946,354.6468,73.5877,353.8805,32.681,8.3077,3.3312,3.2784,3.0256,40
352,11.4913,19.6965,30.4667,58.9181,363.2815,107.4519,362.5619,80.0414,362.5044,39.9684,9.0346,4.4728,3.4006,3.733,30
353,11.8338,16.3191,28.808,51.1371,354.8108,106.5474,356.0353,75.694,353.5827,34.5548,10.4913,4.6908,2.8943,3.4779,30
354,13.2005,19.9577,33.3442,50.9852,376.0893,108.171,375.6655,78.7528,370.576,39.5318,7.4821,3.7212,4.1048,3.5979,40
355,11.0648,17.288,29.2147,53.8819,356.8336,104.9474,358.5116,78.998,358.1983,37.3758,8.1251,3.3266,3.5367,2.8716,40
356,12.8569,17.2535,29.8086,52.3399,364.3659,111.5742,364.6331,72.3859,364.0942,36.7758,7.11,4.412,4.0768,3.7599,40
357,10.3654,18.8474,32.9886,53.8288,376.9119,111.3548,376.2299,80.7902,375.3201,40.6201,6.9453,2.9426,1.8805,1.9328,30
358,10.6414,14.5959,23.6998,52.3929,367.71,104.507,368.8994,71.6617,368.4538,37.389,7.7206,4.1357,4.1666,3.9798,40
359,11.039,16.7584,29.9661,52.5221,385.8209,114.9094,387.5126,78.7304,385.8295,39.6413,9.9027,2.9516,2.5104,2.0805,40
360,9.9714,14.7915,25.5508,54.6392,374.0272,109.743,374.1833,79.42,373.9544,35.4231,7.2437,2.9103,2.5867,2.5812,40
361,11.7178,19.0151,31.0214,53.5028,348.1132,105.9107,348.0924,70.4218,345.924,36.7134,8.8938,2.9535,2.5916,3.3606,30
362,13.5613,20.8933,33.6955,47.4654,377.2426,113.8378,378.582,81.3756,377.78,34.9721,9.6896,4.4141,4.1525,4.1323,40
363,13.7649,19.6162,34.8967,60.2469,385.8219,118.1671,386.3312,77.8986,385.2607,38.9671,8.4951,5.1431,4.9445,4.0531,40
364,10.2301,17.1303,31.7871,51.2506,366.2694,101.9427,365.2178,79.1575,365.4734,39.6925,6.9867,2.9031,2.4247,2.6418,30
365,9.7586,16.2422,23.6192,44.5178,351.6584,102.1798,352.7841,73.4257,353.7412,32.9101,8.0803,3.7647,3.2379,3.0413,40
366,10.4455,19.3556,30.6076,55.4905,360.7366,118.6292,360.7488,79.5492,359.8004,36.3548,7.9398,3.7285,2.7199,3.5768,30
367,11.501,15.2136,27.6241,54.3344,374.5438,111.0454,374.9367,74.8232,373.4247,39.8344,8.1934,3.4761,3.8688,2.979,40
368,10.4366,15.2089,25.3429,52.717,364.4201,105.5771,365.8595,76.8652,364.8513,34.2159,6.1964,2.574,2.8772,2.13,40
369,9.3988,14.9403,26.5749,46.1917,357.8296,107.0423,360.6388,75.2145,357.7242,36.0252,8.1174,2.707,3.4195,3.4557,20
370,11.3768,19.1824,31.8087,51.4797,376.382,101.1863,378.5623,76.4881,375.4885,36.0859,8.9729,3.5185,2.6211,2.0551,40
371,10.4746,17.0523,31.8199,57.8123,366.3669,108.0236,367.7772,74.1463,365.3127,40.0256,6.5977,3.2245,2.7447,2.6772,40
372,8.8386,14.7782,25.7522,55.2576,368.6263,121.4667,368.9384,82.4543,369.9104,32.2926,6.4869,2.9141,2.6113,1.9689,40
373,12.0636,19.0017,30.2755,57.9499,368.6487,114.8536,368.2355,76.0137,368.8024,38.4919,6.6974,3.3969,2.8568,2.4186,40
374,13.9116,19.0955,30.5282,50.9227,364.6855,100.1202,365.6163,77.9058,364.7281,35.0628,8.4755,4.6509,3.3378,3.819,30
375,10.7678,15.9406,30.854,53.7357,357.2435,109.598,357.5805,67.0057,356.1125,37.3488,9.3711,4.0794,3.7982,3.2599,40
376,11.629,16.6563,27.778,49.4347,363.2879,113.3911,365.2624,78.3076,363.2823,40.8011,9.0561,3.3444,2.9167,3.2894,30
377,11.7008,17.7849,31.7559,51.8396,363.341,114.6257,363.9789,79.2978,361.0527,38.9671,9.0418,4.4269,4.5902,4.3216,40
378,11.1296,16.2202,24.4431,46.5894,359.4824,96.7263,359.7006,68.5466,357.1107,32.1582,8.0745,3.914,3.4101,3.5725,30
379,11.5083,18.5352,29.3145,55.9539,365.0707,110.9874,364.774,78.2643,364.0749,36.6611,8.5824,4.1457,3.1907,3.3529,30
380,12.065,15.7588,27.2593,51.0774,377.537,114.9052,377.5137,75.9797,376.8985,34.5676,9.6141,4.2518,4.4345,4.3966,20
381,11.1796,17.8666,33.4552,54.2589,375.2361,108.8978,374.7516,76.3509,373.585,39.7596,7.077,3.638,3.0325,2.6817,40
382,14.1302,18.5882,31.7209,52.737,372.6522,111.0589,371.4879,80.4717,370.1257,42.5219,11.5338,5.1844,4.5238,4.1993,40
383,12.7134,20.4888,30.992,55.2801,358.6705,106.4277,360.3965,76.6133,356.4044,37.9459,10.5158,4.2809,3.9692,3.3739,40
384,12.6989,19.0301,30.9791,50.2518,371.6181,109.7686,374.8938,72.2459,374.3102,34.858,12.3751,4.8303,4.025,3.1741,40
385,10.2541,15.2394,28.4683,51.4552,367.6997,104.5307,369.067,76.7289,364.5922,36.3001,6.6483,3.5241,2.8154,2.6538,40
386,11.7957,16.6903,29.4069,50.3192,373.6832,109.6834,371.3758,79.1047,372.9626,38.2772,8.2049,2.6917,2.3437,2.5327,30
387,11.6579,14.7395,29.3264,50.0434,363.9858,102.2589,364.7454,72.5313,362.8758,35.5449,7.2809,2.995,3.2077,3.1817,20
388,10.7286,13.8759,27.1365,59.0554,369.5289,117.551,369.2232,72.326,368.7452,34.4221,8.1852,3.7419,3.7865,3.1967,40
389,13.6154,21.5415,33.5297,55.8789,357.6052,110.2893,358.6516,80.4026,358.1021,39.7592,9.0095,4.2062,3.9348,3.8465,40
390,11.0908,17.9994,29.3493,53.4223,342.3292,109.7782,347.7506,76.2581,344.5049,38.5867,8.4027,3.3871,3.1431,3.2083,30
391,12.3109,15.658,29.0134,50.9888,365.7723,110.5082,365.7088,76.7586,361.6821,32.5375,8.0465,3.1484,3.9894,3.6844,20
392,13.5736,16.2978,28.5803,52.5508,354.7086,106.6471,354.7619,72.2993,352.9511,34.9161,7.0266,3.4742,3.0006,3.539,30
393,10.9725,17.9936,29.2559,54.018,367.5912,116.6175,368.3115,76.5075,365.3419,33.9297,9.5947,4.8313,4.1662,4.5918,30
394,11.7424,15.6034,28.5824,53.1744,354.5246,107.3117,355.1836,79.4052,354.1899,38.36,8.5131,3.1337,3.1101,3.5387,30
395,9.1955,14.0729,27.813,52.4673,357.472,110.5695,359.4884,77.501,358.0927,37.8745,8.0896,4.1183,2.683,3.1444,30
396,11.4017,17.1115,29.8965,48.0661,366.2795,105.1897,366.4381,79.48,365.3556,34.1099,8.8926,2.2728,2.5486,2.5696,20
397,10.5557,17.3792,25.906,52.7687,357.6712,109.2727,359.1476,76.2326,357.5405,36.1567,9.1655,3.9315,3.5274,3.1388,40
398,11.8958,17.4685,28.522,54.5898,367.3702,111.5818,367.085,74.1546,364.2417,41.3303,9.5533,3.1338,3.0423,2.9907,40
399,10.5436,16.112,29.4346,56.0118,361.872,110.2027,363.3864,75.1081,362.1307,36.8464,11.8942,4.5026,4.0183,4.1465,30
400,11.3384,15.3811,26.0772,49.6993,367.9892,107.9164,368.8329,69.0127,368.359,35.2138,7.2704,2.3693,2.6212,2.7305,20
401,10.8056,18.3691,30.2741,53.615,373.0987,114.2372,374.334,75.9437,371.2322,33.2859,8.4648,3.8778,3.8867,3.423,40
402,9.7835,14.9273,27.9191,52.3193,367.1571,114.8758,368.8182,74.041,369.9511,37.3905,7.7409,3.8535,3.075,3.102,30
403,11.3288,14.68,27.625,51.15,366.1437,102.0234,365.3048,77.2293,364.25,35.5615,8.8642,2.6312,2.1177,2.1051,40
404,12.285,18.0168,26.7033,50.1019,363.2803,107.3624,364.6559,69.1954,362.3148,32.7375,11.1909,3.6328,4.5992,4.19,20
405,12.3802,20.9516,30.7722,56.6734,365.8,111.921,365.8361,79.5039,364.7965,40.6512,9.616,3.0871,3.524,3.6316,20
406,13.7083,20.0678,28.3437,48.6397,366.4076,103.0433,368.0212,80.9265,367.34,37.4741,8.5881,3.011,3.9366,3.5452,20
407,12.6635,18.7651,32.5592,56.4143,369.2092,102.6192,370.7458,71.4553,370.9103,39.605,9.7041,3.8873,3.09,3.1277,30
408,12.8358,16.8896,27.5905,51.486,368.183,110.0036,370.4928,76.5578,368.7007,30.8854,7.5454,3.372,2.6005,2.6258,30
409,10.8525,17.369,26.1926,52.0018,366.6204,102.8287,366.3047,75.1137,366.8201,36.9991,7.5532,3.0095,3.1724,2.824,40
410,9.5756,16.621,30.9783,52.66,361.8869,105.2306,362.238,75.4537,359.5598,40.2068,7.8691,2.8846,2.395,2.8556,30
411,10.4856,13.8716,21.6949,52.4132,365.8126,108.5777,366.9066,70.997,365.3457,37.2767,7.4378,3.7834,2.7209,3.358,30
412,14.457,18.6585,33.1286,59.3085,384.5122,121.6924,386.2898,83.777,383.584,43.3959,10.7834,5.3135,4.9045,4.9944,30
413,15.3223,18.6304,30.8133,52.9906,373.2449,110.4348,373.2322,74.6061,374.5657,39.4819,9.697,4.2438,2.9894,3.2563,30
414,13.6023,16.6817,31.0472,52.6164,372.0078,109.2912,371.8753,81.439,371.9567,37.0765,7.1377,3.191,3.6475,3.9025,20
415,10.6839,16.3959,26.796,49.597,372.6355,111.0302,372.4459,78.4241,367.1066,40.8083,8.8175,2.9493,2.4739,2.4573,40
416,12.0031,17.3253,25.8727,46.3882,357.1734,100.5269,356.444,72.7215,356.176,34.1985,7.3667,3.9507,2.4182,3.1177,30
417,10.7898,19.1407,28.7654,52.8411,345.3042,99.4218,344.6551,81.9188,342.883,39.0051,10.4947,4.2283,3.3409,3.0937,40
418,10.9036,18.0261,30.3588,51.8672,369.6751,99.3414,371.4166,80.994,365.2017,37.258,5.3319,3.1694,2.3719,1.9575,40
419,10.4474,17.371,29.4303,52.5606,365.8986,111.3319,366.6346,74.4843,363.8919,36.582,7.2871,2.8059,3.2289,3.0616,20
420,10.2147,15.6695,27.4868,49.8528,352.4925,99.5565,351.7577,76.1174,351.8934,36.5294,7.5353,2.9564,3.5201,2.4517,40
421,8.94,16.5009,27.7466,50.0779,368.1144,104.4917,369.9991,80.3218,368.2391,37.7844,8.5191,3.2386,3.1913,3.2098,30
422,9.686,15.7448,24.2812,49.861,366.5798,108.5866,367.9683,76.1502,367.6329,36.2032,6.0849,4.1821,3.5769,2.9919,40
423,10.4361,17.7778,29.6805,58.14,377.9876,112.3388,378.5398,80.1497,378.1401,37.4125,6.246,3.0107,2.405,2.2331,40
424,9.7539,13.4885,24.016,53.2499,360.2566,113.5576,361.6973,75.4004,358.7956,38.9257,6.518,2.727,2.5018,2.781,30
425,14.3245,18.5875,30.1025,59.5763,374.1985,112.3995,374.1712,80.2565,371.7717,39.0791,12.3423,3.9816,3.7645,3.6615,40
426,10.4612,16.7685,28.4327,52.3786,359.4377,111.6933,362.5534,79.1377,359.5785,37.3634,7.8345,4.0938,3.4082,3.3069,40
427,12.891,18.4998,33.8626,56.1999,373.0655,104.2642,373.9759,75.8216,373.2749,37.6633,7.0637,3.7346,3.5514,4.0396,30
428,9.4446,17.8758,27.6546,49.1629,362.8246,104.5478,360.7684,73.3718,361.0964,33.0905,9.5762,3.6834,2.8708,2.9727,30
429,13.087,15.8993,27.9368,52.6309,365.6052,105.499,365.0554,74.6619,362.6824,37.9213,10.1407,4.3377,4.1816,3.6791,40
430,9.6752,11.9786,23.7492,46.1001,367.4093,99.4648,367.5277,72.7875,368.3611,35.4468,8.1754,3.8667,2.4347,1.8893,40
431,13.3431,17.4772,28.5522,50.8107,369.4245,116.9153,367.731,75.9396,367.886,36.1896,11.8359,3.3447,2.9855,3.3383,30
432,13.926,17.7056,28.534,52.137,370.341,106.9631,367.6906,82.7057,366.2915,39.7618,10.1017,3.8353,3.6666,3.4882,40
433,13.3886,20.6424,33.7228,55.7176,375.5904,121.865,375.4374,85.5564,375.9884,41.2523,9.219,4.037,3.298,3.006,40
434,14.238,21.5299,34.028,57.8252,372.5333,113.5808,373.0837,79.7026,371.2368,40.1838,8.8803,4.1324,4.6475,3.9335,40
435,10.8664,15.6762,29.2947,55.7994,374.3447,111.4298,375.6356,79.9297,372.1851,36.4192,8.5286,2.6751,2.4421,2.2432,40
436,10.0445,15.8845,29.4564,44.8673,351.5718,98.2428,351.7953,74.2053,351.4453,35.9011,7.9708,3.704,3.1669,3.1549,40
437,14.6302,17.6328,32.0334,53.2161,376.3409,106.3013,376.6359,80.9267,375.5456,41.5338,9.9798,3.5018,3.79,2.2676,40
438,9.3408,14.3492,28.7675,47.8018,364.4474,103.724,362.181,74.6789,365.4036,40.2502,7.3883,3.3747,2.7844,3.1656,30
439,10.5998,16.1454,28.0645,56.9954,374.4612,104.517,374.8631,77.7799,374.0577,36.087,10.61,4.1183,3.7501,3.5283,40
440,11.5483,16.781,30.1017,55.1512,366.1267,106.0516,365.468,81.1193,365.6959,36.9733,10.3616,4.3667,3.1255,2.9974,40
441,11.7819,17.137,27.7742,50.7395,368.9169,103.6108,368.8422,74.2114,368.3363,35.3905,12.0124,4.4451,3.379,3.1906,40
442,10.9414,16.7386,27.211,48.1288,370.4896,106.5931,371.4451,71.7994,370.9943,32.1819,10.1472,4.5748,3.61,3.1369,40
443,9.1291,13.7605,25.9725,48.3421,354.1529,106.7335,357.2018,76.0142,356.0246,34.5488,7.39,3.2946,2.9154,3.1799,30
444,12.4828,15.405,28.7693,52.8066,379.5443,107.6393,379.2514,77.1933,379.0119,37.5257,8.0769,3.4352,2.9142,2.2609,40
445,12.1351,16.7226,29.4488,54.8983,366.4036,109.219,367.0853,77.0961,366.2097,35.5944,10.5458,4.8243,3.9656,3.8542,40
446,8.3851,15.1345,26.0972,47.713,357.6151,105.675,358.0772,77.9613,358.2176,31.8831,7.1792,4.5206,3.7497,2.8551,40
447,10.9227,15.1261,29.7127,60.1641,372.9839,118.0177,374.3202,79.1534,373.5994,40.3992,7.906,3.0695,3.1884,2.6576,40
448,11.4982,16.0813,27.0818,50.9918,361.1151,102.3823,360.9946,78.491,360.7305,34.6188,10.223,2.2946,1.8605,2.4628,30
449,10.4672,15.826,28.0253,51.4274,367.1862,104.0459,365.8705,77.0037,367.0155,36.0017,6.8116,3.0721,2.045,2.3507,30
450,12.322,17.9192,28.5809,53.595,371.3764,114.8784,369.3168,76.5951,371.3375,38.0125,8.0984,3.5453,3.0503,2.7532,40
451,12.7821,18.097,27.0166,50.8202,366.8378,106.5579,369.0941,73.7643,369.1027,34.8754,7.5363,4.2825,4.0859,3.8732,40
452,13.1408,19.6724,29.2395,51.7494,363.3599,111.5176,363.5935,77.9594,363.4354,36.415,9.4045,4.4479,3.505,2.9518,40
453,13.2345,20.4111,37.4636,60.7525,377.4771,114.3356,376.24,82.4645,375.058,40.2336,8.9037,3.3322,3.8793,2.9732,40
454,9.495,15.7044,27.1021,58.6514,366.2378,111.7976,366.9734,81.7913,365.5546,35.7438,9.305,4.0264,3.6875,3.4156,40
455,9.9954,15.8433,28.268,55.0492,355.3145,112.4648,355.4908,75.098,352.1442,37.6987,8.3639,3.6385,3.2054,2.6155,40
456,10.8754,17.7122,29.32,52.394,376.9238,106.849,376.7595,78.4484,375.9646,39.9387,9.5975,3.9187,3.1322,3.6038,30
457,10.4304,16.7614,25.9135,49.794,373.8487,109.8329,374.4369,78.4444,372.2569,39.1998,8.0492,3.8741,2.891,3.7298,30
458,12.4185,20.31,30.8157,52.1916,375.4308,110.2799,374.1515,75.1752,373.4807,38.4166,6.678,2.8838,1.853,2.3805,30
459,13.2347,19.1226,30.4449,52.1574,369.6084,108.2697,371.7814,80.1344,370.8258,37.3786,9.4575,4.3983,3.8197,3.909,30
460,11.3764,17.8534,30.5737,52.5787,363.4871,109.0774,365.2051,76.587,360.8931,31.7825,5.0822,3.5251,3.4423,3.1098,40
461,11.5113,17.5697,29.986,51.1415,379.5687,110.4585,381.6517,78.6418,378.3764,34.3294,6.2194,3.2105,2.7869,2.6414,40
462,10.3264,14.9352,30.5598,53.8943,355.9435,101.8748,358.4672,74.8904,358.6162,38.9751,8.1312,3.6861,3.2694,2.8606,40
463,10.4999,20.9798,34.3175,56.7331,363.8618,116.5645,365.4595,77.3521,365.8448,37.4622,9.753,4.0944,3.556,3.6446,30
464,9.8476,15.447,32.0104,51.5065,358.6275,111.1468,358.2238,82.0856,359.9541,34.768,8.4299,4.5916,4.1051,4.5882,30
465,12.9527,19.0807,30.9496,53.5004,370.2592,114.4453,370.5916,80.8466,367.9182,35.6405,10.8091,2.9181,3.5819,3.6367,20
466,11.8864,19.6829,29.2293,60.339,363.1319,105.9424,364.3153,77.1142,362.563,40.5321,8.8492,3.5534,3.0763,3.04,40
467,14.9015,19.3628,29.9212,59.8388,371.481,116.8198,372.7094,74.8684,370.4421,35.4711,11.1057,4.7355,3.7579,4.7539,30
468,9.186,16.9051,33.5566,57.1781,369.6365,112.3835,370.2305,80.9551,366.7723,35.7553,8.2212,3.3551,4.2002,3.6676,20
469,13.0344,19.9619,34.6375,55.2194,373.5114,110.6457,374.4039,79.8916,368.1521,40.3552,10.4244,2.806,3.1101,2.8265,20
470,10.4218,16.0225,29.997,52.452,358.992,106.3119,359.279,77.5668,358.2883,38.9867,7.6615,2.5108,2.605,2.9847,20
471,10.1346,15.6945,26.3408,47.1477,351.8412,98.6293,352.3228,76.6973,351.3876,36.0739,6.3279,3.5315,3.0056,3.0346,30
472,11.4125,19.6643,29.8371,52.4945,369.1477,113.6942,371.7819,89.2121,370.6411,36.5873,7.3463,3.8882,2.1898,2.8545,30
473,12.3203,19.6348,30.4302,56.4177,362.2235,111.4153,364.0434,76.3972,365.9658,37.2603,8.7274,3.8163,2.6184,2.4077,40
474,10.7647,16.2805,33.1539,55.3501,371.0736,113.6568,374.0349,69.9539,373.1086,37.0103,9.0222,2.8917,2.3621,2.653,30
475,10.9313,17.6401,29.666,58.07,383.0952,112.9374,384.9086,79.945,379.5758,37.8154,8.6348,2.199,2.6723,1.9345,40
476,11.7148,14.6838,30.0372,52.0749,369.6785,108.4598,370.8194,68.4735,368.1966,30.8646,7.49,3.1425,3.2688,3.0271,40
477,11.8407,17.3374,31.5846,57.0205,360.8701,110.1167,359.6435,71.6297,357.6716,38.8066,8.8332,3.3337,2.4645,2.5712,30
478,12.5141,17.989,30.827,53.2133,354.8836,107.5469,355.6495,85.6748,354.6989,37.1899,9.6743,4.1001,4.0829,3.9099,40
479,11.0856,15.9515,24.6766,45.7874,357.2922,108.0466,357.7314,73.6543,359.3858,32.8489,8.2289,4.0098,2.867,3.09,30
480,12.0081,17.555,29.5048,54.13,362.2822,104.238,366.2617,72.6569,361.8833,38.7683,9.2448,3.5667,3.0751,3.1842,30
481,7.6761,13.8061,28.0837,51.4954,356.9334,100.8856,357.495,73.2485,357.2982,36.7364,7.3014,3.8883,3.4203,2.6803,40
482,12.1202,17.8489,31.0505,54.6407,356.4411,106.6463,357.6259,79.0215,357.3565,36.6257,9.764,3.1662,2.5025,2.8177,30
483,10.5345,15.8255,27.9391,50.2233,363.9977,96.8053,364.7182,72.1868,363.8066,33.152,5.2576,2.9569,2.3199,2.3092,40
484,12.5796,18.2773,27.7999,49.9951,354.833,106.9506,357.4189,75.244,355.1424,36.076,8.9184,3.9576,3.5799,3.2633,40
485,8.029,13.3648,28.688,49.6147,358.7033,108.2672,362.8936,78.0797,361.9869,40.1532,7.2253,3.6457,3.4404,3.1652,40
486,12.7648,21.6377,34.3222,55.8449,364.5318,114.3047,363.3057,72.5908,360.9461,40.8442,7.5488,3.1199,2.5293,2.8124,30
487,10.8458,18.0633,25.169,47.5519,384.6252,109.0698,382.8995,71.3375,382.9084,34.4385,10.7436,3.4428,2.4081,3.1475,30
488,11.7066,17.0053,28.0771,57.5974,374.6556,106.7583,371.3739,78.2033,373.1055,35.5655,9.0091,3.1229,3.4145,3.4577,20
489,10.4986,17.3743,33.2755,61.4626,366.4266,117.2651,365.3266,78.0709,365.0292,37.3223,7.9717,3.8958,3.0282,3.2277,30
490,11.9445,18.9459,27.6771,46.9116,362.2889,103.2003,364.4585,82.512,360.5519,37.1617,8.6227,4.0695,3.7275,4.168,30
491,11.9432,18.1734,32.2823,56.322,356.6077,110.2356,358.2008,80.8487,357.9524,40.6542,6.1319,3.6559,3.5715,4.0002,30
492,11.1918,18.4345,28.5005,50.4717,362.7236,105.7079,364.4075,70.7428,363.5654,36.0305,8.1517,3.5872,3.6673,3.2594,40
493,12.3567,18.9444,26.4329,51.5746,357.941,103.5039,361.1333,74.7675,359.9961,36.8722,11.2802,4.5497,3.5128,3.1978,40
494,11.9113,18.0869,29.1628,53.6455,362.5489,102.4664,362.4679,76.5876,359.7779,39.1862,7.7338,3.9806,3.9201,3.5358,40
495,11.0893,16.245,29.1181,52.4114,373.9182,108.4469,374.1933,78.0175,373.5742,36.811,7.236,3.5306,2.8453,2.6565,40
496,10.104,17.7541,31.6964,52.4919,371.5242,108.9733,370.8967,74.9626,371.7433,34.997,8.6597,3.2549,2.6979,2.3964,40
497,11.8604,15.9039,27.3406,56.3659,372.5312,106.101,373.9541,91.4005,372.2008,41.6019,12.9463,4.5897,4.1784,3.5143,40
498,12.1066,15.0031,29.5722,54.8938,376.8421,117.4234,377.7342,79.2771,372.529,33.7161,9.3943,3.9853,3.1559,2.7714,40
499,9.3598,18.1879,26.7734,49.478,353.1258,107.8995,354.5649,77.0612,353.0955,31.6727,10.4335,3.1914,3.3275,3.0751,40
500,8.7101,14.5135,23.8066,49.4745,348.3625,103.1891,351.012,81.8573,349.6241,34.784,7.0819,2.8763,2.8925,3.1215,20
501,9.9768,16.2816,24.0595,51.6691,372.1916,106.7762,374.3798,76.8352,374.0686,34.0845,8.4754,3.0053,2.0451,1.9194,40
502,11.6476,17.9302,26.5983,52.2205,356.1685,103.7168,356.1208,75.2387,355.5212,33.3921,7.3245,4.315,3.6235,3.6455,30
503,9.8006,14.9261,23.3147,45.7112,354.0706,99.9985,352.5973,71.5257,353.0836,35.305,6.219,2.5554,3.3501,2.9713,20
504,15.4904,22.1582,30.0784,54.176,365.9953,106.8635,367.7651,79.741,368.6716,34.3747,10.8182,5.256,4.3755,4.4161,30
505,9.6938,17.7738,30.4928,52.1771,374.8066,100.4352,375.6419,71.2816,375.015,38.818,7.6771,3.7515,3.3092,3.2784,40
506,11.0956,14.6864,26.7373,51.9528,367.5956,106.4425,368.4906,81.269,364.681,35.6998,7.6566,2.6097,2.5626,2.8963,30
507,10.2536,19.3881,33.7545,59.7266,373.1797,119.4479,374.2614,79.0184,373.4013,41.8138,9.3013,4.4362,3.3856,3.3812,40
508,10.8819,16.6663,29.2917,49.4376,375.6694,124.1508,378.1741,75.7955,374.8044,33.1064,8.9289,4.3102,4.3488,3.247,40
509,9.7829,15.5545,26.6107,51.8129,376.5785,101.9089,376.8212,78.5345,377.0925,34.0125,7.112,3.3673,3.1908,3.0186,40
510,13.8409,18.6577,30.9754,51.7538,378.8018,105.9461,378.3418,81.34,379.0193,35.701,6.2855,4.328,4.2679,3.2362,40
511,9.1919,14.7317,33.0528,56.9202,361.8887,111.8212,364.4547,79.6167,363.6771,40.9875,8.4975,3.3483,3.6635,2.5557,40
512,10.4799,17.4023,31.3298,51.5836,374.623,104.0261,376.359,80.3841,374.8238,39.2989,7.935,3.2145,2.9815,2.0626,40
513,11.9604,14.6136,31.5208,54.4087,367.6826,108.1981,367.4643,81.0763,368.9292,37.522,11.4677,3.9577,3.7564,3.3461,40
514,13.698,20.0137,33.5604,52.4298,372.8798,113.4008,374.716,82.5824,373.8591,37.8344,11.4249,4.7893,4.1153,3.365,40
515,13.0485,19.4132,29.3654,63.5807,380.7707,125.6563,381.8143,79.2431,380.2464,40.1093,10.271,4.5889,4.0314,3.3353,40
516,14.457,21.7689,34.3859,63.4385,369.9502,117.619,372.9829,81.5948,369.6228,39.3908,9.6437,4.461,4.446,5.0763,30
517,11.4711,17.8092,30.0193,53.7576,367.1341,118.6895,369.0351,76.4232,367.2386,37.791,8.4865,3.5501,3.7417,3.9803,20
518,13.3068,19.2292,32.5553,57.4233,371.2245,107.9517,370.4048,78.1673,373.2684,38.9045,8.1467,3.3592,3.1848,3.5226,30
519,12.1064,17.938,27.9578,52.6562,361.3199,100.2751,360.0795,72.4644,360.6642,39.4615,8.4389,3.3224,2.3015,2.6259,30
520,11.9591,17.717,31.4336,51.9024,364.1764,106.6707,364.8679,77.06,363.9607,35.6302,6.8435,3.4593,3.2362,2.6027,40
521,10.4675,14.2501,24.3816,46.1257,360.7252,107.4866,361.0739,76.7678,362.4083,33.8938,6.1868,3.6999,2.9961,3.4926,30
522,10.9508,14.2047,27.0627,48.297,357.7185,100.3976,356.9283,77.0513,354.5286,36.2476,8.943,3.7456,3.0649,2.9138,40
523,10.3651,14.6038,25.4213,51.022,351.3578,105.6503,351.8978,77.0471,350.1785,35.2467,6.8766,3.6336,2.7185,2.2151,40
524,12.1949,16.3748,28.0927,51.7051,366.2686,103.2333,370.1601,81.234,368.8486,37.3172,10.8194,3.7237,3.2678,3.0633,40
525,11.8244,19.2686,29.7633,49.7827,360.3406,113.3668,361.9461,73.2569,360.8396,36.4766,7.4517,3.448,3.3245,3.4366,30
526,11.671,15.3302,25.569,54.0774,365.1343,105.1596,365.5815,74.2572,365.462,36.8198,5.6301,2.7152,2.9647,2.8235,20
527,12.2115,17.5742,26.4653,46.3486,367.2773,111.8949,366.7626,82.7056,368.9323,36.856,11.1363,5.1571,4.8477,4.5974,40
528,12.202,20.0648,30.7814,52.2338,376.6267,107.9735,377.3468,84.8366,374.9416,35.2042,7.8214,4.31,4.0273,4.7129,30
529,11.5579,16.9611,28.6473,47.2045,358.3028,108.992,359.3109,75.7922,356.2121,35.5042,10.4455,3.6086,3.5047,3.4182,40
530,10.0902,16.2214,29.2023,51.6609,376.2588,114.2664,378.0679,75.0059,376.2584,34.3883,8.0504,4.9002,3.5637,3.1765,40
531,15.9178,21.0091,28.965,53.8194,367.0875,117.5117,368.3825,80.6979,365.0174,34.7272,8.6521,3.0725,2.7622,3.1692,30
532,9.915,16.1919,28.3265,51.4558,362.6145,100.9638,363.2269,81.2118,362.5412,38.0141,8.2682,3.6722,4.2275,3.859,20
533,9.3213,15.7135,26.4179,54.1897,360.201,99.7474,361.6429,80.2699,361.5638,34.2605,8.101,3.6495,3.248,2.5813,40
534,9.3324,15.1775,29.3018,51.2203,365.7276,115.0134,367.714,77.2847,367.3697,32.1155,7.4871,3.0095,3.2249,1.3106,40
535,9.5648,15.2889,26.9415,51.1272,358.5543,106.1108,357.771,75.3232,356.782,35.8621,7.3343,3.498,2.9872,3.3671,30
536,12.2006,18.8879,28.8183,53.9547,382.6538,115.7806,380.0689,77.6713,382.3202,39.4172,7.5388,3.4093,3.5664,2.7845,40
537,9.3292,17.0697,27.3134,49.3507,369.3941,108.0374,370.186,76.4768,368.9269,37.9621,8.0902,3.134,2.8836,2.5584,40
538,11.2969,16.7122,27.3003,51.1227,375.6823,111.6765,375.2162,82.1909,374.3079,36.5171,8.2911,3.623,4.0409,3.4147,40
539,10.3488,16.112,25.1706,54.913,371.2397,115.835,373.7256,84.7078,371.7077,36.5873,6.4602,3.4103,2.9025,2.6443,40
540,11.3533,15.3718,29.1321,52.1506,369.6188,108.1573,369.1552,70.71,370.1666,32.1971,9.4471,3.3499,3.4178,3.0091,40
541,10.7358,17.4669,30.5057,52.2426,375.9187,108.6421,373.6734,81.4485,374.6062,37.6454,9.2634,3.8493,2.3054,2.5265,30
542,12.9853,17.9194,26.5535,51.6227,363.5006,106.1793,366.4805,73.2818,365.728,36.8784,9.0704,4.1785,2.8046,2.9655,30
543,12.0176,17.4542,28.3494,51.4729,349.719,104.0296,349.4618,73.139,348.5411,37.6692,9.6645,3.192,3.0691,2.5938,40
544,11.9503,19.0485,30.9584,54.1814,374.5334,105.889,374.1646,74.4436,374.1692,35.0088,8.799,4.0101,3.2064,2.7959,40
545,10.7808,18.6761,29.9403,52.0218,360.8839,110.5277,361.0236,73.7218,360.7564,34.0851,6.8339,4.1193,3.7542,2.7578,40
546,10.5248,14.5964,26.8632,49.1026,349.0017,106.1675,348.3363,71.9935,349.6231,36.1548,8.6445,3.8814,3.8971,3.6949,40
547,11.0589,17.0862,28.696,48.2393,369.2775,106.7309,370.247,75.5369,368.9776,37.3154,8.7624,4.0197,4.0723,3.3508,40
548,11.0926,16.9548,30.4358,56.4752,369.0248,109.1313,369.5739,76.9851,370.0808,36.2084,7.5106,2.8766,3.2029,3.0274,20
549,12.1193,16.9741,28.8,50.3422,364.6127,107.0446,364.4458,73.076,360.1977,35.1852,10.0374,4.329,3.4968,3.5171,30
550,12.9933,19.4548,33.5924,57.4024,358.1901,108.2311,358.6963,74.565,359.5119,41.2894,8.745,3.886,3.8784,3.1722,40
551,13.009,19.0077,32.7222,52.7524,382.1225,111.3596,382.117,76.7522,382.8264,38.3798,9.5416,4.4293,3.7562,3.7087,40
552,11.3538,17.9603,29.8006,50.6535,360.7929,101.2688,360.7438,72.3539,360.5111,36.9088,9.5476,3.4103,2.9141,2.563,40
553,9.6865,15.8203,29.516,50.8297,345.8291,103.8575,342.547,75.5112,344.5363,35.0911,6.6051,3.4879,3.2366,2.9621,40
554,9.8724,13.8252,24.7801,48.2828,352.5567,105.7149,352.7892,75.0367,352.8493,30.2104,10.7748,2.9834,2.3706,2.8026,30
555,9.287,16.7374,29.7487,50.8151,370.1829,113.1121,371.6605,80.3877,372.3862,33.5169,7.5554,2.5391,2.6419,2.5548,20
556,12.3663,18.245,30.6473,54.3708,359.1269,107.01,358.9857,80.4803,359.8889,40.5002,10.8524,5.62,4.7612,3.8047,40
557,11.3399,21.2321,31.7059,52.3995,373.1981,120.1168,374.0979,83.0403,373.1609,38.376,9.1084,3.6202,3.2642,2.7895,40
558,10.919,17.3083,30.9507,52.764,358.079,108.6039,356.9075,73.9874,355.7612,40.7449,7.3741,3.5996,3.3147,3.8586,30
559,11.9028,17.5268,26.5811,49.9011,361.8159,104.2709,363.6462,77.9567,362.4511,33.9013,8.4914,3.8535,3.8552,3.7304,40
560,13.387,17.0398,28.4286,52.3639,363.6525,108.2856,364.9576,79.4394,363.1279,39.3433,7.794,3.203,2.7656,2.6038,40
561,15.6618,19.8304,33.0935,51.4633,364.6004,104.2177,364.9791,76.5412,360.4783,41.7872,8.5496,2.4558,2.6459,3.1959,20
562,9.3155,17.3665,29.313,53.8637,359.4061,108.3756,361.5697,70.6881,361.5451,34.7081,5.9416,1.8312,1.8018,1.8145,30
563,11.7755,17.0824,26.5313,54.3531,370.2075,105.3689,371.2164,77.8832,367.396,39.5721,6.8439,3.0369,2.5953,2.4467,40
564,12.4004,17.4107,29.1692,50.1064,360.7535,100.3758,364.1321,75.8344,365.5792,36.6457,8.1047,4.3872,3.226,3.1071,40
565,13.7729,17.571,35.1358,60.8378,374.5852,112.5549,377.769,79.2308,377.1598,39.2537,6.9411,3.9484,2.8667,2.7246,40
566,12.6945,16.5796,29.0435,50.1346,359.2114,110.704,359.8042,73.4185,359.5276,39.0853,10.3023,3.7428,3.0344,2.6207,40
567,10.8292,18.347,31.2902,59.3777,356.0143,111.2932,353.4024,73.303,354.8653,39.6278,10.4556,4.5037,3.3721,3.2828,40
568,13.8144,20.0186,30.8663,55.5536,374.6716,116.5538,375.28,80.2854,373.6318,37.4504,9.606,3.7311,3.7426,3.9142,20
569,12.3141,17.95,29.0359,55.7795,361.7195,109.4217,364.3223,77.6447,360.3307,37.5769,10.7546,4.3634,3.6472,3.8417,30
570,11.6797,20.6077,31.4439,53.9362,362.2817,114.4938,364.0219,81.3465,362.0625,37.2066,9.6629,3.796,3.2069,3.0087,40
571,11.9288,16.9178,29.9752,54.9072,371.0156,117.5732,369.5949,79.4252,369.2,36.0372,8.7246,5.1343,2.8113,3.8259,30
572,12.153,20.3244,32.4424,58.8485,359.5803,105.1802,361.3822,80.0542,362.5015,40.0997,10.9641,3.0692,3.0438,3.4576,30
573,10.1254,16.7811,27.1017,52.2574,375.2465,101.1372,376.6031,78.6385,374.2769,33.1124,8.2505,3.9199,3.041,3.1894,30
574,12.9584,17.2963,30.1965,50.7641,376.2958,107.3434,376.965,72.4062,374.3851,37.3747,9.441,3.0344,2.9107,3.2335,30
575,10.1423,20.0023,31.2881,55.0455,368.5288,109.7946,369.151,79.278,369.1452,40.1901,6.0208,3.1372,2.4125,2.3212,40
576,10.3997,14.455,29.2916,54.4076,366.6364,111.5988,369.0448,79.9309,363.3288,36.5371,8.0348,3.2825,3.3216,2.798,40
577,11.3091,15.4117,25.386,53.9245,381.1347,117.3272,381.4604,78.1282,377.9542,36.718,7.8968,3.7854,2.5072,3.121,30
578,13.9249,21.8877,33.8859,57.0242,370.7353,105.969,370.7731,81.526,371.0857,40.068,8.4973,3.3882,3.6431,3.9175,20
579,10.5792,17.3731,28.5614,51.2266,362.6781,105.6961,363.5637,75.3656,363.5437,33.6963,8.6146,3.9479,3.6882,3.4568,40
580,11.7783,15.5775,25.9229,48.3936,346.969,99.1407,347.4838,72.9629,346.0869,35.592,5.9339,2.9428,3.0348,2.8272,40
581,12.2983,16.8486,30.5767,55.1716,358.543,104.8286,358.5549,72.6275,357.857,38.9582,7.0509,3.9075,3.6176,3.6054,40
582,12.9081,16.6625,27.3614,48.1963,386.8164,110.2345,388.594,82.6469,386.8736,42.1997,7.9115,4.1094,3.4366,3.0049,40
583,10.1964,14.9736,25.5167,49.7529,363.7495,106.3681,365.6812,75.2304,362.4256,33.6585,8.3223,2.88,3.1958,2.8561,40
584,11.56,15.0239,30.4334,54.7938,369.514,110.6892,372.4675,78.6148,368.5222,34.2028,9.1309,3.2786,3.7391,3.4287,20
585,12.5349,16.3135,27.0637,53.4856,360.5414,101.2937,361.9303,75.2864,362.2063,37.5978,8.1327,4.7006,2.6894,3.2861,30
586,9.9873,15.4001,27.362,52.0029,370.4721,105.5504,372.7785,82.4419,370.6456,35.8445,8.2569,3.153,3.3574,2.6642,40
587,9.9121,19.5993,29.5606,54.7937,378.9771,112.1156,378.0605,85.0134,376.9089,39.0224,9.0748,2.8403,2.5234,2.524,30
588,11.1793,19.7745,29.9594,56.0994,383.178,118.0628,384.0538,79.6252,382.7054,38.7218,9.9334,3.6327,3.9618,3.3193,40
589,11.0402,18.2942,28.4779,54.0315,374.3608,106.5204,373.9499,75.2098,374.1062,36.653,8.1392,2.848,3.3481,2.966,20
590,11.8204,19.8184,25.5577,47.3729,359.0477,107.8366,360.688,77.426,360.596,36.8423,6.7739,2.9244,3.08,2.44,40
591,11.3135,20.5733,31.5237,60.3249,374.642,120.337,376.4061,83.8157,373.1108,40.4616,8.8855,3.5379,2.7871,2.4559,40
592,11.3123,17.1821,30.5561,53.2991,372.0491,107.0176,373.8424,75.4675,371.4367,38.4678,7.545,4.0107,2.9021,2.7022,40
593,13.2397,16.4449,28.5825,50.6385,368.8705,110.817,368.6067,78.7901,368.2929,38.2068,10.3229,4.1984,2.4999,2.8518,30
594,13.0156,15.1242,26.2521,49.5153,367.5167,110.3734,369.4903,69.8422,369.3803,30.5131,8.8619,3.704,3.3979,3.2571,40
595,10.355,16.7866,29.6693,52.9788,368.3402,114.2451,370.922,79.7623,368.8337,32.2213,5.9887,2.8491,2.5579,2.4509,40
596,13.4913,17.6137,30.6939,52.3824,373.0328,112.7892,371.8169,78.6646,372.9895,37.3484,9.7837,2.39,2.3403,2.8824,30
597,10.6368,16.0345,25.5035,54.2728,361.7265,119.6734,363.7844,80.9116,361.2306,38.766,9.5236,3.1202,2.1395,3.2813,30
598,11.2714,17.9205,29.3762,50.725,366.4531,111.5152,368.2672,79.4284,367.4343,37.5402,10.448,4.3199,4.3359,4.2409,40
599,14.2011,21.5615,33.7944,53.4531,367.8833,108.5656,369.7177,84.5717,367.1646,37.5747,8.5354,3.518,3.3059,3.5414,30
600,10.9966,16.551,26.5179,53.7824,371.8195,110.1285,372.0012,79.6359,373.3542,37.3498,7.2687,3.3353,2.2082,2.7749,30
601,12.117,20.801,30.4788,52.4014,362.7671,108.9088,362.1287,78.1745,360.0875,35.4951,8.7279,4.1873,3.525,2.7621,40
602,11.4698,19.4138,28.3541,53.5509,371.1963,117.2946,371.4669,78.7669,371.0468,37.9772,11.627,3.8746,3.3327,3.5387,30
603,12.8047,21.4587,35.65,54.9494,369.1751,109.8228,372.1441,80.9678,369.1573,36.6564,9.8755,4.1644,3.6601,3.1728,40
604,11.2804,15.2071,25.8546,48.2279,374.0061,104.0846,374.927,79.2571,376.2211,36.5374,9.0433,3.6211,3.3942,2.971,40
605,13.2779,18.1309,31.6624,60.1,370.6254,108.943,373.9515,80.3895,370.4817,35.4852,9.285,3.1466,2.3334,2.37,30
606,13.0083,19.1784,32.6201,57.1141,377.6106,113.5258,377.7573,83.4602,376.9625,41.7495,7.7728,3.2509,2.6016,2.4781,40
607,10.6468,18.8015,33.0244,53.3402,372.1213,117.0981,373.1105,80.6654,372.3429,40.0485,9.0881,3.855,2.9462,2.7502,40
608,10.9407,16.0483,31.9745,56.1528,378.2951,111.1443,379.1054,83.3611,379.8169,44.9289,9.9957,4.083,3.588,2.9168,40
609,14.3031,19.7832,33.4658,53.4417,362.2904,127.1616,362.7278,80.8247,361.0855,34.4819,9.2901,3.5229,2.9426,2.8209,40
610,9.7884,13.9568,24.9503,47.5865,369.1018,104.646,370.4731,73.5375,366.4306,34.1434,7.4299,3.1207,2.9848,3.403,30
611,12.0817,17.8385,31.6852,55.304,367.2068,109.6356,365.6634,75.4884,366.2726,36.6725,7.1344,4.6698,2.8165,3.2473,30
612,14.0573,20.578,30.9026,52.1362,356.2384,108.8281,357.662,80.593,355.3351,37.2208,9.5898,5.6446,5.6195,4.0933,40
613,10.3024,16.4487,28.203,50.9187,364.3368,101.3902,362.1545,78.5213,360.2533,38.9706,7.6722,4.0985,3.8357,2.6806,40
614,14.4387,18.1232,27.8792,48.5641,365.957,104.9015,367.9936,76.1265,364.2218,36.447,10.9872,4.8812,4.4698,3.9993,40
615,9.5499,17.2476,25.5525,52.3837,373.2268,97.5701,374.7778,78.6936,372.2879,34.7459,9.5265,3.1119,2.8141,2.6468,40
616,10.5407,16.5889,31.2652,55.7797,359.1017,110.274,359.0694,84.6508,358.6031,35.7678,9.1781,3.078,3.1842,3.5778,20
617,12.1833,17.3937,29.5728,50.6436,372.3281,121.6101,371.7931,79.4121,369.3047,36.3562,7.2906,4.1997,3.1477,3.2512,30
618,12.2861,16.4703,30.9218,57.7139,369.0247,107.7341,371.9706,79.6611,367.8364,38.3593,6.9799,4.762,4.6882,3.8083,40
619,12.3964,18.3891,30.8529,52.9085,368.9054,111.4375,369.9671,74.3359,367.7366,37.5668,9.4703,3.424,3.3872,2.8265,40
620,10.2938,16.7081,27.5667,53.5109,365.0461,108.8807,367.4892,74.5865,367.139,35.7112,8.7167,3.5798,2.9813,2.677,40
621,14.2194,19.3442,30.4853,52.9362,359.6862,109.7143,361.3024,76.8484,359.4172,39.0886,7.2163,2.7645,2.7361,2.9731,30
622,10.8255,19.7617,34.914,60.3013,376.3753,118.9828,377.1885,83.2696,375.4937,39.9909,8.1341,3.1954,3.1432,3.4033,30
623,10.8844,15.3617,26.4714,47.3996,368.632,110.1161,366.2497,76.4088,367.1582,34.3774,7.4177,3.0126,3.1245,3.6024,20
624,10.486,15.819,23.547,46.7522,364.4371,109.2793,367.8113,74.995,364.5292,38.7087,10.8188,4.8251,3.5665,3.1024,40
625,11.9711,18.1161,30.6187,52.3689,362.5582,103.8678,363.9707,73.2784,362.3553,33.5961,8.8729,3.7344,3.2137,2.9798,40
626,11.8057,19.3083,28.3607,57.8427,371.6477,118.7672,373.7979,82.3321,371.4017,37.6752,11.0133,5.3667,3.2319,3.6103,30
627,14.0322,19.6496,32.8028,59.0558,373.033,119.5725,377.6588,81.8189,373.8394,41.8818,11.9912,5.3992,3.4018,3.4529,30
628,10.8226,16.5925,26.3495,48.6385,362.1273,110.0441,363.2213,77.2361,363.3418,35.759,7.4472,4.437,3.7497,3.4816,40
629,12.5649,20.5287,30.5402,54.6985,368.4695,120.8484,370.9883,83.127,368.6063,41.163,10.5129,4.7829,3.7871,4.0901,30
630,11.486,16.4305,24.1821,48.3141,352.057,102.5716,355.231,74.3177,354.0761,34.7997,8.5007,3.7515,3.8503,3.4481,40
631,12.691,18.1182,31.3554,55.6264,374.7003,117.0047,375.146,78.3261,374.9505,37.4348,8.412,3.0662,3.5782,2.4901,40
632,8.8848,13.3444,25.2912,54.8301,375.2509,107.134,374.397,79.6977,374.1631,36.0181,7.8456,3.1749,2.9664,2.3079,40
633,13.2519,20.5642,31.1679,54.3532,357.7359,109.3666,359.6095,78.2672,358.449,38.7218,10.1641,4.6248,4.6012,3.9728,40
634,13.601,19.5727,34.8173,52.6083,360.2676,109.8467,359.6199,77.294,360.6735,34.6,11.8869,4.049,4.0676,3.5514,40
635,11.1121,16.7301,29.726,54.6722,361.9499,121.2591,361.5141,74.7714,359.5124,40.9172,6.9607,2.4265,2.5927,1.9168,40
636,10.1251,17.312,26.8954,52.8576,365.7799,110.6748,365.3037,76.0233,363.6709,34.272,9.5836,2.9911,3.3867,2.2416,40
637,10.5034,19.2257,28.1613,50.5842,372.0292,104.3314,372.0466,75.9959,371.9513,33.4975,8.5744,4.1071,3.0627,2.8974,40
638,11.2568,15.6202,27.4988,49.7082,356.7337,98.5252,357.807,75.2642,357.0791,40.5744,7.0505,4.1198,3.5165,3.6537,30
639,12.2328,16.5384,26.992,52.5746,369.8368,110.0901,367.9119,76.8685,368.8399,33.9179,6.3263,3.2098,3.4677,2.908,40
640,13.3282,20.5184,34.3926,59.3332,360.9681,108.3101,361.1031,83.7313,360.4399,44.1682,10.0077,3.587,3.4384,3.7984,30
641,12.4286,17.2662,29.1462,51.7299,352.8966,107.547,355.9532,71.161,354.4411,35.6493,6.6466,2.5744,2.4446,2.3867,40
642,13.9334,21.104,32.1513,64.2964,369.4455,124.4087,371.5076,83.7648,369.9723,38.0672,10.377,5.7622,4.1043,4.0518,40
643,11.6422,17.2934,27.2483,52.2163,355.9479,104.2173,356.4302,74.6817,356.4234,34.5904,8.8509,3.2944,3.2063,3.5271,30
644,10.5133,17.1851,30.2331,49.5512,367.4242,109.5478,370.7455,71.7487,368.5238,36.8498,7.9633,4.203,3.6719,3.2929,40
645,13.9836,21.1633,34.7307,54.5235,374.7448,113.2808,375.9014,84.8485,375.0379,39.1208,8.0372,4.2376,2.512,3.272,30
646,11.4873,20.9057,30.8295,58.5587,383.5151,113.6367,383.6048,82.8153,380.232,37.2259,5.023,2.9577,3.1423,3.37,20
647,10.8992,19.9951,33.2946,58.8044,360.4926,114.8977,364.2921,76.7285,362.0266,39.7102,8.9241,3.4064,2.9475,3.3412,30
648,14.1876,16.1432,31.0738,56.4813,371.4681,109.878,373.8742,79.0468,371.3922,38.0508,9.7573,4.4886,3.4233,3.9888,30
649,9.9569,14.9548,30.4424,56.3181,363.6292,110.9487,364.6041,82.9017,361.1974,40.1498,7.3645,3.384,3.3293,3.716,30
650,10.1537,19.1713,33.9429,50.9163,375.2388,105.9976,374.3864,75.2034,371.7926,33.9015,7.744,1.9524,1.4995,1.073,40
651,9.0266,18.0648,29.0552,50.9727,368.9099,107.1252,369.251,76.1586,369.983,34.6048,7.7877,2.9189,3.3461,3.1295,20
652,12.525,21.6827,28.2477,51.5763,351.7169,101.823,351.4602,77.5814,352.4451,37.7351,10.4289,5.3247,4.1417,4.4754,30
653,9.7308,15.6273,28.7482,58.7228,360.9164,116.1067,361.5857,85.6786,363.7406,36.9766,6.8568,2.9303,2.8199,2.99,30
654,10.6633,18.9364,29.9985,53.6672,365.487,110.5474,364.9671,79.0725,365.7814,37.5501,8.6646,3.4488,3.9797,3.4773,20
655,11.756,16.745,24.9344,51.1441,369.0646,99.3588,370.9334,69.4384,367.299,33.833,7.9759,3.0857,3.8328,3.6805,20
656,9.7073,16.2019,25.1023,49.6901,375.9781,103.23,379.0235,70.7662,377.2756,34.4516,8.5328,2.7492,2.676,2.774,30
657,11.6726,15.0988,26.5025,54.7493,369.9968,117.1205,371.8617,71.802,370.6776,32.8616,7.3424,2.7641,2.5524,1.9912,40
658,12.5796,17.7991,30.1391,50.0938,374.3411,103.1528,375.9276,78.1884,372.6659,36.7522,10.0574,4.342,3.4406,3.2297,40
659,11.7802,17.142,33.3972,57.907,380.9226,117.8639,380.0221,88.8074,378.5642,43.3417,9.1943,3.943,4.0451,2.9419,40
660,10.9473,15.5865,30.4595,60.8574,382.1793,123.17,385.433,75.6721,383.0183,38.9431,10.1529,4.8128,3.3361,3.829,30
661,11.2105,16.7866,27.2207,49.137,363.6325,108.4141,364.2458,75.4926,364.162,35.8832,8.131,3.3011,3.4748,3.0589,40
662,13.0093,19.0937,28.8602,52.695,362.6312,106.8659,362.9964,83.5493,363.4612,36.7241,11.1333,4.592,3.4861,3.9999,30
663,13.8694,18.9111,30.5705,54.55,359.7994,111.6005,359.2373,74.1854,356.373,38.8956,10.8057,5.0135,4.0198,4.0047,40
664,10.2571,18.0733,27.726,51.0167,354.5808,101.5834,355.181,76.8089,354.1547,37.6544,8.2555,2.894,2.6381,2.1125,40
665,12.6709,18.8364,32.4497,59.0528,356.958,108.3255,356.5353,79.8325,352.7357,39.8005,8.9574,4.6757,3.8673,4.6032,30
666,9.5458,16.0858,29.2223,49.6961,366.2322,110.1553,367.1071,74.716,365.0084,36.7044,7.2498,3.004,2.741,2.8775,30
667,9.4726,14.9353,27.0508,50.7762,361.9806,116.3806,363.6983,77.0799,363.8354,33.0418,6.7811,3.1956,2.7948,2.8446,30
668,11.1107,17.7996,29.1118,48.5128,364.2844,103.8212,362.6044,74.4398,362.2813,33.5879,8.6035,4.2885,4.1104,4.044,40
669,14.4745,20.0053,31.4971,52.3918,380.7106,114.8024,380.7743,79.6579,377.2443,35.8708,7.8242,2.3421,2.8211,2.5605,20
670,8.5901,15.5675,26.385,51.6088,362.156,100.2072,360.1404,74.301,360.8598,36.6901,8.0584,3.4821,3.1171,2.4107,40
671,8.546,15.8976,28.9876,53.1939,376.1995,102.6945,378.2787,76.8399,376.4871,37.1186,5.9135,3.0653,2.7079,2.9736,30
672,13.2288,18.1833,28.2917,50.726,360.0917,106.5467,360.1244,70.6727,358.427,33.8969,9.2428,3.3427,2.9565,2.3861,40
673,9.1052,15.2924,29.354,49.6176,370.1356,100.8673,370.1978,78.1751,368.8809,38.188,8.234,2.9499,2.7827,3.015,30
674,12.9118,20.0692,32.4624,62.4528,372.1473,120.3838,375.1389,82.3577,373.5731,42.6496,9.1131,3.905,3.0468,3.3655,30
675,11.7502,15.9737,30.0031,48.8648,371.0655,104.5935,369.8111,74.1006,366.804,36.6491,7.4092,3.4916,2.5902,2.2893,40
676,14.5454,20.942,33.3489,57.9963,374.5963,120.4019,373.6471,81.2742,373.8059,43.2717,9.907,3.8659,3.5791,3.618,30
677,11.3749,17.295,26.4469,52.9012,373.1716,106.5402,373.7136,74.6362,372.113,34.5124,10.1305,4.1993,4.0873,3.7986,40
678,11.8379,22.2775,33.8097,61.3605,371.8747,115.6822,373.0645,79.2923,370.6015,35.9521,9.3956,4.332,3.622,3.9845,30
679,13.3275,21.6918,33.9414,51.0412,371.1755,107.6591,372.1047,85.8053,367.9448,39.6579,8.83,4.3604,3.7007,3.7312,30
680,12.7262,20.4087,33.5352,56.4704,373.4469,110.4263,373.5983,84.6166,373.5655,39.3645,11.4884,3.8351,3.3563,3.3833,30
681,11.5823,18.8136,31.2467,55.8916,362.229,114.1709,363.5398,85.0254,359.8242,37.4541,9.3046,3.9564,3.1271,3.153,30
682,12.2884,19.8304,29.7683,54.9799,366.3523,111.5668,366.318,75.2203,366.2226,37.8431,7.7849,3.4815,3.214,2.412,40
683,13.764,18.6663,29.1485,56.339,391.434,122.4934,393.2162,76.4666,388.0237,34.0251,9.8988,3.0075,2.4828,3.185,30
684,11.1705,18.1618,30.8735,51.9948,372.3217,113.6509,373.9669,80.7966,371.9615,37.9483,7.6132,3.5781,2.7199,2.8621,30
685,11.3337,19.5187,29.0758,54.0799,369.9136,107.9285,370.2552,74.9591,371.4829,37.1459,10.7366,4.3537,3.9104,3.4049,40
686,12.4233,17.6876,24.8728,49.551,361.9017,106.6308,362.0441,76.8086,360.0817,36.1599,7.088,3.4453,2.9608,3.4964,30
687,9.0349,14.8982,25.6691,50.1086,350.7144,101.8046,354.6089,74.7501,353.5975,34.7455,9.2989,3.0264,2.9266,3.0189,30
688,12.0462,18.3749,33.1809,55.0347,371.7194,109.1342,370.891,76.9677,370.7407,36.0117,9.6706,3.5579,1.5443,2.9338,30
689,11.2761,20.5198,29.438,49.43,368.8617,102.9629,370.143,73.2921,369.0996,35.4706,7.6416,3.8699,3.4241,2.9781,40
690,10.9705,15.0069,26.2841,49.2661,359.2735,102.0061,361.5841,77.1043,362.6318,32.2351,9.9227,3.9506,3.3206,3.706,30
691,9.4979,15.3149,27.2368,54.3661,368.6166,119.3339,370.8869,80.4371,369.9855,41.8471,9.1429,3.7512,3.4261,3.3214,40
692,14.2898,19.5771,37.4094,63.0336,374.1625,115.7198,375.5541,86.3642,374.8126,43.7435,9.8374,4.0903,3.7653,3.6746,40
693,10.007,15.9212,29.0808,53.2149,354.2775,103.0024,357.5936,78.496,354.4498,34.0589,10.1179,3.4243,3.4172,4.0146,30
694,10.7787,16.0987,29.4329,48.2084,354.8011,104.8957,356.2594,73.6088,353.1229,37.957,11.2768,3.9068,3.5708,3.5595,40
695,11.1478,16.9894,30.9362,58.1453,377.8432,118.2955,379.4135,83.0525,377.4942,35.118,10.9413,4.5037,3.4791,2.9389,40
696,11.812,17.671,28.8496,46.2405,369.7086,109.2185,371.5286,75.8078,370.97,34.9404,7.5133,3.7061,3.3118,3.4926,30
697,12.5366,18.6135,29.8727,56.758,378.7619,106.2745,381.4515,82.3436,379.5314,38.9408,4.9397,3.8176,2.758,2.8324,30
698,11.0356,19.3304,31.4477,53.9167,364.2713,108.4657,366.1593,76.9609,365.7678,37.4522,10.5779,3.1475,3.9002,3.5415,20
699,11.0256,17.4122,26.8582,45.1041,354.2469,97.4988,354.4274,70.6071,354.2186,32.7452,7.7689,3.4176,3.3911,3.0934,40
700,10.6572,17.144,25.9364,51.5217,350.7159,103.7938,352.2794,74.9216,349.0562,32.3985,6.5653,3.0258,2.8699,3.2915,30
701,11.6585,16.6111,26.8544,48.4404,368.3099,106.1128,370.0473,76.411,369.9953,33.264,10.1932,4.1435,3.5557,4.1276,30
702,13.2647,19.9028,27.8011,53.5089,376.6967,106.2437,377.4903,78.0004,374.9521,38.6781,10.5463,2.8669,4.3061,3.5587,20
703,12.7656,19.5085,33.3351,55.8087,373.2513,121.6912,374.2254,83.5712,374.6515,39.4219,10.4236,4.5474,4.1972,3.7189,40
704,10.7588,17.3719,29.5188,48.1259,365.5247,100.694,365.8789,72.3713,367.8212,33.3392,9.7391,3.7337,3.2991,4.4484,30
705,10.7208,15.4899,27.4857,50.895,362.4898,107.4941,363.8023,77.9663,357.5988,38.5637,9.0258,3.6588,3.227,2.9953,40
706,14.8967,21.3904,29.6969,56.4096,361.4908,107.822,363.4653,70.341,362.983,37.0231,11.0722,4.4743,4.2146,4.5112,30
707,10.1146,15.4664,29.4071,55.5515,379.8155,113.6861,380.1278,78.366,378.9798,36.6122,7.5159,3.3973,3.4871,3.0532,40
708,8.7292,15.1772,25.5211,53.887,356.4601,109.2161,356.3733,73.5583,354.0582,37.7652,7.9047,2.5524,2.4516,2.4422,40
709,11.9362,19.3688,31.1535,54.0244,379.2961,119.569,380.2181,79.428,376.6773,39.525,8.6714,4.1334,3.5074,2.3754,40
710,15.1199,21.3704,31.0109,52.5874,378.8194,108.4113,377.6041,75.2149,376.3767,38.3505,10.6209,4.1633,3.5924,3.3004,40
711,10.6633,16.0113,26.1655,51.4407,366.9043,100.6487,368.7193,70.7981,367.3286,40.4121,12.0306,3.8413,4.6,3.6621,40
712,10.5955,16.7562,32.9322,52.4436,371.8059,116.4086,370.2361,79.2255,370.4876,37.3289,6.8469,3.3429,4.2495,3.2761,40
713,11.9211,17.8033,32.4679,61.7267,372.2851,123.3382,369.9365,79.6144,371.0986,35.8831,10.2608,3.9529,2.9775,3.5857,30
714,11.3322,18.1024,30.2722,52.5754,376.7329,111.9671,378.5424,79.4949,377.5485,36.7721,5.6247,3.4081,2.0981,2.2636,30
715,12.741,17.956,32.1523,53.217,356.9672,108.9509,357.1952,81.3457,354.0538,38.5065,7.7036,3.8585,4.5775,3.863,20
716,14.4335,20.0525,32.2518,52.416,353.0344,109.5891,353.7868,73.1806,351.3694,37.2242,10.0168,5.2671,3.8645,3.1387,40
717,9.1852,14.8513,24.56,48.387,351.9315,107.6032,352.1899,78.3178,349.6828,34.7656,9.9111,2.9644,2.6805,2.3687,40
718,12.5291,17.8141,32.991,53.5431,365.8345,109.3303,367.4495,77.32,363.7992,38.0549,9.2238,4.2836,4.0672,3.624,40
719,11.6638,17.9595,29.5784,58.5074,368.0389,114.5087,367.8048,79.9384,364.9801,33.9494,8.1361,3.3572,3.0525,2.9894,40
720,11.7493,15.9087,28.5543,52.1265,376.7287,112.1216,376.1743,77.7576,378.6289,38.7973,7.4666,3.091,2.3937,2.1467,40
721,12.8272,21.5435,34.3456,56.3675,359.7867,110.8163,360.8633,79.188,360.4657,42.0668,8.9265,4.5685,4.3952,4.1634,40
722,11.6123,16.6012,28.0983,48.1629,363.3458,103.8315,364.2371,76.8403,361.1918,36.5245,7.5379,2.9683,3.1917,3.0863,20
723,12.8237,16.8429,30.4998,52.7895,365.9487,103.2104,367.7682,79.1142,367.724,37.9988,9.2231,3.2892,2.9127,2.8708,40
724,12.1701,19.649,31.8452,53.4954,374.7647,115.7514,374.3741,78.3885,372.0999,35.9926,6.8004,3.2261,2.2861,2.8597,30
725,10.7417,17.1713,28.8106,53.7921,359.4709,111.9738,360.177,70.477,358.5621,36.6242,7.7692,2.8791,2.2548,2.203,40
726,12.968,17.1243,33.3076,52.4642,358.4169,105.2982,358.3167,76.5819,359.016,36.2842,8.3335,3.3498,3.5209,3.6893,20
727,10.9456,15.7153,26.4287,51.7475,379.295,116.163,378.2879,75.2759,374.9999,35.4441,9.0598,3.5207,4.031,3.805,20
728,10.2511,17.7575,31.797,53.3424,364.897,101.535,364.795,76.7725,362.6103,40.9099,4.7309,2.7211,2.1351,1.6905,40
729,10.1182,18.1192,30.5196,58.0237,376.6296,110.354,375.7609,78.7933,375.2007,34.6049,8.8032,4.031,3.4495,3.8674,30
730,10.3854,17.2906,28.6724,56.5461,380.2093,116.1905,380.5667,79.0273,379.4454,39.6327,8.7848,3.2859,2.2386,2.2701,30
731,9.882,18.1667,28.0739,49.8132,373.3742,111.7565,376.5625,73.7497,374.7881,34.1739,8.9625,4.4562,2.7376,2.585,40
732,11.4378,17.5053,28.4821,50.0903,371.5007,112.4045,371.4193,78.55,372.6021,35.7105,8.2486,3.864,3.2084,2.9163,40
733,11.2065,18.7657,30.344,54.5968,379.6129,112.3071,380.0426,84.1627,380.8294,39.5534,7.0142,3.7365,2.3995,2.2554,40
734,9.6907,18.8621,30.5744,48.3882,365.4997,105.936,365.7536,83.7239,366.1473,36.0683,10.2861,3.8954,3.5203,4.1673,30
735,10.6045,16.1338,26.7332,48.1865,368.5514,103.3091,372.4352,75.7036,369.3638,33.9659,7.4205,3.6533,3.7679,3.5047,40
736,10.7451,16.2077,27.2422,48.4301,350.7481,102.5142,353.9332,71.3676,352.9763,30.2086,11.0466,4.1465,2.8198,2.4705,40
737,12.0228,16.7472,29.4018,56.3748,356.8646,111.2749,358.4436,79.5315,357.4049,40.71,9.1434,3.1412,3.3568,3.8853,20
738,12.0603,18.1181,32.4137,57.2087,378.0598,112.3782,376.455,82.3643,378.9187,38.4677,7.1414,3.2068,2.8211,3.1381,30
739,10.6215,15.1781,28.9837,58.5644,365.014,111.5614,366.8622,75.1869,366.7714,38.6026,7.6209,4.3411,3.3035,2.97,40
740,12.3802,18.7119,32.0571,51.243,372.8301,102.8681,374.4711,72.5075,372.4265,36.4339,10.7201,2.2997,2.9361,2.3853,20
741,12.4509,15.7887,25.3071,56.6089,379.4997,118.7706,381.2721,77.4028,378.7209,36.3551,8.366,4.1528,5.1207,4.3712,20
742,11.4085,18.0151,28.1838,50.7248,355.4881,102.816,356.2176,74.3979,357.0591,35.3715,8.4658,2.9206,2.9855,2.668,40
743,7.6706,12.0097,19.498,43.0256,352.0329,92.7351,351.379,70.6567,350.6614,32.487,7.9696,3.862,2.7573,2.3963,40
744,12.0914,18.8128,30.2804,50.1251,374.8986,107.6209,374.1971,77.9295,373.3577,37.7737,8.4941,3.7868,2.8146,2.6476,40
745,11.5003,16.8699,29.4456,53.6917,367.7886,109.4635,368.1531,75.3454,368.4888,35.7156,7.8255,4.6274,3.6133,3.2653,40
746,9.1487,15.853,29.1432,55.2155,362.3487,113.8279,361.6023,83.8536,365.2058,38.2422,8.7399,3.3845,3.5424,3.1541,40
747,10.9193,16.5077,30.9552,46.6303,362.299,107.9946,362.8802,73.8973,361.9833,29.6291,11.0045,3.5464,2.5019,3.1941,30
748,12.3264,17.163,28.9721,48.9725,362.8504,110.5094,363.4004,77.8778,363.6463,37.5313,9.5572,3.9753,4.2011,4.289,20
749,10.8212,15.6161,28.9389,54.1867,375.2441,113.65,374.7607,85.5331,369.0588,35.7788,6.6117,2.8253,3.0807,3.0272,20
750,10.5722,17.6189,28.8223,52.2146,375.2869,109.9366,376.664,73.951,373.1049,37.9875,7.2821,3.7099,3.8361,3.6456,40
751,8.7719,14.7799,28.423,51.7446,362.5932,102.5388,362.853,77.6872,358.4334,37.7223,10.0318,2.8723,2.5773,3.0254,30
752,11.6399,18.1554,27.8962,51.9431,368.5478,106.4644,370.1982,82.1357,367.0309,37.4446,9.7609,4.2647,3.3143,2.9927,40
753,13.1049,19.0627,34.8156,59.6619,357.1594,109.2469,357.2372,75.2679,352.5069,41.5497,7.8006,4.2026,3.6705,3.3697,40
754,10.5799,15.7303,25.5848,48.2809,369.7893,107.3797,371.1737,81.4,370.0391,29.9037,9.9038,2.9439,3.5383,3.2657,20
755,11.3055,16.148,31.9087,53.01,369.6969,104.1672,372.7286,76.1031,369.9076,34.7768,7.1547,2.1467,2.0857,2.0781,40
756,11.6815,15.7121,28.0678,49.05,355.3374,104.6301,354.3645,74.296,355.3348,36.2542,8.0169,3.9052,3.295,3.1723,40
757,13.9423,19.6715,32.9039,53.0791,377.8451,114.3227,379.4249,79.0298,380.189,40.8945,8.5621,4.5411,4.5807,4.3868,40
758,8.1735,17.1358,29.9523,55.6024,368.5366,111.3783,368.7009,74.3811,366.5858,38.0175,7.9234,3.7377,2.8785,2.7757,40
759,15.1027,20.1972,30.4671,54.9337,366.9393,115.9891,368.2446,78.0788,367.1868,36.3395,9.6963,5.0192,3.7405,3.5675,40
760,10.0974,16.8971,27.2358,54.9833,369.6213,109.9198,369.858,79.4079,367.5411,39.24,6.7265,2.8094,2.6561,2.9505,30
761,9.7424,13.9015,25.4225,48.7546,377.5682,111.3399,378.644,70.9707,377.7415,35.4446,8.6732,3.2636,3.534,3.5014,20
762,8.1662,13.4036,29.8056,55.0475,357.7548,106.4621,357.5195,76.0569,358.4868,36.6572,8.0659,4.4656,3.7028,3.5806,40
763,11.7005,20.049,31.9675,55.0823,365.9112,111.6624,367.4283,74.9298,365.2563,40.0968,7.2203,3.1289,2.8876,2.2957,40
764,11.5697,18.5943,28.7373,53.6264,358.6595,105.698,359.5354,79.3971,356.5099,42.4431,10.455,3.9735,2.9563,2.738,40
765,13.6425,18.903,30.2411,56.2009,376.8815,111.3744,374.412,79.0894,377.5346,34.6938,9.4796,4.3278,3.3581,3.6408,30
766,14.5112,21.6243,30.2234,55.5983,371.9754,105.4625,372.7235,74.1129,367.8631,34.2766,7.3601,3.56,3.1315,2.7573,40
767,9.9133,18.6662,29.22,52.9379,356.5335,101.8363,360.8225,76.0382,361.5343,34.1067,7.4465,3.394,4.0248,3.3206,40
768,10.5374,17.6682,30.8215,59.5649,375.74,121.5812,372.966,92.5395,375.7216,39.6909,12.5591,3.7362,4.0736,3.2048,40
769,12.8138,19.4833,29.0954,52.4106,367.1531,112.3015,368.1741,75.0238,365.2326,38.1013,7.9349,4.121,2.9616,3.4654,30
770,10.4639,19.1882,31.3286,57.804,380.9091,121.3022,381.6154,80.9257,381.9708,35.3433,9.3653,3.4696,3.0534,2.5247,40
771,14.8892,17.7181,27.7276,51.4225,364.3821,114.2584,364.6618,73.9706,362.2909,32.9482,9.0331,3.3085,3.6559,3.8618,20
772,10.3389,15.0085,25.7928,53.091,379.8123,111.2647,380.6201,76.4914,380.326,30.4017,9.2131,4.3912,4.2729,4.2712,40
773,10.3781,17.4045,28.175,54.1201,361.4422,98.1267,360.8986,77.317,357.9888,41.3179,13.9924,4.2009,3.4131,4.0003,30
774,13.6465,18.8613,32.0776,58.7447,371.0225,114.7648,372.7849,78.5579,370.6866,37.7763,9.7858,4.5525,3.5577,3.3819,40
775,11.2408,16.2415,27.9142,51.648,356.6913,101.2811,356.797,74.7525,357.6068,33.9986,9.0181,2.7277,3.1576,2.4127,40
776,12.2853,16.3509,28.3778,57.6269,378.2106,113.0452,378.8573,77.3193,376.847,38.5505,9.1063,3.5459,3.757,3.0495,40
777,9.6737,18.1419,30.0707,54.777,365.6893,100.783,365.9324,73.2039,365.7155,33.4979,7.473,2.3182,2.8405,3.1162,20
778,10.8958,14.7839,27.0699,52.9462,363.9974,115.2843,363.1103,81.7019,360.7807,34.7298,10.3837,3.0684,2.553,2.8405,30
779,13.3341,19.1868,32.6911,56.2922,356.2373,118.4813,355.0927,76.6759,355.0958,36.9863,8.7206,3.31,3.203,3.5348,30
780,11.7269,20.2895,32.3989,55.4908,361.3416,111.9212,362.0042,69.3912,362.2607,36.005,7.8355,4.4274,4.5648,4.0997,40
781,11.0145,17.1576,28.5662,51.8433,369.1845,106.3905,370.0955,80.4645,369.4113,36.1007,10.7105,3.0976,2.5954,2.8139,30
782,10.5875,16.009,29.3285,48.2413,367.6112,106.3829,369.276,74.4024,367.7359,34.8056,6.1935,2.7127,2.5736,2.8647,30
783,11.0391,15.7067,29.847,51.1163,355.326,109.441,358.8733,76.7907,356.8587,38.6469,7.1344,3.1753,3.1218,3.0858,40
784,13.035,17.1058,28.2774,54.6114,360.868,111.349,360.7125,83.9298,360.2763,38.1526,8.5421,4.6349,3.7192,3.3001,40
785,9.4615,14.3752,27.7873,57.1524,365.0543,110.6975,364.8262,77.3906,365.4611,35.3141,6.4864,3.9673,3.2654,2.6976,40
786,10.8064,16.728,28.3991,52.7276,369.0084,122.8224,370.1195,84.743,368.3649,37.5181,9.029,2.9423,3.4545,3.1256,20
787,11.448,18.223,27.4211,53.5975,356.3506,103.2612,355.7341,76.6082,354.36,33.7619,6.794,2.4261,2.3502,1.9145,40
788,12.118,18.7841,31.8559,61.7198,360.148,118.612,360.3856,79.2143,361.9901,37.5248,7.8796,3.3721,3.1045,2.7215,40
789,9.699,16.2045,29.1165,51.4704,348.5309,98.3678,351.6262,75.4993,350.2344,36.5884,7.0325,2.435,2.4456,2.6043,20
790,13.0938,17.1373,26.9448,51.1483,353.575,100.1095,350.3545,71.9599,351.9294,36.9828,8.2792,3.1371,3.4967,3.2719,20
791,9.6245,15.1865,30.2565,46.0432,357.7691,109.9658,358.0975,75.2656,355.8177,34.6343,7.8921,2.5988,2.085,2.7384,30
792,9.9308,15.5126,28.3867,50.2772,345.5841,104.3764,347.0229,69.5067,345.0807,36.0674,7.5304,2.4659,2.1969,2.2971,30
793,11.7251,18.4971,29.3635,54.8213,371.2901,116.0339,370.8322,75.239,370.7764,35.928,9.9679,4.1971,3.5711,3.5297,40
794,10.683,17.5498,28.2986,53.4938,355.2512,104.7217,357.1039,74.7857,355.5762,40.0582,8.574,3.6338,3.3405,3.5572,30
795,11.0154,15.8827,32.1125,54.617,359.7051,104.3011,361.7965,76.3955,361.2948,34.4585,7.5312,2.7552,2.8399,2.7399,40
796,11.6455,19.2661,32.1697,58.3659,364.8659,111.6844,364.3375,82.348,365.8974,37.9632,6.8949,2.8635,2.4095,2.3637,40
797,11.3913,19.6507,31.6625,51.6819,368.1676,105.1336,370.2095,78.603,370.9779,37.846,7.1028,3.0121,2.1198,2.694,30
798,13.7765,19.5439,29.0424,49.962,375.4309,105.4132,376.0258,72.2376,371.9191,37.6765,10.1181,4.2234,4.5122,4.1278,40
799,10.9983,15.5125,25.1432,48.4183,354.1847,100.6557,355.341,74.8527,352.6422,32.9387,8.1121,4.1372,3.3903,2.5731,40
800,10.8824,18.5106,27.5019,48.5138,374.6835,106.7429,376.542,75.236,376.1351,33.6791,7.069,4.9542,4.2382,3.6777,40
801,13.0264,19.4682,29.4386,54.3562,369.535,110.3079,369.9396,76.4138,369.6068,37.486,8.3472,4.4023,3.9346,3.723,40
802,14.6256,20.0903,32.3891,59.0454,358.8544,116.8677,359.2813,81.2118,359.873,37.4251,10.5685,4.4231,4.2637,4.0268,40
803,11.4733,19.2734,36.0023,51.339,380.9501,113.2213,382.5506,80.1991,381.9475,40.9293,9.6373,4.2482,4.23,3.086,40
804,14.957,21.3348,30.9525,57.4889,381.0224,111.9226,382.8181,82.1301,381.7749,35.8633,8.9762,4.5905,4.7592,4.2483,40
805,10.8954,17.2071,28.9076,46.0144,369.1189,112.1267,371.251,73.1801,370.0223,33.8514,10.5851,4.7152,4.326,4.7228,30
806,12.0133,19.109,33.0553,53.3249,361.5798,110.235,361.5005,68.3322,362.7787,34.7426,10.8297,3.1284,3.21,3.29,20
807,12.0308,18.4976,31.9746,55.2426,361.8663,114.2585,363.1492,71.7716,361.9834,40.5565,9.6854,3.8117,3.9436,4.0727,20
808,8.3161,15.0376,27.6805,52.2047,351.3819,111.4092,352.2136,80.3399,353.5459,37.6042,5.9495,2.4243,2.614,2.475,20
809,12.5596,20.2332,32.7077,54.7447,375.6598,106.6257,375.8115,80.0766,373.802,34.4024,10.5156,3.2908,2.5535,1.6987,40
810,15.6448,20.2233,27.5173,52.4419,369.387,107.9572,369.9123,74.7176,369.7629,36.6016,8.8289,5.4309,4.9887,4.5194,40
811,11.2221,15.0492,28.0439,50.5997,364.6848,102.8159,365.5306,79.685,364.5127,34.9899,7.1004,3.8602,3.4668,3.9792,30
812,9.7804,16.1743,31.6062,53.5917,354.6002,102.7708,354.5751,74.3095,354.637,37.7932,7.9613,3.3273,3.1599,2.9109,40
813,12.5752,18.7961,27.3879,54.0847,349.471,107.8522,349.3812,80.0536,347.18,37.2642,10.0103,3.5058,4.0549,3.6645,20
814,12.933,18.4024,30.12,55.6535,383.1663,114.9897,382.5824,80.0689,383.3182,37.7538,9.5867,2.9299,3.558,3.4871,20
815,10.5324,15.2468,30.0806,53.2833,365.0939,109.0131,365.9795,78.6918,362.8502,37.9111,9.0516,4.4759,3.4712,3.6672,30
816,9.078,13.3521,27.8079,51.5164,356.3467,104.0095,356.9876,73.3292,356.0465,37.9005,7.369,3.4411,3.3601,3.3438,40
817,11.441,19.0047,32.5757,54.5128,360.5052,111.6222,361.9198,82.3789,361.2096,39.0021,7.5413,5.1249,4.2839,3.4487,40
818,10.1531,16.7876,26.0024,53.0566,354.3527,102.1474,357.2172,84.0831,356.1829,37.8803,7.3039,4.1412,3.3391,2.5797,40
819,12.6744,19.817,29.038,53.4053,370.2289,115.8939,370.1804,72.9439,369.5761,38.8567,10.3656,4.2869,3.715,3.4961,40
820,11.9767,17.0267,27.9704,54.8122,359.7479,109.6803,359.7365,73.4125,357.6301,33.9339,10.981,4.8205,4.1345,3.171,40
821,10.7811,18.4102,29.6394,50.8788,352.2295,104.2206,352.2736,72.6874,351.2797,34.4127,6.902,3.1199,2.6775,2.782,30
822,9.5727,16.1682,29.4569,50.3128,362.838,105.893,362.3475,75.6421,361.5853,33.6995,8.4038,2.8206,2.9359,2.9994,20
823,10.1653,16.3638,22.774,46.7785,369.1504,105.163,369.9942,70.8945,369.3237,33.8781,7.1477,2.7745,2.6763,2.7473,30
824,13.5812,18.067,34.2145,59.3545,397.8127,118.5098,396.3027,77.2284,398.6939,39.1471,10.5093,3.6546,3.4831,3.2033,40
825,11.5523,17.9409,29.0039,50.7365,370.7494,106.6859,370.8617,75.2265,368.0502,36.8931,9.1239,3.4472,2.7999,2.6933,40
826,9.5879,15.4104,26.3111,47.9695,347.8951,94.9074,347.2192,73.6108,348.6504,36.3081,7.6923,2.6232,2.5825,2.1629,40
827,12.9983,16.3165,29.9675,54.9324,370.0512,106.6239,371.0524,79.6474,368.3094,36.7306,7.8338,3.7266,3.6313,3.8581,30
828,8.5357,12.9114,27.5382,50.9384,349.4605,104.7024,350.2032,77.2777,351.1082,40.3568,7.9663,3.101,2.4799,2.7826,30
829,11.3718,18.9084,32.9089,57.2656,370.0564,108.313,371.1583,80.3117,370.9671,43.5434,11.557,5.8282,5.0006,4.4488,40
830,11.4135,18.1636,29.5886,54.2998,367.629,114.5629,369.4239,71.5217,368.7934,36.8232,6.9144,2.6385,3.5272,3.1342,20
831,13.5323,18.7811,30.9306,52.8035,379.298,110.6216,379.9739,79.3532,377.0063,37.0964,7.9233,3.0696,2.4401,2.737,30
832,10.6688,14.6466,26.2478,51.5372,375.2343,102.4427,376.4856,68.5143,377.8871,35.5115,7.4633,2.6785,3.7102,3.3956,20
833,13.0614,18.197,29.4178,54.6502,375.1114,110.6072,376.0921,75.82,375.2696,34.231,9.7179,4.0692,3.1578,2.7619,40
834,7.9295,16.2403,26.1278,53.0588,360.0152,106.6,360.1563,70.019,361.4059,35.6246,7.3989,2.7743,3.6702,3.2663,20
835,13.0548,18.1838,30.0615,50.5113,374.0794,109.7607,372.4169,79.8477,373.6155,34.6012,9.0029,3.3357,3.5473,3.1093,40
836,9.41,15.2758,27.6527,50.2089,344.7102,107.306,346.7527,77.01,348.5866,37.8339,8.5442,3.0221,3.2328,2.3625,40
837,11.5062,18.5439,28.3719,57.9529,359.2371,112.4178,360.3974,73.0432,358.1212,40.6299,9.7894,3.9993,2.8473,2.756,40
838,13.5559,18.476,29.8596,49.8105,361.2168,99.8477,361.3051,84.684,361.4845,38.681,7.1429,3.4346,3.5572,2.9211,40
839,11.8588,18.0774,26.3294,46.9972,366.1838,103.4376,366.6267,69.7505,365.2595,35.4053,10.1003,2.6206,3.1513,3.383,20
840,11.7309,17.4522,28.4201,50.6013,372.3772,106.8637,373.072,74.3628,371.3193,34.2678,7.5178,3.013,2.7322,2.132,40
841,12.4376,19.9638,34.3802,55.315,376.5341,107.4163,377.5081,78.9618,376.4694,42.9337,9.9893,4.9992,5.5021,4.5227,40
842,14.9306,21.7011,33.8816,56.2999,352.4697,113.544,354.7216,89.8364,351.6211,44.2581,8.5419,3.418,3.2135,3.1392,40
843,11.6505,19.4281,31.0403,53.2758,380.6885,117.3472,378.3076,74.6824,380.6751,38.407,7.3718,2.4059,2.505,2.9583,20
844,12.7335,17.7542,27.9153,49.5598,362.9068,102.518,362.82,76.6991,358.0893,34.6106,8.0413,3.5012,3.276,2.9352,40
845,9.6237,14.537,25.8889,47.5733,365.722,107.1398,367.0618,71.4796,366.9177,36.7664,10.9977,4.0289,4.4472,3.4154,40
846,13.5733,21.3045,31.4019,53.8708,372.4417,111.9412,370.3247,75.5415,370.4062,39.9066,10.8872,3.4356,3.7168,3.8233,20
847,12.9588,19.1912,32.304,58.082,391.1002,113.6398,390.9414,83.5972,391.3148,40.2434,10.6478,3.974,4.0046,3.7073,40
848,11.0784,16.6981,28.3013,56.2572,366.321,113.3729,363.6818,78.0342,361.5906,36.6281,9.9771,3.6663,2.6699,2.9195,30
849,9.9649,15.5557,26.3912,49.4492,372.0123,111.1418,373.4918,81.4865,372.3087,36.9899,7.8603,3.4781,2.3358,2.2601,40
850,14.7682,19.085,32.2052,56.1833,368.7836,110.7876,371.7268,78.6109,371.046,39.2659,8.6618,3.0645,2.7944,2.455,40
851,12.1552,18.469,28.5464,52.3505,373.34,108.6092,374.3805,75.2927,374.1058,37.7364,9.4864,3.0224,3.7682,3.8671,20
852,11.1049,16.9926,31.1587,51.648,366.8542,109.8613,368.5068,74.135,367.8875,35.5631,8.6815,2.8711,2.6957,2.7897,30
853,11.6548,19.2303,30.1706,53.9378,379.835,115.3647,381.3931,80.6576,380.8547,37.4634,9.1784,5.2468,3.5857,3.3467,40
854,11.2673,15.7188,27.5051,52.1358,364.3853,110.3736,363.752,77.5703,365.2867,36.4093,7.8944,2.403,3.2488,2.7196,20
855,12.9377,18.7273,27.0004,49.9182,367.5925,109.8474,368.6832,67.3189,365.3753,35.0263,13.1376,4.1838,3.3888,3.1754,40
856,12.5159,18.105,29.5238,53.2633,358.0935,111.9115,359.1637,82.1068,356.6129,36.4455,10.7835,4.2273,3.8288,3.6695,40
857,17.1397,26.674,41.2468,66.7278,379.0183,138.4921,378.2851,81.3044,380.445,39.7536,7.0771,3.0532,2.1922,2.3291,30
858,10.0707,16.2723,27.8201,50.7414,377.5821,108.2415,378.6337,76.4687,372.2914,37.2442,7.5587,3.19,2.952,3.0914,30
859,10.6997,15.4228,30.0786,53.2124,373.5021,120.662,374.7066,79.7718,372.4776,36.4565,9.8163,3.4806,3.3411,3.0024,40
860,11.7735,18.6029,32.5888,59.518,370.3504,115.1793,372.0513,81.0417,371.7148,40.4888,8.2994,4.1599,3.4662,3.6884,30
861,12.3502,15.8098,25.4697,51.2311,374.9913,106.2248,374.9183,73.0376,372.9225,35.4754,7.4787,3.3736,2.7587,2.4874,40
862,10.2371,16.5712,27.3221,49.4149,359.0049,103.733,358.2954,73.4293,359.5096,37.8091,6.4929,3.8236,3.0898,2.3134,40
863,10.7025,15.8648,27.7095,48.4341,371.6146,105.6482,370.0995,76.649,370.8313,36.1142,10.1081,3.8113,3.4593,3.2493,40
864,10.611,16.4443,30.2425,57.5977,371.0737,112.2317,372.7648,80.9247,372.9518,37.1069,7.5654,2.5988,2.2151,2.3034,30
865,11.2399,19.4538,28.4929,54.473,360.5572,104.7273,362.4025,79.3478,361.168,38.9168,8.9102,3.8235,3.7624,3.3087,40
866,12.2818,18.5545,31.8518,55.3269,372.8127,112.7518,373.4777,83.9376,368.4463,38.171,10.9351,5.2277,4.5943,4.6484,30
867,12.3187,17.0823,28.4882,50.1398,367.1265,105.9011,370.6222,76.8535,370.7899,35.9871,9.6671,3.904,3.8854,3.2382,40
868,13.1247,18.3117,29.8384,49.6721,361.0186,112.1522,359.7907,77.5312,360.6937,35.206,11.4223,2.9736,3.3556,3.9272,20
869,9.9434,16.4376,29.1235,52.086,357.5865,103.8337,355.0071,68.9592,357.1344,36.1167,6.9365,3.1572,2.9283,2.9438,30
870,13.0367,19.7296,30.4804,54.8594,358.5036,109.0144,360.5915,70.2473,360.5162,36.2034,8.7771,3.7015,4.3259,3.6175,40
871,9.2483,14.7522,25.9301,50.5534,367.0137,103.763,368.7812,77.8136,365.8946,38.6235,7.4913,1.5558,2.5912,2.504,20
872,9.7395,18.8435,30.1358,50.156,370.9648,102.2835,370.9009,79.1955,369.0676,36.7377,5.2656,2.551,2.4049,2.3501,40
873,11.8119,18.7486,32.1217,50.5483,363.8152,106.4024,366.1827,73.3893,363.0863,38.2347,8.1651,3.6002,3.3448,2.3022,40
874,11.847,15.8553,25.32,47.0726,378.5746,108.4584,379.3559,72.8758,380.2992,29.9047,6.421,2.7811,2.722,2.2887,40
875,10.1902,16.9478,29.4353,53.7047,368.0886,113.0514,368.6537,73.8485,365.5394,35.5703,8.4499,2.4841,2.713,2.4202,40
876,12.1064,18.0575,31.4579,54.8926,364.5073,115.1535,363.9532,74.9017,362.7928,34.4814,8.9617,3.6915,3.0539,3.193,30
877,11.317,16.3352,27.2834,52.971,359.8493,102.7485,358.6762,80.3636,359.4537,41.2719,6.6934,4.0898,3.6708,3.5335,40
878,12.7065,16.2466,29.5926,52.0601,380.232,106.6003,381.178,78.0595,381.0989,37.3074,7.401,3.6864,2.7937,3.5122,30
879,11.1386,18.2573,30.177,49.851,371.3517,103.6636,370.5729,79.9873,370.3866,41.5795,8.2742,3.1023,2.6628,2.543,40
880,10.6509,15.2299,28.0445,52.0129,366.3412,109.4907,369.2197,74.8627,369.1993,37.98,9.9334,3.687,2.924,2.6858,40
881,10.1397,15.633,28.3616,53.8328,364.9495,101.3887,365.0924,75.0435,365.0104,39.8734,6.667,2.4054,2.8158,2.4775,20
882,11.2525,17.9798,29.7762,52.907,368.1997,105.2844,368.0651,78.7364,368.7933,40.0201,9.8874,4.1526,3.2037,2.9883,40
883,8.9625,15.6342,26.7102,50.8392,353.1266,100.0804,357.022,76.0493,353.2971,32.1269,9.8312,3.7858,3.4332,2.481,40
884,11.6844,16.7589,31.3619,46.0788,378.8372,106.4518,380.328,72.1762,378.1481,32.966,6.5264,3.2074,3.1875,2.8912,40
885,10.4288,16.3575,29.3533,51.8683,369.3133,102.9282,369.0978,74.2642,369.102,34.8103,7.0124,2.9976,2.4763,2.674,30
886,10.4564,17.4777,29.3528,53.2524,372.5264,111.5761,370.3913,78.9094,371.3067,40.8042,8.134,3.061,3.114,3.548,20
887,11.8478,17.012,26.7333,49.5332,356.7521,108.8311,359.5421,72.8572,358.8781,36.6595,7.684,4.3101,2.8723,3.042,30
888,12.512,19.5538,30.5148,51.823,355.9748,117.6079,357.4597,80.1743,355.1743,37.2142,7.1407,3.3858,3.122,3.1003,40
889,11.7678,16.3114,30.4281,49.5613,353.224,103.0048,354.9373,73.4964,352.8081,34.3939,7.0635,3.8446,3.5117,3.3548,40
890,10.0367,16.578,26.9855,50.9353,359.078,103.0978,359.889,78.3457,360.006,36.6291,6.6857,1.9902,1.1588,1.1675,30
891,9.462,16.7314,28.1748,50.2513,380.7365,114.7742,381.171,77.2133,377.6519,38.8305,10.1965,3.7818,3.69,3.4699,40
892,10.8193,17.3421,30.5894,51.1623,360.8812,105.3248,362.4716,80.2377,359.7974,40.1465,6.3037,3.3579,2.2939,2.9024,30
893,11.5479,19.5589,30.8051,54.7247,376.4927,111.8081,376.8289,80.5397,376.4579,37.5167,8.9813,4.7155,4.7043,4.9303,30
894,13.336,19.7899,31.4185,57.265,370.7809,116.5659,372.637,74.805,371.0,38.4179,10.6337,2.9881,3.1388,2.7682,40
895,12.754,16.5797,30.8614,53.729,371.538,109.285,370.8468,71.8618,373.8175,40.9102,12.0172,4.4534,4.386,3.4494,40
896,9.9919,15.9446,31.343,57.8347,366.8304,113.4795,367.9648,77.3474,369.7619,35.1494,8.9019,3.7797,3.2063,2.9716,40
897,12.7174,16.6251,29.8665,54.242,362.1162,104.4056,363.1776,78.0207,357.8744,33.5952,7.7939,3.1986,3.3654,3.2187,20
898,14.5629,18.4135,30.6781,54.2064,363.4088,108.2673,365.7077,79.211,365.7757,35.2343,9.6234,3.4535,4.2854,3.702,20
899,12.0153,17.8033,25.0898,55.099,357.7684,105.7902,357.4273,76.0548,354.2644,35.8553,7.8851,3.4588,3.1105,2.6448,40
900,11.772,15.7363,31.1928,53.7909,356.4982,114.404,358.0144,71.6238,356.3605,36.0374,12.4924,4.499,4.0604,4.562,30
901,13.7579,19.2357,33.2234,65.4197,373.0271,127.1178,374.5084,81.06,372.5307,41.1493,9.8575,4.1379,4.0003,3.5549,40
902,13.9637,20.0671,34.3903,61.7227,365.9905,115.8596,366.9964,71.7383,364.7362,39.5778,9.1624,4.3757,3.9843,3.4724,40
903,13.0067,19.2847,34.2012,55.813,391.713,112.0545,394.6541,75.7241,393.4762,36.9407,11.6899,3.9467,3.8808,2.8207,40
904,9.643,16.5685,31.2137,59.4321,370.0677,118.2314,370.3701,72.44,370.7969,37.936,8.9388,3.2517,3.0678,3.6001,30
905,10.9623,21.552,33.2382,55.0464,382.0075,112.5032,383.0545,78.0316,379.5041,40.0533,8.042,2.9573,2.6443,2.7141,30
906,11.498,16.6241,30.4376,55.2949,360.283,110.3683,362.0517,72.6459,359.9248,36.8098,10.6564,4.6004,4.2434,3.877,40
907,11.1928,14.6895,27.269,46.9774,357.401,100.2518,358.8072,75.5131,357.2508,36.4537,7.6508,3.7865,3.5258,3.4579,40
908,13.0135,18.4399,29.1812,51.4353,357.0543,108.0265,357.0401,76.9316,357.9818,34.7854,9.0338,4.9738,3.7963,3.6228,40
909,11.0286,16.2372,30.5541,54.0251,370.2313,109.0395,369.2184,69.8963,369.7822,35.7984,7.4523,3.313,3.0243,2.5206,40
910,10.4407,16.7125,27.4186,49.9673,378.7249,113.5039,380.3718,72.0104,376.4746,30.6576,10.2095,3.8038,2.7131,2.7351,30
911,13.2033,18.4629,31.7471,54.698,364.0891,108.6775,363.5051,77.1702,364.8021,37.4923,9.2206,4.2706,3.2503,3.1786,40
912,10.4334,15.1329,30.6379,55.2584,359.1959,106.4148,354.2404,75.2761,359.0957,35.3814,6.6345,2.2048,2.4651,2.2412,20
913,11.444,17.998,31.5511,52.1926,377.2654,100.2439,377.7603,77.613,375.8548,36.7156,9.9594,4.4404,3.1868,3.0271,40
914,12.2071,18.7064,31.3884,55.9083,369.2297,113.4954,369.8738,69.9446,368.3941,36.7205,6.0524,4.0738,2.9268,3.2358,30
915,10.9348,19.205,30.6563,58.9943,353.7777,117.8996,353.9403,80.022,353.3989,39.8378,8.6055,3.7359,3.2448,3.2696,30
916,11.1234,17.8754,31.4663,52.6336,371.9948,108.6487,371.9217,75.7814,371.6489,41.7761,10.6185,2.9276,3.4064,3.3052,20
917,9.6743,15.9175,29.0838,51.3277,378.3754,114.0105,377.8276,84.2334,375.846,40.7512,8.9246,3.3066,2.7527,2.9597,30
918,9.1175,14.8809,26.866,47.0332,361.9404,95.5531,362.4332,73.2823,363.7775,35.1943,7.3606,2.762,2.9811,2.7095,40
919,11.7883,16.9092,28.5404,53.5558,371.2701,103.9794,371.296,78.3334,372.2301,35.8209,8.957,3.3984,3.3976,3.7047,30
920,10.7314,17.5165,32.2877,52.994,370.7326,109.1127,370.2216,75.173,369.9052,38.1293,10.6967,3.4922,2.6136,2.9708,30
921,13.5789,17.6724,28.0647,54.6402,362.1743,110.6463,361.2883,87.6297,362.7362,36.6498,8.5,3.2864,3.1969,2.9203,40
922,10.7049,16.11,30.1847,48.5535,359.8492,103.2312,358.9011,78.9887,358.1175,37.0568,11.0962,4.2981,3.7043,3.1631,40
923,12.937,17.879,25.7962,53.3756,349.049,104.2519,348.4949,86.6908,346.9627,40.4733,8.605,5.0598,3.7379,4.1264,30
924,9.8681,16.8747,31.3886,49.9873,359.2336,113.2466,359.7098,81.5414,357.4489,38.1991,10.9794,3.7491,3.0804,3.2223,30
925,12.1419,18.9579,32.7047,59.32,368.0856,109.4168,368.3693,79.037,365.887,36.1908,9.1883,5.0029,4.1303,3.355,40
926,13.5665,19.9741,29.5853,51.6975,366.67,111.0919,368.4469,78.2708,368.2094,40.4088,7.685,3.3127,3.3404,3.1571,40
927,10.4634,15.5528,25.6282,53.2107,364.8958,113.4449,363.7027,70.3156,363.8564,37.6046,10.0695,3.1943,2.9836,3.1222,30
928,11.9876,17.904,30.1423,55.8441,375.3133,105.5143,377.237,78.9104,376.4946,36.9009,8.6305,3.6204,3.2878,3.3727,30
929,10.2974,15.8687,25.8128,48.2604,365.2715,105.078,369.4174,75.9741,367.3347,33.3013,8.1316,3.7489,3.2284,3.1731,40
930,8.8605,17.2071,25.9543,51.0686,374.1398,102.7324,374.8947,73.1326,374.6076,33.9051,8.5015,3.4915,2.939,2.7348,40
931,10.9034,16.8568,28.2425,54.7351,358.843,107.6716,361.2798,72.9022,359.7132,35.5255,8.6425,4.2883,4.2593,4.4568,30
932,10.6719,17.8751,27.9083,53.3306,381.2593,108.3615,382.1518,75.5956,377.6394,39.334,8.6276,4.9041,3.7964,3.0067,40
933,11.8359,17.9524,26.8811,46.8933,356.0461,104.7601,357.901,76.7619,356.8722,36.8149,8.5812,2.529,2.2014,2.2659,30
934,11.1667,14.7283,28.3211,48.3303,357.2985,109.8078,361.5007,82.5054,358.4157,36.6135,8.1315,3.6367,2.4363,2.3006,40
935,13.8376,20.2652,30.7054,60.1629,367.8636,115.9974,368.3208,77.5542,365.959,38.2096,9.1436,3.7024,3.8745,3.0187,40
936,10.3337,16.5137,26.5044,47.0732,363.7021,105.787,365.0963,72.0595,363.4832,35.3018,6.027,3.0262,2.3117,2.1866,40
937,8.7337,14.7955,25.2872,53.9899,366.4509,107.9601,361.228,78.8531,365.9265,35.8347,7.3958,3.802,3.2142,3.1078,40
938,11.1601,17.3423,29.7746,53.5727,358.0726,105.9335,359.5361,76.378,357.9888,35.8539,8.0698,3.8166,2.4822,3.3279,30
939,12.1762,19.1735,30.0689,55.5325,365.1852,112.6837,365.5117,76.5633,364.7916,36.0387,6.4878,3.4132,3.85,3.4839,20
940,10.2371,15.7368,26.21,47.2082,362.2278,100.3198,361.6013,76.6678,360.2781,35.926,7.6686,2.884,2.6621,3.3145,30
941,9.7099,15.4661,31.2637,58.1557,368.4838,113.0471,370.6174,79.6687,367.9857,35.8458,7.1424,3.1692,2.5207,2.6615,30
942,9.8511,16.5382,29.6176,55.7513,357.7912,114.962,356.2915,79.0671,356.6931,36.8597,11.1641,3.8847,3.3674,2.7164,40
943,10.1981,16.3551,29.0798,52.9195,357.3467,104.1802,359.1727,66.7175,357.8067,34.7814,8.2063,3.8522,2.7891,3.0274,30
944,10.2256,17.1096,27.438,49.2814,360.9492,111.7994,362.6204,78.4698,361.4198,33.4018,7.786,2.8674,1.838,2.0354,30
945,11.35,16.8307,28.1684,48.9831,367.1679,104.2096,369.2441,73.2487,369.5102,35.5831,8.5657,3.216,3.4342,3.3141,20
946,12.5261,21.3304,31.1682,59.0894,370.1534,113.6659,369.9246,79.9661,370.1188,35.7093,9.4939,3.7055,3.9253,3.3173,40
947,10.2973,15.7179,29.9251,51.8885,359.2846,106.9317,357.0198,84.4981,359.7218,41.0112,5.7751,3.288,2.3096,2.5389,30
948,10.4355,15.3055,25.9531,51.6351,372.2834,113.5691,372.9223,84.1462,371.2455,40.1628,10.3745,3.2644,2.7756,2.511,40
949,12.464,18.0623,26.3374,48.977,353.8373,108.1875,357.9377,73.1452,356.8361,38.8622,7.4753,3.7875,3.3101,3.2703,40
950,11.6265,16.6551,32.2915,56.6984,376.1212,108.6711,376.9005,78.696,376.6843,37.9713,9.2387,4.2209,3.7826,3.8831,30
951,11.1272,17.4302,31.4954,59.1635,365.8432,115.5763,365.7303,76.4023,365.7923,33.2052,10.1525,3.4006,3.4435,3.2594,40
952,13.7025,19.6983,30.8189,54.4159,373.1534,111.0906,374.8525,77.6965,375.2584,38.2566,8.3791,4.0123,3.5886,3.8852,30
953,11.4428,18.1396,29.6905,54.2971,351.7384,105.8997,351.191,68.147,351.1513,32.9773,7.9657,4.2364,3.3146,3.7544,30
954,10.5188,16.3393,27.2537,54.0249,367.0999,110.2524,370.5662,79.8866,369.7135,37.1633,7.814,3.4354,3.627,3.5788,20
955,12.9788,17.6252,28.7379,54.794,365.0383,109.8749,364.8077,79.3281,361.9421,36.8797,8.244,3.4488,3.6597,3.588,20
956,10.3739,15.1285,23.6621,52.8777,352.6721,107.8388,354.1317,75.7144,353.7857,35.6327,8.0783,4.334,2.7932,3.2547,30
957,10.2692,16.3936,26.9974,51.7123,365.5155,107.4844,365.2933,72.8181,362.1359,35.7338,7.904,2.5846,1.8744,1.9088,30
958,12.7382,19.5829,29.9283,52.6755,370.3425,107.462,372.3102,77.9164,371.6286,36.9953,8.977,3.1215,2.677,2.4995,40
959,10.2025,18.2908,27.9584,54.9694,366.799,104.9031,369.5775,75.8193,367.1174,37.757,7.7749,3.2502,3.0683,2.7923,40
960,11.2636,19.1172,30.9806,55.5898,360.3833,112.744,362.035,81.144,360.7611,39.2832,9.5875,3.7318,3.2545,3.1408,40
961,9.9925,17.5188,30.5197,50.7505,364.966,112.0636,367.0396,83.0239,366.8193,33.7965,8.8213,2.9007,2.5944,2.9494,30
962,11.0804,18.224,30.1902,51.7882,366.5124,102.3496,369.24,77.2773,365.7685,36.5921,10.5307,3.6515,3.4958,2.9253,40
963,10.1162,17.1999,25.9711,45.8315,364.4635,106.2485,366.5159,74.4857,365.717,36.4356,7.5405,4.0224,3.1281,3.5602,30
964,11.5289,18.9781,31.9154,53.4411,352.4084,107.5471,352.3111,74.7092,350.1674,35.1813,10.6016,3.5382,3.0089,3.0033,40
965,13.2533,17.959,33.6911,55.506,368.2618,115.7045,369.2732,83.4633,370.551,36.6804,7.2802,3.0988,3.0068,3.4631,30
966,12.3437,18.3631,29.9862,53.9172,363.7852,105.6171,364.0947,76.4312,362.8882,38.1713,7.3844,3.4125,3.5675,3.3132,40
967,12.2224,18.2669,33.1314,54.6554,377.6097,112.951,379.179,82.1938,379.6462,41.26,9.9707,3.5879,3.8078,4.0887,20
968,12.3708,21.8385,30.9186,50.1153,362.2985,107.8343,362.6667,78.7025,358.3356,38.4492,9.3395,4.1863,3.3502,3.4763,30
969,10.0361,14.9357,31.5934,53.7568,374.6217,108.0238,374.9319,81.9439,375.1008,38.8235,8.7385,3.5036,2.9259,2.1884,40
970,12.644,15.3257,29.9282,52.6901,360.3563,117.441,361.2698,78.5975,358.8043,31.2267,9.218,4.8794,4.8465,4.2256,40
971,12.9516,20.2131,29.1773,59.1233,365.5896,112.122,364.2321,88.1121,361.0712,42.426,8.8771,4.0156,3.561,3.4534,40
972,10.302,15.052,26.5484,54.0262,365.3377,102.5469,366.5642,80.9703,363.2214,41.0233,6.5767,3.1313,3.2652,3.1772,20
973,11.1526,15.2563,30.7523,47.7808,369.0888,108.8844,368.6049,82.127,368.3485,34.5347,10.6909,3.416,3.382,3.2184,40
974,12.227,18.7842,32.7246,59.0854,370.3628,122.3674,370.8982,79.8708,369.1728,35.8919,9.5762,3.4446,2.4675,2.2677,40
975,10.5945,15.1835,24.6765,49.6669,356.5578,105.5539,357.3291,72.4462,357.3094,32.2968,7.3729,4.0068,3.0908,3.0253,40
976,12.7993,19.0225,30.6154,56.7348,376.1215,115.3367,376.8479,75.5867,375.643,40.1743,7.7861,3.1162,3.6105,4.1852,20
977,12.9883,18.2575,31.5077,51.8136,364.5393,104.196,366.6861,74.3488,363.9347,35.5347,8.6009,3.7201,4.0972,3.6541,40
978,13.5073,17.6763,27.4695,55.6439,368.024,111.5783,370.0806,72.7841,366.0614,36.106,6.8537,2.8242,3.0281,3.183,20
979,11.7055,17.0629,27.3307,49.5783,368.4726,102.048,369.8643,74.9423,365.4126,31.7528,6.4036,3.3284,2.5539,2.5824,30
980,11.1853,15.8898,28.3602,52.9166,359.1015,108.6205,358.4776,77.2247,356.1087,34.507,9.5541,3.3322,2.3196,2.5209,30
981,10.565,17.8113,28.5688,51.4205,356.188,103.7638,357.3818,75.7248,358.1457,32.0482,8.429,4.2232,3.4526,2.4571,40
982,10.5154,15.4879,29.7155,49.276,392.9038,111.5773,393.9274,80.9574,392.1781,38.2045,6.2684,2.1137,2.1017,2.3748,30
983,10.2753,14.5504,26.2495,49.2773,356.5425,105.2514,357.2917,74.1399,357.0719,37.6417,8.6073,3.4168,2.9557,2.7359,40
984,10.0747,18.446,28.9499,58.0651,365.3993,116.6618,365.7982,77.494,363.2222,31.687,6.427,2.9189,2.6486,2.5118,40
985,9.7131,17.9087,30.5451,52.0355,369.0785,110.7317,370.169,70.0711,368.0633,34.4533,7.7012,3.6391,3.3269,3.0851,40
986,9.9632,15.8988,27.204,48.9982,350.6232,109.7611,350.0661,78.3495,349.4854,41.0549,8.2539,3.3362,3.4506,3.2991,40
987,11.4917,18.6224,32.2155,51.1545,358.4841,106.811,358.0341,76.5693,357.7175,33.8429,6.5409,3.3647,1.6596,2.1688,30
988,8.3937,14.9095,26.8018,51.2934,356.3247,107.9348,356.5607,74.8108,357.4882,34.6,6.8792,3.9759,3.4225,3.7937,30
989,11.9016,16.1049,29.0427,53.4617,360.0017,119.9969,360.5366,78.301,358.5589,35.4236,6.8214,3.2686,3.0643,3.2108,30
990,11.2117,17.0191,32.2215,55.7958,355.7798,111.1869,357.2957,80.7307,355.673,36.8617,10.0413,2.977,2.8266,1.7696,40
991,10.1756,16.7458,26.1791,56.7589,372.3118,116.058,374.7696,79.2571,372.6746,38.2853,8.3566,3.7854,4.1475,4.3934,20
992,10.5387,18.2532,27.9692,51.2831,359.6831,103.7524,362.434,77.1772,362.3134,41.845,9.9338,3.2523,2.748,2.8158,30
993,12.4136,20.3663,35.1255,54.9097,362.5344,105.5156,364.6508,82.1197,364.4104,37.9815,9.8176,4.3283,4.3144,3.5641,40
994,10.7055,17.8431,30.0598,55.5549,385.5553,111.7851,385.8921,88.2422,383.5079,38.5735,8.8957,4.4142,4.5414,4.2924,40
995,12.5187,20.2482,33.5321,57.1755,385.564,117.0502,385.5898,75.6199,385.1255,36.566,7.9369,4.0169,3.8186,3.3263,40
996,11.3778,18.1181,31.5964,54.3028,374.0142,104.8975,371.4782,77.3718,373.3359,37.7511,8.5209,5.0357,4.8662,4.5809,40
997,10.2414,16.4545,31.6086,59.8767,382.608,129.3825,382.1303,82.1388,377.9168,41.7488,8.5254,3.8219,3.2848,2.3046,40
998,13.0697,15.7785,28.8293,50.8152,358.5982,109.9122,359.5525,83.7909,355.986,39.6252,10.0079,3.9985,3.3247,3.5336,30
999,11.2337,19.4038,28.7049,58.5375,362.2845,110.7451,364.2774,76.2249,362.4688,42.1297,10.2643,1.9527,2.2268,2.6904,20
