instance,-40,-30,-20,-10,-5,-2,-1,1,2,5,10,20,30,40,lkh_cost,best_k
0,1.772247,1.841119,2.010338,2.333679,7.342307,3.281087,7.377418,2.791862,7.338565,2.103114,1.740034,1.633483,1.622768,1.62937,1.563025,30
1,1.762873,1.87569,2.079498,2.358265,7.338242,3.414243,7.335541,2.912751,7.330241,2.045299,1.733036,1.671996,1.666326,1.667112,1.616524,30
2,1.7074,1.766717,1.946535,2.331926,7.092116,3.141008,7.094362,2.785454,7.090358,2.049376,1.677979,1.616394,1.601154,1.600851,1.534151,40
3,1.687584,1.778943,1.967719,2.293137,6.914215,3.127404,6.918654,2.657876,6.851965,2.053136,1.660011,1.598663,1.588653,1.593198,1.535512,30
4,1.738826,1.823233,2.012747,2.345946,7.330534,3.153994,7.292522,2.775062,7.321993,2.13226,1.731079,1.626616,1.638981,1.626989,1.582454,20
5,1.710773,1.796993,1.989623,2.326624,7.113852,3.15378,7.115427,2.716646,7.105587,2.068223,1.697653,1.60769,1.613234,1.601641,1.5495,40
6,1.68604,1.789772,1.990168,2.284172,7.196611,3.171954,7.181016,2.690416,7.19428,2.068444,1.647828,1.580238,1.570999,1.571366,1.511578,30
7,1.799964,1.864285,2.036829,2.448576,7.187998,3.341535,7.201134,2.844974,7.201592,2.178352,1.693866,1.634832,1.633138,1.621602,1.577471,40
8,1.793937,1.940707,2.184968,2.573241,7.542838,3.424592,7.559201,3.081351,7.564166,2.267539,1.770432,1.685122,1.672686,1.671207,1.624974,40
9,1.725852,1.836827,1.995324,2.28764,7.104679,3.155284,7.139692,2.74504,7.101807,2.076047,1.604163,1.54642,1.545485,1.547779,1.494894,30
10,1.730076,1.814635,1.978892,2.424736,7.484789,3.323721,7.49011,2.76009,7.457688,2.151866,1.707387,1.620995,1.61137,1.607807,1.563761,40
11,1.661644,1.723032,1.951731,2.192566,7.025591,3.014066,7.045768,2.694062,7.041897,2.069179,1.646555,1.565011,1.556532,1.561725,1.522787,30
12,1.813375,1.917937,2.108593,2.543291,7.714668,3.450132,7.706732,2.918997,7.654162,2.182778,1.684682,1.661952,1.653282,1.644978,1.611384,40
13,1.696594,1.773681,1.961457,2.364117,7.055502,3.274917,7.045603,2.672097,7.063934,2.059154,1.6641,1.606545,1.59212,1.59527,1.56133,30
14,1.745089,1.86234,2.009894,2.458364,7.427174,3.267951,7.442197,2.791147,7.35432,2.16168,1.645001,1.575365,1.570113,1.556666,1.519259,40
15,1.817839,1.868614,2.077782,2.462887,7.459048,3.512126,7.452006,2.892696,7.413282,2.183564,1.76492,1.670007,1.66027,1.638973,1.606089,40
16,1.733517,1.82692,1.992761,2.373622,7.253998,3.333072,7.303501,2.697061,7.313432,2.076102,1.654911,1.608031,1.583676,1.579487,1.54082,40
17,1.808953,1.914348,2.104312,2.474896,7.477353,3.454483,7.531666,2.890576,7.491295,2.21175,1.747334,1.673676,1.670742,1.674169,1.611748,30
18,1.783914,1.87183,2.079659,2.547687,7.261286,3.242718,7.273433,2.765356,7.26398,2.139279,1.72358,1.647895,1.639169,1.639344,1.596841,30
19,1.710953,1.805588,1.955409,2.323553,7.221991,3.401202,7.24413,2.65268,7.188008,2.006671,1.647086,1.571053,1.572179,1.56359,1.512435,40
20,1.650944,1.727702,1.937745,2.23051,7.143453,3.089241,7.129034,2.6692,7.115193,2.036434,1.624286,1.547297,1.530971,1.530807,1.495089,40
21,1.75752,1.85804,2.045659,2.513281,7.186166,3.303277,7.155847,2.744349,7.150185,2.165677,1.71576,1.638114,1.636442,1.630449,1.582836,40
22,1.812581,1.886527,2.12643,2.503224,7.634508,3.526184,7.673627,2.924958,7.605371,2.244227,1.789889,1.701671,1.687992,1.6919,1.630975,30
23,1.765138,1.862828,2.099731,2.454438,7.477952,3.287378,7.47706,2.758455,7.490274,2.207651,1.719385,1.638162,1.637895,1.642129,1.580041,30
24,1.643258,1.753193,1.867547,2.20078,6.821006,3.013544,6.828882,2.653144,6.807063,1.979685,1.626641,1.531966,1.527745,1.51711,1.479547,40
25,1.752862,1.862351,2.021856,2.418057,7.232137,3.204029,7.241385,2.75662,7.23243,2.102244,1.674414,1.585463,1.583368,1.584839,1.55046,30
26,1.785258,1.877852,2.133437,2.480298,7.330952,3.268418,7.336466,2.873574,7.334728,2.14181,1.749706,1.68187,1.691925,1.686659,1.620364,20
27,1.842089,1.946158,2.206851,2.663641,7.459413,3.632975,7.444641,2.972171,7.478524,2.294877,1.82113,1.729071,1.719922,1.729779,1.67003,30
28,1.668481,1.75971,1.938999,2.307677,7.107368,3.079661,7.115868,2.652269,7.115684,2.096893,1.670841,1.600505,1.604231,1.589644,1.535489,40
29,1.655613,1.752608,1.960428,2.298886,6.997976,3.042121,7.028745,2.669211,7.02453,2.052091,1.612623,1.547363,1.537443,1.538829,1.499008,30
30,1.838531,1.942482,2.093048,2.487643,7.758274,3.413218,7.763482,3.076099,7.75402,2.288286,1.789665,1.726551,1.727759,1.72904,1.675734,20
31,1.721598,1.786433,1.963387,2.323715,7.148821,3.103154,7.15672,2.636742,7.132807,2.10059,1.673162,1.593793,1.590504,1.584162,1.521488,40
32,1.718441,1.799726,1.9441,2.31596,7.092499,3.208621,7.133866,2.646631,7.125002,2.060859,1.64582,1.590699,1.595111,1.601881,1.546302,20
33,1.818234,1.883516,2.122718,2.523215,7.466465,3.401736,7.466135,2.895469,7.45038,2.258948,1.778815,1.701388,1.671327,1.672665,1.631776,30
34,1.727226,1.86893,2.122287,2.499005,7.416432,3.273578,7.3768,2.804494,7.391919,2.183698,1.699808,1.61822,1.609555,1.600972,1.537648,40
35,1.784757,1.875315,2.027277,2.378449,7.260034,3.117165,7.241979,2.723763,7.242888,2.20154,1.697593,1.650124,1.639299,1.641184,1.593995,30
36,1.790767,1.875206,2.046165,2.370333,7.535156,3.467312,7.561646,2.770161,7.551703,2.111526,1.747724,1.661434,1.649021,1.654264,1.604472,30
37,1.790408,1.848018,2.012048,2.411745,7.300741,3.330947,7.31179,2.731803,7.25012,2.118063,1.7372,1.632352,1.63155,1.633369,1.585572,30
38,1.714258,1.801954,1.966601,2.323944,7.174345,3.24886,7.195256,2.807354,7.170373,2.120004,1.673601,1.597315,1.605351,1.595712,1.544781,40
39,1.73068,1.805641,2.12019,2.531278,7.27356,3.273543,7.276167,2.711862,7.273188,2.184125,1.701967,1.626615,1.611205,1.612997,1.56487,30
40,1.870599,1.976813,2.19009,2.536484,7.641132,3.460795,7.649061,2.904499,7.607508,2.340406,1.836609,1.730929,1.717362,1.706476,1.660408,40
41,1.797884,1.858496,2.074791,2.485888,7.622334,3.537901,7.629277,2.86237,7.597787,2.155138,1.80762,1.7068,1.702926,1.690999,1.623402,40
42,1.763398,1.851681,2.066521,2.442575,7.348111,3.277057,7.341363,2.769636,7.320363,2.144565,1.718785,1.637929,1.6291,1.634738,1.599951,30
43,1.655012,1.780135,1.957019,2.321911,6.796408,3.076942,6.78751,2.61365,6.771473,2.046691,1.622269,1.538519,1.532145,1.528914,1.483364,40
44,1.761491,1.831733,2.053065,2.379853,7.26576,3.211045,7.29125,2.739795,7.250826,2.13689,1.663516,1.634323,1.629571,1.627213,1.570525,40
45,1.722253,1.848005,2.08147,2.349042,7.008093,3.198761,7.000784,2.735562,6.994874,2.072724,1.632272,1.591529,1.579071,1.579542,1.528882,30
46,1.689176,1.809633,1.949815,2.303513,7.104849,3.207621,7.11146,2.686942,7.05823,2.060945,1.644012,1.56389,1.550623,1.563382,1.499023,30
47,1.767066,1.880815,2.02203,2.384069,7.435756,3.215174,7.4464,2.703665,7.365322,2.144037,1.699473,1.626783,1.626279,1.61222,1.562706,40
48,1.726488,1.815008,2.01984,2.417049,7.303561,3.246635,7.322529,2.709838,7.273718,2.209993,1.668901,1.612727,1.609751,1.604127,1.576644,40
49,1.810068,1.936952,2.09011,2.397022,7.271604,3.30334,7.277256,2.891754,7.264052,2.291569,1.815985,1.666911,1.666804,1.661397,1.60897,40
50,1.672265,1.776231,1.955059,2.372401,7.28044,3.230271,7.295623,2.79111,7.256906,2.104131,1.685545,1.593841,1.58172,1.584526,1.525731,30
51,1.761463,1.892109,2.090087,2.461246,7.457754,3.428343,7.458598,2.848942,7.422389,2.183783,1.740063,1.658601,1.648476,1.64619,1.614108,40
52,1.872616,1.957062,2.178513,2.575525,7.695175,3.506612,7.685994,2.993928,7.693891,2.289093,1.875831,1.727561,1.724436,1.728563,1.674766,30
53,1.705801,1.812986,2.000514,2.448986,7.133724,3.235881,7.157233,2.723886,7.100474,2.142021,1.680606,1.610553,1.589934,1.592564,1.547903,30
54,1.728047,1.786871,1.945555,2.402199,7.191992,3.306265,7.199058,2.769638,7.145902,2.12336,1.646986,1.597426,1.595387,1.592873,1.533098,40
55,1.749813,1.828384,1.986668,2.415168,7.207618,3.286374,7.193827,2.675281,7.19097,2.040891,1.637395,1.575381,1.573722,1.574713,1.526878,30
56,1.783168,1.852069,2.058501,2.459054,7.378826,3.348644,7.399621,2.862538,7.382836,2.179427,1.770587,1.685855,1.686017,1.681683,1.624966,40
57,1.802597,1.848087,2.012173,2.456301,7.392151,3.402065,7.404852,2.862152,7.436919,2.111993,1.731025,1.650107,1.64166,1.631752,1.581999,40
58,1.76419,1.808225,1.975277,2.396663,7.165843,3.364564,7.188618,2.762399,7.187491,2.10509,1.698588,1.608665,1.621878,1.619883,1.568525,20
59,1.729087,1.808639,2.003379,2.424591,7.212495,3.182954,7.213291,2.739203,7.222711,2.115463,1.6895,1.620599,1.60957,1.616595,1.561797,30
60,1.717717,1.78952,1.966207,2.330502,7.262445,3.160738,7.290215,2.833774,7.271289,2.148308,1.653143,1.595064,1.580921,1.575741,1.532633,40
61,1.753463,1.863564,2.0689,2.454098,7.462858,3.456018,7.46162,2.813109,7.406232,2.153925,1.69134,1.616094,1.61337,1.607219,1.562551,40
62,1.667483,1.755524,1.923301,2.338908,7.013468,3.259958,7.018874,2.718995,6.993046,2.095905,1.619473,1.562095,1.55757,1.547654,1.512509,40
63,1.690468,1.761331,1.925249,2.350573,6.83347,3.11134,6.864454,2.728572,6.824255,2.04488,1.645709,1.589579,1.57479,1.583936,1.542687,30
64,1.740597,1.864403,2.012679,2.35165,7.359621,3.265653,7.36463,2.747514,7.276674,2.149504,1.692753,1.627816,1.608797,1.610711,1.574378,30
65,1.737073,1.872311,2.036846,2.417409,7.399168,3.377544,7.430603,2.745655,7.388266,2.194691,1.689784,1.59132,1.599583,1.597575,1.553327,20
66,1.802631,1.89388,2.085495,2.490714,7.372854,3.422281,7.383176,2.940471,7.356564,2.151704,1.749349,1.643335,1.639464,1.64253,1.589681,30
67,1.76706,1.861868,2.115458,2.489697,7.339248,3.561224,7.361652,2.8688,7.330739,2.179818,1.73341,1.657716,1.63653,1.648153,1.599035,30
68,1.72657,1.813788,1.998605,2.298326,7.118414,3.153333,7.164898,2.704866,7.163982,2.108971,1.689493,1.624918,1.627508,1.620701,1.577433,40
69,1.84479,1.930029,2.112552,2.574021,7.627276,3.516813,7.64344,2.987862,7.641361,2.227908,1.80407,1.699797,1.694291,1.691075,1.640999,40
70,1.824519,1.905618,2.126922,2.477056,7.534075,3.499926,7.521374,2.855473,7.54065,2.23139,1.764728,1.671482,1.654365,1.647762,1.594899,40
71,1.747584,1.816406,1.984596,2.313568,7.361995,3.225373,7.317551,2.777057,7.32897,2.128269,1.677064,1.629764,1.612843,1.613323,1.561003,30
72,1.821472,1.934375,2.122782,2.440374,7.5573,3.275416,7.572778,2.921083,7.494399,2.165385,1.768944,1.68279,1.691534,1.694069,1.634905,20
73,1.737667,1.831018,2.077595,2.345906,7.251852,3.277582,7.320128,2.802636,7.306549,2.083114,1.700198,1.613266,1.600847,1.598535,1.556101,40
74,1.728908,1.799319,1.935669,2.302543,7.361992,3.293768,7.38709,2.732653,7.393343,2.082138,1.690181,1.606786,1.594146,1.597187,1.548003,30
75,1.673414,1.757124,1.968474,2.207596,7.404918,3.135883,7.430718,2.759226,7.399209,2.092947,1.643293,1.546545,1.534955,1.52869,1.495578,40
76,1.722983,1.811314,2.08648,2.348839,7.077222,3.160363,7.105228,2.672364,7.107901,2.121031,1.668972,1.577693,1.574346,1.5738,1.530519,40
77,1.734145,1.814192,2.010962,2.374679,7.091733,3.054321,7.057318,2.661362,7.069246,2.092784,1.673633,1.621467,1.617612,1.613387,1.559573,40
78,1.712823,1.814812,2.027303,2.361245,6.932976,3.097279,6.951045,2.715968,6.953856,2.150587,1.648851,1.586226,1.575952,1.577026,1.527385,30
79,1.730813,1.835778,2.022704,2.416816,7.246647,3.248148,7.26889,2.679378,7.249281,2.153315,1.66425,1.60002,1.585531,1.584086,1.545037,40
80,1.722568,1.808974,2.000114,2.330819,7.168586,3.166245,7.156894,2.662251,7.179299,2.115737,1.648536,1.591578,1.597671,1.596551,1.543254,20
81,1.748024,1.841177,2.030905,2.370618,7.387172,3.285462,7.393134,2.76898,7.381982,2.13332,1.742958,1.651657,1.635364,1.640411,1.571285,30
82,1.745855,1.775522,1.970915,2.373384,7.326862,3.230843,7.34203,2.897085,7.326568,2.137781,1.677158,1.609718,1.597728,1.596906,1.543387,40
83,1.724709,1.842917,2.075811,2.400866,7.130608,3.298806,7.138889,2.668764,7.118566,2.154999,1.688435,1.614286,1.607742,1.595427,1.553831,40
84,1.824593,1.917345,2.110769,2.500139,7.612809,3.389005,7.603108,2.872819,7.579058,2.247886,1.723013,1.686658,1.672874,1.669223,1.614717,40
85,1.686542,1.786111,1.959889,2.410191,7.361668,3.306469,7.393356,2.732837,7.371666,2.111064,1.640799,1.593716,1.573285,1.567108,1.523702,40
86,1.868346,2.009321,2.264509,2.599559,7.714105,3.590029,7.705903,2.946203,7.713184,2.362549,1.84358,1.737544,1.724112,1.71631,1.664642,40
87,1.727538,1.854327,2.016965,2.342793,7.023754,3.203548,6.996925,2.723859,6.971747,2.134531,1.731851,1.617429,1.620495,1.607123,1.574405,40
88,1.828487,1.884907,2.083083,2.497352,7.536638,3.370314,7.535965,2.943577,7.5497,2.33127,1.7417,1.676296,1.678779,1.678468,1.639861,20
89,1.743968,1.849388,1.971306,2.38261,7.062147,3.177994,7.070259,2.769574,7.082008,2.097287,1.675548,1.606483,1.613953,1.598545,1.54713,40
90,1.832716,1.936942,2.145817,2.518687,7.694743,3.35968,7.706441,2.869731,7.706674,2.230628,1.756647,1.68627,1.680423,1.677591,1.625761,40
91,1.809965,1.939586,2.067177,2.481707,7.556861,3.362201,7.573354,2.82327,7.539548,2.165571,1.730503,1.639981,1.640649,1.633255,1.596813,40
92,1.737136,1.873126,2.094657,2.39212,7.206233,3.284634,7.188532,2.675473,7.168465,2.175293,1.726424,1.634564,1.637405,1.630338,1.573153,40
93,1.775414,1.909771,2.104826,2.489779,7.391011,3.237301,7.396126,2.859907,7.404269,2.184513,1.735069,1.626909,1.620523,1.625462,1.574909,30
94,1.732071,1.871415,2.022005,2.438996,7.32465,3.328467,7.341577,2.787867,7.304494,2.154167,1.677465,1.613061,1.619357,1.622792,1.561501,20
95,1.755684,1.832143,2.042004,2.388719,7.261227,3.197013,7.24615,2.790426,7.2146,2.133363,1.741199,1.629399,1.634202,1.638378,1.587445,20
96,1.740665,1.86773,2.004371,2.522884,7.530976,3.397694,7.543571,2.893859,7.561715,2.162803,1.720406,1.647917,1.629633,1.638469,1.569469,30
97,1.778149,1.844647,2.03837,2.413643,7.42993,3.341976,7.42579,2.797593,7.432229,2.15065,1.747601,1.656239,1.655905,1.649835,1.585361,40
98,1.717603,1.795227,1.981433,2.342558,7.191858,3.27685,7.205311,2.699235,7.206074,2.078439,1.670907,1.617134,1.600093,1.598705,1.566822,40
99,1.739213,1.837335,2.062154,2.433728,7.330374,3.324965,7.329627,2.826945,7.339744,2.125007,1.731853,1.619042,1.617876,1.608969,1.550731,40
100,1.749418,1.86655,2.024602,2.422623,7.400536,3.301367,7.453205,2.909474,7.436879,2.194023,1.788565,1.646695,1.621476,1.633924,1.585241,30
101,1.726988,1.783148,2.006435,2.378645,7.23681,3.232964,7.230534,2.818572,7.228002,2.169982,1.684614,1.601758,1.594176,1.593215,1.541641,40
102,1.752772,1.814309,2.008778,2.396213,7.412481,3.346446,7.405737,2.774662,7.390984,2.151323,1.732987,1.6348,1.621912,1.616794,1.563904,40
103,1.72724,1.797118,2.003676,2.385932,7.338198,3.289874,7.329853,2.748645,7.352529,2.079153,1.698014,1.608034,1.601463,1.594778,1.549956,40
104,1.744177,1.811901,2.003106,2.318926,7.44209,3.229884,7.453377,2.79562,7.390401,2.186663,1.695914,1.616744,1.61713,1.606813,1.558769,40
105,1.696908,1.787237,1.950971,2.267461,7.266516,3.088024,7.276147,2.626535,7.254818,2.074311,1.648911,1.555481,1.55696,1.551793,1.516551,40
106,1.835584,1.916276,2.123938,2.556161,7.615026,3.524277,7.598976,2.94299,7.620355,2.186737,1.76796,1.696597,1.697953,1.692702,1.657418,40
107,1.769984,1.874008,2.07676,2.412919,7.462364,3.248775,7.489836,2.833045,7.428798,2.163688,1.770042,1.629796,1.629315,1.613656,1.558252,40
108,1.804528,1.880643,2.091251,2.541786,7.510014,3.302727,7.564844,2.881531,7.523748,2.148213,1.779116,1.68869,1.694622,1.690004,1.634648,20
109,1.75778,1.864342,2.107043,2.574894,7.406248,3.474094,7.428532,2.747664,7.413246,2.124946,1.695558,1.64775,1.627064,1.620624,1.560853,40
110,1.729065,1.818532,1.984474,2.413075,7.444426,3.372705,7.45884,2.87165,7.405491,2.160908,1.707021,1.597535,1.589985,1.595851,1.55503,30
111,1.792162,1.922444,2.122897,2.431137,7.30534,3.382534,7.357194,2.907706,7.328865,2.203584,1.719819,1.658848,1.663499,1.649284,1.600782,40
112,1.734764,1.807292,1.969147,2.338743,7.30812,3.245991,7.340886,2.814815,7.303311,2.131443,1.66581,1.603545,1.595493,1.597729,1.553883,30
113,1.833459,1.933543,2.069516,2.518371,7.408648,3.393415,7.42742,2.900467,7.3766,2.260519,1.745553,1.662822,1.659321,1.658096,1.594203,40
114,1.741058,1.833209,2.025432,2.409641,7.343033,3.263009,7.374743,2.693491,7.373586,2.14004,1.660403,1.608363,1.59324,1.593473,1.550168,30
115,1.688332,1.78308,1.945873,2.426273,7.004076,3.236211,7.006035,2.762284,7.002596,2.057754,1.648594,1.577685,1.564948,1.559949,1.515442,40
116,1.83146,1.88561,2.106129,2.457765,7.578482,3.33168,7.602265,2.976096,7.583539,2.25226,1.793169,1.719613,1.710141,1.698781,1.654857,40
117,1.821835,1.94611,2.159428,2.615356,7.493622,3.491736,7.557328,2.966544,7.499359,2.237268,1.777155,1.684425,1.676765,1.669434,1.62083,40
118,1.805846,1.898669,2.06154,2.443095,7.465991,3.357877,7.473721,2.859782,7.467053,2.248236,1.727978,1.668477,1.655687,1.666014,1.604005,30
119,1.74517,1.81871,2.018317,2.378242,7.0978,3.180287,7.093327,2.754306,7.092717,2.129458,1.700476,1.618046,1.606463,1.606946,1.56134,30
120,1.769006,1.87001,1.992345,2.436931,7.294999,3.228616,7.30751,2.8161,7.274758,2.085353,1.711887,1.64351,1.6302,1.634712,1.586382,30
121,1.755174,1.878343,2.073551,2.448236,7.340599,3.36578,7.357966,2.775281,7.319777,2.130547,1.74103,1.655876,1.645809,1.642345,1.584952,40
122,1.701852,1.798931,2.036317,2.421992,7.019874,3.103276,7.017204,2.702622,6.979378,2.12999,1.69083,1.5965,1.590013,1.587081,1.547285,40
123,1.741166,1.800701,1.979975,2.364826,7.229982,3.183079,7.260825,2.684465,7.228746,2.144574,1.690124,1.605292,1.592753,1.595771,1.538561,30
124,1.770254,1.867398,2.033832,2.448024,7.395052,3.251262,7.437611,2.817707,7.411229,2.210544,1.724251,1.658106,1.650675,1.643804,1.599277,40
125,1.85087,1.970562,2.148654,2.567304,7.600264,3.537223,7.6199,2.905893,7.605962,2.246462,1.852032,1.714985,1.707282,1.718217,1.640152,30
126,1.746745,1.830069,2.061042,2.329538,7.411137,3.308484,7.442817,2.817652,7.391942,2.156482,1.688573,1.605296,1.613259,1.595968,1.549053,40
127,1.725675,1.819807,1.995871,2.359118,7.352538,3.137142,7.365065,2.735434,7.270702,2.130343,1.669373,1.616425,1.602627,1.595915,1.536,40
128,1.7696,1.886665,2.046499,2.371405,7.357148,3.206781,7.383815,2.844757,7.343008,2.218183,1.715835,1.649791,1.635335,1.626548,1.587995,40
129,1.718601,1.804766,1.96998,2.340062,7.149371,3.176221,7.154995,2.683547,7.188736,2.128564,1.683338,1.593472,1.582795,1.581916,1.524639,40
130,1.783467,1.83225,2.032558,2.372214,7.34824,3.329781,7.365112,2.86016,7.30462,2.194345,1.732439,1.621527,1.617453,1.618265,1.571798,30
131,1.760796,1.892156,2.117147,2.433644,7.227816,3.299145,7.231242,2.760505,7.195026,2.158967,1.728029,1.639997,1.635082,1.626266,1.584452,40
132,1.666772,1.752856,1.897508,2.213873,6.867742,3.101321,6.91695,2.586124,6.894016,2.038467,1.574254,1.529135,1.520462,1.506719,1.465575,40
133,1.76108,1.848126,2.014325,2.386487,7.049018,3.137727,7.047859,2.768871,7.035264,2.12487,1.7011,1.645734,1.636035,1.633991,1.594238,40
134,1.745742,1.833663,2.036713,2.418038,7.589128,3.397781,7.584616,2.746749,7.584657,2.137394,1.701266,1.656979,1.645535,1.656538,1.599659,30
135,1.77883,1.896479,2.085094,2.597066,7.58977,3.542304,7.58492,2.841974,7.552887,2.205095,1.753364,1.669173,1.669308,1.675985,1.616194,20
136,1.669761,1.765065,1.919568,2.31675,7.139831,3.226539,7.21523,2.711503,7.171074,2.089012,1.634395,1.552719,1.526794,1.541834,1.498689,30
137,1.757885,1.860674,2.088654,2.457707,7.251533,3.397063,7.245224,2.746046,7.225346,2.153702,1.67096,1.585212,1.582061,1.586184,1.545657,30
138,1.641884,1.767719,1.899838,2.293205,7.167699,3.171587,7.211792,2.628423,7.209036,2.075287,1.639786,1.55035,1.556812,1.554098,1.508814,20
139,1.690766,1.78249,1.928696,2.318525,7.109874,3.092706,7.092946,2.772017,7.136242,2.091819,1.660736,1.591425,1.57959,1.582189,1.534917,30
140,1.744052,1.867104,2.039369,2.426114,7.210094,3.201876,7.231724,2.764457,7.23579,2.128242,1.712322,1.623174,1.610847,1.613771,1.570069,30
141,1.805864,1.892037,2.137429,2.527647,7.392636,3.394857,7.445558,2.796657,7.381724,2.164162,1.758044,1.656537,1.648921,1.637815,1.600494,40
142,1.680449,1.763234,1.94134,2.288794,7.265452,3.232683,7.29601,2.754643,7.249227,2.035231,1.619259,1.551705,1.54112,1.5397,1.494868,40
143,1.781043,1.857954,2.053805,2.438771,7.465476,3.225895,7.46879,2.853992,7.472433,2.244051,1.722262,1.624984,1.618612,1.607106,1.567664,40
144,1.794573,1.88359,2.049759,2.520629,7.610715,3.471013,7.634226,2.996273,7.603995,2.215662,1.768568,1.718288,1.720988,1.704538,1.655171,40
145,1.80562,1.922982,2.119665,2.522455,7.704306,3.547465,7.71281,2.896369,7.669882,2.278582,1.760468,1.68971,1.688816,1.703052,1.643487,30
146,1.807219,1.91589,2.110755,2.519275,7.484396,3.42297,7.49784,2.87293,7.492728,2.203522,1.809646,1.704399,1.702034,1.704358,1.634005,30
147,1.807477,1.849609,2.000225,2.300993,7.262348,3.27737,7.264981,2.783669,7.253146,2.121916,1.735805,1.645364,1.646791,1.647628,1.593545,20
148,1.653689,1.804381,1.990597,2.332545,7.146325,3.16812,7.153904,2.720995,7.175756,2.092909,1.598508,1.547289,1.544505,1.543885,1.498418,40
149,1.662279,1.775154,1.903424,2.222282,7.054153,3.106496,7.085393,2.55995,7.064168,2.01138,1.614527,1.546408,1.547161,1.547626,1.495593,20
150,1.769302,1.861815,2.119228,2.45199,7.292803,3.308709,7.3359,2.741311,7.300364,2.125796,1.690253,1.6253,1.607468,1.60446,1.571648,40
151,1.792444,1.835956,2.102784,2.490493,7.52704,3.404817,7.53105,2.843571,7.46837,2.27198,1.781588,1.680897,1.680934,1.677238,1.626392,40
152,1.769234,1.841862,2.049103,2.391813,7.349068,3.284436,7.364611,2.841551,7.354838,2.229577,1.691025,1.635923,1.622906,1.619919,1.568653,40
153,1.805575,1.921125,2.13121,2.557127,7.699464,3.497099,7.692361,2.885951,7.664838,2.241374,1.756973,1.661399,1.641261,1.642546,1.602084,30
154,1.797641,1.843195,2.015657,2.437422,7.314199,3.263705,7.317688,2.773021,7.322978,2.085844,1.678734,1.589885,1.589399,1.59635,1.54314,30
155,1.730413,1.826261,1.989704,2.377116,7.157877,3.184641,7.176958,2.790898,7.163032,2.171975,1.652708,1.579874,1.582704,1.574109,1.534531,40
156,1.705513,1.787194,2.040322,2.408753,7.385146,3.302243,7.362055,2.796042,7.335184,2.106091,1.722469,1.628769,1.607917,1.606609,1.563539,40
157,1.731424,1.789834,1.946877,2.375832,7.301557,3.237525,7.320042,2.6853,7.267698,2.112689,1.711881,1.616525,1.614902,1.613631,1.561258,40
158,1.735889,1.817734,1.95445,2.445381,7.399444,3.298342,7.421524,2.827829,7.424893,2.140276,1.698927,1.619002,1.610144,1.607198,1.55854,40
159,1.818065,1.892274,2.043337,2.372569,7.344918,3.273259,7.366407,2.828557,7.339394,2.228273,1.749938,1.658082,1.649976,1.643505,1.597581,40
160,1.738488,1.796599,2.002013,2.404284,7.222298,3.195326,7.249989,2.811201,7.231014,2.08876,1.676776,1.586676,1.578433,1.580996,1.540684,30
161,1.756145,1.831085,1.962264,2.363263,7.173191,3.241514,7.169442,2.812629,7.188571,2.143065,1.694977,1.612013,1.598512,1.597278,1.546023,40
162,1.789212,1.879068,2.089205,2.489212,7.466912,3.332178,7.452464,2.862993,7.3935,2.161909,1.742444,1.672331,1.664437,1.661176,1.604372,40
163,1.71606,1.792292,1.972726,2.340558,7.208586,3.408923,7.244386,2.756553,7.243666,2.102393,1.698119,1.61834,1.605189,1.609468,1.570941,30
164,1.746184,1.835563,2.054278,2.512117,7.474604,3.417361,7.451331,2.778915,7.454468,2.198814,1.71632,1.659161,1.659755,1.655802,1.602307,40
165,1.717409,1.791054,2.039294,2.459909,7.220365,3.217612,7.257818,2.743829,7.218208,2.130334,1.627788,1.558836,1.564396,1.576929,1.52744,20
166,1.76,1.825518,2.020292,2.401352,7.56324,3.307395,7.612574,2.828771,7.603519,2.164391,1.72125,1.620311,1.619332,1.612778,1.571744,40
167,1.780246,1.854518,2.038847,2.311099,7.156353,3.185562,7.179054,2.730262,7.145917,2.146732,1.68955,1.639114,1.619898,1.616869,1.574398,40
168,1.774682,1.890284,2.079996,2.427989,7.35521,3.265584,7.41618,2.875779,7.369098,2.225686,1.758619,1.674317,1.658011,1.670535,1.601716,30
169,1.765497,1.84505,2.013748,2.435198,7.337418,3.207096,7.338506,2.814315,7.329366,2.199186,1.693603,1.653448,1.642546,1.630219,1.580976,40
170,1.808418,1.910576,2.14276,2.544997,7.219509,3.498403,7.219687,2.894346,7.160172,2.202962,1.742904,1.653708,1.63689,1.635929,1.579374,40
171,1.875464,1.998557,2.256816,2.665509,7.736228,3.549806,7.753899,2.986613,7.710327,2.263325,1.792474,1.698255,1.696941,1.698718,1.649694,30
172,1.700874,1.824281,2.049876,2.400792,7.196906,3.18333,7.226506,2.736734,7.216452,2.143514,1.6528,1.580871,1.568574,1.570873,1.525975,30
173,1.797058,1.907179,2.115496,2.44436,7.326754,3.298314,7.349223,2.861893,7.304932,2.22695,1.769575,1.674524,1.669215,1.673266,1.626259,30
174,1.793534,1.846497,2.063631,2.486736,7.337491,3.231978,7.348624,2.842682,7.319132,2.243603,1.773157,1.714109,1.698751,1.695023,1.646953,40
175,1.728844,1.852557,2.019829,2.453233,7.223873,3.322964,7.242251,2.77314,7.229091,2.138359,1.676454,1.605099,1.593246,1.596671,1.551497,30
176,1.710362,1.765496,1.942846,2.255132,7.018022,3.03246,7.022649,2.650812,7.01824,2.095689,1.668549,1.5928,1.601009,1.614299,1.543057,20
177,1.816163,1.920832,2.138896,2.476622,7.468368,3.317023,7.475619,2.921637,7.468716,2.255285,1.722635,1.66698,1.649707,1.647594,1.601599,40
178,1.64085,1.737029,1.903364,2.293259,6.851837,3.061401,6.875617,2.671557,6.834872,2.072919,1.640435,1.557516,1.552592,1.543034,1.506293,40
179,1.762361,1.832724,2.002967,2.423734,7.409806,3.344647,7.417881,2.747004,7.364968,2.121008,1.705732,1.635316,1.622205,1.61979,1.579224,40
180,1.859269,1.956613,2.103396,2.570853,7.52228,3.448906,7.48486,2.906094,7.481037,2.212605,1.797345,1.71406,1.722026,1.72868,1.666033,20
181,1.763299,1.878387,2.075952,2.347528,7.422847,3.283229,7.446642,2.911028,7.427116,2.218548,1.762152,1.671132,1.665937,1.671239,1.617294,30
182,1.728758,1.784784,2.022499,2.499403,7.371353,3.256857,7.378891,2.823948,7.304398,2.24101,1.711405,1.617067,1.603406,1.610861,1.575787,30
183,1.725383,1.804549,1.95171,2.383025,7.197505,3.174019,7.227602,2.71496,7.202385,2.091478,1.682128,1.60959,1.612284,1.598432,1.562186,40
184,1.753673,1.861444,2.117263,2.413093,7.343951,3.341851,7.36253,2.859415,7.355178,2.225525,1.720635,1.647411,1.657059,1.652036,1.605846,20
185,1.778129,1.87653,2.034364,2.359076,7.36714,3.304241,7.370956,2.829101,7.335654,2.14181,1.730861,1.630877,1.620319,1.619241,1.56998,40
186,1.830128,1.93711,2.176139,2.559366,7.578407,3.354102,7.61057,2.928404,7.617382,2.307454,1.778069,1.686668,1.672762,1.675634,1.636432,30
187,1.677113,1.794602,1.960546,2.373329,7.234763,3.288322,7.247384,2.883608,7.259341,2.132465,1.6891,1.598266,1.591968,1.590436,1.539448,40
188,1.817753,1.885486,2.136152,2.460618,7.54382,3.399372,7.524408,2.872613,7.535082,2.196922,1.758151,1.66536,1.671934,1.665128,1.618015,40
189,1.804738,1.847459,2.125792,2.464664,7.280602,3.257039,7.341234,2.781036,7.33238,2.186156,1.762936,1.679573,1.667938,1.673347,1.614695,30
190,1.734247,1.860173,2.048661,2.46161,7.225254,3.318155,7.22998,2.727237,7.218733,2.116821,1.714254,1.611916,1.603556,1.602179,1.544238,40
191,1.820192,1.91675,2.110483,2.485796,7.486373,3.375898,7.504904,2.873869,7.511712,2.287164,1.764501,1.714546,1.703138,1.694313,1.644365,40
192,1.781866,1.843064,2.024877,2.479563,7.347783,3.2146,7.354285,2.814851,7.301875,2.127491,1.737163,1.651348,1.644586,1.639556,1.59866,40
193,1.714026,1.787348,1.969357,2.353995,7.265864,3.074994,7.282061,2.671051,7.265395,2.089652,1.662721,1.60573,1.600277,1.596256,1.548037,40
194,1.832509,1.909857,2.145692,2.546015,7.502817,3.484838,7.513272,2.968632,7.541496,2.258374,1.762973,1.683147,1.691974,1.691032,1.62137,20
195,1.732042,1.816065,1.992729,2.41082,7.120814,3.215299,7.124488,2.744067,7.130913,2.139448,1.71602,1.638333,1.627017,1.625233,1.572289,40
196,1.86675,1.964283,2.135254,2.563363,7.877292,3.578227,7.89639,2.91034,7.874181,2.251711,1.762142,1.705763,1.704089,1.701004,1.646954,40
197,1.7327,1.79251,1.98263,2.386602,7.222448,3.223534,7.224926,2.755703,7.161408,2.102917,1.689319,1.600323,1.591442,1.58566,1.544358,40
198,1.760168,1.922355,2.103693,2.448663,7.233364,3.449867,7.220813,2.86297,7.22625,2.232256,1.692972,1.631303,1.620456,1.618648,1.575689,40
199,1.779688,1.865911,2.071849,2.469571,7.49984,3.4398,7.486061,2.941411,7.51571,2.185162,1.751295,1.686672,1.684467,1.686675,1.627644,30
200,1.848392,1.966373,2.122093,2.574849,7.473386,3.517599,7.495528,2.863434,7.427352,2.200843,1.753658,1.696709,1.684645,1.681348,1.638005,40
201,1.728481,1.797003,1.99442,2.349203,7.315676,3.275185,7.328415,2.744285,7.317725,2.100944,1.673469,1.601223,1.595052,1.600922,1.546922,30
202,1.728666,1.819801,2.047282,2.428664,7.225186,3.366745,7.252054,2.757756,7.229868,2.051537,1.678658,1.603048,1.599535,1.590243,1.539386,40
203,1.649641,1.771818,1.942833,2.343015,6.998214,3.104499,7.021333,2.647712,7.016368,2.04777,1.652737,1.561441,1.556181,1.557393,1.520707,30
204,1.753517,1.870188,2.078697,2.494936,7.385552,3.31207,7.34793,2.806862,7.375556,2.215619,1.737465,1.670938,1.668064,1.661481,1.601517,40
205,1.781557,1.883849,2.105426,2.45094,7.311965,3.362028,7.337504,2.737778,7.331112,2.144605,1.733658,1.641279,1.637384,1.629189,1.571624,40
206,1.779748,1.848533,2.12109,2.525169,7.574609,3.479497,7.590156,2.903532,7.59251,2.236648,1.765894,1.665136,1.653512,1.647557,1.616183,40
207,1.811019,1.901543,2.071627,2.43315,7.495735,3.339644,7.503167,2.8284,7.473013,2.223654,1.766885,1.659238,1.640872,1.64355,1.591077,30
208,1.808045,1.911484,2.090645,2.463944,7.61124,3.364718,7.605304,2.989704,7.558766,2.324115,1.743315,1.708356,1.697548,1.699527,1.649528,30
209,1.803001,1.905512,2.147249,2.452498,7.512598,3.592911,7.531338,2.982196,7.484266,2.256703,1.774212,1.685282,1.682833,1.679032,1.627354,40
210,1.739754,1.817675,2.043779,2.398088,7.255372,3.341789,7.277166,2.796938,7.254071,2.153398,1.667765,1.601998,1.589598,1.589944,1.539612,30
211,1.748524,1.83656,2.061557,2.431773,7.479293,3.337428,7.516648,2.866319,7.428844,2.176035,1.67248,1.627813,1.609577,1.620906,1.560416,30
212,1.809899,1.914358,2.129072,2.51517,7.304148,3.31807,7.31982,2.772486,7.318868,2.190479,1.730195,1.65794,1.644112,1.642897,1.60243,40
213,1.861905,1.933069,2.099078,2.499132,7.714484,3.495779,7.701322,2.899665,7.663535,2.184778,1.740879,1.683805,1.684672,1.683421,1.641027,40
214,1.87808,1.98016,2.162301,2.561629,7.70792,3.448043,7.715281,3.017394,7.659318,2.2978,1.799134,1.755503,1.741827,1.735162,1.698117,40
215,1.719923,1.767598,1.941877,2.312542,7.105644,3.221975,7.154979,2.637705,7.133402,2.148628,1.6646,1.603672,1.593325,1.594286,1.562408,30
216,1.781756,1.868072,2.074585,2.459997,7.525133,3.305122,7.54976,2.868958,7.515311,2.183794,1.726043,1.65532,1.645874,1.644113,1.593257,40
217,1.753452,1.863338,2.07176,2.448402,7.430135,3.350004,7.458874,2.834184,7.39413,2.205545,1.708309,1.643763,1.632769,1.627312,1.582422,40
218,1.783796,1.918901,2.137035,2.459806,7.467206,3.35808,7.460716,2.826176,7.408201,2.189906,1.752322,1.651141,1.649138,1.647767,1.602942,40
219,1.845009,1.914059,2.10367,2.518378,7.461466,3.490554,7.484631,3.037701,7.482822,2.217039,1.804742,1.699466,1.677835,1.673317,1.63631,40
220,1.762066,1.869341,2.020075,2.432944,7.507732,3.406872,7.487337,2.686952,7.455168,2.096111,1.734528,1.618973,1.601647,1.599899,1.54035,40
221,1.760696,1.855456,2.019078,2.452356,7.286062,3.292386,7.303704,2.711027,7.29217,2.110107,1.665844,1.636166,1.617978,1.613809,1.548524,40
222,1.766472,1.864616,2.070211,2.487792,7.634167,3.498123,7.616469,3.039768,7.662058,2.216745,1.731185,1.63598,1.628858,1.623612,1.558285,40
223,1.729323,1.834093,2.052739,2.4638,7.327097,3.291869,7.31686,2.807522,7.326913,2.076156,1.670107,1.614186,1.615253,1.610108,1.561268,40
224,1.750412,1.862381,2.049664,2.361081,7.353332,3.188913,7.352563,2.720696,7.310294,2.122591,1.739282,1.624693,1.622201,1.633647,1.579364,30
225,1.755156,1.790908,1.966103,2.317592,7.1395,3.167763,7.129602,2.70606,7.110518,2.07321,1.631876,1.58029,1.583398,1.576531,1.527105,40
226,1.785987,1.897193,2.060791,2.494961,7.423848,3.279438,7.432307,2.824935,7.444716,2.138173,1.720436,1.658144,1.650338,1.644584,1.595731,40
227,1.790236,1.867786,2.04268,2.400161,7.203908,3.208351,7.210167,2.803559,7.17791,2.22961,1.732693,1.659416,1.657699,1.649442,1.58775,40
228,1.857905,1.963322,2.230003,2.634378,7.778407,3.53247,7.78695,3.038638,7.760923,2.366195,1.823175,1.72548,1.713667,1.717132,1.663968,30
229,1.808147,1.928154,2.144281,2.565419,7.476048,3.49155,7.445091,2.81773,7.460293,2.243416,1.767048,1.675176,1.660763,1.660228,1.616305,40
230,1.7551,1.875782,2.088227,2.475018,7.163085,3.455036,7.15587,2.800737,7.178795,2.206583,1.689444,1.611142,1.590398,1.595181,1.546502,30
231,1.739677,1.845977,1.981248,2.390178,7.038663,3.26792,7.074294,2.763339,7.051105,2.157228,1.67606,1.607514,1.609497,1.602127,1.546376,40
232,1.698457,1.792954,2.007858,2.364545,7.111423,3.187128,7.07906,2.723347,7.077172,2.111772,1.703906,1.583466,1.58959,1.587754,1.534568,20
233,1.768477,1.831916,2.072642,2.515271,7.384691,3.327744,7.380247,2.705966,7.391129,2.146284,1.728539,1.636168,1.625416,1.628333,1.565736,30
234,1.791723,1.870669,2.078029,2.523672,7.295914,3.281592,7.312204,2.834118,7.303665,2.177643,1.720766,1.671323,1.666057,1.666016,1.600761,40
235,1.808344,1.902611,2.061904,2.458671,7.47444,3.289374,7.460592,2.773789,7.451774,2.145466,1.731673,1.664489,1.666301,1.657662,1.6009,40
236,1.740601,1.838605,2.060701,2.465441,7.494434,3.377746,7.490596,2.820358,7.444794,2.2285,1.728294,1.650974,1.628502,1.624496,1.583702,40
237,1.721341,1.836184,1.982771,2.304327,7.193839,3.119984,7.221418,2.83059,7.193296,2.169689,1.731098,1.621293,1.622139,1.62398,1.563149,20
238,1.74792,1.825106,2.04925,2.318798,6.995878,3.264662,7.000217,2.696981,7.014644,2.133775,1.705742,1.602516,1.603991,1.605996,1.552789,20
239,1.830486,1.950483,2.166197,2.60033,8.003893,3.488507,8.024664,3.087347,8.017368,2.327373,1.821059,1.695528,1.68071,1.69276,1.63013,30
240,1.770809,1.860382,1.967476,2.438849,7.456187,3.20988,7.466848,2.820538,7.44473,2.194757,1.724511,1.656641,1.657704,1.647254,1.584557,40
241,1.6829,1.782828,2.006791,2.36553,7.253114,3.14953,7.240748,2.826536,7.237033,2.141308,1.665483,1.566134,1.564427,1.563331,1.51557,40
242,1.702433,1.828674,2.020807,2.332735,7.11668,3.123866,7.126889,2.63607,7.130278,2.057874,1.633194,1.568161,1.550741,1.559019,1.510685,30
243,1.738695,1.848617,2.025751,2.340319,7.340346,3.320926,7.342509,2.701929,7.314005,2.110644,1.669838,1.612707,1.601109,1.598726,1.53547,40
244,1.837533,1.917993,2.089416,2.459046,7.423057,3.388643,7.46141,2.757805,7.401991,2.180445,1.735578,1.663731,1.648671,1.645896,1.5883,40
245,1.762565,1.857533,2.040838,2.501906,7.452908,3.337071,7.440548,2.854327,7.41536,2.177102,1.672384,1.621399,1.614189,1.607061,1.585976,40
246,1.713501,1.821335,2.019265,2.350415,7.353227,3.263512,7.363178,2.776035,7.343815,2.118087,1.683118,1.598166,1.594787,1.58934,1.546779,40
247,1.749127,1.856233,2.000725,2.390314,7.267074,3.307859,7.291857,2.785238,7.27411,2.171229,1.661617,1.607804,1.602875,1.592933,1.546921,40
248,1.812032,1.933139,2.089105,2.481044,7.552977,3.416577,7.561128,2.827396,7.54348,2.224919,1.758281,1.672896,1.678303,1.666766,1.62605,40
249,1.766494,1.841927,2.05098,2.442756,7.546743,3.351068,7.58072,2.790812,7.570425,2.213265,1.746598,1.661066,1.640457,1.634085,1.588585,40
250,1.746836,1.872907,2.014057,2.411337,7.343166,3.276026,7.366396,2.717925,7.324586,2.133696,1.747888,1.669451,1.661344,1.654299,1.60169,40
251,1.685993,1.797284,1.969031,2.374569,7.096028,3.311525,7.111976,2.71711,7.08835,2.075541,1.672502,1.58863,1.561667,1.561122,1.521536,40
252,1.716162,1.812362,1.979267,2.350421,7.313928,3.228655,7.296698,2.780533,7.28707,2.100957,1.682201,1.623696,1.620767,1.606548,1.555495,40
253,1.812542,1.87643,2.044452,2.379232,7.485734,3.365029,7.48571,2.850221,7.506524,2.244297,1.757691,1.684082,1.671484,1.667505,1.625587,40
254,1.729618,1.812981,2.026424,2.434428,7.20763,3.264935,7.220157,2.676254,7.224968,2.129807,1.686412,1.617171,1.604296,1.601849,1.549792,40
255,1.669798,1.730667,1.928683,2.183188,7.046493,2.92812,7.073912,2.595085,7.028947,2.078118,1.683628,1.583938,1.567449,1.587433,1.526145,30
256,1.783762,1.873679,2.050461,2.397904,7.472405,3.215529,7.469398,2.819711,7.488561,2.205099,1.734063,1.659303,1.657656,1.658351,1.619369,30
257,1.74722,1.847127,2.014407,2.367502,7.339093,3.35994,7.339028,2.713984,7.303719,2.092894,1.684583,1.584028,1.576996,1.590175,1.542517,30
258,1.767895,1.874964,2.037348,2.359222,7.526644,3.220862,7.542314,2.822849,7.538192,2.164588,1.740025,1.663738,1.653758,1.65144,1.613266,40
259,1.70131,1.805101,1.979957,2.354281,7.277806,3.241274,7.292049,2.759918,7.29013,2.191512,1.654834,1.61325,1.583974,1.590216,1.548111,30
260,1.700814,1.849869,2.069931,2.450072,7.204491,3.343058,7.220174,2.879686,7.208025,2.123558,1.687362,1.604817,1.595326,1.596524,1.553184,30
261,1.82685,1.921427,2.047639,2.487338,7.51547,3.36381,7.53752,2.709891,7.514967,2.213191,1.763229,1.651402,1.65203,1.651993,1.608122,20
262,1.634577,1.724055,1.877085,2.277694,7.011241,3.105165,7.042654,2.71104,7.022705,2.077094,1.604837,1.552468,1.546751,1.547751,1.50869,30
263,1.718739,1.807411,1.972396,2.251432,7.070004,3.132506,7.10014,2.701277,7.095538,2.065182,1.675988,1.59885,1.606181,1.596272,1.551267,40
264,1.740536,1.842244,2.011677,2.356856,7.075424,3.110414,7.09983,2.674839,7.085523,2.085402,1.680664,1.613823,1.615786,1.610936,1.567781,40
265,1.841114,1.909559,2.123206,2.520857,7.67503,3.376871,7.688533,2.833235,7.689192,2.240301,1.794043,1.694213,1.692072,1.687806,1.654381,40
266,1.764773,1.874278,2.054108,2.387506,7.373486,3.370525,7.394947,2.85941,7.354576,2.233019,1.677821,1.612878,1.602309,1.60293,1.56107,30
267,1.688295,1.737158,1.977955,2.402823,7.207998,3.281422,7.21111,2.637353,7.173067,2.05202,1.664875,1.564222,1.569413,1.570668,1.515718,20
268,1.708783,1.786391,1.921131,2.32105,7.352381,3.224243,7.365283,2.684,7.35176,2.106663,1.638465,1.575519,1.585493,1.578418,1.548028,20
269,1.74459,1.824876,2.002586,2.35439,7.440624,3.289053,7.459129,2.76984,7.464294,2.141151,1.701842,1.62182,1.621208,1.608204,1.555317,40
270,1.754183,1.832285,2.011104,2.48744,7.430822,3.464433,7.441416,2.866562,7.41675,2.106705,1.71816,1.624963,1.622735,1.632,1.573256,30
271,1.746649,1.830343,2.019962,2.300754,7.151626,3.142836,7.156813,2.676753,7.186837,2.077279,1.778465,1.628271,1.624199,1.618357,1.56939,40
272,1.704671,1.790298,1.943333,2.33289,7.174317,3.217281,7.203727,2.675727,7.1964,2.10671,1.641859,1.567674,1.557589,1.554176,1.514278,40
273,1.801065,1.921292,2.112514,2.344742,7.502908,3.394803,7.522377,2.792627,7.501347,2.217136,1.729711,1.672611,1.677675,1.665939,1.611794,40
274,1.696502,1.808214,1.98391,2.391581,7.292682,3.260644,7.372343,2.763859,7.375983,2.061814,1.671426,1.570879,1.572861,1.573048,1.506024,20
275,1.767009,1.89723,2.120485,2.47803,7.263474,3.347116,7.247124,2.704685,7.283319,2.129444,1.708987,1.642688,1.629914,1.634736,1.579289,30
276,1.784783,1.853635,2.004735,2.392897,7.222681,3.160619,7.284178,2.732576,7.255676,2.153531,1.742635,1.67789,1.671728,1.664922,1.632086,40
277,1.72139,1.848628,2.054802,2.437227,7.368598,3.360649,7.381396,2.697527,7.358141,2.122395,1.680699,1.582762,1.578134,1.576114,1.530588,40
278,1.696241,1.806005,1.983503,2.251342,6.909487,3.045257,6.94866,2.609333,6.923604,2.107775,1.691575,1.546992,1.543842,1.53891,1.496036,40
279,1.768443,1.869336,1.954416,2.309011,7.262225,3.141346,7.229102,2.800951,7.26945,2.156658,1.709626,1.61881,1.622073,1.622821,1.568126,20
280,1.76523,1.842921,2.028935,2.385546,7.228408,3.271145,7.215489,2.657594,7.217804,2.118801,1.698789,1.625617,1.627759,1.617921,1.558927,40
281,1.787347,1.893037,2.107449,2.531317,7.453293,3.34971,7.476823,2.891823,7.44234,2.270452,1.692646,1.638492,1.632341,1.620468,1.581997,40
282,1.73776,1.848919,2.064696,2.376406,7.201579,3.343934,7.234634,2.748021,7.239005,2.143976,1.70999,1.614022,1.605014,1.602641,1.549826,40
283,1.750598,1.840232,1.988346,2.376726,7.290852,3.262427,7.300818,2.739115,7.29935,2.153205,1.725249,1.630168,1.62646,1.631755,1.578302,30
284,1.690725,1.800419,1.965037,2.354178,7.381798,3.185505,7.334664,2.756432,7.375187,2.131551,1.64768,1.60035,1.589106,1.587782,1.558771,40
285,1.715492,1.845818,1.998469,2.394287,7.258023,3.299285,7.286634,2.681207,7.307055,2.138188,1.630703,1.582903,1.571783,1.570746,1.540305,40
286,1.812338,1.90117,2.083136,2.445072,7.607285,3.413919,7.608319,2.927369,7.567989,2.235445,1.735409,1.673979,1.674576,1.665737,1.611939,40
287,1.829632,1.954373,2.11555,2.534389,7.504321,3.443635,7.511942,2.820462,7.506775,2.186185,1.756522,1.671053,1.655953,1.653499,1.613688,40
288,1.747959,1.866387,2.101303,2.484676,7.372279,3.319075,7.40437,2.905357,7.41505,2.208166,1.734811,1.641598,1.640286,1.638228,1.577395,40
289,1.826711,1.93529,2.114789,2.474472,7.572137,3.401638,7.573186,2.866134,7.517958,2.20249,1.772404,1.705712,1.68647,1.686326,1.645776,40
290,1.807121,1.881116,2.051057,2.40773,7.37105,3.324878,7.363101,2.77945,7.346644,2.17503,1.743939,1.698501,1.678826,1.702504,1.644072,30
291,1.750501,1.845386,2.015548,2.345364,7.22132,3.234804,7.213782,2.753853,7.211296,2.158334,1.695053,1.624718,1.605256,1.601926,1.567293,40
292,1.809421,1.920295,2.123012,2.483447,7.738079,3.509392,7.72572,3.001302,7.671089,2.216364,1.732308,1.681631,1.673875,1.662711,1.613415,40
293,1.819388,1.89357,2.055067,2.445181,7.343291,3.356671,7.336417,2.838229,7.308628,2.203438,1.734703,1.663856,1.665167,1.656704,1.599623,40
294,1.7011,1.813719,1.966209,2.307073,6.917705,3.14354,6.93011,2.727233,6.903904,2.08652,1.62984,1.557264,1.560622,1.560725,1.511514,20
295,1.795105,1.897887,2.145985,2.463932,7.448252,3.355646,7.456092,2.721126,7.437402,2.220818,1.735389,1.66487,1.649868,1.639122,1.598001,40
296,1.750512,1.81411,2.004556,2.40294,7.32103,3.282266,7.322528,2.874297,7.319888,2.100455,1.687015,1.619165,1.617291,1.612103,1.549909,40
297,1.723069,1.814196,1.98976,2.299172,7.304697,3.17841,7.315739,2.683106,7.291694,2.079674,1.681008,1.598104,1.595924,1.600227,1.545878,30
298,1.763305,1.891503,2.033933,2.428671,7.38617,3.319262,7.381066,2.803822,7.38434,2.095518,1.694903,1.640025,1.633334,1.625909,1.576967,40
299,1.835796,1.984078,2.15706,2.583076,7.725811,3.481455,7.730244,2.979439,7.699072,2.278608,1.789174,1.708178,1.691048,1.681255,1.636529,40
300,1.691455,1.799158,1.952267,2.279347,7.233015,3.175073,7.2374,2.707112,7.253223,2.062332,1.669536,1.582771,1.585678,1.589894,1.533765,20
301,1.853759,1.926475,2.144406,2.455637,7.50229,3.305379,7.533548,2.856362,7.562645,2.241674,1.825334,1.730234,1.724428,1.721132,1.668994,40
302,1.824762,1.921626,2.150898,2.585241,7.574002,3.571016,7.602542,2.873799,7.592462,2.221634,1.807102,1.704721,1.69186,1.690744,1.638301,40
303,1.872021,1.956952,2.141855,2.490218,7.73671,3.518767,7.741804,2.965074,7.748667,2.215574,1.765313,1.685603,1.671464,1.675729,1.634313,30
304,1.783311,1.879699,2.122223,2.516608,7.418294,3.210284,7.44329,2.932434,7.42656,2.268227,1.738025,1.65203,1.644822,1.63705,1.592345,40
305,1.800361,1.884375,2.027896,2.381568,7.517544,3.41307,7.54786,2.89299,7.569386,2.139699,1.746848,1.654044,1.646081,1.639719,1.597609,40
306,1.737869,1.818916,2.006511,2.348615,7.310639,3.323965,7.315079,2.786756,7.323468,2.078147,1.694089,1.617103,1.605632,1.603029,1.568609,40
307,1.80678,1.912762,2.07823,2.428455,7.321803,3.272042,7.321327,2.923356,7.328727,2.237153,1.755047,1.675922,1.671067,1.664292,1.640664,40
308,1.708755,1.835548,2.007628,2.327203,7.280367,3.183108,7.277074,2.734302,7.273284,2.112593,1.641411,1.58033,1.563744,1.565777,1.523553,30
309,1.799754,1.889532,2.019275,2.380141,7.576751,3.42878,7.601476,2.860556,7.54538,2.24277,1.808638,1.687805,1.677233,1.685976,1.639394,30
310,1.768917,1.85917,2.05148,2.499601,7.640285,3.53711,7.619866,2.794875,7.632354,2.108703,1.703611,1.643757,1.628978,1.624489,1.56904,40
311,1.872617,1.954589,2.177958,2.592517,7.868075,3.487319,7.858634,3.072168,7.83409,2.301321,1.773982,1.728711,1.736876,1.721868,1.665901,40
312,1.777388,1.83324,2.002133,2.428748,7.229357,3.310086,7.211363,2.820609,7.218913,2.163387,1.699646,1.646134,1.650081,1.637132,1.5747,40
313,1.744862,1.856676,2.024096,2.372745,7.143043,3.111039,7.142986,2.852816,7.097786,2.126508,1.700156,1.602353,1.595691,1.599681,1.553877,30
314,1.720249,1.801515,1.983773,2.42357,7.18269,3.180769,7.208509,2.713365,7.192525,2.127835,1.700123,1.624705,1.616014,1.612057,1.561186,40
315,1.654942,1.80649,2.02314,2.378932,7.169961,3.172685,7.162153,2.695255,7.158616,2.137598,1.679917,1.55234,1.544358,1.5494,1.504902,30
316,1.79365,1.877178,2.061745,2.493602,7.463876,3.564759,7.478754,3.006319,7.465672,2.211365,1.745592,1.658313,1.667878,1.667351,1.625336,20
317,1.703315,1.812632,1.961909,2.317686,7.03755,3.146102,7.028294,2.729494,7.018897,2.04496,1.663698,1.611187,1.602704,1.594482,1.5425,40
318,1.798624,1.904099,2.092675,2.533069,7.625623,3.510428,7.658512,2.84551,7.634496,2.248176,1.75237,1.662113,1.655626,1.657671,1.610453,30
319,1.854463,1.9608,2.159673,2.58828,7.57556,3.528419,7.576998,2.855739,7.5366,2.206912,1.79065,1.699711,1.694292,1.688562,1.647476,40
320,1.760869,1.818403,2.02813,2.335294,7.118324,3.207186,7.147236,2.686321,7.065134,2.131241,1.67451,1.60451,1.583259,1.575089,1.533971,40
321,1.763652,1.889362,2.044556,2.426543,7.261984,3.377155,7.307787,2.842811,7.288214,2.153026,1.688444,1.6531,1.642055,1.648178,1.601606,30
322,1.702723,1.829399,2.032545,2.398037,7.22306,3.335722,7.262102,2.699245,7.211934,2.05192,1.624171,1.561933,1.56119,1.549703,1.503364,40
323,1.722637,1.836844,2.03503,2.426343,7.350848,3.272014,7.4063,2.801112,7.364362,2.15876,1.768905,1.643879,1.653652,1.64227,1.576254,40
324,1.793526,1.937555,2.103952,2.549608,7.436549,3.412094,7.44052,2.972807,7.452866,2.218956,1.789041,1.713389,1.707742,1.704365,1.655488,40
325,1.803566,1.914411,2.111968,2.522259,7.609178,3.414013,7.624116,2.912086,7.587715,2.227326,1.764505,1.682775,1.668552,1.663257,1.622417,40
326,1.712349,1.806938,1.982526,2.317416,7.154022,3.087734,7.190482,2.672229,7.191701,2.055657,1.632182,1.556826,1.555198,1.553939,1.50013,40
327,1.798642,1.901631,2.080765,2.425323,7.334708,3.345778,7.376979,2.863788,7.38893,2.174694,1.754475,1.676625,1.678517,1.674249,1.61242,40
328,1.669769,1.755437,1.959917,2.292149,7.022126,3.162968,7.020084,2.647466,7.035138,2.074135,1.623302,1.578901,1.55772,1.560672,1.51211,30
329,1.794938,1.856315,2.053999,2.398329,7.217621,3.2359,7.255937,2.720527,7.238257,2.102574,1.699319,1.616686,1.602809,1.594772,1.543647,40
330,1.709051,1.79535,1.993374,2.412306,7.307456,3.270184,7.334513,2.77582,7.318795,2.122182,1.639829,1.59606,1.581121,1.572507,1.521151,40
331,1.819379,1.852604,2.033455,2.429679,7.231256,3.25423,7.264132,2.797805,7.251043,2.183631,1.735324,1.673345,1.657909,1.647133,1.595834,40
332,1.724239,1.830116,2.031581,2.4094,7.216346,3.21506,7.214505,2.715518,7.223458,2.157369,1.651236,1.618878,1.618914,1.60283,1.559882,40
333,1.790534,1.83442,2.005673,2.380993,7.402665,3.364571,7.439221,2.948917,7.397282,2.183516,1.795404,1.70112,1.686636,1.681065,1.627188,40
334,1.747151,1.80711,2.040348,2.374602,7.404854,3.238932,7.429387,2.799785,7.354597,2.186932,1.68452,1.624176,1.644048,1.620262,1.559091,40
335,1.734451,1.836055,2.047547,2.409647,7.088568,3.248391,7.10368,2.733147,7.100194,2.052723,1.708545,1.602213,1.597176,1.600231,1.54567,30
336,1.793146,1.902971,2.080541,2.373191,7.401614,3.250554,7.347852,2.830517,7.38325,2.221724,1.789023,1.690866,1.685341,1.684506,1.622435,40
337,1.811659,1.899818,2.137036,2.476791,7.497216,3.513098,7.496171,2.764296,7.463229,2.229846,1.784037,1.713598,1.703183,1.704208,1.647305,30
338,1.654815,1.745631,1.892236,2.184479,7.028396,3.018204,7.070268,2.66167,7.036226,2.060951,1.642389,1.56673,1.570721,1.567113,1.52282,20
339,1.804565,1.887944,2.106372,2.500887,7.451041,3.343802,7.435448,2.874715,7.397372,2.174646,1.788128,1.671223,1.661085,1.658208,1.602355,40
340,1.808002,1.887951,2.109582,2.525639,7.488504,3.339487,7.534789,2.821802,7.520418,2.215397,1.773804,1.672929,1.671659,1.681632,1.624158,30
341,1.824599,1.905468,2.08738,2.515697,7.28782,3.230826,7.318024,2.794957,7.314176,2.172275,1.77097,1.663342,1.660225,1.655191,1.608971,40
342,1.749259,1.856325,2.054832,2.459594,7.403922,3.228395,7.431261,2.868452,7.386212,2.143262,1.71505,1.637204,1.638509,1.625802,1.577929,40
343,1.735669,1.79765,2.020677,2.411591,7.354473,3.385597,7.364028,2.651483,7.314961,2.070442,1.654466,1.606817,1.583283,1.589609,1.544052,30
344,1.709115,1.852122,2.014036,2.37377,7.364068,3.283167,7.412564,2.714213,7.367261,2.118492,1.639396,1.572567,1.565794,1.574283,1.508421,30
345,1.768946,1.864027,2.040394,2.369751,7.458153,3.310072,7.424876,2.788955,7.440247,2.123891,1.714832,1.644857,1.627565,1.622407,1.581179,40
346,1.73448,1.860476,2.046131,2.411348,7.130492,3.24621,7.155276,2.737296,7.107352,2.210827,1.702607,1.600424,1.600719,1.601955,1.553724,20
347,1.762086,1.885386,2.06257,2.404845,7.391055,3.349099,7.387355,2.82062,7.383664,2.099536,1.714187,1.619166,1.612538,1.602199,1.559929,40
348,1.825424,1.884776,2.029296,2.389646,7.197284,3.31762,7.195662,2.81373,7.108584,2.158978,1.692424,1.649575,1.638925,1.642344,1.600567,30
349,1.730691,1.818032,2.004763,2.372216,7.127573,3.249744,7.123218,2.747019,7.078628,2.08624,1.667155,1.590309,1.588414,1.584174,1.533798,40
350,1.740497,1.780998,1.945771,2.233007,6.930798,3.060156,6.927051,2.755634,6.930235,2.089141,1.705004,1.610966,1.607814,1.604725,1.572989,40
351,1.735362,1.803138,1.977155,2.37101,7.184798,3.143754,7.193439,2.746512,7.181316,2.099284,1.713648,1.634911,1.634075,1.630076,1.582204,40
352,1.734144,1.861769,2.02929,2.471824,7.205918,3.226724,7.194724,2.800378,7.19383,2.17708,1.695933,1.624978,1.608301,1.613472,1.555408,30
353,1.825876,1.899105,2.103009,2.467568,7.425554,3.372236,7.445547,2.868501,7.405504,2.196835,1.803957,1.709255,1.679923,1.689452,1.632669,30
354,1.690652,1.79157,1.991498,2.254967,7.110404,3.109039,7.104074,2.669677,7.028062,2.08391,1.605248,1.549079,1.554808,1.547237,1.493502,40
355,1.724514,1.821142,2.006329,2.38934,7.093302,3.182239,7.119356,2.77932,7.114491,2.133048,1.678869,1.604363,1.607624,1.597297,1.55271,40
356,1.784444,1.853961,2.052477,2.408731,7.342349,3.345318,7.346574,2.72569,7.338053,2.162639,1.693576,1.650917,1.645617,1.640606,1.581156,40
357,1.717991,1.850025,2.070153,2.394559,7.423796,3.290032,7.413181,2.814251,7.399018,2.188947,1.664752,1.602444,1.585911,1.586725,1.556639,30
358,1.73876,1.800905,1.943976,2.394896,7.350189,3.213882,7.36888,2.69771,7.361878,2.159106,1.692858,1.636521,1.637007,1.634071,1.571527,40
359,1.719854,1.808441,2.013012,2.362375,7.524753,3.328676,7.550956,2.768308,7.524887,2.162867,1.702254,1.594591,1.587757,1.581099,1.548874,40
360,1.717161,1.792426,1.960428,2.414633,7.401754,3.275057,7.404193,2.801576,7.400618,2.11458,1.674569,1.606905,1.601852,1.601766,1.561462,40
361,1.763937,1.879156,2.068725,2.423689,7.075358,3.25117,7.07503,2.690827,7.040793,2.158598,1.719348,1.625555,1.619842,1.631983,1.578922,30
362,1.824797,1.942614,2.14833,2.369597,7.668731,3.436123,7.690254,2.914494,7.677366,2.168844,1.762583,1.677813,1.673608,1.673285,1.606883,40
363,1.800726,1.893344,2.135211,2.536467,7.689827,3.453256,7.69789,2.815867,7.680944,2.199639,1.717314,1.664257,1.661113,1.647003,1.582849,40
364,1.670045,1.774587,1.996646,2.291528,7.064234,3.059541,7.0483,2.714333,7.052174,2.116417,1.620907,1.559037,1.551789,1.555079,1.515054,30
365,1.727356,1.829394,1.945492,2.27439,7.108101,3.181861,7.125816,2.729336,7.140878,2.09171,1.700944,1.633026,1.624736,1.621641,1.573778,40
366,1.749056,1.89016,2.068352,2.462406,7.2964,3.462295,7.296592,2.84341,7.281574,2.159367,1.709376,1.642684,1.626711,1.640281,1.583638,30
367,1.790854,1.850482,2.049812,2.478814,7.6218,3.389668,7.628111,2.807892,7.603826,2.245925,1.737728,1.661962,1.66827,1.653979,1.606132,40
368,1.744815,1.820214,1.980324,2.412813,7.337489,3.247964,7.36023,2.794337,7.344302,2.12051,1.677823,1.620592,1.625383,1.613577,1.579925,40
369,1.67856,1.763585,1.9421,2.243091,7.024704,3.176751,7.067806,2.688402,7.023086,2.087101,1.658898,1.575884,1.586816,1.587371,1.534349,20
370,1.64684,1.762256,1.948951,2.239811,7.043884,2.974783,7.076123,2.60959,7.030673,2.012195,1.611296,1.530646,1.517377,1.509009,1.478621,40
371,1.757413,1.86205,2.096971,2.510455,7.418895,3.309209,7.441329,2.770294,7.402126,2.227507,1.69574,1.64208,1.634448,1.633373,1.590785,40
372,1.750798,1.846343,2.022872,2.497502,7.538406,3.562553,7.543428,2.934993,7.559064,2.128082,1.712968,1.655495,1.650624,1.64029,1.608618,40
373,1.788953,1.899711,2.079683,2.521469,7.481382,3.429865,7.474785,2.809835,7.483834,2.210847,1.703289,1.650601,1.641978,1.634982,1.596373,40
374,1.839096,1.92279,2.10737,2.436638,7.50232,3.230928,7.517347,2.872279,7.503008,2.18058,1.75133,1.689583,1.668382,1.676151,1.614494,30
375,1.730828,1.811657,2.04469,2.402232,7.144763,3.275121,7.150029,2.609586,7.12709,2.146175,1.709004,1.626316,1.621923,1.613511,1.562573,40
376,1.793875,1.874664,2.053389,2.401413,7.445028,3.429191,7.476757,2.8654,7.444938,2.262671,1.752529,1.660742,1.65387,1.659858,1.606998,30
377,1.76201,1.857983,2.078367,2.395175,7.308917,3.385587,7.31898,2.828312,7.27282,2.19212,1.720067,1.647269,1.649845,1.645609,1.577438,40
378,1.807893,1.890709,2.024482,2.384765,7.475012,3.200409,7.478561,2.741972,7.436427,2.149993,1.758191,1.690508,1.68231,1.684952,1.626833,30
379,1.771008,1.882611,2.053811,2.476906,7.386393,3.350965,7.38168,2.831247,7.370577,2.170493,1.724538,1.654073,1.638906,1.641482,1.58823,30
380,1.768545,1.826838,2.008332,2.384216,7.536212,3.391509,7.535845,2.77721,7.526136,2.123668,1.729866,1.645242,1.648124,1.647526,1.578142,20
381,1.723819,1.8275,2.069199,2.391756,7.368451,3.238923,7.360939,2.734289,7.34285,2.166948,1.66021,1.606889,1.5975,1.592062,1.550482,40
382,1.838722,1.910543,2.122122,2.460706,7.614777,3.400315,7.596019,2.907532,7.574073,2.296134,1.796892,1.694599,1.683956,1.678728,1.611074,40
383,1.750377,1.871125,2.034233,2.411415,7.122901,3.205708,7.149705,2.742707,7.087709,2.142224,1.716249,1.619425,1.614584,1.60534,1.552945,40
384,1.757846,1.856598,2.042976,2.343585,7.356168,3.271912,7.40726,2.686644,7.398157,2.103477,1.752796,1.635114,1.622553,1.60928,1.559772,40
385,1.736192,1.814697,2.023014,2.384993,7.364956,3.220783,7.386487,2.782984,7.316022,2.146343,1.679411,1.630214,1.619054,1.616509,1.574719,40
386,1.76063,1.837713,2.037982,2.367323,7.459866,3.302229,7.423528,2.820655,7.448518,2.177677,1.70408,1.617255,1.611774,1.61475,1.574864,30
387,1.81303,1.863068,2.09992,2.436311,7.53391,3.284152,7.546243,2.801454,7.515886,2.200893,1.741959,1.672368,1.675821,1.675399,1.623737,20
388,1.830417,1.882444,2.101651,2.62929,7.761623,3.596262,7.75657,2.848663,7.748668,2.222086,1.788372,1.714922,1.715659,1.705909,1.653066,40
389,1.768663,1.892049,2.07867,2.426583,7.123585,3.273594,7.139875,2.808345,7.131321,2.175645,1.696962,1.622188,1.617963,1.616589,1.55671,40
390,1.781823,1.892633,2.074677,2.460793,7.094668,3.364703,7.181624,2.827064,7.129566,2.22284,1.738707,1.658261,1.654348,1.655393,1.603934,30
391,1.815678,1.86979,2.0857,2.440966,7.529926,3.403189,7.5289,2.857575,7.463802,2.142672,1.746738,1.667553,1.681149,1.676218,1.616654,20
392,1.772824,1.815347,2.00707,2.381237,7.09776,3.225652,7.098592,2.689501,7.070327,2.105968,1.670628,1.615178,1.607785,1.616189,1.560947,30
393,1.739449,1.849502,2.026034,2.414169,7.329301,3.395391,7.34059,2.766682,7.294044,2.099293,1.717852,1.643187,1.632763,1.639434,1.567459,30
394,1.838573,1.902101,2.115653,2.520283,7.478602,3.411041,7.489444,2.951876,7.473096,2.276531,1.78544,1.696929,1.696541,1.703592,1.645368,30
395,1.715165,1.791776,2.007596,2.394848,7.185645,3.307477,7.217318,2.788059,7.195396,2.165634,1.697794,1.635416,1.612872,1.620119,1.570729,30
396,1.724938,1.813347,2.011309,2.292646,7.219844,3.177145,7.2223,2.779058,7.205538,2.076549,1.686086,1.583586,1.587857,1.588181,1.548394,20
397,1.731248,1.8381,1.971627,2.392283,7.166907,3.277108,7.190026,2.759716,7.16486,2.132147,1.709478,1.627516,1.621189,1.615103,1.565951,40
398,1.801272,1.890979,2.068916,2.488549,7.523614,3.405993,7.519022,2.803499,7.473252,2.275101,1.763562,1.660223,1.658751,1.657919,1.609776,40
399,1.815529,1.906981,2.125787,2.562281,7.58562,3.452294,7.610492,2.875913,7.589868,2.247516,1.837711,1.716313,1.708359,1.710465,1.642364,30
400,1.743672,1.806984,1.974496,2.344443,7.329184,3.25618,7.342397,2.646909,7.334975,2.117584,1.679963,1.603207,1.607152,1.608863,1.566101,20
401,1.735183,1.853625,2.040055,2.405566,7.408589,3.354892,7.427932,2.755227,7.379359,2.087218,1.698528,1.626696,1.626836,1.619574,1.565971,40
402,1.663293,1.741225,1.93806,2.307739,7.077743,3.255513,7.10291,2.636838,7.120074,2.081559,1.632347,1.57345,1.561655,1.562064,1.515067,30
403,1.660053,1.710023,1.90305,2.253836,6.95079,3.012423,6.938281,2.642712,6.922552,2.021393,1.623303,1.530361,1.522704,1.522516,1.491126,40
404,1.774921,1.865525,2.002835,2.372702,7.323201,3.277836,7.344946,2.674519,7.307939,2.098219,1.757625,1.638153,1.653429,1.646961,1.580728,20
405,1.869801,2.012413,2.17581,2.606759,7.750059,3.525977,7.75066,2.986616,7.733364,2.340178,1.82381,1.715181,1.72245,1.72424,1.663817,20
406,1.801302,1.902046,2.033148,2.354665,7.388564,3.216496,7.414126,2.866134,7.403334,2.177786,1.72019,1.631841,1.646504,1.640304,1.584143,20
407,1.821837,1.920505,2.143563,2.529315,7.587399,3.276477,7.612246,2.772537,7.614908,2.257498,1.773982,1.679921,1.667028,1.667637,1.617061,30
408,1.689815,1.750524,1.910778,2.268634,7.011447,3.144987,7.046038,2.644106,7.019201,1.960123,1.610586,1.548085,1.536532,1.53691,1.497587,30
409,1.694994,1.794634,1.929552,2.324188,7.134874,3.101359,7.130046,2.677581,7.137927,2.094789,1.644545,1.57507,1.57756,1.572233,1.529053,40
410,1.757764,1.870783,2.101096,2.448904,7.409386,3.292219,7.415018,2.814552,7.372057,2.249135,1.730388,1.650429,1.642575,1.649964,1.604156,30
411,1.753668,1.807412,1.931586,2.419158,7.39355,3.310622,7.410915,2.714128,7.38614,2.178907,1.705293,1.647288,1.630424,1.640537,1.587237,30
412,1.80073,1.866831,2.094487,2.506371,7.622739,3.487845,7.650706,2.891329,7.608135,2.256021,1.742934,1.656878,1.650442,1.651857,1.573281,30
413,1.829961,1.882455,2.075775,2.42769,7.50956,3.339227,7.509358,2.770689,7.530517,2.213331,1.740697,1.654165,1.63426,1.638495,1.586823,30
414,1.718589,1.765175,1.982497,2.308799,7.14059,3.166182,7.138586,2.744831,7.139818,2.073709,1.620792,1.561086,1.567992,1.57185,1.512812,20
415,1.751072,1.841439,2.005973,2.366697,7.47732,3.338599,7.474321,2.822755,7.389852,2.227655,1.721546,1.628708,1.621187,1.620923,1.582048,40
416,1.803563,1.889265,2.026902,2.357258,7.361767,3.229043,7.350022,2.781298,7.345706,2.160971,1.728904,1.673897,1.649219,1.660482,1.610279,30
417,1.743955,1.875408,2.026912,2.405891,7.009588,3.139122,6.99937,2.863606,6.971475,2.188096,1.739311,1.64067,1.626702,1.622811,1.574112,40
418,1.863446,1.983121,2.19034,2.551732,7.891664,3.349412,7.920926,3.041131,7.8165,2.306263,1.769828,1.733493,1.720093,1.713129,1.680239,40
419,1.777299,1.888713,2.082769,2.454977,7.497156,3.400715,7.509001,2.80777,7.464864,2.197853,1.726445,1.654334,1.661141,1.658449,1.609182,20
420,1.851966,1.943624,2.142194,2.518015,7.60335,3.3532,7.591002,2.959346,7.593282,2.294139,1.806944,1.730003,1.739475,1.721523,1.680326,40
421,1.687102,1.804194,1.978351,2.324184,7.249463,3.166865,7.27865,2.792557,7.251394,2.133801,1.680584,1.598806,1.598075,1.59836,1.548652,30
422,1.751608,1.848362,1.984682,2.393173,7.450948,3.33098,7.473122,2.812994,7.467766,2.175068,1.694101,1.663714,1.65405,1.644707,1.596929,40
423,1.70731,1.820811,2.004822,2.444798,7.38955,3.282696,7.398087,2.785063,7.391906,2.124357,1.642533,1.592516,1.583151,1.580494,1.545971,40
424,1.785988,1.846759,2.01807,2.493783,7.4896,3.47515,7.513043,2.854231,7.465825,2.260691,1.733332,1.671641,1.667977,1.67252,1.627266,30
425,1.818944,1.886769,2.069978,2.538916,7.544669,3.379353,7.544234,2.867945,7.506057,2.212798,1.787407,1.654384,1.65093,1.649291,1.591036,40
426,1.702147,1.799338,1.979077,2.34807,7.079682,3.262077,7.127694,2.760414,7.081852,2.116694,1.661671,1.604028,1.593463,1.591902,1.540945,40
427,1.759083,1.846481,2.085866,2.433929,7.371373,3.182873,7.385558,2.739676,7.374635,2.145089,1.668281,1.616407,1.613553,1.621159,1.558214,30
428,1.696407,1.827091,1.978664,2.312046,7.173846,3.170519,7.141975,2.687287,7.14706,2.062921,1.698446,1.607108,1.594512,1.596092,1.550014,30
429,1.724927,1.767824,1.951433,2.328095,7.101923,3.134497,7.093538,2.664136,7.057342,2.103727,1.679987,1.591473,1.589092,1.581428,1.52531,40
430,1.796437,1.834166,2.026964,2.393063,7.655983,3.267156,7.657921,2.830192,7.671572,2.218566,1.771871,1.701296,1.67784,1.668907,1.637961,40
431,1.771852,1.836479,2.009611,2.35757,7.338345,3.390959,7.31187,2.750401,7.314293,2.129003,1.74829,1.615551,1.609935,1.615451,1.563264,30
432,1.783507,1.842677,2.012194,2.381698,7.363169,3.239999,7.321678,2.860251,7.299774,2.187966,1.723637,1.625538,1.622897,1.620103,1.565496,40
433,1.780754,1.894674,2.1001,2.445526,7.46909,3.484363,7.466687,2.914141,7.47534,2.21835,1.715271,1.633889,1.622283,1.617697,1.570488,40
434,1.713891,1.82329,2.010797,2.367822,7.089328,3.204312,7.097584,2.696044,7.069876,2.103151,1.63351,1.562278,1.570006,1.559294,1.500281,40
435,1.728825,1.803828,2.016191,2.4295,7.396822,3.296988,7.416952,2.805782,7.363146,2.12729,1.69237,1.601092,1.597458,1.594357,1.559377,40
436,1.7407,1.833078,2.04776,2.291531,7.143027,3.135833,7.146561,2.755604,7.141025,2.149703,1.707898,1.640405,1.631909,1.631719,1.581814,40
437,1.781357,1.828017,2.051803,2.380983,7.402352,3.205929,7.406936,2.811607,7.389992,2.199439,1.709089,1.608421,1.612899,1.589242,1.554003,40
438,1.62428,1.698681,1.912868,2.195627,6.899463,3.026363,6.865795,2.594891,6.913668,2.083446,1.595275,1.535653,1.526884,1.532547,1.485521,30
439,1.675005,1.758992,1.939504,2.377654,7.185592,3.097357,7.191678,2.69243,7.179481,2.061002,1.67516,1.576844,1.571269,1.56791,1.514474,40
440,1.757675,1.840128,2.050023,2.44473,7.344795,3.246771,7.334416,2.853912,7.338007,2.1583,1.738977,1.644514,1.624957,1.622938,1.575708,40
441,1.773974,1.858959,2.027771,2.39223,7.441692,3.231295,7.440508,2.764728,7.432478,2.148642,1.777632,1.65754,1.640621,1.637631,1.586996,40
442,1.741809,1.832827,1.997246,2.325661,7.38681,3.243565,7.40181,2.697296,7.394732,2.07529,1.72934,1.641852,1.626704,1.619276,1.570026,40
443,1.755133,1.82962,2.026027,2.3858,7.304182,3.324913,7.353218,2.830853,7.334285,2.163961,1.727163,1.661296,1.655197,1.659452,1.608309,30
444,1.663217,1.706426,1.904035,2.259461,7.09074,3.07024,7.086408,2.620053,7.082866,2.033511,1.59807,1.529436,1.521732,1.512072,1.478641,40
445,1.737836,1.808931,2.006159,2.400568,7.228183,3.242414,7.238748,2.744582,7.225178,2.101401,1.713205,1.624536,1.611227,1.609502,1.54977,40
446,1.755713,1.865045,2.042628,2.39278,7.412834,3.331696,7.42032,2.882767,7.422594,2.136354,1.736178,1.693113,1.680625,1.666134,1.619884,40
447,1.863516,1.934134,2.179191,2.69078,7.946196,3.662727,7.968646,3.009803,7.956536,2.358726,1.812836,1.731582,1.733579,1.724662,1.680014,40
448,1.684725,1.753974,1.920191,2.281468,6.967394,3.057973,6.965573,2.696977,6.961582,2.034074,1.665457,1.545659,1.5391,1.5482,1.510988,30
449,1.786751,1.873428,2.070746,2.449262,7.556503,3.30034,7.535222,2.862946,7.553743,2.199759,1.727624,1.66714,1.650527,1.655471,1.61745,30
450,1.756244,1.84376,2.010464,2.40158,7.370342,3.359794,7.33814,2.761204,7.369735,2.157934,1.690204,1.619013,1.611273,1.606627,1.563579,40
451,1.704362,1.784681,1.919473,2.279194,7.054848,3.121501,7.088945,2.625924,7.089075,2.038235,1.625087,1.575916,1.572945,1.569731,1.511199,40
452,1.82047,1.925565,2.079503,2.441694,7.4556,3.403382,7.459358,2.86342,7.456815,2.194958,1.760351,1.680598,1.665426,1.656526,1.60903,40
453,1.760954,1.87256,2.13775,2.499924,7.425432,3.333217,7.406194,2.837577,7.387812,2.180827,1.693604,1.606959,1.615467,1.601376,1.555139,40
454,1.684014,1.779514,1.954808,2.440032,7.170657,3.257411,7.181972,2.79592,7.160151,2.087717,1.681092,1.599908,1.594696,1.590514,1.537983,40
455,1.726066,1.817832,2.012803,2.433058,7.144872,3.334033,7.147639,2.747667,7.095124,2.160791,1.700464,1.626313,1.619517,1.610259,1.569217,40
456,1.757948,1.866346,2.050389,2.416232,7.561702,3.279624,7.559098,2.829328,7.546494,2.218751,1.737686,1.647647,1.635178,1.642654,1.585516,30
457,1.714903,1.81322,1.955345,2.326192,7.358524,3.258552,7.367659,2.771111,7.333805,2.161671,1.677926,1.613089,1.597822,1.610848,1.552927,30
458,1.720558,1.841338,2.002126,2.329284,7.276439,3.218321,7.25686,2.681046,7.246593,2.118458,1.632701,1.57463,1.558854,1.566928,1.530494,30
459,1.740641,1.83115,2.005197,2.338961,7.21881,3.201517,7.252214,2.769022,7.237525,2.111781,1.682579,1.604808,1.595914,1.597287,1.537198,30
460,1.831686,1.938207,2.147403,2.509295,7.622467,3.438468,7.650721,2.904134,7.579806,2.167283,1.728172,1.702565,1.701202,1.695734,1.644591,40
461,1.672354,1.763213,1.949422,2.266694,7.192174,3.156282,7.223412,2.679122,7.174292,2.014561,1.592991,1.547866,1.541513,1.53933,1.499717,40
462,1.728078,1.800267,2.044999,2.410496,7.141589,3.162029,7.181119,2.739364,7.183452,2.176811,1.693693,1.624069,1.617541,1.611138,1.566332,40
463,1.733739,1.898168,2.107437,2.459136,7.277972,3.397888,7.30304,2.782647,7.309086,2.156776,1.72202,1.633237,1.624789,1.62618,1.568996,30
464,1.783887,1.874819,2.143803,2.460412,7.44795,3.42895,7.441394,2.957007,7.469493,2.188585,1.760864,1.698531,1.69063,1.698475,1.623965,30
465,1.804672,1.90258,2.092212,2.452511,7.513439,3.426242,7.51875,2.889427,7.476037,2.16716,1.770422,1.644346,1.654952,1.655828,1.597723,20
466,1.755945,1.878304,2.028124,2.51636,7.268392,3.23206,7.286964,2.77963,7.259464,2.20551,1.708279,1.625167,1.617679,1.617109,1.5694,40
467,1.772509,1.841331,2.004208,2.465728,7.273226,3.344736,7.292176,2.69758,7.2572,2.089823,1.713954,1.615686,1.600605,1.61597,1.542634,30
468,1.78738,1.913742,2.186329,2.573013,7.687972,3.476728,7.697696,2.962244,7.641086,2.222321,1.771586,1.691928,1.705763,1.697043,1.637005,20
469,1.817768,1.929173,2.165179,2.496168,7.614798,3.38751,7.629151,2.892935,7.528611,2.25713,1.775796,1.653279,1.65817,1.65361,1.608155,20
470,1.792245,1.883149,2.109968,2.474434,7.449854,3.348628,7.454511,2.882069,7.438432,2.25588,1.747443,1.663842,1.665371,1.671535,1.62309,20
471,1.804921,1.896039,2.070513,2.411503,7.404918,3.2552,7.412811,2.895772,7.397484,2.230022,1.742536,1.696707,1.688089,1.688564,1.638832,30
472,1.718651,1.845944,2.002869,2.352383,7.237082,3.29645,7.277716,2.91879,7.260118,2.106998,1.655926,1.602582,1.576382,1.586635,1.542602,30
473,1.77911,1.894968,2.065963,2.477595,7.32144,3.348736,7.350266,2.794063,7.380718,2.17415,1.722199,1.64441,1.625435,1.622098,1.583961,40
474,1.718587,1.804169,2.06597,2.41036,7.309018,3.315026,7.354964,2.636946,7.340592,2.125805,1.691551,1.596432,1.588215,1.592729,1.551566,30
475,1.762367,1.868951,2.060006,2.511262,7.674943,3.382941,7.703752,2.858789,7.61903,2.189476,1.725883,1.623638,1.631157,1.619436,1.588702,40
476,1.746069,1.792473,2.032443,2.376886,7.340935,3.258165,7.358766,2.633191,7.317773,2.045375,1.680037,1.612086,1.61406,1.610283,1.56297,40
477,1.769995,1.856986,2.082464,2.485013,7.29375,3.325316,7.274336,2.716218,7.24313,2.196759,1.722398,1.635363,1.621607,1.623296,1.582604,30
478,1.936163,2.030376,2.251294,2.636522,7.827718,3.571504,7.840898,3.195125,7.82454,2.360789,1.887295,1.791374,1.791077,1.788101,1.720818,40
479,1.78738,1.865674,2.006061,2.345736,7.357886,3.347495,7.364953,2.794118,7.391573,2.137555,1.741416,1.67353,1.655143,1.65873,1.609012,30
480,1.746933,1.833446,2.019821,2.403887,7.209979,3.185396,7.272046,2.692841,7.203758,2.164298,1.703835,1.615277,1.607609,1.609312,1.559649,30
481,1.72965,1.82812,2.057468,2.433541,7.339931,3.226918,7.348953,2.78297,7.345791,2.19646,1.723631,1.668805,1.661287,1.649401,1.606346,40
482,1.821445,1.914509,2.128975,2.51221,7.415096,3.357064,7.434344,2.908287,7.429967,2.219548,1.783167,1.675983,1.6652,1.670321,1.624546,30
483,1.726908,1.809571,1.998824,2.346976,7.249152,3.074738,7.260409,2.690118,7.246167,2.080267,1.644466,1.608522,1.59857,1.598403,1.562325,40
484,1.769511,1.859066,2.008741,2.357602,7.149001,3.252821,7.189646,2.754461,7.153865,2.138823,1.711965,1.633991,1.628054,1.623078,1.571786,40
485,1.755717,1.842436,2.091473,2.43158,7.454975,3.384817,7.523076,2.894201,7.50834,2.277809,1.742656,1.684479,1.681143,1.676669,1.625228,40
486,1.70657,1.840851,2.032818,2.35854,7.030173,3.243264,7.011618,2.611971,6.975908,2.13152,1.627632,1.560605,1.551667,1.555952,1.513389,30
487,1.68853,1.798475,1.906717,2.247679,7.382364,3.18479,7.356076,2.610008,7.35621,2.04792,1.686973,1.575759,1.559997,1.57126,1.523314,30
488,1.717021,1.798466,1.968649,2.4224,7.29584,3.178043,7.245399,2.739129,7.272014,2.083752,1.675558,1.585083,1.589564,1.590228,1.537081,20
489,1.736194,1.844227,2.094073,2.536958,7.328663,3.413748,7.311379,2.797914,7.306707,2.157657,1.696491,1.632448,1.618816,1.621951,1.571236,30
490,1.714146,1.821355,1.95505,2.249578,7.07878,3.111497,7.112002,2.794707,7.052182,2.100283,1.663281,1.59356,1.588323,1.595069,1.531246,30
491,1.761297,1.859321,2.081309,2.459545,7.184192,3.307814,7.209258,2.845445,7.20535,2.21303,1.669862,1.630906,1.629577,1.636322,1.573384,30
492,1.754933,1.869244,2.028116,2.374885,7.303139,3.246675,7.329716,2.694824,7.316426,2.146962,1.706952,1.634911,1.636175,1.629737,1.578294,40
493,1.781462,1.885912,2.004645,2.403278,7.260842,3.226638,7.311458,2.771011,7.293427,2.170164,1.764393,1.657678,1.641238,1.636243,1.585541,40
494,1.81358,1.91366,2.09315,2.489906,7.495845,3.281073,7.494533,2.861694,7.45094,2.255585,1.745883,1.685059,1.684079,1.677852,1.620552,40
495,1.63807,1.714093,1.903913,2.247386,6.98817,3.073658,6.992227,2.624961,6.983098,2.01735,1.58125,1.526612,1.516507,1.513724,1.474552,40
496,1.738287,1.859064,2.07918,2.407493,7.444273,3.299204,7.434366,2.762253,7.447733,2.13129,1.715485,1.630155,1.621361,1.616602,1.578768,40
497,1.740866,1.803794,1.981781,2.433497,7.353926,3.207516,7.376072,2.978736,7.348786,2.203727,1.757765,1.627713,1.621311,1.610977,1.556284,40
498,1.737762,1.782661,2.008496,2.401006,7.39152,3.370275,7.405349,2.778971,7.324662,2.072731,1.695719,1.611874,1.599017,1.593058,1.550098,40
499,1.725138,1.864401,1.999837,2.358,7.14801,3.279591,7.170711,2.793121,7.147531,2.077123,1.742076,1.627833,1.62998,1.625998,1.577489,40
500,1.792042,1.887708,2.040901,2.464025,7.391072,3.349489,7.434747,2.997843,7.411868,2.221859,1.765201,1.695873,1.696141,1.699916,1.648459,20
501,1.716445,1.814846,1.936239,2.367152,7.369654,3.227227,7.403807,2.759927,7.39895,2.092702,1.693013,1.607638,1.592653,1.590691,1.560734,40
502,1.753234,1.851892,1.98801,2.390362,7.163346,3.199024,7.162596,2.751824,7.153182,2.094694,1.685348,1.638088,1.62723,1.627575,1.570329,30
503,1.778153,1.861157,1.997005,2.359703,7.353392,3.238852,7.329532,2.777752,7.337408,2.191181,1.720151,1.660822,1.67369,1.667557,1.619438,20
504,1.76112,1.862798,1.983574,2.351039,7.10599,3.154474,7.132979,2.740882,7.146801,2.049088,1.689873,1.605055,1.591629,1.592248,1.524906,30
505,1.700673,1.825944,2.023137,2.359326,7.361316,3.107511,7.374266,2.655519,7.364548,2.152209,1.669407,1.608544,1.601688,1.601209,1.550382,40
506,1.704234,1.759318,1.944182,2.330993,7.173033,3.166879,7.186764,2.780712,7.128323,2.081669,1.651479,1.574058,1.573336,1.578455,1.534025,30
507,1.799746,1.948855,2.183367,2.607327,7.724038,3.582199,7.741696,2.922241,7.727656,2.314925,1.7842,1.704785,1.687635,1.687562,1.632369,40
508,1.76108,1.85295,2.053473,2.37344,7.55481,3.560071,7.594591,2.792068,7.541071,2.11406,1.730061,1.656705,1.657317,1.639819,1.588248,40
509,1.706658,1.796382,1.968259,2.360045,7.40877,3.138826,7.412542,2.775453,7.41676,2.083325,1.665136,1.606922,1.604178,1.601502,1.554575,40
510,1.754341,1.828571,2.018392,2.338598,7.378561,3.173726,7.371472,2.794534,7.381913,2.091216,1.63791,1.607743,1.606818,1.590918,1.541047,40
511,1.751013,1.839849,2.133648,2.516388,7.406894,3.396786,7.448042,2.880351,7.435572,2.260889,1.739877,1.657303,1.662358,1.644593,1.60361,40
512,1.682882,1.788328,2.000479,2.308994,7.229685,3.107824,7.256129,2.747698,7.232744,2.121868,1.644118,1.572213,1.568663,1.554667,1.523248,40
513,1.778377,1.82052,2.089074,2.452625,7.42866,3.307014,7.425194,2.876212,7.448462,2.184396,1.77055,1.651262,1.648065,1.641547,1.588398,40
514,1.753433,1.850833,2.059749,2.350749,7.29268,3.291035,7.320998,2.815758,7.307783,2.125662,1.718378,1.616044,1.60565,1.594079,1.542185,40
515,1.873101,1.978559,2.143457,2.71037,7.965895,3.738901,7.983186,2.969881,7.957206,2.321473,1.827081,1.732935,1.723698,1.712163,1.656901,40
516,1.821111,1.937449,2.138196,2.600448,7.477317,3.462507,7.52557,2.889331,7.472107,2.217829,1.744527,1.662065,1.661826,1.671855,1.591087,30
517,1.796683,1.898841,2.095642,2.478254,7.529234,3.524822,7.559876,2.843577,7.53092,2.220906,1.748578,1.669014,1.672102,1.675948,1.611793,20
518,1.758532,1.850448,2.05727,2.443223,7.313446,3.227429,7.300724,2.765172,7.345168,2.155811,1.678446,1.604144,1.601438,1.60668,1.552009,30
519,1.790035,1.883149,2.043138,2.437505,7.366023,3.197849,7.346218,2.753788,7.355554,2.22682,1.731475,1.649778,1.633477,1.638657,1.596728,30
520,1.698672,1.786032,1.994144,2.304701,7.0426,3.135659,7.053092,2.686398,7.039328,2.057815,1.621057,1.569711,1.566326,1.556714,1.517225,40
521,1.709119,1.767642,1.924393,2.260811,7.128198,3.210169,7.133592,2.734897,7.154238,2.071563,1.642889,1.604412,1.593524,1.601205,1.547169,30
522,1.776544,1.828646,2.034528,2.374531,7.328988,3.208766,7.316336,2.834945,7.277912,2.181596,1.744396,1.661174,1.650276,1.647856,1.6012,40
523,1.751126,1.81838,1.990019,2.396216,7.161545,3.262985,7.170112,2.809148,7.142833,2.145915,1.695775,1.64432,1.629801,1.621813,1.586667,40
524,1.697467,1.760708,1.937995,2.295242,7.054471,3.074845,7.113348,2.742003,7.093506,2.077558,1.676657,1.569301,1.562404,1.559309,1.512963,40
525,1.737165,1.852809,2.015841,2.326839,7.15128,3.314602,7.176222,2.691505,7.159032,2.120131,1.669236,1.60704,1.605121,1.606863,1.553476,30
526,1.751146,1.808527,1.969085,2.416134,7.29391,3.217169,7.300924,2.732579,7.299049,2.145512,1.656417,1.610708,1.61462,1.612406,1.56813,20
527,1.723312,1.805671,1.942217,2.247579,7.176309,3.25422,7.168404,2.80594,7.201727,2.101795,1.706799,1.614973,1.61022,1.606376,1.535771,40
528,1.779813,1.904538,2.07453,2.414821,7.560529,3.298996,7.571953,2.931986,7.533799,2.144688,1.710326,1.654626,1.650141,1.661017,1.586258,30
529,1.875722,1.966571,2.163062,2.475081,7.705852,3.513968,7.722803,2.95575,7.670699,2.278352,1.857018,1.742064,1.740317,1.738862,1.681389,40
530,1.675087,1.768376,1.965888,2.307609,7.246555,3.260188,7.274081,2.662816,7.246548,2.044796,1.644049,1.596117,1.575781,1.56989,1.521558,40
531,1.848254,1.929433,2.056287,2.452578,7.44749,3.468122,7.468138,2.881143,7.414484,2.148162,1.732406,1.643443,1.638495,1.644984,1.594453,30
532,1.700403,1.797508,1.985232,2.343046,7.156721,3.108942,7.166195,2.803375,7.155586,2.1351,1.674927,1.603826,1.612416,1.606716,1.547016,20
533,1.755865,1.858534,2.030462,2.476519,7.391523,3.208245,7.414682,2.895406,7.413412,2.156427,1.736266,1.664768,1.658318,1.64761,1.606151,40
534,1.669341,1.758586,1.974243,2.308906,7.110957,3.28293,7.141287,2.70687,7.136029,2.017204,1.641166,1.572799,1.576088,1.54686,1.526849,40
535,1.813937,1.908703,2.101622,2.502037,7.591748,3.412336,7.578779,2.902621,7.562405,2.249309,1.777008,1.713496,1.705038,1.711328,1.655583,30
536,1.723063,1.82576,1.978262,2.364281,7.41211,3.31374,7.372412,2.728496,7.406987,2.141029,1.651473,1.588056,1.590468,1.57846,1.535699,40
537,1.769617,1.894907,2.060712,2.417411,7.597679,3.367322,7.610497,2.856478,7.590116,2.233074,1.749563,1.669341,1.665289,1.660025,1.618614,40
538,1.692171,1.774506,1.935489,2.297687,7.232332,3.218355,7.225244,2.770052,7.211434,2.075623,1.646471,1.575497,1.58185,1.572329,1.520412,40
539,1.802789,1.896944,2.044935,2.530843,7.698733,3.526138,7.739344,3.017607,7.706379,2.231453,1.73926,1.689434,1.681137,1.67692,1.633719,40
540,1.775204,1.839266,2.058635,2.425597,7.486701,3.31846,7.479309,2.721473,7.495434,2.107497,1.744815,1.647613,1.648695,1.64218,1.594208,40
541,1.73017,1.835339,2.039062,2.378685,7.435902,3.259888,7.40082,2.835007,7.415394,2.150614,1.707165,1.622574,1.598451,1.601906,1.562431,30
542,1.776065,1.853625,1.989349,2.383422,7.285966,3.241021,7.332808,2.723891,7.320978,2.15165,1.714525,1.637626,1.61603,1.618559,1.571943,30
543,1.799932,1.887288,2.062355,2.43391,7.226216,3.278407,7.222083,2.782048,7.207288,2.212108,1.762121,1.658119,1.656144,1.648507,1.606829,40
544,1.666202,1.771848,1.949108,2.294745,7.062676,3.06433,7.057186,2.596315,7.057254,2.009392,1.6193,1.548025,1.536063,1.529953,1.488341,40
545,1.78892,1.916415,2.098312,2.454891,7.442482,3.39966,7.444738,2.805308,7.440424,2.165243,1.725183,1.681348,1.675452,1.659362,1.614828,40
546,1.786508,1.852321,2.0506,2.410075,7.257604,3.332464,7.246849,2.780081,7.267648,2.200788,1.756116,1.679126,1.679379,1.676111,1.616387,40
547,1.733391,1.827465,2.008669,2.313698,7.324417,3.226627,7.33955,2.739755,7.319736,2.143199,1.697549,1.623525,1.624346,1.613084,1.560786,40
548,1.664783,1.752632,1.954652,2.344867,7.028595,3.133947,7.036824,2.652219,7.044419,2.041158,1.611105,1.541662,1.546553,1.543923,1.498555,20
549,1.810059,1.888436,2.079353,2.427132,7.500731,3.342538,7.498037,2.794147,7.429454,2.182436,1.776449,1.684293,1.670857,1.671186,1.614405,30
550,1.814779,1.918557,2.145621,2.528032,7.358968,3.34439,7.367098,2.80368,7.380198,2.269242,1.746548,1.668508,1.668386,1.657043,1.606095,40
551,1.753154,1.846214,2.058972,2.369709,7.47936,3.278906,7.479274,2.742028,7.490278,2.146741,1.699363,1.620053,1.609611,1.608875,1.55134,40
552,1.739004,1.842177,2.027085,2.352744,7.196166,3.143198,7.1954,2.691637,7.191765,2.138094,1.710796,1.61495,1.607201,1.601718,1.561692,40
553,1.836336,1.939027,2.168315,2.525142,7.463928,3.412917,7.40898,2.938352,7.442284,2.261652,1.784749,1.732561,1.728354,1.723758,1.674168,40
554,1.745203,1.807989,1.981996,2.355311,7.18837,3.267556,7.192064,2.780267,7.193017,2.06825,1.759537,1.635779,1.626046,1.632907,1.588391,30
555,1.761744,1.881848,2.091595,2.431192,7.579512,3.435441,7.603332,2.907913,7.615031,2.152339,1.73383,1.652967,1.654623,1.65322,1.612035,20
556,1.811926,1.906721,2.10671,2.489256,7.403498,3.338072,7.401222,2.910275,7.415786,2.26559,1.787514,1.70314,1.689292,1.673868,1.612517,40
557,1.70558,1.857116,2.017561,2.334559,7.24877,3.371899,7.262553,2.803935,7.2482,2.119738,1.671396,1.587324,1.581871,1.5746,1.531868,40
558,1.832265,1.93781,2.163168,2.523501,7.566984,3.445918,7.547633,2.87409,7.528697,2.324958,1.773707,1.711357,1.70665,1.715635,1.651895,30
559,1.735426,1.822645,1.963061,2.324716,7.161993,3.1679,7.190378,2.759812,7.171845,2.076585,1.68252,1.610594,1.61062,1.608686,1.550833,40
560,1.841279,1.900596,2.085538,2.47422,7.529201,3.382327,7.550395,2.913897,7.520684,2.262781,1.750454,1.675902,1.6688,1.666171,1.623889,40
561,1.750741,1.813839,2.014599,2.292657,7.032526,3.091186,7.038258,2.672255,6.970131,2.146193,1.643085,1.550845,1.553723,1.562048,1.513672,20
562,1.717602,1.844101,2.031809,2.417558,7.218341,3.274067,7.252336,2.681907,7.251949,2.116578,1.66459,1.600005,1.599544,1.599743,1.571233,30
563,1.786971,1.871812,2.022874,2.467664,7.517273,3.283261,7.533402,2.843843,7.472325,2.231358,1.708129,1.647266,1.640206,1.63783,1.598714,40
564,1.733179,1.810437,1.991749,2.314594,7.104676,3.089732,7.156773,2.711311,7.179086,2.107034,1.666941,1.609618,1.591713,1.589879,1.541969,40
565,1.744782,1.803028,2.072395,2.466552,7.278072,3.259667,7.326898,2.748621,7.317556,2.135546,1.640011,1.594117,1.577528,1.575348,1.533565,40
566,1.824743,1.887651,2.089465,2.430971,7.435528,3.411708,7.445126,2.807983,7.440648,2.252062,1.786009,1.679799,1.668328,1.661629,1.619195,40
567,1.823764,1.947473,2.160462,2.622659,7.503998,3.47696,7.461018,2.851808,7.48509,2.297662,1.817615,1.719674,1.701052,1.699582,1.645562,40
568,1.768905,1.865332,2.033927,2.417617,7.377356,3.365684,7.38681,2.801999,7.361195,2.136256,1.703498,1.612191,1.612369,1.615036,1.554202,20
569,1.819698,1.91101,2.090622,2.523917,7.480714,3.393021,7.522884,2.878175,7.458213,2.229001,1.794431,1.690882,1.679277,1.682429,1.620186,30
570,1.771389,1.912999,2.084877,2.441634,7.332407,3.402159,7.360009,2.876399,7.328931,2.17628,1.7394,1.646343,1.636999,1.633856,1.586134,40
571,1.755346,1.833586,2.038362,2.429363,7.386796,3.412136,7.364516,2.813871,7.358322,2.133431,1.705096,1.64879,1.612359,1.62827,1.56827,30
572,1.831366,1.964797,2.162674,2.593865,7.504564,3.350423,7.533988,2.940136,7.552266,2.287711,1.811952,1.683034,1.68262,1.689376,1.632917,30
573,1.698968,1.80165,1.960871,2.348964,7.331904,3.10306,7.352832,2.75596,7.316944,2.053602,1.670043,1.603233,1.589673,1.591962,1.542758,30
574,1.781138,1.849539,2.052951,2.377262,7.510275,3.26941,7.520828,2.718516,7.480148,2.166137,1.725676,1.624655,1.622705,1.627796,1.576809,30
575,1.80453,1.966074,2.150975,2.540208,7.676203,3.437197,7.686397,2.937225,7.686301,2.296823,1.737006,1.689762,1.677889,1.676392,1.638363,40
576,1.693489,1.755695,1.983282,2.368552,7.15802,3.245844,7.194964,2.76007,7.107284,2.094426,1.657212,1.584313,1.584913,1.576882,1.533961,40
577,1.690294,1.752595,1.90406,2.337434,7.306314,3.300241,7.31126,2.704981,7.258017,2.076144,1.638477,1.576043,1.556633,1.565953,1.518559,30
578,1.808179,1.934563,2.124994,2.492237,7.47136,3.269074,7.47196,2.881123,7.476922,2.223114,1.722035,1.640944,1.64499,1.649345,1.587168,20
579,1.742294,1.849339,2.025623,2.382737,7.289988,3.240962,7.303942,2.763073,7.303627,2.106528,1.71134,1.637811,1.633718,1.630073,1.575607,40
580,1.83301,1.895311,2.064961,2.43345,7.329675,3.265633,7.338117,2.836353,7.315209,2.223522,1.737169,1.68812,1.689628,1.686224,1.639862,40
581,1.778532,1.850598,2.068017,2.457541,7.262207,3.243988,7.262395,2.734,7.251342,2.200761,1.695427,1.645642,1.641051,1.640858,1.583757,40
582,1.709025,1.765852,1.927795,2.243161,7.368657,3.182197,7.395563,2.764621,7.369523,2.152395,1.633393,1.575843,1.56566,1.559126,1.513642,40
583,1.769197,1.845895,2.015164,2.404276,7.445474,3.313229,7.476489,2.813315,7.42422,2.14588,1.739109,1.651733,1.656804,1.651349,1.605495,40
584,1.752229,1.806635,2.048665,2.431284,7.37447,3.309211,7.420858,2.805432,7.358892,2.10787,1.714075,1.622156,1.629389,1.624514,1.57066,20
585,1.798708,1.859103,2.030931,2.453247,7.361092,3.21739,7.383291,2.8017,7.387702,2.199303,1.728346,1.673489,1.641342,1.650879,1.598356,30
586,1.657432,1.739,1.919257,2.290579,7.08969,3.097503,7.124445,2.749274,7.092304,2.047083,1.631357,1.554445,1.557524,1.547078,1.506931,40
587,1.626837,1.770219,1.917658,2.29114,7.089459,3.139576,7.075893,2.738429,7.058848,2.057705,1.614443,1.522165,1.517474,1.517483,1.480125,30
588,1.693317,1.824226,1.979347,2.377472,7.359042,3.321205,7.372381,2.735782,7.351844,2.112802,1.674341,1.578378,1.58339,1.573604,1.52305,40
589,1.68718,1.7974,1.952134,2.340404,7.20759,3.137937,7.201346,2.662193,7.203721,2.07635,1.643102,1.562705,1.570304,1.564498,1.519432,20
590,1.811236,1.940785,2.033748,2.387105,7.435526,3.366479,7.462096,2.873896,7.460604,2.216533,1.729493,1.667141,1.669661,1.659295,1.619772,40
591,1.763712,1.910428,2.083932,2.540274,7.520484,3.491139,7.548436,2.912475,7.496224,2.22555,1.72524,1.640511,1.628615,1.623367,1.584454,40
592,1.755722,1.848306,2.059254,2.417977,7.445602,3.265277,7.473887,2.767638,7.435943,2.184045,1.696301,1.640554,1.623069,1.619916,1.577294,40
593,1.752306,1.801904,1.989725,2.331026,7.255448,3.262248,7.251366,2.766654,7.24651,2.138655,1.707171,1.612399,1.586115,1.591561,1.547431,30
594,1.783399,1.816673,1.992273,2.35937,7.377469,3.319717,7.408613,2.68013,7.406878,2.059513,1.717854,1.636462,1.631632,1.62941,1.578012,40
595,1.685134,1.783346,1.980066,2.336005,7.15161,3.271549,7.191036,2.744991,7.159148,2.019036,1.61846,1.570518,1.566071,1.564437,1.527012,40
596,1.731415,1.794307,1.993857,2.324735,7.216556,3.246297,7.198005,2.725694,7.215894,2.095378,1.674852,1.562054,1.561296,1.569567,1.525593,30
597,1.739841,1.824724,1.97363,2.426048,7.260973,3.454518,7.293335,2.844961,7.253174,2.182192,1.722336,1.621637,1.606215,1.624171,1.57257,30
598,1.808888,1.91698,2.103209,2.450267,7.582914,3.438505,7.612405,2.916885,7.598864,2.235928,1.795503,1.695881,1.696141,1.694597,1.625654,40
599,1.852266,1.971648,2.170057,2.488908,7.588758,3.382796,7.618512,2.993631,7.577102,2.23137,1.760372,1.678994,1.675553,1.679373,1.621934,30
600,1.681263,1.765396,1.916364,2.329339,7.14664,3.182812,7.149393,2.720941,7.169887,2.080434,1.624797,1.565218,1.548146,1.55673,1.514698,30
601,1.752286,1.888008,2.039263,2.381894,7.232624,3.265052,7.222646,2.784704,7.190744,2.117663,1.699317,1.628351,1.618001,1.606077,1.562908,40
602,1.754644,1.879691,2.02042,2.417042,7.417091,3.42043,7.421351,2.813966,7.414738,2.171896,1.757119,1.635088,1.626558,1.629801,1.574098,30
603,1.731144,1.863952,2.081737,2.377912,7.20014,3.220021,7.245702,2.7772,7.199867,2.097182,1.686191,1.598547,1.590807,1.583329,1.534638,40
604,1.678552,1.737782,1.898389,2.235867,7.149898,3.078408,7.16379,2.70391,7.18331,2.059527,1.644807,1.563019,1.559596,1.553212,1.508398,40
605,1.771338,1.847225,2.058818,2.503499,7.359216,3.267262,7.411226,2.820768,7.35697,2.118596,1.708901,1.612914,1.600198,1.60077,1.56371,30
606,1.786279,1.883806,2.096275,2.483441,7.549405,3.375119,7.551724,2.899884,7.53916,2.240579,1.703522,1.632046,1.621784,1.619832,1.580661,40
607,1.767709,1.89799,2.125217,2.449785,7.542676,3.468389,7.55848,2.886335,7.546217,2.237435,1.742807,1.659202,1.644683,1.641552,1.597614,40
608,1.714217,1.793137,2.039224,2.412819,7.390448,3.262528,7.402968,2.833232,7.413963,2.239391,1.699615,1.608254,1.600606,1.590235,1.545165,40
609,1.814089,1.901062,2.118217,2.435251,7.336946,3.60525,7.343888,2.869844,7.317824,2.134344,1.734528,1.642997,1.633788,1.631856,1.587086,40
610,1.688202,1.752298,1.921345,2.269418,7.213318,3.146815,7.234403,2.668463,7.172243,2.062705,1.651936,1.585673,1.583584,1.590015,1.537687,30
611,1.765702,1.856393,2.074531,2.446615,7.36024,3.302539,7.335926,2.764593,7.345523,2.153099,1.687765,1.648938,1.619741,1.626528,1.575371,30
612,1.852102,1.957987,2.125643,2.470441,7.408559,3.391023,7.431675,2.932533,7.393892,2.22824,1.779558,1.715494,1.715087,1.690304,1.623835,40
613,1.75451,1.852275,2.039243,2.400567,7.385908,3.203385,7.351196,2.839625,7.320956,2.210517,1.712673,1.655829,1.651648,1.633275,1.590636,40
614,1.804034,1.862117,2.015912,2.341993,7.345435,3.230107,7.37754,2.776492,7.318081,2.150977,1.749624,1.653367,1.646881,1.639465,1.576419,40
615,1.734035,1.855881,1.987337,2.412041,7.490579,3.127283,7.51513,2.828493,7.475718,2.132856,1.733666,1.632131,1.627416,1.624769,1.582873,40
616,1.750848,1.846646,2.079103,2.467387,7.271688,3.33052,7.271178,2.924674,7.263792,2.15042,1.729267,1.632647,1.634329,1.640564,1.583895,20
617,1.774694,1.857121,2.049789,2.38312,7.472037,3.505781,7.463574,2.838225,7.424208,2.1571,1.697294,1.648397,1.631754,1.633391,1.581959,30
618,1.731531,1.796055,2.018907,2.43206,7.232694,3.203408,7.278121,2.770501,7.21437,2.133598,1.649706,1.615504,1.614366,1.600798,1.542071,40
619,1.790269,1.885722,2.084247,2.435553,7.468806,3.367813,7.485715,2.776851,7.450188,2.191188,1.743662,1.647355,1.646769,1.637838,1.592817,40
620,1.732501,1.833257,2.003824,2.411357,7.304968,3.281108,7.343343,2.742413,7.337842,2.131758,1.707728,1.627037,1.617635,1.612856,1.570805,40
621,1.75283,1.831475,2.002448,2.346984,7.054418,3.218309,7.07922,2.713944,7.05029,2.134476,1.645359,1.57704,1.576605,1.580241,1.534616,30
622,1.752983,1.894332,2.134004,2.535568,7.535072,3.463763,7.547933,2.898868,7.521126,2.214307,1.710413,1.632294,1.631468,1.635583,1.581751,30
623,1.780596,1.852494,2.030895,2.366962,7.525354,3.374071,7.487098,2.832796,7.501687,2.15785,1.724928,1.654189,1.655987,1.66366,1.605813,20
624,1.803651,1.890711,2.016868,2.395685,7.581796,3.416422,7.636879,2.856741,7.5833,2.264378,1.809083,1.711239,1.690692,1.683116,1.63247,40
625,1.735954,1.831224,2.025059,2.362265,7.171314,3.160683,7.193212,2.686437,7.168167,2.07122,1.68792,1.608255,1.600183,1.596556,1.550359,40
626,1.800666,1.921499,2.06729,2.542107,7.596037,3.523316,7.630668,2.936517,7.592076,2.217303,1.787905,1.696964,1.662583,1.668677,1.610532,30
627,1.784919,1.872847,2.078731,2.489663,7.404272,3.436916,7.476679,2.845967,7.416894,2.220842,1.752972,1.649789,1.618523,1.619323,1.565276,30
628,1.752067,1.843286,1.997542,2.349922,7.306072,3.320724,7.323366,2.802041,7.325271,2.146303,1.698703,1.651113,1.640247,1.636008,1.580965,40
629,1.735311,1.858081,2.012419,2.384846,7.221968,3.404619,7.260798,2.823102,7.224077,2.176181,1.703677,1.615343,1.599992,1.604663,1.541609,30
630,1.739869,1.817033,1.938005,2.314613,7.054874,3.161365,7.104408,2.72043,7.086385,2.103705,1.69328,1.619162,1.620705,1.614428,1.560616,40
631,1.76247,1.847351,2.054379,2.433973,7.424242,3.393921,7.431212,2.788994,7.428155,2.149459,1.695547,1.61194,1.619947,1.60293,1.563985,40
632,1.698451,1.768014,1.954367,2.415132,7.413248,3.231,7.399929,2.803032,7.396281,2.121692,1.682241,1.609384,1.606131,1.59586,1.55986,40
633,1.860079,1.980179,2.154337,2.535139,7.517978,3.438694,7.54875,2.927908,7.52969,2.278404,1.809365,1.718386,1.717998,1.707677,1.642427,40
634,1.74249,1.834088,2.067921,2.340811,7.059902,3.218774,7.049968,2.719457,7.066128,2.064587,1.716199,1.595975,1.59626,1.588343,1.533869,40
635,1.79095,1.881504,2.090977,2.49307,7.445897,3.566344,7.438873,2.817037,7.406609,2.271361,1.724037,1.650953,1.653632,1.642736,1.611841,40
636,1.726468,1.83914,1.989382,2.396401,7.30219,3.30282,7.294724,2.759577,7.269126,2.105028,1.71798,1.614626,1.620829,1.602876,1.567734,40
637,1.699738,1.833903,1.971347,2.316252,7.260644,3.142979,7.260912,2.707128,7.259447,2.053428,1.670066,1.601352,1.585287,1.582744,1.538177,40
638,1.761544,1.83063,2.018705,2.37035,7.231524,3.143275,7.248518,2.774981,7.236993,2.225733,1.694944,1.648542,1.63899,1.641162,1.583313,30
639,1.747598,1.814641,1.977415,2.375767,7.315914,3.271351,7.285941,2.754052,7.30039,2.08526,1.655626,1.607098,1.611114,1.602399,1.557118,40
640,1.933579,2.056258,2.292975,2.718506,7.864931,3.554138,7.867234,3.134781,7.85592,2.459765,1.876926,1.767377,1.764842,1.770985,1.706177,30
641,1.771394,1.847614,2.034792,2.390614,7.135712,3.270052,7.183872,2.696765,7.160046,2.137253,1.680294,1.616133,1.614089,1.613177,1.575572,40
642,1.796867,1.909955,2.084184,2.591151,7.403719,3.539194,7.43624,2.898191,7.412027,2.177486,1.740777,1.667997,1.641849,1.641021,1.57712,40
643,1.769337,1.858899,2.016667,2.412366,7.22599,3.236493,7.233633,2.768405,7.233526,2.133027,1.725099,1.637038,1.635642,1.640727,1.584828,30
644,1.759528,1.865752,2.073494,2.381066,7.442052,3.336296,7.494932,2.734481,7.45956,2.178842,1.718928,1.659059,1.650603,1.644569,1.592141,40
645,1.772199,1.883827,2.094771,2.402507,7.381257,3.316056,7.399239,2.873995,7.385814,2.163028,1.679745,1.620669,1.593841,1.605657,1.554784,30
646,1.712781,1.857477,2.009936,2.43594,7.428252,3.282105,7.42963,2.808595,7.377814,2.108205,1.61347,1.581741,1.584578,1.588076,1.536302,20
647,1.853956,2.006015,2.22835,2.654809,7.698276,3.592548,7.761794,2.954455,7.72392,2.335603,1.820936,1.728695,1.721022,1.727605,1.671748,30
648,1.752943,1.782964,2.01217,2.402212,7.23771,3.221928,7.274647,2.748625,7.236544,2.119277,1.684932,1.60405,1.587695,1.596377,1.535143,30
649,1.768977,1.849384,2.098547,2.514833,7.45883,3.393726,7.474513,2.942507,7.419706,2.254719,1.727272,1.663234,1.662353,1.668574,1.608792,30
650,1.704346,1.843871,2.072423,2.335044,7.353104,3.187286,7.339916,2.710824,7.299782,2.071782,1.667062,1.577452,1.570445,1.563846,1.547244,40
651,1.776297,1.92355,2.102609,2.459695,7.63963,3.374551,7.645187,2.870033,7.657114,2.193025,1.756111,1.676787,1.683748,1.680219,1.629232,20
652,1.820545,1.968708,2.074923,2.452357,7.308342,3.265301,7.304188,2.873095,7.320122,2.228421,1.786632,1.704051,1.684912,1.690311,1.617903,30
653,1.702248,1.793721,1.997265,2.462259,7.150173,3.352452,7.160556,2.880423,7.193986,2.124912,1.657664,1.596753,1.59504,1.597678,1.551295,30
654,1.756172,1.887461,2.063012,2.438621,7.387045,3.341282,7.378795,2.84179,7.391717,2.182851,1.724452,1.641681,1.650106,1.642133,1.58695,20
655,1.730815,1.808083,1.934915,2.340836,7.264615,3.087559,7.293558,2.624169,7.23727,2.072732,1.672271,1.596534,1.608106,1.605747,1.548745,20
656,1.641468,1.738642,1.871812,2.239701,7.121703,3.040778,7.167269,2.555047,7.141117,2.011699,1.623895,1.537359,1.536264,1.53773,1.496225,30
657,1.724634,1.777547,1.953661,2.389895,7.25847,3.353135,7.287271,2.653252,7.268984,2.051869,1.65776,1.587054,1.583784,1.575117,1.544366,40
658,1.71738,1.797002,1.985246,2.28965,7.235979,3.099055,7.26018,2.718229,7.210424,2.086127,1.678903,1.591716,1.577966,1.574748,1.52548,40
659,1.788749,1.87455,2.134672,2.526888,7.695906,3.48634,7.681495,3.021368,7.658166,2.293808,1.747368,1.663335,1.66497,1.647316,1.600238,40
660,1.739576,1.812316,2.045514,2.522131,7.560233,3.499149,7.61125,2.754416,7.573388,2.17853,1.727121,1.643391,1.620237,1.627966,1.56793,30
661,1.748243,1.835899,1.999924,2.344451,7.288358,3.276294,7.298,2.758765,7.296683,2.1361,1.699832,1.623905,1.626636,1.620098,1.572012,40
662,1.853181,1.952957,2.113112,2.503968,7.586453,3.392288,7.592441,3.009932,7.600064,2.242069,1.822419,1.715151,1.697015,1.705441,1.639849,30
663,1.795787,1.875299,2.059173,2.437345,7.251308,3.337065,7.242444,2.747007,7.197272,2.190465,1.747472,1.656125,1.640454,1.640216,1.577059,40
664,1.719351,1.841238,1.991762,2.354958,7.088742,3.143495,7.098102,2.757161,7.082098,2.146586,1.688139,1.604531,1.600541,1.592344,1.559402,40
665,1.757706,1.85389,2.066263,2.481281,7.12871,3.249953,7.122114,2.805451,7.062839,2.180938,1.699774,1.632979,1.620367,1.631847,1.560036,30
666,1.784887,1.891446,2.105487,2.439077,7.596564,3.424169,7.610819,2.846739,7.576624,2.227396,1.747477,1.678298,1.674012,1.676236,1.629352,30
667,1.721748,1.807664,1.998212,2.371357,7.265873,3.40316,7.29289,2.785052,7.295046,2.092436,1.679417,1.623026,1.616722,1.617505,1.572766,30
668,1.784555,1.891987,2.073672,2.385273,7.4569,3.273585,7.429918,2.801688,7.424728,2.145563,1.744287,1.674984,1.672124,1.671057,1.606106,40
669,1.77256,1.8582,2.036143,2.359683,7.443476,3.326069,7.444463,2.78188,7.389804,2.103867,1.669584,1.584698,1.592115,1.58808,1.548432,20
670,1.704129,1.813627,1.983389,2.379231,7.25272,3.141897,7.221089,2.735345,7.232379,2.145109,1.695785,1.623968,1.618241,1.607155,1.569323,40
671,1.715125,1.831286,2.03812,2.420601,7.52438,3.202755,7.557234,2.79423,7.528925,2.166598,1.673529,1.628525,1.622877,1.627075,1.58009,30
672,1.761271,1.838339,1.995575,2.344539,7.156718,3.212829,7.157225,2.654811,7.130822,2.082764,1.69927,1.607494,1.601486,1.592614,1.555498,40
673,1.654698,1.748533,1.961792,2.269111,7.13011,3.046368,7.131053,2.702216,7.11108,2.095769,1.641484,1.561345,1.558809,1.562332,1.516607,30
674,1.848503,1.965678,2.168569,2.659549,7.729623,3.607949,7.7786,2.985416,7.752965,2.335347,1.786314,1.701051,1.687,1.692219,1.637121,30
675,1.758068,1.824514,2.045226,2.34196,7.410864,3.218691,7.391129,2.738973,7.343821,2.149781,1.689775,1.628144,1.613962,1.609229,1.573213,40
676,1.794763,1.894988,2.089387,2.475576,7.436246,3.453382,7.421372,2.840308,7.423862,2.244863,1.722085,1.62743,1.622937,1.623546,1.566857,30
677,1.721509,1.813016,1.954475,2.363377,7.313761,3.192469,7.322139,2.699333,7.297399,2.079143,1.702275,1.610597,1.608866,1.604404,1.545689,40
678,1.806129,1.974724,2.160963,2.605896,7.620555,3.483166,7.639769,2.895486,7.599993,2.195562,1.766687,1.684913,1.673447,1.679301,1.614953,30
679,1.75509,1.884628,2.074336,2.339158,7.297044,3.215993,7.311434,2.877546,7.24701,2.162867,1.685438,1.616218,1.606002,1.606474,1.548689,30
680,1.69093,1.806171,2.003072,2.347108,7.10186,3.156464,7.10413,2.76931,7.103638,2.090513,1.672362,1.557561,1.550378,1.550783,1.500033,30
681,1.788909,1.904844,2.104173,2.499285,7.410548,3.43363,7.431563,2.966364,7.371993,2.203691,1.752393,1.66665,1.653354,1.653769,1.60322,30
682,1.757603,1.875655,2.031208,2.425836,7.299617,3.311567,7.29908,2.742649,7.297586,2.157601,1.687111,1.619752,1.615566,1.603012,1.565258,40
683,1.697361,1.770503,1.926898,2.332581,7.332206,3.319606,7.358795,2.632886,7.281323,1.999657,1.639693,1.536874,1.529045,1.539523,1.492002,30
684,1.753164,1.863418,2.063881,2.396966,7.448537,3.369286,7.474481,2.851171,7.442857,2.175451,1.697066,1.633432,1.619898,1.62214,1.577005,30
685,1.717097,1.843335,1.990733,2.376372,7.247468,3.206876,7.252737,2.69839,7.271672,2.115198,1.707888,1.609445,1.602608,1.594811,1.542298,40
686,1.786679,1.870341,1.984531,2.376728,7.340736,3.283864,7.342998,2.809916,7.311812,2.163911,1.701888,1.643996,1.636296,1.644809,1.589242,30
687,1.837306,1.936108,2.117603,2.529424,7.594822,3.400535,7.660447,2.944649,7.643404,2.270546,1.841755,1.736059,1.734378,1.735933,1.685063,30
688,1.698016,1.793926,2.018305,2.349491,7.148724,3.169348,7.136169,2.681876,7.133892,2.061204,1.662015,1.56938,1.538865,1.559922,1.515461,30
689,1.756661,1.902586,2.043373,2.358977,7.401685,3.204074,7.421913,2.735676,7.40544,2.138606,1.699284,1.639742,1.632705,1.625663,1.57865,40
690,1.761527,1.8256,2.004612,2.369425,7.290429,3.20661,7.327108,2.811324,7.343738,2.099078,1.744895,1.650094,1.640094,1.646211,1.587383,30
691,1.760498,1.854022,2.045702,2.481885,7.534375,3.52643,7.570877,2.901051,7.556384,2.280605,1.754789,1.668102,1.662875,1.661192,1.607791,40
692,1.81423,1.898159,2.181228,2.587985,7.526828,3.424323,7.548917,2.958334,7.537146,2.281775,1.743552,1.652323,1.647164,1.645724,1.587394,40
693,1.773728,1.869088,2.08127,2.470404,7.32467,3.273166,7.378138,2.878031,7.327448,2.161537,1.775516,1.66759,1.667477,1.677109,1.612378,30
694,1.798959,1.885353,2.10189,2.406788,7.385614,3.327347,7.409296,2.819271,7.358363,2.240314,1.807048,1.687366,1.681909,1.681725,1.623922,40
695,1.743374,1.835,2.053758,2.480537,7.495057,3.424005,7.519686,2.871212,7.489583,2.119351,1.740134,1.639159,1.623088,1.614616,1.568518,40
696,1.818181,1.913454,2.095229,2.378024,7.637954,3.402113,7.667549,2.85882,7.658466,2.194272,1.748279,1.68637,1.679959,1.682898,1.626105,30
697,1.733151,1.82674,2.000141,2.414196,7.373307,3.176788,7.414728,2.808234,7.385157,2.139797,1.616154,1.598872,1.582553,1.5837,1.540078,30
698,1.784174,1.91746,2.112166,2.473209,7.460139,3.349729,7.490476,2.843495,7.484184,2.208649,1.776819,1.657425,1.669519,1.663755,1.606849,20
699,1.778703,1.881019,2.03235,2.324662,7.27733,3.16406,7.280222,2.733237,7.276877,2.126665,1.726528,1.656817,1.656392,1.651624,1.602065,40
700,1.767039,1.870624,2.011027,2.419587,7.197298,3.2543,7.222264,2.793252,7.170795,2.114218,1.701698,1.645176,1.642687,1.64942,1.596859,30
701,1.728454,1.80512,1.963685,2.297832,7.249357,3.190591,7.276252,2.730813,7.275448,2.062904,1.705772,1.612123,1.603025,1.611877,1.547983,30
702,1.762705,1.866012,1.988931,2.389015,7.418692,3.209711,7.431042,2.770168,7.391541,2.158207,1.7204,1.600887,1.623285,1.611654,1.556271,20
703,1.752599,1.857397,2.072288,2.421573,7.355252,3.445516,7.370393,2.853056,7.377015,2.166889,1.7162,1.624872,1.619429,1.611995,1.554196,40
704,1.753637,1.858341,2.050662,2.345267,7.37062,3.177574,7.376228,2.729142,7.40698,2.11115,1.737491,1.642409,1.635527,1.653724,1.583293,30
705,1.712841,1.786618,1.972192,2.334332,7.154676,3.209915,7.17498,2.753123,7.079012,2.143568,1.68662,1.603592,1.596912,1.593328,1.546991,40
706,1.845199,1.949485,2.082884,2.51188,7.411371,3.337545,7.443082,2.735614,7.435335,2.20054,1.783779,1.677818,1.673648,1.678411,1.605963,30
707,1.750336,1.835406,2.057002,2.472583,7.62695,3.396666,7.631915,2.835233,7.613666,2.171531,1.709029,1.643561,1.644989,1.638091,1.589559,40
708,1.714493,1.816168,1.979276,2.426562,7.197678,3.299018,7.196308,2.736749,7.159802,2.172347,1.701492,1.617094,1.615505,1.615357,1.576847,40
709,1.679892,1.791437,1.968297,2.311534,7.193075,3.295199,7.206911,2.69278,7.153772,2.093933,1.630895,1.562791,1.553395,1.536407,1.500758,40
710,1.828112,1.927371,2.080463,2.423098,7.603686,3.309586,7.584386,2.782425,7.564894,2.197015,1.756667,1.65412,1.645055,1.640417,1.588007,40
711,1.66795,1.748556,1.901603,2.282558,7.037317,3.024236,7.064672,2.574319,7.043712,2.116331,1.688557,1.565126,1.576562,1.562425,1.507229,40
712,1.704253,1.799189,2.048457,2.349124,7.27043,3.334811,7.24624,2.761828,7.250116,2.116209,1.646489,1.592493,1.606463,1.591463,1.540979,40
713,1.828122,1.924203,2.163735,2.641649,7.714318,3.648013,7.675957,2.933827,7.694938,2.219518,1.801003,1.69797,1.682037,1.691971,1.633403,30
714,1.650916,1.75131,1.931773,2.262501,7.069348,3.143205,7.096181,2.661683,7.081443,2.028158,1.566281,1.533412,1.513987,1.51644,1.482874,30
715,1.702879,1.781649,1.996075,2.314243,6.902192,3.156068,6.905636,2.739109,6.858188,2.092051,1.626793,1.568715,1.579575,1.568783,1.510435,20
716,1.793533,1.881601,2.072803,2.388838,7.100476,3.284921,7.112268,2.714286,7.074381,2.150735,1.72431,1.649867,1.627884,1.616508,1.567315,40
717,1.684848,1.772282,1.922098,2.289774,6.9738,3.203545,6.977788,2.751639,6.9391,2.079581,1.696049,1.588854,1.584473,1.579662,1.54311,40
718,1.753878,1.836249,2.072796,2.393121,7.260492,3.26262,7.285663,2.763708,7.22877,2.151722,1.702361,1.625363,1.621991,1.615083,1.558599,40
719,1.73873,1.836762,2.017681,2.468138,7.28789,3.34014,7.284244,2.801842,7.24026,2.085742,1.683801,1.609388,1.604643,1.60366,1.557112,40
720,1.634068,1.69489,1.879802,2.22449,6.971028,3.101775,6.962921,2.599284,6.998813,2.029582,1.571445,1.507462,1.497265,1.493653,1.462263,40
721,1.7745,1.911587,2.112933,2.459284,7.231337,3.315633,7.248269,2.818196,7.242016,2.234368,1.713152,1.644611,1.641885,1.638239,1.572759,40
722,1.703342,1.779479,1.954939,2.26115,7.071232,3.110722,7.084833,2.698802,7.038358,2.083534,1.641162,1.571424,1.574833,1.573225,1.526124,20
723,1.827541,1.892644,2.113862,2.474915,7.54753,3.291642,7.577002,2.901327,7.576286,2.235333,1.769217,1.673099,1.667001,1.666321,1.61982,40
724,1.775595,1.893982,2.087041,2.429752,7.515279,3.415233,7.509095,2.823797,7.473096,2.152692,1.690595,1.634015,1.619136,1.628216,1.582948,30
725,1.746757,1.848173,2.031761,2.425801,7.247349,3.343516,7.258487,2.688977,7.233015,2.155008,1.699871,1.622738,1.612891,1.612073,1.577325,40
726,1.797269,1.863393,2.120863,2.425635,7.293201,3.2662,7.291608,2.809336,7.302733,2.168218,1.723536,1.644248,1.64697,1.649649,1.590954,20
727,1.716129,1.789908,1.955625,2.34726,7.413832,3.343652,7.398253,2.711202,7.347393,2.095076,1.686959,1.601279,1.609173,1.605677,1.54682,20
728,1.714673,1.831416,2.049765,2.384849,7.230282,3.134361,7.228696,2.749244,7.19472,2.191493,1.628821,1.597563,1.58845,1.581535,1.555244,40
729,1.761815,1.889824,2.088222,2.528268,7.62574,3.365517,7.611841,2.860568,7.602878,2.153585,1.740775,1.664423,1.65512,1.661805,1.59993,30
730,1.784917,1.896572,2.080614,2.531328,7.764917,3.49577,7.770696,2.894847,7.752565,2.257842,1.759035,1.670119,1.653184,1.653694,1.616986,30
731,1.694282,1.822026,1.974786,2.309986,7.299008,3.265097,7.34817,2.679066,7.32081,2.068842,1.680104,1.610622,1.584123,1.581769,1.541911,40
732,1.74789,1.843057,2.015228,2.35415,7.395436,3.331541,7.39416,2.800537,7.412712,2.128604,1.697868,1.629096,1.618812,1.614231,1.568489,40
733,1.685861,1.800457,1.975981,2.343647,7.270808,3.218521,7.277321,2.791859,7.289249,2.115594,1.622308,1.572618,1.552349,1.550166,1.515974,40
734,1.783867,1.933018,2.123492,2.413193,7.570283,3.349075,7.574412,2.987847,7.580814,2.212838,1.79355,1.689619,1.68352,1.694041,1.62627,30
735,1.673952,1.757637,1.918054,2.242741,7.091329,3.076997,7.150108,2.6592,7.103624,2.027518,1.625764,1.568749,1.570483,1.5665,1.513458,40
736,1.772709,1.860149,2.03678,2.375937,7.215175,3.241667,7.266159,2.7431,7.250842,2.084264,1.777536,1.667084,1.645848,1.640257,1.600711,40
737,1.709179,1.781261,1.974337,2.385876,6.970575,3.22351,6.994667,2.739188,6.978819,2.146872,1.665246,1.573668,1.576959,1.585022,1.525742,20
738,1.768834,1.864455,2.090105,2.481486,7.546012,3.352318,7.520681,2.878559,7.559568,2.185665,1.691191,1.629085,1.622996,1.628,1.578466,30
739,1.733953,1.805376,2.021775,2.485441,7.288931,3.316151,7.317902,2.745993,7.316478,2.172547,1.68692,1.635511,1.619246,1.614019,1.567465,40
740,1.642834,1.735395,1.930482,2.210951,6.912085,2.965636,6.936075,2.521808,6.906186,1.994465,1.618566,1.495472,1.504775,1.496723,1.461854,20
741,1.803723,1.857262,2.009938,2.512022,7.691223,3.509102,7.719653,2.845558,7.67873,2.18715,1.738202,1.670622,1.686146,1.674124,1.60401,20
742,1.729101,1.831638,1.98946,2.339305,7.069344,3.14778,7.080666,2.70672,7.093726,2.101016,1.683429,1.597365,1.598373,1.593445,1.552037,40
743,1.681824,1.749602,1.86657,2.234073,7.060794,3.010539,7.050581,2.665673,7.039372,2.069459,1.686494,1.622334,1.605079,1.599439,1.562009,40
744,1.640566,1.73894,1.90678,2.197227,6.950602,3.038733,6.940334,2.604171,6.928049,2.016452,1.587917,1.51902,1.504791,1.502348,1.463597,40
745,1.839073,1.927638,2.13506,2.534972,7.715649,3.454866,7.721662,2.892125,7.727197,2.238476,1.77846,1.725712,1.708986,1.703246,1.649388,40
746,1.779008,1.888281,2.104897,2.529848,7.535794,3.485168,7.523628,2.996619,7.582362,2.253201,1.772345,1.685058,1.687632,1.681303,1.629894,40
747,1.808463,1.899578,2.135136,2.390708,7.537471,3.391211,7.546946,2.835278,7.532324,2.113515,1.809853,1.688253,1.671224,1.68251,1.630432,30
748,1.729432,1.803899,1.985717,2.293654,7.126271,3.241106,7.13474,2.738694,7.138525,2.1175,1.686796,1.600854,1.604332,1.605684,1.539649,20
749,1.764834,1.841193,2.05336,2.455432,7.568292,3.402389,7.560592,2.954626,7.469789,2.162285,1.697798,1.637499,1.641566,1.640714,1.592506,20
750,1.705339,1.814018,1.986807,2.347583,7.330278,3.23782,7.351518,2.682821,7.296625,2.12816,1.654595,1.599503,1.601449,1.598511,1.542285,40
751,1.762314,1.859655,2.0807,2.458554,7.494899,3.281517,7.499108,2.878873,7.427502,2.231365,1.782726,1.666728,1.66195,1.669209,1.620192,30
752,1.71273,1.812688,1.962127,2.331044,7.188254,3.167486,7.213574,2.794245,7.164982,2.108614,1.683903,1.599583,1.585003,1.580068,1.534156,40
753,1.836911,1.933669,2.18951,2.593032,7.424621,3.398331,7.425884,2.846486,7.34906,2.298876,1.750764,1.69233,1.683688,1.678803,1.624077,40
754,1.760858,1.842872,1.999794,2.361203,7.480854,3.302284,7.5029,2.888586,7.484833,2.068567,1.750091,1.639264,1.648728,1.644388,1.592385,20
755,1.718893,1.793676,2.037069,2.362937,7.253539,3.152959,7.300357,2.719564,7.256792,2.08136,1.654792,1.577453,1.576512,1.576394,1.544302,40
756,1.739275,1.802045,1.994468,2.321234,7.09121,3.186813,7.076059,2.714404,7.09117,2.121959,1.682204,1.618171,1.608668,1.606757,1.557353,40
757,1.735234,1.822485,2.024001,2.331251,7.277131,3.263933,7.30119,2.726455,7.312826,2.14569,1.653299,1.592062,1.592665,1.589712,1.522906,40
758,1.686858,1.826615,2.026477,2.426463,7.30636,3.296234,7.308922,2.719299,7.275939,2.152245,1.682957,1.617686,1.604288,1.602685,1.5594,40
759,1.806313,1.88626,2.047427,2.431383,7.327701,3.389528,7.348186,2.794599,7.331586,2.139582,1.721469,1.648072,1.628004,1.62529,1.569305,40
760,1.72695,1.833608,1.995778,2.431016,7.366319,3.292731,7.370033,2.814132,7.33369,2.184072,1.674075,1.612633,1.610228,1.614846,1.568566,30
761,1.701002,1.765469,1.944044,2.305691,7.402288,3.27576,7.418963,2.650039,7.404974,2.099386,1.68443,1.600581,1.604773,1.604267,1.549996,20
762,1.766241,1.851762,2.11959,2.531763,7.474655,3.371309,7.470813,2.874824,7.486608,2.231469,1.764602,1.705813,1.693358,1.691363,1.632895,40
763,1.729418,1.858676,2.043206,2.401084,7.213536,3.277093,7.237024,2.708376,7.203396,2.169069,1.660053,1.596708,1.592971,1.583808,1.548264,40
764,1.763586,1.874624,2.034955,2.428377,7.250045,3.251475,7.26389,2.835736,7.216066,2.251602,1.745965,1.643512,1.627433,1.623982,1.580703,40
765,1.8287,1.91335,2.0958,2.513537,7.67383,3.401371,7.63409,2.881852,7.68434,2.167451,1.761711,1.678811,1.663206,1.667755,1.609169,30
766,1.788572,1.899673,2.033984,2.43032,7.371873,3.209158,7.383559,2.719503,7.307642,2.097291,1.676878,1.617523,1.61083,1.604986,1.561919,40
767,1.742693,1.881471,2.048804,2.424855,7.238411,3.200146,7.306414,2.791114,7.3177,2.126284,1.703581,1.639329,1.649329,1.638165,1.585516,40
768,1.761625,1.875267,2.08489,2.542971,7.581825,3.53132,7.537616,3.068485,7.581533,2.226241,1.793844,1.653235,1.658612,1.644765,1.593691,40
769,1.794688,1.90079,2.053703,2.424611,7.431663,3.37738,7.447906,2.78435,7.401112,2.196973,1.717073,1.6564,1.637955,1.64597,1.590841,30
770,1.690403,1.823909,2.00969,2.414837,7.359236,3.386535,7.370044,2.768663,7.375482,2.071126,1.673591,1.583371,1.577002,1.56891,1.530276,40
771,1.828341,1.87336,2.032651,2.409731,7.390154,3.409697,7.394605,2.768559,7.356874,2.115731,1.735147,1.644046,1.649575,1.652852,1.591395,20
772,1.680726,1.751856,1.916127,2.331944,7.308693,3.218069,7.320997,2.688387,7.316518,1.986331,1.663578,1.590128,1.588326,1.588301,1.52324,40
773,1.792107,1.906187,2.081058,2.502305,7.492008,3.216799,7.483182,2.878932,7.435939,2.294448,1.850788,1.691814,1.679022,1.688556,1.623607,30
774,1.817708,1.901115,2.112502,2.539027,7.533722,3.435034,7.56191,2.855926,7.528349,2.203649,1.755958,1.672254,1.656343,1.653531,1.59944,40
775,1.844064,1.926962,2.120463,2.513904,7.570676,3.336683,7.572428,2.896913,7.585852,2.221326,1.807218,1.70294,1.710067,1.697719,1.657723,40
776,1.71935,1.781604,1.965764,2.413636,7.322523,3.262221,7.332426,2.715174,7.301643,2.121532,1.670673,1.58553,1.588763,1.577929,1.531234,40
777,1.697399,1.828459,2.013079,2.395455,7.207385,3.107481,7.211147,2.680643,7.207791,2.066122,1.663339,1.58356,1.591643,1.59591,1.547681,20
778,1.691257,1.750553,1.937925,2.332561,7.07636,3.283271,7.06283,2.77111,7.027302,2.054746,1.683447,1.571881,1.564022,1.568406,1.525086,30
779,1.819066,1.913004,2.129754,2.508564,7.322823,3.506728,7.304452,2.835732,7.304502,2.198694,1.745017,1.658174,1.656456,1.661783,1.605047,30
780,1.74332,1.876927,2.065875,2.426186,7.198502,3.306693,7.20884,2.643081,7.212843,2.122142,1.682602,1.629424,1.631568,1.62431,1.560341,40
781,1.700967,1.795092,1.969895,2.326547,7.188858,3.162321,7.202817,2.765082,7.192333,2.085339,1.69631,1.579665,1.571969,1.575318,1.532203,30
782,1.780259,1.867535,2.081955,2.386416,7.527694,3.322392,7.554494,2.807563,7.529701,2.170127,1.709523,1.653489,1.65125,1.655935,1.609819,30
783,1.741159,1.814349,2.036077,2.369592,7.13978,3.284158,7.195404,2.772182,7.163813,2.174066,1.67993,1.617849,1.617011,1.616446,1.568059,40
784,1.856983,1.923859,2.107392,2.540017,7.571318,3.472123,7.568765,3.021671,7.561599,2.269625,1.783172,1.718983,1.703939,1.697054,1.642839,40
785,1.767464,1.846805,2.063369,2.537524,7.509186,3.402112,7.505502,2.864308,7.515753,2.184904,1.719425,1.67875,1.667416,1.658248,1.61469,40
786,1.701971,1.792926,1.972192,2.345875,7.203903,3.422521,7.220969,2.837627,7.19402,2.112258,1.67467,1.58118,1.589047,1.583995,1.535986,20
787,1.807017,1.916868,2.066006,2.49043,7.399269,3.295677,7.389272,2.863525,7.366993,2.168815,1.731558,1.660737,1.659506,1.652442,1.6214,40
788,1.772558,1.877948,2.08461,2.556752,7.274829,3.456204,7.278586,2.833335,7.303953,2.174234,1.70555,1.634288,1.630057,1.624002,1.580976,40
789,1.765075,1.86975,2.077507,2.437184,7.216939,3.191771,7.266743,2.823814,7.244348,2.19773,1.722171,1.648196,1.648367,1.650921,1.609017,20
790,1.828907,1.894296,2.0529,2.444308,7.335028,3.236089,7.282948,2.780865,7.308417,2.21523,1.751047,1.667891,1.673706,1.670071,1.617159,20
791,1.742502,1.830912,2.070452,2.321385,7.276327,3.337446,7.281548,2.78588,7.245309,2.140038,1.714966,1.630827,1.622661,1.633046,1.589519,30
792,1.782209,1.872702,2.081418,2.436309,7.223853,3.313371,7.24718,2.74806,7.215693,2.205938,1.743294,1.661188,1.656827,1.65845,1.62121,30
793,1.714764,1.818702,1.98548,2.376208,7.233394,3.315703,7.226366,2.689581,7.22551,2.086233,1.687795,1.599224,1.589616,1.588981,1.534807,40
794,1.784997,1.895739,2.069086,2.475412,7.341886,3.301569,7.371764,2.818788,7.347128,2.258734,1.750985,1.671313,1.666584,1.670079,1.612711,30
795,1.74502,1.821527,2.07664,2.430381,7.225975,3.211351,7.25885,2.772712,7.250964,2.113516,1.690252,1.61518,1.616512,1.614939,1.571872,40
796,1.762481,1.882782,2.086483,2.500028,7.338558,3.341735,7.330218,2.878618,7.354843,2.177942,1.687486,1.623844,1.616677,1.615955,1.57864,40
797,1.668022,1.791703,1.971573,2.271352,7.010547,3.071761,7.041125,2.67448,7.05263,2.064167,1.603804,1.542548,1.529187,1.537785,1.497444,30
798,1.788703,1.879374,2.028701,2.357582,7.474344,3.229342,7.483696,2.707782,7.419135,2.164439,1.731188,1.638517,1.643057,1.637014,1.57212,40
799,1.743756,1.814673,1.965968,2.331615,7.135128,3.152251,7.153293,2.746892,7.110896,2.088433,1.698414,1.635969,1.624235,1.611398,1.570975,40
800,1.75893,1.879936,2.022565,2.355877,7.529914,3.279567,7.559396,2.779772,7.55294,2.120555,1.698438,1.664891,1.653533,1.644642,1.586302,40
801,1.746993,1.84656,2.000667,2.385806,7.257367,3.250624,7.263622,2.72674,7.258477,2.125052,1.674668,1.613694,1.606465,1.603195,1.54565,40
802,1.848214,1.936326,2.134631,2.564435,7.398531,3.496757,7.405414,2.921844,7.414955,2.215831,1.782798,1.68371,1.681139,1.67732,1.612392,40
803,1.786125,1.911104,2.179149,2.424888,7.70621,3.416421,7.731855,2.887311,7.722191,2.258094,1.756706,1.670358,1.670066,1.651735,1.602289,40
804,1.773087,1.871458,2.019801,2.429096,7.419252,3.268677,7.446947,2.80916,7.430858,2.095545,1.680841,1.613195,1.615797,1.607918,1.542392,40
805,1.769017,1.869701,2.05635,2.329239,7.483442,3.383871,7.517453,2.762589,7.497852,2.135213,1.764067,1.67043,1.664221,1.670551,1.595212,30
806,1.736395,1.84639,2.06258,2.376794,7.155263,3.258995,7.154034,2.609432,7.173848,2.088736,1.718047,1.598664,1.599928,1.601168,1.550168,20
807,1.722791,1.822237,2.029484,2.387295,7.102506,3.294832,7.122234,2.641476,7.104306,2.161456,1.686725,1.596399,1.598428,1.600413,1.537784,20
808,1.754782,1.863673,2.068496,2.465801,7.31264,3.424948,7.326114,2.921608,7.347698,2.229265,1.716441,1.659331,1.662404,1.660152,1.620056,20
809,1.744573,1.863506,2.05685,2.398403,7.372298,3.202512,7.374649,2.791025,7.343505,2.083116,1.712893,1.600914,1.589487,1.576238,1.54991,40
810,1.757512,1.827094,1.937944,2.316735,7.13351,3.160429,7.141492,2.655271,7.139221,2.076002,1.653928,1.602286,1.595566,1.588433,1.51975,40
811,1.722598,1.781871,1.983133,2.332474,7.196996,3.141195,7.210097,2.782945,7.194331,2.090712,1.658762,1.608578,1.602484,1.610421,1.548791,30
812,1.763169,1.865861,2.11371,2.466817,7.301274,3.256676,7.300871,2.799562,7.301866,2.213078,1.733952,1.659527,1.656838,1.652838,1.606087,40
813,1.845676,1.947668,2.088531,2.526227,7.369099,3.407747,7.367628,2.951988,7.331539,2.250454,1.803625,1.696982,1.705986,1.699584,1.639505,20
814,1.667504,1.748262,1.921277,2.298291,7.134158,3.174415,7.125536,2.658794,7.1364,2.033994,1.618095,1.519804,1.529079,1.528031,1.476543,20
815,1.694849,1.767138,1.994592,2.350371,7.131522,3.204905,7.145101,2.739973,7.097118,2.114661,1.672144,1.601982,1.586577,1.589582,1.533351,30
816,1.699041,1.765616,1.990785,2.360077,7.10823,3.17773,7.118212,2.699841,7.103554,2.14799,1.67242,1.611238,1.609976,1.609723,1.557638,40
817,1.77935,1.900117,2.116801,2.467065,7.352766,3.378917,7.375353,2.911997,7.364014,2.21941,1.717084,1.678501,1.665074,1.651738,1.596674,40
818,1.77297,1.879754,2.028072,2.463523,7.313033,3.253664,7.35914,2.962909,7.342492,2.219252,1.72711,1.676204,1.663294,1.651072,1.60955,40
819,1.771172,1.88345,2.028399,2.411438,7.391712,3.39372,7.390948,2.718573,7.381449,2.182742,1.73488,1.639326,1.630336,1.626895,1.571939,40
820,1.829311,1.91181,2.090592,2.529094,7.510686,3.425449,7.5105,2.832958,7.476088,2.188016,1.813044,1.712403,1.701196,1.685456,1.633653,40
821,1.781628,1.904322,2.084915,2.426496,7.272946,3.284361,7.273654,2.777231,7.25767,2.161681,1.719243,1.658417,1.651303,1.652983,1.608242,30
822,1.716594,1.81992,2.028104,2.354838,7.250936,3.225571,7.243251,2.751653,7.231311,2.09457,1.698281,1.610814,1.61262,1.613614,1.566625,20
823,1.743521,1.841621,1.943072,2.322977,7.424966,3.246994,7.43832,2.704646,7.427708,2.118809,1.695763,1.626552,1.624997,1.626121,1.582641,30
824,1.708581,1.77606,2.018964,2.397139,7.488502,3.287001,7.465788,2.666014,7.501757,2.093163,1.66237,1.559256,1.556676,1.552468,1.504281,40
825,1.688184,1.784867,1.95229,2.281181,7.12412,3.127895,7.125819,2.651802,7.083271,2.071682,1.651434,1.565525,1.55573,1.554116,1.513357,40
826,1.702249,1.792692,1.962015,2.298438,6.957239,3.027533,6.946741,2.69673,6.968972,2.1173,1.672805,1.594066,1.593434,1.586915,1.553319,40
827,1.706521,1.756632,1.962793,2.339817,7.098798,3.120471,7.113919,2.713068,7.072493,2.064931,1.628525,1.566498,1.565058,1.568484,1.510218,30
828,1.756223,1.827026,2.063704,2.442344,7.272747,3.312301,7.284765,2.868541,7.299409,2.271121,1.74701,1.668283,1.658234,1.663131,1.618106,30
829,1.73473,1.85212,2.070193,2.449574,7.321614,3.244689,7.338776,2.80854,7.335798,2.235837,1.737615,1.648383,1.635493,1.626897,1.557603,40
830,1.763011,1.869824,2.050614,2.441645,7.399775,3.39525,7.428178,2.714165,7.4182,2.165095,1.691816,1.624155,1.638218,1.631998,1.582403,20
831,1.78271,1.865128,2.055903,2.399355,7.526047,3.307228,7.53666,2.816245,7.490062,2.152719,1.694636,1.618422,1.608538,1.6132,1.570223,30
832,1.675523,1.735747,1.911389,2.29427,7.195038,3.064978,7.213982,2.551303,7.235201,2.051642,1.626992,1.554551,1.570171,1.565408,1.513998,20
833,1.712276,1.790053,1.959989,2.342125,7.195401,3.189575,7.210253,2.662734,7.197797,2.032883,1.661641,1.576093,1.56229,1.556294,1.514466,40
834,1.649914,1.776961,1.928111,2.339804,7.032233,3.158286,7.034392,2.599074,7.053494,2.073287,1.641803,1.571107,1.584802,1.578627,1.528696,20
835,1.725265,1.803535,1.984794,2.296868,7.234656,3.201038,7.209286,2.744553,7.227576,2.054072,1.663431,1.576948,1.580177,1.573493,1.526043,40
836,1.724824,1.817298,2.012417,2.368011,7.010759,3.268133,7.042958,2.790524,7.071869,2.172922,1.711175,1.62412,1.627443,1.613723,1.576478,40
837,1.737178,1.84682,1.999932,2.460779,7.154546,3.3093,7.172624,2.695874,7.137162,2.190901,1.710431,1.620226,1.602278,1.600857,1.55792,40
838,1.847283,1.927321,2.112505,2.437059,7.502896,3.251045,7.50433,3.004367,7.507249,2.256008,1.742958,1.682633,1.684628,1.67428,1.626761,40
839,1.731767,1.828042,1.955797,2.275771,7.217332,3.149566,7.224189,2.628031,7.203022,2.096308,1.704543,1.588745,1.59696,1.600547,1.548173,20
840,1.79319,1.885013,2.061039,2.417029,7.581271,3.319995,7.592423,2.798381,7.564293,2.154889,1.725574,1.653275,1.648769,1.639135,1.604919,40
841,1.730709,1.846557,2.068463,2.390705,7.335109,3.192681,7.350101,2.754691,7.334112,2.200125,1.693024,1.616213,1.623954,1.608879,1.539262,40
842,1.897516,2.009299,2.210399,2.580528,7.470324,3.525635,7.507504,3.13422,7.456314,2.381717,1.792038,1.707443,1.704067,1.702839,1.651011,40
843,1.727014,1.847319,2.026936,2.370876,7.435309,3.361935,7.398481,2.701994,7.435101,2.140885,1.660831,1.584018,1.585552,1.592563,1.546804,20
844,1.774962,1.854012,2.013996,2.354783,7.288357,3.188597,7.28699,2.782085,7.212506,2.119412,1.701084,1.629601,1.626056,1.62069,1.574476,40
845,1.660484,1.734907,1.906855,2.235312,7.054352,3.137573,7.074646,2.597424,7.072464,2.071618,1.681296,1.575739,1.582076,1.566446,1.514713,40
846,1.798548,1.920979,2.080881,2.4367,7.481592,3.356303,7.448067,2.779877,7.449356,2.215562,1.756011,1.638007,1.642461,1.644147,1.583601,20
847,1.71884,1.813676,2.013206,2.405458,7.472836,3.250854,7.47042,2.79371,7.476102,2.134017,1.683675,1.582122,1.582588,1.578064,1.521652,40
848,1.766608,1.855985,2.040524,2.485139,7.416443,3.393517,7.374469,2.831485,7.341211,2.172955,1.749093,1.648725,1.632879,1.636848,1.590416,30
849,1.767466,1.857326,2.031486,2.402097,7.586654,3.393682,7.610434,2.917032,7.591418,2.201839,1.733639,1.663204,1.644844,1.643626,1.6073,40
850,1.733559,1.798764,1.996943,2.359129,7.080915,3.183919,7.125372,2.697895,7.115089,2.103593,1.641322,1.556776,1.552696,1.54757,1.510487,40
851,1.747032,1.845381,2.002355,2.37315,7.373175,3.249487,7.389383,2.730518,7.385102,2.145507,1.705459,1.60477,1.616388,1.617929,1.557691,20
852,1.766535,1.860147,2.085384,2.411158,7.422841,3.336731,7.449118,2.768695,7.439271,2.155412,1.728003,1.635619,1.63283,1.634325,1.58997,30
853,1.696095,1.811171,1.977361,2.338396,7.288948,3.271504,7.312617,2.744284,7.304437,2.088142,1.658478,1.598755,1.573521,1.569891,1.519053,40
854,1.809243,1.881626,2.073275,2.473779,7.551058,3.420744,7.540761,2.887352,7.565716,2.218061,1.754398,1.665106,1.678859,1.670255,1.626033,20
855,1.802558,1.894964,2.027008,2.39279,7.463074,3.349298,7.480484,2.670516,7.427688,2.155106,1.805748,1.66284,1.650151,1.646746,1.596064,40
856,1.827032,1.917788,2.103206,2.488688,7.438517,3.441016,7.455896,2.957049,7.414476,2.215601,1.798902,1.692441,1.685971,1.683384,1.623799,40
857,1.83836,1.987988,2.216691,2.616583,7.517589,3.742832,7.506082,2.845344,7.539979,2.193257,1.68044,1.61729,1.603778,1.605926,1.569374,30
858,1.741444,1.839561,2.022259,2.384901,7.555894,3.294617,7.57253,2.791936,7.472188,2.17136,1.701702,1.632584,1.628818,1.631024,1.582114,30
859,1.774482,1.850192,2.08512,2.455947,7.590092,3.537143,7.6094,2.881686,7.57367,2.187356,1.760322,1.658762,1.656526,1.651096,1.602969,40
860,1.691492,1.794842,2.006494,2.414019,7.117912,3.256353,7.143651,2.739742,7.13856,2.126047,1.638917,1.576274,1.565775,1.569138,1.513321,30
861,1.727625,1.780824,1.929366,2.325501,7.304008,3.171148,7.302885,2.660823,7.272196,2.083224,1.652715,1.58959,1.580135,1.575963,1.537714,40
862,1.692672,1.789931,1.955009,2.29424,7.047942,3.128285,7.037048,2.662978,7.055692,2.116035,1.63518,1.594194,1.582927,1.571005,1.535483,40
863,1.750663,1.8323,2.019613,2.347355,7.458169,3.252146,7.43421,2.793549,7.445783,2.152527,1.741263,1.641685,1.636117,1.632796,1.581412,40
864,1.660918,1.74851,1.955702,2.366463,7.073572,3.18684,7.098964,2.716738,7.101774,2.058776,1.615186,1.540608,1.534847,1.536173,1.501585,30
865,1.743773,1.872532,2.014227,2.421487,7.219598,3.209262,7.248524,2.811419,7.229172,2.177631,1.707254,1.627516,1.626557,1.619445,1.567579,40
866,1.784089,1.883758,2.095043,2.468048,7.512701,3.380494,7.523267,2.922655,7.443321,2.195451,1.76269,1.672003,1.661939,1.662798,1.588938,30
867,1.729238,1.802577,1.978179,2.311524,7.19179,3.170014,7.24561,2.722803,7.248192,2.093631,1.688413,1.599686,1.5994,1.589436,1.539581,40
868,1.790618,1.872721,2.055175,2.369116,7.297329,3.358096,7.277893,2.81009,7.292186,2.140136,1.763671,1.629939,1.635986,1.645034,1.582871,20
869,1.721891,1.823601,2.022281,2.381912,7.166542,3.192364,7.126144,2.646173,7.159461,2.131807,1.674797,1.615608,1.612023,1.612265,1.566161,30
870,1.782631,1.888182,2.057725,2.442191,7.230776,3.296237,7.263703,2.684865,7.262515,2.147979,1.715457,1.635412,1.645259,1.634087,1.577038,40
871,1.730615,1.817803,1.994874,2.384935,7.39802,3.227835,7.426018,2.816766,7.380292,2.195952,1.702782,1.608758,1.625159,1.623778,1.584112,20
872,1.652533,1.789627,1.959675,2.261153,7.092113,3.046125,7.091151,2.69845,7.063544,2.059091,1.585162,1.544283,1.542084,1.541258,1.505869,40
873,1.840645,1.954838,2.174985,2.478324,7.635316,3.397793,7.67429,2.854331,7.623318,2.275617,1.780611,1.705464,1.70126,1.684097,1.646198,40
874,1.644971,1.703922,1.843122,2.163045,7.038554,3.065866,7.050045,2.542541,7.063919,1.910552,1.565169,1.511636,1.510767,1.504393,1.470733,40
875,1.780272,1.88945,2.091204,2.483309,7.562608,3.442136,7.571738,2.808759,7.521422,2.190323,1.752156,1.65577,1.659468,1.654737,1.615636,40
876,1.784337,1.879058,2.092345,2.465342,7.393312,3.424482,7.384493,2.783816,7.366023,2.140468,1.734285,1.650402,1.640253,1.642467,1.591646,30
877,1.763028,1.842507,2.015903,2.422741,7.283052,3.211112,7.264472,2.856583,7.276787,2.237451,1.6898,1.648565,1.641929,1.639755,1.583791,40
878,1.777366,1.833192,2.043657,2.397967,7.57319,3.258057,7.58811,2.807973,7.586862,2.165319,1.693698,1.63512,1.621042,1.632373,1.576986,30
879,1.766644,1.879802,2.069277,2.382012,7.492544,3.23741,7.480166,2.861055,7.477204,2.25053,1.721113,1.638901,1.631914,1.63001,1.589587,40
880,1.818838,1.894106,2.104748,2.498732,7.665543,3.443531,7.712859,2.874329,7.712524,2.268064,1.807045,1.704369,1.691827,1.687911,1.643763,40
881,1.778616,1.867326,2.072877,2.484205,7.508344,3.252171,7.510652,2.826731,7.509327,2.258777,1.722537,1.653717,1.660345,1.654881,1.614873,20
882,1.717298,1.821141,2.003231,2.360279,7.227149,3.168778,7.225071,2.758982,7.236313,2.161356,1.696227,1.607704,1.593056,1.589732,1.543604,40
883,1.763056,1.871007,2.050222,2.440639,7.33177,3.237381,7.394798,2.848548,7.334528,2.137866,1.777113,1.679296,1.673591,1.658183,1.61804,40
884,1.73635,1.815244,2.042276,2.271079,7.444453,3.209694,7.46763,2.676813,7.43374,2.067215,1.656159,1.60456,1.60425,1.599643,1.554694,40
885,1.727573,1.820323,2.023631,2.375861,7.342041,3.174653,7.338669,2.726227,7.338735,2.109002,1.674126,1.611317,1.603162,1.606254,1.564422,30
886,1.693948,1.801627,1.983741,2.350264,7.246618,3.24471,7.213874,2.743736,7.227912,2.159359,1.658332,1.580533,1.581346,1.588001,1.53359,20
887,1.846279,1.931526,2.091996,2.468355,7.539639,3.44719,7.585694,2.853366,7.574733,2.255848,1.777548,1.721854,1.69812,1.700921,1.650707,30
888,1.805478,1.918477,2.094368,2.4363,7.317019,3.491949,7.340846,2.891253,7.304172,2.201874,1.719285,1.659029,1.654796,1.654449,1.604698,40
889,1.788509,1.861216,2.087111,2.393282,7.252496,3.248484,7.279912,2.776291,7.245839,2.150572,1.713231,1.661722,1.656395,1.653884,1.600201,40
890,1.715092,1.817048,1.979265,2.352559,7.155437,3.165592,7.168078,2.779792,7.169902,2.129575,1.662861,1.589675,1.576715,1.576851,1.558654,30
891,1.691497,1.80383,1.980662,2.321807,7.428735,3.318867,7.435448,2.738445,7.381069,2.145323,1.702846,1.603721,1.602303,1.598901,1.545282,40
892,1.798692,1.904563,2.119578,2.453494,7.480499,3.332598,7.506312,2.925413,7.462908,2.274698,1.7254,1.677588,1.660318,1.670195,1.623086,30
893,1.773869,1.901262,2.080102,2.460478,7.57733,3.368236,7.582676,2.870997,7.576777,2.186832,1.733053,1.665218,1.665039,1.668633,1.59023,30
894,1.741978,1.841174,2.019907,2.417168,7.235917,3.328625,7.264444,2.686758,7.239284,2.127487,1.700443,1.58293,1.585247,1.57955,1.537003,40
895,1.869436,1.932865,2.169652,2.548792,7.817992,3.469897,7.806532,2.849429,7.855786,2.336259,1.857219,1.731813,1.730696,1.715168,1.657977,40
896,1.748272,1.842888,2.087638,2.508712,7.420059,3.393161,7.43809,2.818857,7.466655,2.148139,1.730946,1.649531,1.640418,1.636688,1.589455,40
897,1.78727,1.849232,2.059191,2.445694,7.327412,3.241099,7.344241,2.822733,7.260152,2.118313,1.709202,1.636339,1.638983,1.636657,1.585621,20
898,1.839474,1.901301,2.098227,2.476008,7.4407,3.344034,7.477612,2.877492,7.478704,2.171383,1.760162,1.661096,1.674454,1.665086,1.605645,20
899,1.719081,1.807909,1.919733,2.380279,7.025298,3.158229,7.020063,2.701885,6.971523,2.084949,1.655696,1.587766,1.58242,1.575274,1.534684,40
900,1.757879,1.820227,2.063318,2.418727,7.179516,3.372011,7.203362,2.699191,7.177351,2.13951,1.769209,1.643494,1.636597,1.644485,1.572737,30
901,1.81238,1.899653,2.122504,2.635452,7.536226,3.61842,7.559825,2.884631,7.528317,2.248778,1.75024,1.659115,1.656924,1.649828,1.593191,40
902,1.801986,1.898492,2.12497,2.557148,7.368209,3.413157,7.384114,2.715514,7.348376,2.206994,1.726069,1.650382,1.644193,1.636098,1.581193,40
903,1.715371,1.810666,2.03709,2.365143,7.463893,3.218853,7.508538,2.667381,7.490658,2.078673,1.695382,1.577846,1.576845,1.560753,1.517937,40
904,1.654663,1.759179,1.980195,2.406049,7.093966,3.293411,7.09853,2.602356,7.104971,2.081643,1.644036,1.558209,1.555435,1.563468,1.509137,30
905,1.756789,1.924449,2.109468,2.454743,7.631293,3.364416,7.647869,2.818652,7.591656,2.217368,1.710555,1.630052,1.625096,1.626201,1.583231,30
906,1.720112,1.799194,2.012298,2.395779,7.10092,3.245413,7.128206,2.663459,7.095392,2.110605,1.707128,1.613701,1.608193,1.60254,1.542729,40
907,1.744139,1.798987,1.996306,2.305447,7.174665,3.141093,7.196721,2.75305,7.172309,2.140374,1.68858,1.627966,1.623876,1.622811,1.568572,40
908,1.81646,1.903678,2.076322,2.434011,7.346206,3.343598,7.345978,2.843811,7.361114,2.166398,1.752493,1.687237,1.668312,1.665523,1.607294,40
909,1.786142,1.869934,2.100253,2.477838,7.564719,3.362866,7.548424,2.733161,7.557494,2.18462,1.72861,1.66202,1.657375,1.649273,1.608723,40
910,1.703547,1.800289,1.96543,2.313244,7.384326,3.293296,7.40973,2.653258,7.349616,2.015392,1.699981,1.601172,1.584348,1.584688,1.542499,30
911,1.79425,1.877613,2.088165,2.451932,7.35572,3.307497,7.346463,2.808112,7.36702,2.179226,1.731125,1.652668,1.636497,1.635361,1.58498,40
912,1.738626,1.812614,2.056719,2.444335,7.229424,3.249725,7.151406,2.759487,7.227847,2.131399,1.678817,1.609078,1.613176,1.60965,1.574366,20
913,1.765805,1.869652,2.084399,2.411459,7.562165,3.17282,7.570008,2.814239,7.539814,2.166229,1.742282,1.654835,1.634972,1.632441,1.584478,40
914,1.721379,1.821085,2.015641,2.391804,7.198495,3.275252,7.208376,2.607136,7.185676,2.097441,1.626959,1.596605,1.579009,1.58375,1.534109,30
915,1.814743,1.950033,2.137361,2.600932,7.42319,3.564543,7.42585,2.944916,7.416994,2.287557,1.77664,1.69698,1.688945,1.689351,1.635865,30
916,1.764301,1.871503,2.087285,2.423358,7.493842,3.312707,7.492682,2.790874,7.48835,2.250973,1.756286,1.634178,1.641779,1.640172,1.587696,20
917,1.703996,1.800997,2.00556,2.35116,7.432461,3.325055,7.42395,2.862412,7.393163,2.186835,1.692349,1.605063,1.596457,1.599673,1.553688,30
918,1.649976,1.737125,1.918352,2.223302,6.985043,2.956976,6.992494,2.620217,7.012821,2.044285,1.62341,1.553874,1.557187,1.55308,1.512109,40
919,1.753919,1.834265,2.016753,2.409237,7.394062,3.200365,7.39447,2.797988,7.409126,2.130982,1.709498,1.622285,1.622272,1.62709,1.568965,30
920,1.7717,1.88026,2.116599,2.447899,7.531708,3.345797,7.523532,2.802763,7.518469,2.210064,1.771144,1.655872,1.641814,1.64753,1.599997,30
921,1.775057,1.839033,2.001448,2.416781,7.223049,3.292067,7.209202,2.932354,7.231832,2.135619,1.695683,1.614203,1.612803,1.60848,1.562841,40
922,1.808354,1.896647,2.126555,2.426608,7.511596,3.319763,7.496108,2.923764,7.483309,2.238811,1.814746,1.7037,1.694001,1.68516,1.633491,40
923,1.770272,1.847737,1.971838,2.404142,7.038781,3.20162,7.030095,2.926352,7.006078,2.2019,1.702368,1.646798,1.626078,1.632167,1.567486,30
924,1.745606,1.856928,2.087527,2.383027,7.29639,3.388103,7.303956,2.884365,7.268036,2.195733,1.763261,1.648385,1.637761,1.640015,1.588819,30
925,1.703684,1.807234,2.016077,2.420423,7.111255,3.181504,7.115564,2.719967,7.077853,2.069039,1.658812,1.595226,1.581969,1.570191,1.519221,40
926,1.803508,1.905265,2.057898,2.409053,7.411019,3.352275,7.439236,2.831054,7.435465,2.229782,1.710107,1.640671,1.641112,1.6382,1.588064,40
927,1.818849,1.902649,2.068546,2.522709,7.654798,3.514503,7.635152,2.804352,7.637684,2.265745,1.812363,1.699158,1.695689,1.697971,1.646562,30
928,1.802844,1.898089,2.095108,2.508872,7.651879,3.308492,7.682847,2.880207,7.670896,2.203913,1.748799,1.668144,1.662789,1.664155,1.60986,30
929,1.669,1.753303,1.903775,2.243449,7.0404,3.103201,7.103134,2.662806,7.07162,2.01709,1.636227,1.569909,1.562032,1.561195,1.513181,40
930,1.668123,1.796022,1.930059,2.314898,7.265476,3.106568,7.277045,2.652996,7.272644,2.051894,1.662622,1.585851,1.577384,1.574255,1.532349,40
931,1.77713,1.872529,2.054975,2.479495,7.35256,3.327757,7.391608,2.770607,7.366505,2.171679,1.740901,1.671129,1.670665,1.673829,1.602413,30
932,1.66824,1.776818,1.928056,2.311266,7.254378,3.140787,7.267832,2.646883,7.199812,2.100285,1.637425,1.581297,1.5646,1.552697,1.507374,40
933,1.840859,1.941539,2.088509,2.417917,7.506684,3.370425,7.537216,2.909565,7.520281,2.252022,1.787285,1.687665,1.682272,1.683334,1.646036,30
934,1.773705,1.830531,2.047409,2.366663,7.296362,3.347559,7.363409,2.91194,7.314188,2.179718,1.725277,1.653561,1.634408,1.632243,1.595536,40
935,1.77546,1.875707,2.038538,2.49797,7.297003,3.368788,7.304134,2.769212,7.267297,2.155577,1.70225,1.617387,1.620071,1.606724,1.559643,40
936,1.746402,1.844222,2.002359,2.327929,7.339648,3.257272,7.361716,2.723421,7.336184,2.141607,1.678235,1.630736,1.619427,1.617447,1.582837,40
937,1.767496,1.866032,2.036578,2.503148,7.582285,3.380447,7.497386,2.907306,7.573761,2.20803,1.745747,1.68733,1.677774,1.676045,1.625527,40
938,1.864521,1.968216,2.176747,2.57592,7.683385,3.454182,7.707932,2.958439,7.681979,2.278717,1.812686,1.741346,1.718963,1.733149,1.677329,30
939,1.745942,1.854849,2.024428,2.420752,7.240272,3.310268,7.245354,2.74808,7.234147,2.117345,1.657406,1.609552,1.61635,1.610652,1.556428,20
940,1.712627,1.798069,1.960779,2.287005,7.181103,3.112138,7.171368,2.744685,7.150811,2.111726,1.672723,1.59839,1.594943,1.605079,1.553585,30
941,1.729282,1.820013,2.069019,2.492899,7.384387,3.358114,7.418018,2.831993,7.376535,2.141244,1.688812,1.626185,1.615963,1.618183,1.576231,30
942,1.743771,1.849922,2.057543,2.472388,7.266954,3.412296,7.243149,2.842502,7.249522,2.172504,1.764613,1.649061,1.640849,1.630515,1.587395,40
943,1.749841,1.847608,2.049664,2.428217,7.262232,3.242187,7.291227,2.647315,7.269536,2.1402,1.718214,1.649074,1.632194,1.635977,1.587905,30
944,1.700958,1.80719,1.966574,2.303652,7.113188,3.268406,7.138977,2.754076,7.12045,2.058605,1.663312,1.58741,1.571525,1.57457,1.543161,30
945,1.735994,1.821441,1.998201,2.322711,7.283349,3.183716,7.315718,2.701022,7.319866,2.113798,1.692586,1.609182,1.612584,1.610712,1.559043,20
946,1.777232,1.916286,2.071664,2.51265,7.42558,3.374628,7.421965,2.842376,7.425032,2.143386,1.729341,1.63792,1.641391,1.631789,1.579395,40
947,1.721225,1.805815,2.027523,2.370268,7.167283,3.229235,7.13194,2.879152,7.174106,2.200525,1.650655,1.611843,1.596574,1.600152,1.560532,30
948,1.770998,1.849095,2.019846,2.431695,7.573768,3.424899,7.584014,2.953059,7.557123,2.247719,1.770019,1.655999,1.64816,1.643917,1.603649,40
949,1.773457,1.861737,1.992228,2.349235,7.156611,3.282931,7.221269,2.730345,7.203898,2.189733,1.69479,1.636637,1.629108,1.628481,1.576911,40
950,1.672782,1.748139,1.982459,2.348208,7.134928,3.127047,7.146607,2.677855,7.143368,2.067573,1.637,1.561806,1.555237,1.556743,1.498553,30
951,1.735036,1.833445,2.053046,2.485029,7.273237,3.365805,7.271475,2.75418,7.272444,2.07974,1.719817,1.6144,1.615069,1.612195,1.561306,40
952,1.788824,1.883154,2.058108,2.429349,7.443886,3.320983,7.470617,2.79561,7.477003,2.175122,1.705074,1.636374,1.629708,1.634374,1.57325,30
953,1.727484,1.831292,2.010343,2.391771,7.002434,3.191668,6.993948,2.60646,6.993332,2.061291,1.673585,1.615776,1.601488,1.608306,1.550108,30
954,1.748744,1.840841,2.013541,2.437143,7.390941,3.326832,7.445788,2.846353,7.432296,2.170341,1.705945,1.636662,1.639695,1.638931,1.582304,20
955,1.726294,1.797289,1.967089,2.365222,7.105692,3.206847,7.102168,2.740098,7.058382,2.091495,1.653946,1.580677,1.583899,1.582804,1.52798,20
956,1.712843,1.786628,1.919056,2.372441,7.024814,3.225356,7.047466,2.726833,7.042096,2.104823,1.677218,1.619112,1.595202,1.602363,1.551855,30
957,1.720081,1.815616,1.981024,2.36655,7.261544,3.236534,7.258078,2.695777,7.208826,2.117302,1.683187,1.60021,1.589132,1.589669,1.559893,30
958,1.727239,1.832104,1.990604,2.339109,7.206019,3.178482,7.236165,2.72582,7.225722,2.098877,1.669614,1.579903,1.573093,1.570374,1.532079,40
959,1.70616,1.831384,1.981059,2.399244,7.227005,3.17232,7.270022,2.722043,7.231935,2.132761,1.668576,1.598525,1.595709,1.591435,1.548205,40
960,1.771298,1.896326,2.08519,2.476965,7.329228,3.386851,7.355524,2.883783,7.335244,2.217366,1.744616,1.651393,1.643795,1.641985,1.591984,40
961,1.763832,1.884523,2.093004,2.417424,7.456162,3.400637,7.489414,2.934958,7.485881,2.145551,1.74505,1.650109,1.645196,1.65089,1.603593,30
962,1.763273,1.876669,2.066619,2.409462,7.405343,3.212066,7.44864,2.814072,7.393534,2.168241,1.754547,1.645347,1.642876,1.63382,1.587384,40
963,1.7477,1.860127,1.999339,2.314551,7.371691,3.273455,7.404265,2.769334,7.391586,2.165426,1.70682,1.650982,1.636788,1.643646,1.587141,30
964,1.803899,1.924384,2.133635,2.481797,7.317376,3.356922,7.315802,2.825794,7.281129,2.186459,1.7889,1.674655,1.666094,1.666004,1.617427,40
965,1.785721,1.859918,2.107975,2.451941,7.383318,3.401121,7.399266,2.892757,7.419413,2.155109,1.691541,1.625611,1.62416,1.631354,1.57675,30
966,1.784824,1.880454,2.065112,2.445308,7.368234,3.266673,7.373152,2.802993,7.353984,2.195151,1.706034,1.642932,1.645395,1.641355,1.588717,40
967,1.788999,1.885358,2.122321,2.465447,7.613839,3.394769,7.638855,2.904451,7.646304,2.251904,1.753104,1.651352,1.654857,1.659335,1.594155,20
968,1.796669,1.948046,2.093225,2.400156,7.391575,3.323011,7.397463,2.857229,7.328213,2.21363,1.748202,1.665808,1.65244,1.654456,1.598875,30
969,1.71567,1.792064,2.051788,2.397358,7.400244,3.243482,7.405082,2.836848,7.407715,2.164519,1.695437,1.613815,1.604809,1.593309,1.559188,40
970,1.779546,1.821911,2.0526,2.412192,7.272691,3.435125,7.287122,2.821476,7.248172,2.073115,1.725422,1.656881,1.656361,1.646552,1.579796,40
971,1.877004,1.997674,2.146639,2.644275,7.737061,3.524994,7.714502,3.126004,7.661975,2.366802,1.809294,1.728508,1.720953,1.719165,1.661777,40
972,1.809493,1.887416,2.076014,2.526784,7.633818,3.322761,7.653939,2.9688,7.599101,2.313474,1.74838,1.691858,1.694055,1.692612,1.64049,20
973,1.787663,1.853662,2.102884,2.376753,7.544336,3.359479,7.536554,2.929142,7.53243,2.163717,1.780238,1.663236,1.662688,1.660057,1.608296,40
974,1.770614,1.874068,2.094007,2.509903,7.420952,3.508308,7.429398,2.837836,7.402176,2.143977,1.728793,1.632054,1.616638,1.613485,1.577708,40
975,1.732241,1.804118,1.952806,2.344231,7.15106,3.219588,7.163142,2.701023,7.162832,2.072164,1.681781,1.629058,1.61471,1.613684,1.566299,40
976,1.703048,1.797007,1.972036,2.366389,7.188502,3.251162,7.199468,2.651015,7.181277,2.116357,1.627359,1.556852,1.564316,1.572992,1.509804,20
977,1.659314,1.736696,1.931286,2.229492,6.822095,2.998765,6.853621,2.560437,6.813216,1.990425,1.594883,1.523204,1.528742,1.522235,1.468572,40
978,1.796553,1.862539,2.017542,2.463477,7.40772,3.348788,7.44027,2.734766,7.376657,2.154238,1.691243,1.627466,1.630693,1.633144,1.582765,20
979,1.767452,1.852219,2.01468,2.36669,7.41237,3.196888,7.43439,2.768011,7.363954,2.084648,1.683562,1.634906,1.622651,1.623102,1.582242,30
980,1.801375,1.877596,2.079635,2.477487,7.438161,3.379978,7.428053,2.871316,7.389673,2.179224,1.774948,1.674143,1.657738,1.660998,1.620156,30
981,1.748354,1.862939,2.033046,2.394399,7.21366,3.222099,7.232538,2.77872,7.244617,2.088066,1.714578,1.648072,1.635887,1.620145,1.581291,40
982,1.622748,1.695762,1.904672,2.191888,7.237532,3.106687,7.252564,2.65708,7.226877,2.029321,1.560388,1.499382,1.499206,1.503217,1.468346,30
983,1.837353,1.908583,2.103507,2.487185,7.606688,3.419799,7.61917,2.901433,7.615509,2.293318,1.809561,1.72308,1.715397,1.711736,1.666151,40
984,1.747692,1.880607,2.04738,2.509652,7.389299,3.440011,7.395632,2.818131,7.354732,2.090838,1.689776,1.634077,1.629785,1.627613,1.587733,40
985,1.741599,1.871696,2.072289,2.413429,7.446209,3.345181,7.463519,2.699729,7.430093,2.134328,1.709661,1.645179,1.640224,1.636386,1.587412,40
986,1.752725,1.847333,2.027528,2.374911,7.18257,3.343422,7.17369,2.842746,7.164433,2.248301,1.72548,1.647096,1.648919,1.646504,1.593919,40
987,1.772338,1.885691,2.101775,2.402841,7.288333,3.287589,7.28118,2.806849,7.276147,2.127645,1.693637,1.643147,1.616041,1.624136,1.589659,30
988,1.713215,1.8162,2.004163,2.391265,7.212431,3.286509,7.216162,2.762969,7.23082,2.127417,1.689277,1.643389,1.634643,1.64051,1.580548,30
989,1.862112,1.932058,2.147351,2.553697,7.654713,3.660885,7.663615,2.967039,7.630704,2.253532,1.777575,1.718453,1.715054,1.717492,1.664062,30
990,1.801002,1.89505,2.141242,2.523014,7.381062,3.420037,7.405611,2.926819,7.379333,2.216387,1.782048,1.667646,1.665211,1.648094,1.619436,40
991,1.719629,1.822176,1.969412,2.446703,7.371876,3.372248,7.410238,2.797858,7.377538,2.158367,1.691238,1.61989,1.625541,1.629379,1.560807,20
992,1.698126,1.816638,1.965899,2.324053,7.061781,3.130101,7.10404,2.721846,7.102187,2.179063,1.688834,1.58619,1.578444,1.579485,1.536228,30
993,1.756126,1.880362,2.11093,2.419999,7.225713,3.210564,7.258775,2.845074,7.255019,2.155547,1.715571,1.629816,1.629599,1.617879,1.5622,40
994,1.71476,1.825316,2.014545,2.409449,7.52095,3.28042,7.526168,2.915755,7.489238,2.146418,1.686727,1.617311,1.619281,1.615424,1.548938,40
995,1.677859,1.793119,1.991207,2.343773,7.240644,3.236614,7.241027,2.618812,7.234104,2.036447,1.609536,1.551082,1.548124,1.540784,1.491182,40
996,1.72971,1.834388,2.043708,2.396341,7.361497,3.182083,7.322113,2.754606,7.350964,2.139291,1.685342,1.631217,1.628585,1.624154,1.553012,40
997,1.70492,1.801008,2.035371,2.472546,7.463692,3.547476,7.456304,2.816836,7.391141,2.192192,1.678381,1.60564,1.597333,1.582174,1.546533,40
998,1.77621,1.818764,2.023779,2.369154,7.204114,3.297508,7.219106,2.887169,7.16308,2.193371,1.728113,1.633712,1.623127,1.626409,1.570899,30
999,1.806113,1.938772,2.089794,2.57419,7.50616,3.42189,7.538519,2.861381,7.509153,2.307774,1.790372,1.655416,1.659867,1.667395,1.62371,20
