instance,-40,-30,-20,-10,-5,-2,-1,1,2,5,10,20,30,40,best_k
0,2.9317,5.4671,6.0879,22.9225,240.5899,45.3726,253.6065,41.4241,243.8441,17.4692,2.184,0.9444,0.5777,0.5777,30
1,4.6569,5.9596,8.2792,19.4262,228.5027,39.0736,240.778,34.0576,235.9045,17.0467,1.7033,0.6373,0.5169,0.5169,30
2,1.7287,3.6167,10.5834,19.0822,225.3108,54.5486,259.9307,49.2415,256.6621,21.7062,1.4388,0.8981,0.65,0.9549,30
3,2.9154,10.6177,18.4115,28.05,254.2799,57.5479,263.8379,44.5785,242.7964,22.0409,0.6953,0.6953,0.6953,0.6953,20
4,2.3272,4.6451,7.1562,16.4084,245.3863,42.5617,253.7488,29.9278,238.4609,15.9008,0.9123,0.8878,0.7288,0.6059,40
5,2.1076,4.5038,10.5867,21.2353,244.306,53.422,247.9436,35.7713,237.899,13.0398,0.4263,0.4263,0.4263,0.4263,20
6,5.3001,7.6627,10.4489,21.84,266.8409,39.2401,269.3421,38.7804,255.577,20.2614,1.8351,0.6013,0.6013,0.6013,20
7,2.809,6.6042,14.1871,20.5164,248.5471,44.5085,255.233,32.1742,237.6127,15.6113,1.539,1.0129,0.463,0.463,30
8,4.0255,6.667,12.4691,34.8555,222.3405,62.6156,277.5862,46.4861,254.5086,16.6983,2.1002,1.5594,0.776,1.0505,30
9,2.6317,3.2705,7.3222,18.8414,252.504,51.7983,272.0302,32.5843,253.2879,13.9515,0.5267,0.3464,0.3464,0.3464,20
10,3.9662,5.5676,13.5819,30.3021,240.4535,58.7841,262.0519,38.1517,250.5515,19.5095,1.8753,1.1667,0.3371,0.4114,30
11,3.4048,4.1162,12.107,19.6257,225.2513,45.6357,248.0881,33.6051,230.4157,11.7022,1.9575,1.4239,1.606,1.0474,40
12,3.5691,7.383,10.8225,21.8819,257.2223,51.8643,269.5168,39.1038,259.3244,12.0802,2.7654,1.9771,1.0295,1.0295,30
13,3.5624,8.5614,18.6818,27.6851,233.4871,58.0003,255.5276,31.4676,246.9712,15.6806,1.1121,0.7044,0.3817,0.3817,30
14,2.4484,4.7492,12.812,21.0645,261.4281,65.8533,275.7431,39.0933,258.5049,14.7661,1.0562,1.0197,1.0197,1.0197,40
15,6.639,11.2741,12.1576,23.1999,271.3436,73.2361,282.8395,44.8738,254.6339,21.3823,2.3902,2.1312,1.0839,1.9337,30
16,5.5048,6.7886,12.5719,20.3525,244.0495,53.2329,267.7238,38.1453,251.9756,18.3487,1.7224,1.4296,0.3427,0.3427,40
17,1.6146,5.981,12.544,18.3739,225.7155,41.3307,231.4602,26.3941,220.1266,12.4666,0.6915,0.6821,0.6821,0.6821,20
18,4.1891,6.4914,11.9558,23.0571,257.4584,48.9631,263.8147,41.4532,253.2405,17.9952,1.6764,1.2397,1.671,1.5753,20
19,2.7305,4.235,13.207,18.858,237.7756,46.1498,246.2221,40.7962,233.1759,13.1005,1.213,0.7436,0.5149,0.515,30
20,3.3144,7.4424,8.412,14.0141,253.9225,36.6642,261.5513,40.5662,258.6432,16.2238,2.596,1.257,1.0931,1.5548,30
21,2.5994,4.668,12.5773,18.4569,230.5756,60.3948,242.902,40.5063,224.8207,16.7424,1.3326,0.1101,0.1101,0.0159,40
22,3.5793,6.2005,8.9718,20.2801,237.4234,48.2908,243.7624,33.0396,237.8697,15.8626,0.5711,0.3986,0.3986,0.3986,30
23,1.7215,5.1608,11.5762,21.3416,238.378,44.0879,246.0569,32.1902,221.5504,17.5531,1.5215,0.6416,0.6416,0.6416,40
24,6.4267,7.8046,10.4999,27.2443,247.6556,48.26,249.1447,34.835,239.6798,16.8405,1.3118,1.7249,1.526,1.1583,40
25,5.1776,7.2876,13.6158,27.1961,241.32,53.7929,265.4114,55.4192,246.4061,15.5018,1.6875,2.1273,2.1539,2.0787,10
26,4.6929,4.9116,10.635,24.7424,243.1312,60.7788,266.4296,41.8134,257.7671,15.779,4.5198,1.9027,0.6157,0.7921,30
27,1.8679,6.9998,13.5522,21.6084,250.2419,50.3026,253.6683,38.6921,252.2096,10.199,0.909,0.1736,0.1736,0.1736,20
28,5.5234,7.5092,13.0733,22.78,242.5909,52.5266,249.0648,40.2727,234.7434,19.8806,3.1685,2.7947,2.7697,2.5184,40
29,3.7751,9.6119,12.4949,21.6847,230.2393,53.472,240.2737,33.7605,228.7825,12.8287,2.1718,1.2714,1.2714,0.9569,40
30,4.811,5.2933,9.4151,19.1231,248.0472,44.6689,279.3309,41.2201,263.1299,11.7824,1.7695,1.0992,1.0943,1.0684,40
31,2.1475,2.9933,6.6045,15.2282,241.8151,36.8131,244.5054,38.0548,230.2753,11.5159,0.1258,0.1258,0.1258,0.1258,20
32,5.4231,7.5851,11.6181,23.7477,237.4112,47.9344,251.6265,39.872,240.4494,17.2048,1.6644,1.1784,1.1784,1.1784,30
33,4.0026,5.7785,8.9186,19.021,245.6984,53.0972,250.4684,38.9765,248.3802,17.5478,1.3906,1.7721,1.7371,1.6093,10
34,2.1833,6.2197,11.043,24.3151,228.509,53.7469,257.9015,36.938,245.9905,20.7348,0.962,0.9258,0.9258,0.8649,40
35,2.2967,5.1429,9.446,23.0872,241.199,44.1326,275.7304,30.8115,276.2165,7.8564,1.6631,0.937,0.742,0.9007,30
36,4.368,6.0213,11.8223,20.1675,241.6824,50.9147,249.3758,38.6801,240.5351,11.0839,1.8909,0.5966,0.6424,0.6424,20
37,4.6492,7.6831,11.0764,18.3363,246.5253,48.2534,254.1235,34.8031,245.1018,17.4094,2.2424,1.1029,0.6831,0.7283,30
38,3.6882,4.5353,11.4976,27.4657,240.8463,55.0796,252.5894,45.8314,231.7921,18.0115,0.9657,0.7653,0.844,0.764,40
39,4.3633,9.8502,9.7467,20.3638,239.5868,48.5701,243.9719,37.5364,233.1994,16.872,1.0568,0.4832,0.4359,0.4359,30
40,1.9282,4.2432,10.5267,23.4872,231.3079,42.7861,243.9549,30.7543,234.8829,13.216,1.6773,1.2943,0.4027,0.4027,30
41,1.4686,2.258,8.9114,22.6728,248.3877,52.0453,263.8871,32.6936,248.6665,14.2331,0.8043,0.2218,0.2158,0.2158,30
42,5.3656,5.1838,10.0789,19.3877,226.395,45.2093,255.0651,31.5404,247.6523,12.7257,0.8773,0.8463,0.5812,0.5505,40
43,2.0662,4.4878,9.0388,22.3886,244.8133,42.932,266.3559,45.6283,250.866,17.3269,1.3878,0.3792,0.3792,0.3792,40
44,1.4212,3.6909,8.0415,17.2201,230.5313,48.9312,230.8941,38.3997,235.586,13.575,1.3288,0.7032,0.7032,0.7032,20
45,2.6833,6.6153,8.4106,14.1357,240.4679,47.6847,257.9655,36.3714,248.6951,13.7651,1.0061,0.7129,0.7129,0.6284,40
46,4.459,5.2895,10.5162,23.4074,247.9477,53.6825,250.2007,37.0589,240.0266,15.7113,1.7849,1.2366,1.2416,0.9263,40
47,3.0543,5.6618,13.805,27.6069,241.5978,50.8063,243.7652,35.4038,230.6364,15.3899,0.7132,0.7057,0.892,0.8366,20
48,4.8242,6.1294,13.792,19.5434,220.2214,50.5465,261.6876,43.5201,242.9714,18.8303,2.3924,0.9768,1.272,1.4175,20
49,2.3202,6.8845,10.6296,25.0452,259.0225,64.4906,278.0473,36.2778,264.4958,14.5417,1.5074,1.5635,1.5635,1.5635,10
50,2.9715,5.8951,14.3057,20.2021,258.2079,57.9352,270.7683,41.7438,255.7983,17.6778,2.2393,1.6103,2.2112,1.8572,20
51,1.4082,3.4805,8.5752,23.7265,229.3173,52.3015,240.5051,37.1877,234.1875,17.1797,0.8749,0.6657,0.6944,0.3688,40
52,2.9775,6.0175,7.69,19.2205,232.0448,49.9043,239.0128,35.646,235.3733,14.2198,1.0738,0.4258,0.3827,0.3827,30
53,4.6953,5.8262,9.1435,20.9657,242.8325,60.4436,253.0151,38.1936,248.2898,14.1872,2.2096,1.0121,0.7197,0.8661,30
54,4.5361,8.8147,11.8925,18.5144,256.7452,50.4118,269.2742,47.2657,253.9405,16.0906,1.8631,1.3464,1.3464,1.7077,20
55,2.567,3.7099,9.9979,14.215,225.8345,42.788,237.2977,33.929,224.2362,10.6347,1.816,0.4054,0.1743,0.1743,30
56,3.0473,6.9789,9.9308,18.2531,248.2072,56.0749,285.9992,36.5404,272.4076,19.3857,2.2721,1.2957,1.8713,1.6927,20
57,2.3792,2.6992,8.1107,14.9327,232.5207,47.8402,237.2474,44.0656,233.9962,11.4329,1.6333,0.2053,0.2053,0.2053,20
58,4.069,4.7764,9.3931,25.886,257.0599,52.5272,268.1217,38.6182,259.7339,16.7404,1.1092,0.3847,0.2584,0.2584,30
59,2.9142,5.867,8.6342,19.9295,246.7359,37.3856,256.6221,38.3513,248.6575,13.4478,1.0763,1.0344,0.6688,0.6688,30
60,3.9394,4.3439,13.3057,24.1941,245.5397,48.0679,282.9124,42.9837,259.8411,18.8619,1.1384,0.8384,0.8426,0.8426,20
61,2.3519,4.9385,8.4997,19.5661,248.1561,42.0483,255.0512,41.7823,249.8624,16.19,1.8831,0.2824,0.2824,0.2824,20
62,2.292,5.3579,12.4065,18.9294,267.6531,53.7747,271.0801,34.2986,248.0114,16.9299,1.103,0.4112,1.2604,0.4112,20
63,1.1103,4.6404,11.1705,15.7056,230.1595,46.9072,233.8066,40.3838,226.6026,19.4085,1.3853,1.2687,0.2754,0.4485,30
64,2.2659,6.8878,12.448,23.185,266.6405,49.6305,264.8598,46.1873,265.9693,19.1109,1.6353,0.6851,0.477,0.4636,40
65,3.106,4.1198,9.8801,19.8321,253.6489,43.0221,281.6504,40.2162,269.0605,15.6834,1.2341,0.8852,0.9517,0.9517,20
66,3.185,3.3127,11.4835,27.6037,233.8126,52.9177,240.6925,39.6016,229.6577,17.5569,1.6902,1.1344,1.1344,1.0455,40
67,1.9207,3.539,9.8748,24.9884,260.2508,67.1862,267.8524,40.6218,249.3623,12.1846,0.6859,0.4907,0.4907,1.0217,20
68,2.6049,5.0281,8.953,21.265,222.6942,41.6269,230.8632,27.1011,219.5252,11.7622,1.4841,1.1419,0.7767,0.7437,40
69,4.8209,7.2799,13.5698,26.3075,254.621,59.2868,283.8896,36.5625,255.5254,12.5467,0.9832,0.1193,0.0437,0.0437,40
70,6.1389,9.5862,10.0882,27.8628,230.0884,54.2966,255.8864,39.0767,253.9174,16.1483,1.902,1.5665,1.5716,1.6257,20
71,2.3796,3.6055,11.7373,18.6485,245.9909,48.5068,272.7393,37.8833,252.0192,16.0683,1.1632,0.4749,0.4749,0.4749,20
72,5.7409,7.1872,12.693,21.9759,248.5785,40.4875,256.0051,41.3807,255.6241,17.821,1.036,0.675,0.675,0.6534,40
73,4.5289,8.1591,11.0527,23.4035,257.4544,59.754,284.8672,41.8772,270.175,17.5897,1.1341,1.1553,0.6622,0.9274,30
74,2.2454,5.806,9.9935,11.75,249.8673,60.9252,262.764,39.1998,251.211,15.8071,1.8779,1.2618,0.1866,1.0333,30
75,1.9116,4.932,7.974,14.5643,220.0025,44.2324,244.8743,29.1971,236.2208,10.1861,0.8616,0.4574,0.4574,0.4574,20
76,2.9916,5.2382,9.2645,20.0915,205.3523,45.5407,228.539,41.7825,222.8292,13.735,1.4022,1.0629,0.8551,0.5661,40
77,4.1182,5.0239,6.7417,15.7248,224.6339,41.0897,235.3187,39.5632,221.4846,15.8271,1.3574,0.4639,0.8396,0.5544,20
78,2.0688,4.0218,5.0398,21.5042,240.4335,57.1243,249.3877,40.8394,239.7322,13.8173,0.8169,0.4309,0.1885,0.4164,30
79,2.1298,5.2619,7.4981,16.2165,268.2827,60.3268,278.6754,41.079,265.4095,13.6769,3.7403,0.8246,0.5444,1.4187,30
80,3.6515,9.4176,11.8473,17.6839,238.0071,53.0336,262.5073,40.2504,253.8541,12.8564,1.852,0.8855,0.1035,0.1035,30
81,2.763,6.4263,9.1582,22.1124,225.179,44.1074,241.677,41.3791,234.392,15.1409,1.1308,0.5087,0.9032,0.6214,20
82,4.2876,7.3934,12.4901,21.272,246.6735,44.5053,271.3564,41.4006,259.0373,14.7272,0.9867,0.4608,0.4608,0.4563,40
83,1.1929,4.2402,9.4427,17.2514,255.464,37.0308,262.882,33.3371,256.0261,18.394,0.4153,0.4939,0.4901,0.4901,10
84,2.4238,4.8509,9.1918,21.5655,250.4158,45.2687,253.6787,32.5104,244.2344,17.1866,0.9564,0.6228,0.4754,0.0605,40
85,3.0091,5.3441,8.0873,22.5967,257.9011,51.4747,272.1604,42.6842,265.5106,16.6746,1.2351,0.6599,0.5871,1.2312,30
86,2.6273,7.1295,13.152,25.6586,255.2015,54.2675,264.5387,43.6905,258.919,19.2889,1.2506,0.5501,0.5501,0.5501,40
87,2.6417,6.1512,10.687,20.5604,229.0163,50.6272,237.8291,32.1429,228.1492,13.5831,0.6019,0.8164,0.8164,0.8164,10
88,4.7992,10.5189,13.5658,28.0752,250.9819,63.8966,268.6685,39.1416,257.3014,17.8357,2.6313,1.6892,1.5991,1.5991,30
89,3.8891,4.5045,9.8029,21.6514,273.5883,44.0841,288.6478,42.3242,275.3184,16.1565,1.2903,1.0701,0.6539,0.6539,30
90,0.9698,4.8523,7.5968,19.4721,225.4393,42.8691,235.022,38.5406,227.9332,12.2609,1.7407,0.7824,0.7824,0.7824,20
91,3.109,4.4754,10.3223,21.6932,239.21,48.8842,254.257,41.7921,243.3878,17.2403,2.4356,0.2899,0.2899,0.2899,20
92,4.3972,5.7851,10.9638,22.7688,234.4785,51.5359,253.6422,36.8781,251.4422,14.6689,0.9591,0.2664,0.2664,0.6479,20
93,3.5952,7.9838,13.1856,20.9947,240.5746,47.0143,270.6588,42.2933,261.7565,17.7822,1.9513,1.2037,1.1529,0.9673,40
94,2.0904,1.7129,11.0153,24.094,242.7459,43.0908,254.9948,40.8221,246.9972,15.6492,0.5367,0.4336,0.6376,0.2615,40
95,2.3538,3.7794,8.87,24.3879,234.0249,49.1108,255.0786,36.7652,247.1497,11.9038,0.3075,0.3075,0.3075,0.453,20
96,3.616,8.9535,14.1894,30.3661,243.4436,48.0585,257.2228,41.6975,247.9293,21.6969,1.0299,0.9866,0.9866,0.3087,40
97,5.4156,8.9407,14.8762,25.2008,267.2916,38.3401,283.4457,34.5648,263.4501,15.5163,2.3432,2.141,1.135,0.4939,40
98,4.4141,4.191,9.4815,20.0373,240.4751,46.9328,252.7012,37.1161,236.4397,18.3047,1.6703,0.9493,0.9493,0.5561,40
99,3.4868,5.5302,8.5059,17.9467,253.5524,36.2469,275.6653,37.0054,261.8002,16.0601,2.0274,1.2257,1.5199,1.4846,20
100,3.8845,7.2125,10.1062,20.7203,253.6834,47.7692,253.8335,39.2169,234.2279,15.1396,2.3501,1.2288,0.8879,0.9321,30
101,2.8505,3.3353,12.8095,20.1952,271.2822,46.9132,278.926,37.6907,262.0935,16.5862,2.1144,1.3155,0.5958,1.8513,30
102,1.5313,5.8859,10.2581,20.2259,268.1317,49.434,271.237,35.3992,253.6148,19.8842,1.5968,0.4215,0.4215,0.4215,20
103,7.1379,8.2867,9.5715,16.0872,263.2863,40.0755,276.3039,41.0562,261.278,14.1626,1.0148,1.3618,0.9246,1.2833,30
104,2.8538,4.2961,10.3947,21.8163,253.9878,55.7087,262.7451,36.9687,251.6014,19.2804,1.2682,1.6261,1.4748,1.4748,10
105,1.3353,3.4453,4.1924,15.452,239.8072,33.0147,254.7415,32.7828,242.2469,8.5642,1.0101,0.5613,0.5494,0.4868,40
106,2.0158,6.0756,14.9004,22.5909,252.551,58.4266,266.6242,37.5562,258.5916,16.1501,1.4662,0.9169,0.6924,0.6793,40
107,1.3699,2.627,10.0257,18.9245,253.7376,51.1856,277.8507,37.4764,259.3926,17.4815,1.5289,0.8903,0.9772,1.2521,20
108,4.6896,7.2632,11.2895,20.515,232.4012,55.1971,238.3442,38.9895,234.9288,18.4899,2.073,2.2804,2.03,1.557,40
109,4.0831,4.2542,12.4119,29.4464,257.6898,51.153,279.6097,46.8899,268.439,18.9613,1.3143,0.6987,0.8784,0.8784,20
110,3.4058,4.7452,9.8231,19.1084,244.1403,57.1214,253.4974,37.873,237.1174,12.9956,1.0487,0.9904,0.9634,0.6493,40
111,4.7799,7.8362,14.9546,31.8305,267.082,56.6327,273.0653,52.282,250.8167,16.1562,0.8354,0.3544,0.3544,0.3544,20
112,4.4179,6.6718,13.4656,22.5666,238.6581,55.166,244.8187,37.2936,240.3282,12.4842,1.8163,1.6177,1.3665,1.6139,30
113,2.8668,4.8911,8.7915,19.4596,250.1752,58.3799,260.9604,35.1852,245.2756,13.2786,0.2067,0.2067,0.2067,0.2067,30
114,2.9596,9.4045,12.175,20.9827,244.9733,48.7397,264.6582,24.9722,249.7862,15.2074,0.9741,1.1207,1.1207,1.1207,10
115,4.1611,5.4304,10.156,16.9763,243.2547,43.7834,250.0679,40.2085,247.1826,8.9595,1.6961,0.8247,0.8247,0.8247,20
116,5.1651,8.2721,12.093,20.4235,245.4063,48.2907,273.1169,40.3595,263.3847,19.7635,1.6796,1.674,1.6128,1.2495,40
117,6.2283,8.5549,11.2526,22.2235,255.3815,49.8991,273.9472,34.7925,242.0659,19.9435,1.5552,1.6958,1.7231,1.598,10
118,3.6469,6.2998,10.3099,16.399,241.5283,53.3205,291.1963,35.9513,262.8359,18.5681,2.0662,0.4616,0.4413,1.0197,30
119,6.4187,6.3983,8.5711,22.0167,253.2086,54.9416,265.323,31.3565,250.1761,14.6761,1.2155,1.722,0.7189,0.4254,40
120,4.9758,6.8198,13.3788,20.8888,267.8356,62.5841,271.2294,40.6135,252.0195,18.284,4.045,3.281,2.945,3.2327,30
121,1.2404,2.8895,9.3437,18.871,228.3201,51.2896,249.1382,32.7604,245.2143,12.039,1.16,2.1763,0.1905,0.1905,30
122,2.2821,4.1915,8.6694,21.025,234.5017,47.3468,241.1567,40.0585,232.1104,15.099,1.9741,1.1204,1.211,1.211,20
123,2.1305,4.1604,9.1795,14.2735,256.115,46.1077,274.9777,37.9483,254.1398,14.8678,1.6697,0.4431,0.4431,0.4431,30
124,3.0598,5.5042,10.0852,15.6071,261.0082,58.7188,273.1469,37.3353,249.6436,15.1121,1.1907,0.8341,1.0287,1.6856,20
125,3.3982,5.1152,7.0445,17.9734,256.5838,45.4651,260.7173,32.2998,248.7904,11.7623,0.2346,0.6888,0.6888,0.6888,10
126,2.2416,6.0652,11.9553,25.6029,254.1341,53.1901,263.8955,41.3712,251.1918,15.6402,2.0728,1.4974,1.3989,1.5472,30
127,2.0385,3.523,11.5379,19.2417,247.7332,54.9211,251.9529,45.0003,233.0336,17.6358,2.8309,1.8274,0.6568,0.6568,30
128,2.6416,5.2139,5.5538,17.1717,218.0995,45.6307,227.5906,29.3635,218.8444,10.967,1.0177,0.6677,0.8699,0.8699,20
129,5.2094,5.6455,13.6224,23.5497,243.2875,42.9574,282.6185,37.0891,268.5048,18.7213,2.0651,0.9689,0.8017,0.0,40
130,5.4447,7.7972,12.7443,22.0091,246.4312,43.3318,264.2756,28.4249,250.4882,12.9432,0.8881,0.0611,0.061,0.061,30
131,1.7225,4.8857,11.9466,22.0013,235.552,48.5529,248.5734,37.0208,240.6327,16.6441,1.3449,0.7933,0.8082,0.5809,40
132,3.6104,2.9655,8.4666,21.6175,223.4288,53.0156,244.9893,39.835,241.5768,15.4015,3.0049,0.6947,0.6947,0.6947,20
133,3.618,5.2064,10.3901,19.9869,236.2674,43.8858,244.1882,40.0517,234.5495,17.0341,1.6963,0.8795,0.9487,0.5566,40
134,2.8948,5.561,8.5819,17.5179,249.503,48.3311,257.3047,46.9451,237.438,11.1731,1.7738,1.4688,1.3345,1.3345,30
135,4.4513,7.4678,10.9251,21.8218,217.3166,55.0249,260.8216,40.9638,249.4446,18.0114,1.6567,1.3349,1.6477,1.6313,20
136,5.0727,7.5299,10.8852,20.0834,241.7618,61.6732,264.1564,42.6554,257.5012,19.4251,1.6598,1.1353,1.0996,1.0996,30
137,5.2741,9.3538,17.4378,29.6221,261.1823,80.0833,282.6775,40.6693,267.498,15.6628,1.8251,1.3064,1.4088,1.4088,20
138,3.1046,5.8943,12.1027,17.1798,237.232,42.238,244.7121,41.5963,227.8725,11.7456,0.9222,1.2366,1.8496,1.3499,10
139,4.3704,5.5476,6.6698,15.4308,234.44,45.8131,250.1198,31.4272,235.5435,15.9114,1.4144,0.6856,0.6657,0.6143,40
140,4.0388,6.9891,12.2246,23.1603,257.8957,44.9301,277.9823,35.2779,247.3876,15.3264,1.4466,0.9677,0.3691,0.7701,30
141,4.759,8.3773,9.8989,17.9781,213.1931,34.9139,253.3124,33.1517,243.2382,12.1768,2.0627,1.4349,1.365,1.3395,40
142,6.2352,9.4729,14.8952,27.0065,236.2357,44.9366,251.0699,25.1049,242.9768,11.5339,4.1377,3.0266,1.9063,1.8668,40
143,2.8459,4.856,12.2673,24.459,247.6837,51.8264,259.4309,36.4297,246.6564,10.5162,3.6763,1.749,1.7021,1.3054,40
144,2.9139,4.0768,9.5707,18.5567,237.6247,47.1344,255.3398,39.6695,232.401,21.8086,0.9242,0.3772,0.8572,0.135,40
145,3.3067,3.8063,7.6705,15.6114,255.4685,45.5148,264.4008,37.7733,259.0093,10.3765,1.1497,0.1643,0.1643,0.1643,30
146,3.5597,5.1787,12.9843,22.2171,231.8445,53.1694,247.616,40.2726,244.4328,17.6504,2.5657,2.029,1.7843,1.7843,30
147,3.4995,5.0629,11.3896,25.8556,247.6049,55.6268,261.535,42.1053,249.9841,14.9086,1.6079,0.9525,1.1253,0.8014,40
148,2.9349,4.8419,12.4116,26.8803,258.6282,61.379,267.0896,37.0326,257.5249,17.556,2.0834,0.362,0.362,0.362,20
149,3.8216,5.9832,10.9649,16.7151,243.8693,50.7017,271.5612,34.1241,254.5902,12.9868,3.0353,0.9022,0.9022,0.9022,20
150,2.7915,7.3815,10.5602,21.3574,250.082,56.6209,267.7201,36.4779,245.1092,15.9387,1.7956,1.1206,0.8115,0.8115,30
151,5.0575,7.7866,13.5146,22.5824,245.1777,45.2573,257.1727,40.6996,251.9925,25.1596,1.8068,0.281,0.3329,0.984,20
152,3.7644,7.4373,14.6154,27.8666,234.9489,60.6068,264.836,42.3396,256.8659,21.0742,3.2547,1.9269,1.5456,0.7043,40
153,4.5102,4.9013,6.7909,19.8633,257.0777,49.4348,261.2956,36.334,240.4025,8.6072,1.7233,1.3483,1.3483,1.3483,30
154,3.5744,4.3344,11.0796,24.5593,248.7343,46.1652,261.575,31.1504,260.3567,17.6634,2.098,0.6554,0.6554,0.6554,20
155,5.3067,8.4958,10.2369,14.6389,246.0045,48.9398,251.204,37.234,242.4109,18.2173,2.6364,1.5991,1.7647,1.7075,20
156,3.9086,7.9839,14.7196,22.3987,264.4562,48.8586,265.2701,33.6219,249.5003,16.5564,3.8055,1.3687,0.7325,0.7325,40
157,4.255,10.7595,12.3919,19.7348,247.6862,48.1844,267.3311,38.1941,254.4172,15.8255,1.6894,1.3419,1.1522,1.0238,40
158,1.371,3.7105,11.0697,19.5858,264.2222,59.4208,270.4932,39.2803,257.9336,10.2833,0.6642,0.2808,0.2808,0.2808,20
159,1.9854,4.7495,8.7296,16.7973,239.7401,63.0823,258.1936,37.0564,240.6062,17.5356,1.019,0.7631,0.7631,0.723,40
160,4.3651,3.9854,11.0697,20.624,227.9539,46.7452,241.6725,37.6259,239.4112,17.9172,1.7798,1.371,1.5603,1.0846,40
161,4.8136,8.0324,15.3892,25.1682,250.2229,51.9928,260.5149,45.5848,253.2797,20.3253,1.7233,1.1126,1.2857,1.2555,20
162,3.978,8.0127,9.8838,17.9278,246.7876,50.4731,260.1936,32.7354,251.3948,16.0833,2.134,0.5449,0.161,0.161,30
163,1.7477,3.9786,7.3211,14.8255,250.8156,52.6988,263.6724,35.9145,256.3689,12.345,1.7022,1.1242,0.745,1.1242,30
164,3.553,4.4125,8.2518,19.8056,253.9109,52.382,271.7252,35.669,251.6262,17.5539,1.2043,0.2867,0.2867,0.2867,20
165,4.4036,5.2936,14.2883,18.2474,236.0112,52.5143,262.2262,34.0229,247.8743,14.7911,2.5612,1.2262,0.6165,0.6165,30
166,2.4042,6.1297,13.6099,19.2569,245.9421,57.5013,252.9179,37.2021,246.1247,16.9404,1.6739,1.3275,1.3275,1.3275,20
167,5.1181,8.446,14.1228,25.673,254.6081,64.2829,278.4895,39.5737,268.0508,19.3962,0.6306,0.4079,0.6954,0.6306,20
168,1.2764,3.0949,9.772,19.0682,242.2959,55.9389,248.8555,41.174,242.4954,13.1443,0.918,0.4975,0.4976,0.3621,40
169,1.19,1.167,6.0926,11.8652,272.0976,53.6313,271.0382,37.8429,268.1367,12.9519,0.3378,0.3378,0.255,0.255,40
170,5.1538,8.6242,13.4145,24.4604,263.8551,51.7776,269.8,37.1022,259.4368,13.8083,1.7646,1.8986,1.2695,0.9468,40
171,2.1978,3.7966,8.8722,22.7081,229.8423,47.2733,250.6681,40.9027,240.507,14.3828,1.779,1.1824,0.5615,0.9125,30
172,3.8425,3.8563,7.6402,15.915,237.0361,47.1433,255.8125,33.2312,239.0415,11.8082,0.5008,1.2587,0.5008,0.5008,10
173,1.7109,3.1308,7.6151,22.9643,259.1792,53.2311,262.8049,35.3392,248.8541,16.5099,0.7878,0.2962,0.2661,0.2661,30
174,3.0606,3.1774,7.1674,21.0933,242.8865,43.7625,257.192,41.3679,229.9509,12.8629,0.6124,0.6124,0.5367,0.6172,30
175,5.6839,8.0379,9.42,13.6673,210.7167,44.7688,247.676,33.3452,233.7952,12.1721,1.502,1.0541,1.0221,0.5984,40
176,2.4642,3.2542,7.8247,18.7282,252.3119,59.8322,265.664,39.6703,260.8309,17.979,2.9237,0.6981,0.9384,0.9384,20
177,3.6668,9.257,14.2431,22.5341,253.1547,52.2385,277.4526,44.1444,249.6688,22.3997,2.8161,1.0053,1.2801,1.2801,20
178,4.0553,6.8486,11.7933,17.6943,261.791,55.3981,269.7462,36.0229,241.551,16.2144,0.4324,0.3779,0.3779,0.3779,20
179,2.8524,5.9871,9.9815,17.2167,213.8332,51.3372,236.5703,36.629,226.9556,12.8716,1.0785,1.3012,1.0218,0.6551,40
180,3.3932,7.0205,12.9822,26.0606,243.8839,50.7357,261.3125,36.438,249.2788,13.7533,2.4611,1.2998,0.674,0.674,30
181,4.3546,6.2202,10.98,23.1007,243.7244,50.0522,255.2992,42.8237,248.4413,17.9309,1.6934,1.1913,1.3646,1.3646,20
182,3.0768,3.032,8.7382,15.3997,240.6003,46.129,244.7517,40.619,243.3616,15.8487,2.0248,1.1784,0.6258,0.6258,30
183,3.1109,6.8534,11.9374,22.7427,244.498,48.9048,251.2113,46.1402,247.3914,13.7537,1.4269,0.5015,0.5015,0.5015,20
184,1.5453,8.1405,11.7927,18.3514,231.474,48.1132,251.6309,35.4045,249.4025,18.9116,1.6058,0.6568,0.6254,0.6932,30
185,2.8911,5.2282,12.7184,20.2223,243.4137,52.0477,258.8127,34.3798,237.2011,17.8672,2.2973,0.992,0.8942,0.6205,40
186,2.6086,2.7285,10.8187,23.9911,257.0709,58.1413,265.6111,39.3304,249.3281,16.0356,0.637,0.3831,0.3831,0.3831,20
187,2.9867,4.7337,7.2485,19.5135,214.0192,41.7564,236.1549,31.2861,220.6379,13.234,0.7441,0.4853,0.0552,0.0552,30
188,5.3595,6.9312,10.5079,23.7151,267.2536,54.6414,277.0707,38.0169,264.1212,23.0581,1.6839,2.7372,2.5822,2.2861,10
189,5.0475,5.8676,12.6389,24.2169,234.6585,51.8335,244.824,34.5323,234.6538,19.8819,1.9052,1.49,0.7404,0.7404,40
190,2.1182,4.6217,8.0449,14.141,244.263,39.3002,253.6648,36.4914,242.2804,11.8669,1.1993,0.5818,0.7144,0.5206,40
191,6.4072,9.8817,14.5462,23.8844,250.9768,43.3219,264.2848,34.5459,247.2486,14.2417,2.3017,0.9495,1.1022,1.1022,20
192,2.4983,8.3384,13.8489,20.2741,257.4252,47.8522,262.028,43.3006,250.1391,19.6651,1.3835,0.8803,1.257,0.7233,40
193,4.1331,8.372,12.0141,24.2956,243.5357,42.466,254.2427,28.1056,254.0103,16.8996,2.4805,1.6764,1.0797,0.5135,40
194,1.0807,4.7374,6.1991,18.1202,233.3748,46.4365,244.2348,38.1641,243.3485,13.5527,1.3352,0.2473,0.2473,0.2473,40
195,2.3837,5.8256,11.1812,31.7531,240.4046,56.6607,247.6677,36.5582,238.9964,11.7712,0.9565,0.4953,0.522,0.0877,40
196,2.8786,3.8787,10.8703,23.5148,250.8402,60.8422,257.8897,32.2593,243.6724,16.322,2.0333,1.2213,0.9428,0.9428,30
197,4.2443,4.8825,16.1019,24.1253,228.3096,51.4137,243.1555,36.1097,235.2434,14.2235,2.0218,1.924,2.3563,1.9326,20
198,2.3936,5.7677,10.5961,31.1019,247.2664,58.5906,255.0931,32.094,251.1905,12.4414,1.9468,1.0831,1.1273,1.4809,20
199,1.8021,2.12,9.0219,19.7337,268.1784,59.9357,279.8503,29.3766,264.2387,12.0813,1.365,0.1526,0.3002,0.3002,20
200,1.7734,2.63,8.3823,18.9151,229.7964,49.5141,261.2049,34.0523,242.825,11.9748,1.028,1.0328,1.0257,1.0222,40
201,1.3957,3.8939,11.002,18.1973,252.1346,48.2698,268.4798,34.9003,246.3336,14.0798,0.6757,0.7755,0.556,0.556,30
202,3.7529,6.1071,13.1581,25.0832,241.5252,53.5349,259.5308,35.8351,238.7819,17.1522,1.5815,0.1839,0.9143,1.2008,20
203,2.8465,7.7695,9.4559,16.3195,218.6004,50.1566,232.1411,33.807,227.7592,15.1664,1.9119,1.1226,1.0257,0.5432,40
204,2.7887,6.1717,14.1643,23.2286,242.3938,59.8925,277.2265,40.6019,263.2015,16.3665,0.5945,0.3515,0.3515,0.3515,20
205,4.0791,4.4599,9.7272,22.3584,225.963,41.1349,244.4273,34.4592,234.7839,12.596,2.2886,0.6674,0.6343,0.6343,30
206,2.8684,4.8941,12.847,20.8776,253.7914,50.5188,266.2868,44.8674,251.9151,18.9432,1.7099,0.7318,0.7318,0.7318,20
207,4.3101,7.1435,12.5969,22.5609,219.3275,47.2623,248.1465,34.132,248.7782,14.8741,1.9942,0.7335,0.7255,0.7255,30
208,3.1414,4.5697,10.4428,24.2238,236.899,54.0711,248.2546,25.7423,236.494,9.1713,0.3344,0.3109,0.3109,0.3109,40
209,4.1217,4.8036,12.0426,25.2269,288.1574,51.6466,290.7825,42.3291,267.0748,20.8887,1.9537,1.9537,1.9537,1.7715,40
210,4.2301,5.2735,12.8963,22.0143,231.7714,49.0004,261.2212,35.4891,254.5023,20.1088,0.8233,0.8673,0.0989,0.2797,30
211,4.0489,10.5996,13.873,24.0573,256.9824,63.8798,263.4524,38.2734,255.8853,14.6696,1.3532,0.4989,0.7335,0.7335,20
212,3.7902,6.4046,8.8389,26.0422,243.7836,61.0743,249.2097,31.7846,242.635,13.2739,1.5853,1.069,1.132,0.9762,40
213,2.2441,2.9603,8.4731,17.9461,205.2387,43.4867,232.0553,41.5837,217.8036,15.3812,1.6352,0.5153,0.5153,0.2773,40
214,3.3227,6.7617,9.8114,19.9306,267.8475,61.9206,277.6752,40.1832,251.479,20.0304,1.6784,0.7175,0.6714,0.6714,30
215,2.6463,2.8497,6.5516,20.952,237.0529,42.9382,289.3477,37.8887,282.5769,9.0088,1.4134,0.463,0.7097,0.7727,20
216,3.2838,5.5316,8.257,20.2286,263.9231,58.137,295.0861,28.9971,273.9754,13.4741,1.5328,0.9224,0.6661,0.6763,30
217,2.7115,4.0686,5.7238,15.6243,232.6654,51.697,246.9954,35.8282,236.0195,9.2955,1.6642,0.8677,0.2392,0.2392,30
218,1.4877,4.1601,9.8808,18.5039,250.9499,42.7035,258.8404,39.0721,247.4158,14.1188,0.9086,0.5892,0.8397,0.5742,40
219,5.349,7.0744,8.627,21.3996,245.0494,51.6883,259.1122,38.1506,253.322,15.3958,2.1188,0.7848,1.9239,1.0667,20
220,3.6143,5.4958,6.3401,23.7812,240.4471,50.3532,264.2062,43.5093,261.0981,15.6829,1.3673,1.326,0.6591,0.4921,40
221,2.0787,2.4348,6.1392,21.7235,241.8533,40.5385,241.0079,49.077,234.1997,15.3278,0.7587,0.3835,0.3835,0.5618,20
222,3.4231,6.2969,13.2713,26.3971,237.4443,44.8475,261.5293,40.3954,256.8579,18.4773,1.1047,1.0353,0.895,0.7751,40
223,2.4543,5.1013,12.0778,20.0863,234.3427,55.2174,240.6867,33.2773,235.6072,12.6989,0.625,0.8396,0.8411,0.8411,10
224,5.0458,5.9866,12.0956,20.3654,238.6005,56.5368,259.0876,49.1336,224.8955,15.0545,0.9879,0.4777,0.4777,0.4777,20
225,3.9299,3.6037,8.1984,19.7127,224.5705,56.8286,242.1064,42.0031,226.6569,12.1414,1.5363,0.894,0.8557,0.8195,40
226,5.0526,8.1403,10.8707,19.1768,239.7969,53.8108,258.8987,41.6859,244.8354,19.2426,2.4912,0.8096,0.6742,0.6742,30
227,3.5577,5.6456,7.3823,16.9479,224.8188,45.2023,267.9876,42.9285,255.4761,14.2224,1.5123,0.8977,0.6878,0.9244,30
228,4.0085,8.533,11.3368,24.9661,239.4405,49.2477,251.3612,39.4463,243.4955,18.9921,1.3368,0.5514,0.5003,0.5514,30
229,1.7536,6.5713,11.0853,17.6806,255.0235,61.7041,271.8098,38.0113,253.5149,14.1581,1.9323,0.6925,0.1921,0.1921,30
230,1.9355,5.2864,10.6053,20.5403,265.9814,53.8093,271.0249,44.4587,264.4806,18.1521,0.987,1.184,0.9248,1.1602,30
231,5.351,5.9124,8.7879,18.6809,248.965,44.4982,255.6861,30.1851,248.5213,11.3793,0.8848,0.9283,0.6298,0.6298,30
232,0.9187,2.4146,7.9719,19.3376,247.2903,49.8871,250.094,37.6635,238.7175,11.6541,0.8465,0.9187,0.9186,0.9187,10
233,1.273,5.1335,10.6786,25.0485,267.2509,52.6567,274.0449,33.5121,259.433,16.9182,0.4379,0.4379,0.4379,0.4379,20
234,3.0577,3.9572,7.894,15.6612,218.2148,39.5647,228.7347,38.3538,219.778,16.6983,2.5945,1.1789,1.1186,1.1186,30
235,2.3419,3.8824,4.5899,22.0431,259.9854,51.6962,261.893,37.338,245.7261,13.5274,1.3256,1.181,1.5104,0.7547,40
236,2.3849,4.2548,7.1594,19.8474,238.6965,46.4354,246.9756,37.7709,235.3351,11.9647,1.4577,0.3874,0.2324,0.2324,30
237,2.2527,2.6936,7.8465,18.0584,217.7241,56.1243,245.1469,35.9433,230.9225,15.3967,0.9567,0.8305,1.1772,1.1772,20
238,5.1437,4.7199,12.3243,23.2453,249.679,50.4212,253.3066,33.2936,251.9166,16.7986,2.4152,1.2311,1.0913,1.2311,30
239,4.1584,6.1715,13.7077,27.5692,273.1047,47.4769,280.4084,35.8768,268.6004,15.2207,2.454,1.468,1.468,1.468,20
240,3.284,6.7437,9.1345,23.7929,270.7219,56.127,273.5224,34.4832,256.6626,18.0518,1.6105,1.124,1.047,0.9141,40
241,4.2127,4.7312,11.1535,27.5076,236.5108,58.3987,240.3985,39.0453,231.9277,20.9266,2.2976,1.3756,1.4638,1.272,40
242,3.3119,5.093,7.7464,14.0315,229.2915,38.2512,243.7292,38.3031,238.2776,16.9536,1.0558,0.425,0.2981,0.425,30
243,3.4048,8.2486,12.6417,27.487,261.1819,63.2367,272.9873,38.9235,256.3043,16.2273,1.1785,0.273,0.273,0.273,20
244,4.5526,6.1994,12.2905,23.0183,256.8582,46.6338,273.9078,46.0197,259.9485,18.066,0.5004,0.5157,1.048,0.3008,40
245,7.2693,6.5989,10.3389,26.9814,247.3567,57.9748,277.5012,37.8415,261.0596,14.9671,1.4764,0.8534,1.1779,1.028,20
246,3.8608,4.6295,10.6699,23.3935,258.1664,48.3502,257.7355,30.5403,252.9904,14.3416,1.3152,1.236,0.9819,0.9302,40
247,2.6,6.1923,9.8773,22.3785,226.5369,59.1136,257.1865,39.491,245.2095,16.7876,1.6839,0.8571,0.8571,0.5265,40
248,6.4889,8.0692,12.3087,21.0948,219.9819,47.3826,260.8627,36.9292,249.5305,16.7671,2.0717,1.5304,1.5612,1.6152,20
249,2.5521,3.4992,9.4824,19.6344,235.4209,44.2635,239.973,38.2353,232.7646,16.8145,1.5179,0.9578,0.7085,0.7318,30
250,4.172,5.4436,15.7825,29.8522,229.2908,54.1228,237.8298,35.0792,224.5416,14.9147,1.2397,0.5837,0.6336,0.6336,20
251,2.5892,10.2191,15.0963,21.659,262.8991,46.1635,272.2626,33.3978,261.0966,14.4799,1.9944,0.5062,0.4049,0.3445,40
252,4.1857,4.5499,9.3345,20.8606,224.6081,43.8889,242.3848,29.3014,238.9575,13.2374,1.2818,1.7042,0.815,0.7038,40
253,3.4188,3.4376,8.1374,23.5048,249.7768,47.026,263.4818,34.3646,246.0094,12.5157,1.2072,0.8406,0.6079,0.7958,30
254,1.3145,4.0095,8.3003,18.4573,226.7261,42.3659,234.9334,40.6818,237.5624,13.3029,1.3106,0.4647,0.4647,0.4647,20
255,4.7219,5.1456,9.2337,22.7287,249.0627,43.4432,249.1411,41.8589,234.5327,22.531,1.7257,0.9715,1.0325,0.9831,20
256,3.4553,3.8909,8.7203,19.3569,264.6209,45.8882,268.1916,36.1189,247.653,11.9642,1.4936,0.7456,0.7953,0.8078,20
257,2.6828,8.146,10.39,24.8712,259.9126,61.0576,269.994,30.3742,257.3988,14.0717,0.8813,0.7588,0.7588,0.6121,40
258,2.615,3.3047,6.0125,18.9354,235.0953,38.2105,247.9707,38.0668,246.7971,9.3281,1.0785,0.817,0.9523,0.9523,20
259,0.6013,4.3045,8.6102,15.5846,238.9904,55.0485,246.0753,28.3709,241.1565,15.3502,0.3561,0.4089,0.4438,0.3561,10
260,3.5549,5.4393,12.9549,29.093,256.4638,48.2944,270.0971,37.3179,253.6244,13.7701,1.6943,0.8807,0.567,0.5669,40
261,6.2127,10.5292,17.2337,28.2049,256.0879,52.1396,268.7801,42.9537,248.6857,20.3006,1.4625,0.6258,0.5974,0.5974,30
262,7.727,8.5125,13.4228,21.8819,230.6431,48.9999,253.8068,37.872,241.4056,19.0953,3.17,1.6615,0.9824,0.9957,30
263,3.8073,5.2051,8.8834,19.8316,202.4238,47.6393,245.9361,35.5982,228.9288,15.9307,2.7206,0.3444,0.3444,0.3444,20
264,3.2919,5.7598,9.2803,19.1205,206.8738,48.1644,224.0799,37.3297,220.5721,15.9417,0.7506,0.7506,0.3874,0.833,30
265,4.0929,7.2271,16.9516,29.6763,249.6908,57.2164,256.4876,47.219,240.5627,17.9757,2.3371,1.0281,1.0559,1.0559,20
266,4.6623,7.0749,16.8202,19.8958,226.0716,48.4237,267.1169,43.143,257.5078,19.1284,0.879,1.3892,0.9786,0.9786,10
267,1.8079,3.9608,13.4527,22.636,246.9693,46.2643,248.4583,40.7626,237.9997,12.738,3.1491,2.4804,1.372,1.5675,30
268,1.3526,3.6393,9.911,21.4198,267.7033,59.5481,281.9052,39.2812,275.4502,12.5207,1.094,0.6445,0.6445,1.0081,20
269,1.6672,4.7101,8.1719,18.2937,235.1663,43.2411,254.1359,27.5617,244.7544,13.984,0.3757,0.0071,0.0071,0.0071,20
270,4.4568,5.3218,12.3386,23.9295,249.7721,47.6703,258.431,34.4783,236.8694,16.3341,1.1217,0.8019,0.7223,0.7223,30
271,4.8796,6.6939,13.2767,21.2066,261.1367,47.5208,260.7966,35.9178,246.87,18.5019,3.8767,0.9043,0.8572,0.1749,40
272,3.6335,4.4546,8.342,17.5306,218.7992,37.6255,228.8523,32.1237,223.617,18.1076,1.8505,1.4643,1.0301,0.8476,40
273,2.4379,3.4239,8.5092,16.2025,267.0447,57.351,276.5906,33.994,261.1239,13.5921,0.6698,0.8542,0.3173,0.3173,30
274,2.2092,5.7088,10.5875,20.8215,237.2297,49.0128,243.6259,32.8637,230.5781,18.3353,1.2969,1.19,0.5517,0.5517,30
275,2.2027,4.2893,8.0241,16.8978,224.0406,42.2969,234.2337,32.3053,228.82,12.4127,1.8261,0.5945,0.7062,0.7062,20
276,2.6911,3.8779,15.5632,24.2159,264.2361,51.9015,272.4852,40.6631,253.2637,19.3931,1.8185,0.2095,0.4082,0.2095,20
277,2.8312,4.7326,12.2353,21.1271,266.6731,52.8081,274.4167,37.8046,257.0303,19.1804,3.0616,1.639,1.7729,2.047,20
278,2.5498,3.2114,7.0264,22.5239,237.8505,47.6087,240.724,35.7165,228.5992,11.0171,1.105,0.8123,0.8123,0.8123,30
279,8.0421,11.4382,12.8615,23.1661,251.8259,49.1007,263.3938,45.0657,244.8947,16.6461,2.1068,1.9211,1.6014,1.6014,30
280,3.6689,5.1375,13.9793,26.2305,256.9998,52.8678,288.1971,36.4499,271.8485,17.3197,3.8597,0.977,0.9571,0.9571,30
281,4.4835,8.2451,12.524,27.8659,242.7653,54.4241,259.9053,38.5767,244.2735,17.9956,0.7927,0.7234,0.9365,1.1123,20
282,2.708,5.4413,12.061,24.3372,232.0292,58.5775,236.6528,41.9466,227.5434,20.0603,0.7375,0.3489,0.3489,0.3489,20
283,3.73,7.2382,10.9662,18.689,226.4495,47.6857,234.029,44.2244,228.7371,15.7955,1.12,0.7817,0.5133,0.5133,30
284,3.9574,8.6994,14.361,23.1094,246.9045,51.1828,254.4828,40.8954,231.7859,17.4167,1.88,1.0258,1.1774,1.1774,20
285,3.9495,5.6886,11.4412,23.1004,250.8063,52.3671,273.8142,35.0517,254.0631,17.6677,0.6999,0.6999,0.3964,0.3964,30
286,2.7489,5.2818,9.3136,18.4043,214.0829,47.1944,235.5903,37.1393,224.2888,16.3677,1.1339,1.1705,0.994,0.994,40
287,1.2453,3.4357,8.8657,18.8052,231.5149,36.705,236.9402,38.6222,234.8596,13.1452,0.1884,0.6639,0.5298,0.312,10
288,4.752,7.9581,11.0869,21.0805,233.9405,34.2131,248.0033,37.0183,247.2346,13.7991,0.9087,0.3719,1.2627,1.6723,20
289,1.08,1.2606,6.445,23.4279,227.1323,55.0612,255.7713,34.0303,252.1927,15.4094,0.9449,0.5649,0.4768,0.733,30
290,4.5185,5.0625,7.616,20.3844,228.6871,45.1641,241.2496,37.4972,233.1967,14.8554,1.828,0.4834,0.5121,0.5121,20
291,2.4457,4.7284,8.5521,21.1257,243.5372,53.5558,247.5113,33.1398,239.3194,16.4411,1.0864,0.7865,0.7865,0.7865,30
292,3.0806,5.1324,9.7279,17.515,235.3931,47.7683,280.9646,26.2662,265.4332,14.1602,1.4963,1.5672,1.5672,1.3708,40
293,4.0287,7.5136,10.4084,21.8882,268.7784,59.2593,262.0845,35.9857,252.2405,12.3915,1.0034,1.0034,0.5037,0.2865,40
294,2.2473,7.0523,14.2561,21.708,228.0642,52.2561,251.585,49.5976,241.2116,19.3161,1.4283,0.5024,0.5024,0.8549,20
295,4.5058,4.7027,12.8907,27.0388,253.8482,40.6578,284.125,41.5159,275.1457,15.9692,1.8733,0.5047,0.5047,0.5047,20
296,1.7935,3.7947,7.4009,22.844,257.0434,55.2298,273.0353,37.6687,264.1849,17.5205,0.7917,0.2857,0.2857,0.4495,20
297,5.5121,5.0258,11.1387,24.1068,253.1418,56.3529,266.4079,38.6584,249.6532,12.3352,1.798,0.702,0.6284,0.702,30
298,2.6177,4.0492,9.6807,20.8014,234.8523,43.8305,245.1274,35.2035,243.5967,12.5192,1.3001,0.764,0.764,0.6298,40
299,4.3682,6.5968,10.7329,20.317,223.0158,39.2238,238.4136,38.678,226.7609,17.3424,1.9879,1.0735,1.0408,1.0735,30
300,1.9237,2.3157,7.4824,19.1889,238.6274,44.9572,243.6273,40.9997,231.8634,11.9056,0.7508,0.2269,0.2269,0.2269,30
301,4.711,7.8118,12.2867,23.6675,238.1393,58.2549,267.9305,41.8577,259.2567,18.5884,1.5324,0.7839,0.8456,0.7519,40
302,4.6386,8.9573,11.8067,18.7133,255.8654,43.7992,271.0568,37.246,256.471,16.4923,1.3258,1.1906,0.7114,0.7114,30
303,3.6097,6.7878,8.2946,21.35,237.4541,38.8442,257.4513,37.2929,239.809,13.5027,0.2923,0.2448,0.3837,0.2923,20
304,1.4947,3.3094,7.8122,17.3473,223.3449,41.2978,230.4985,36.204,222.8371,16.231,0.7398,0.242,0.1684,0.1684,40
305,2.3081,3.4127,9.1481,15.9016,252.7618,46.9896,258.2623,32.141,246.905,14.9768,1.1633,0.1552,0.5632,0.1552,20
306,3.0633,6.7802,15.8266,23.029,248.6864,53.4767,255.2345,45.2083,245.1488,15.9437,0.9257,0.2884,0.3461,0.9021,20
307,3.0475,6.239,10.5576,16.5032,238.085,39.1286,243.1663,35.9833,232.9976,14.9322,1.0852,1.0546,1.2199,1.1135,20
308,2.1924,4.5658,6.8754,18.8321,255.1757,48.2126,252.8093,28.941,238.5621,13.3335,1.6745,0.6383,0.3311,0.3311,30
309,1.5563,6.3564,14.4116,21.4918,264.5036,48.2941,270.6171,31.9554,265.0179,16.5568,1.1144,0.6716,0.2925,0.2925,30
310,5.0031,6.1849,12.2831,17.1689,273.5568,47.864,281.6162,39.0901,272.6362,14.1037,1.5772,1.4399,0.5076,0.5076,30
311,2.3939,5.7209,10.9829,17.2476,229.6808,43.1749,235.1064,33.3771,233.6323,17.4667,0.5319,1.0353,1.0353,1.095,10
312,3.3473,3.9501,9.5366,15.9312,254.4354,42.6645,263.954,42.1045,249.2204,15.1641,1.8329,1.136,1.136,0.9305,40
313,5.0038,7.7866,10.5799,24.2514,231.2984,42.9101,232.3393,43.108,228.2855,18.8433,1.0656,0.6723,0.7611,0.7611,20
314,2.6501,3.576,12.8968,15.4135,236.8068,46.5139,243.8995,37.7186,228.6911,13.741,2.118,0.0455,0.2913,0.7883,20
315,3.0574,3.8798,7.6195,22.8825,239.7354,53.8379,251.7929,35.0621,239.5063,15.3798,1.7784,0.8972,0.8045,0.579,40
316,4.739,5.548,7.264,22.4743,241.2143,51.8191,257.684,38.3031,230.7273,12.6488,1.2085,0.9177,0.8302,0.8302,30
317,3.6199,7.5676,10.6257,27.6186,245.9739,56.6363,263.375,36.4883,255.9445,15.4193,3.3053,1.9365,1.9409,1.4174,40
318,4.5624,7.2439,14.1162,19.6572,256.5682,40.7028,277.7007,42.3337,265.7539,16.8936,1.8163,1.6577,1.5732,1.5525,40
319,5.5683,9.0965,10.5748,26.0918,239.9534,52.4927,254.2048,37.7895,248.1867,17.7188,3.2474,1.553,1.4948,1.4644,40
320,2.6284,7.585,10.9152,18.1294,226.5797,45.9506,234.045,41.053,224.9582,12.5853,2.6488,2.1669,1.7686,1.7686,30
321,2.8457,3.5272,7.3188,19.5529,232.7791,47.0693,244.7003,38.4538,238.8851,16.6475,0.6085,0.8028,0.3003,0.1058,40
322,2.7935,3.921,8.1807,18.9457,245.5673,59.2728,278.8116,34.3785,273.3767,13.72,0.9822,0.4338,0.9107,1.578,20
323,2.6304,5.1888,11.2529,24.2114,244.066,59.1478,262.4732,37.517,248.523,17.7088,0.2405,0.2159,0.3959,0.2952,20
324,5.0905,6.9697,12.3526,27.8836,270.511,48.8271,278.9756,40.1375,260.7914,21.9501,1.515,2.4055,1.2118,0.4633,40
325,1.7884,4.7478,8.0452,20.2841,243.1543,39.3574,249.0,37.6148,238.5606,13.3371,0.6796,0.2965,0.2816,0.2816,30
326,2.6074,6.227,12.6703,23.6944,222.981,56.5534,277.1282,43.5515,262.871,17.9533,1.6857,1.2559,1.1657,0.6704,40
327,4.0659,5.7718,9.5022,14.269,209.4558,46.8991,225.4441,34.8751,216.5238,9.9096,1.8934,0.5527,0.4997,0.4854,40
328,3.6296,7.3641,9.6068,18.3392,244.0309,44.6023,246.0577,29.0743,239.7027,9.9066,1.4504,0.8481,0.76,0.9484,30
329,3.0761,3.9767,7.7047,15.6534,220.1831,48.4686,239.3177,28.9106,237.7035,12.5836,1.5452,0.8004,0.5992,0.5992,40
330,2.6556,4.5049,11.1224,18.8221,256.2693,52.3554,262.6041,37.7908,237.6039,14.4133,1.6791,0.3481,0.3481,0.2487,40
331,6.0611,6.2959,13.2021,22.3018,230.11,59.9029,242.2944,31.2166,239.0972,15.3395,2.4308,1.3967,1.3967,1.2895,40
332,2.8953,5.7693,10.6039,24.3671,262.7171,45.575,262.3894,35.9016,252.6905,18.2524,0.3898,0.2395,0.1257,0.0452,40
333,3.2169,5.8629,11.3923,20.7812,247.5228,59.3901,256.7828,35.2056,244.0265,9.6442,2.0629,0.8473,1.0834,1.0834,20
334,4.3473,5.3779,16.2735,32.2698,236.4063,52.7206,271.7678,51.8253,259.4837,16.1681,0.6935,0.5929,0.4539,0.4756,30
335,5.9328,6.9019,11.8877,24.9904,248.8875,52.206,256.8921,43.1686,239.0369,16.5898,1.3312,1.6585,0.3455,0.8633,30
336,2.0884,3.8033,13.364,26.3295,253.198,53.9621,258.8145,36.8483,249.6923,16.9673,0.7196,0.3718,0.3718,0.3718,30
337,2.882,5.2493,12.704,23.791,238.3053,51.4897,241.6623,35.3166,238.0672,18.4412,1.7679,1.9388,1.5501,1.1016,40
338,3.1228,2.8068,8.7587,24.6767,245.5222,55.3456,256.8007,33.5822,243.8283,19.9392,1.5181,0.5882,0.8826,1.0475,20
339,4.4196,6.427,9.9817,17.1823,253.5809,49.1849,263.9266,35.455,250.1521,14.5412,1.0104,1.0104,0.4365,0.4365,30
340,4.0289,6.773,11.8289,19.0512,230.2391,60.2111,253.7839,43.1921,243.2267,18.9763,0.3752,0.3752,0.3752,0.3752,20
341,3.6679,6.271,9.9464,19.7063,211.623,40.4012,236.3058,41.2532,224.9879,15.7632,1.6095,0.2744,0.2574,0.3957,30
342,2.3297,3.3506,9.5719,16.2802,234.6279,34.5071,260.515,27.2961,241.3886,11.101,0.3682,0.2647,0.2647,0.2647,30
343,1.9246,3.4687,10.6078,21.7113,245.2433,48.5395,262.8033,38.84,258.7099,18.1161,0.9645,1.0226,1.2675,0.8594,40
344,2.6072,4.1185,8.2975,21.257,223.3285,49.5486,225.8163,31.2071,212.8155,16.7235,1.2223,0.4674,0.6223,0.6397,20
345,3.2605,5.9279,9.8632,15.1798,242.1086,52.085,256.8738,33.0506,243.4605,9.7172,0.7485,0.557,0.7728,0.6054,20
346,1.9621,6.4692,11.4142,21.552,231.0244,48.5322,247.7723,39.328,231.3547,16.4775,1.6291,0.7447,0.2478,0.6263,30
347,2.4514,3.6139,12.2801,25.1679,267.3746,57.4909,278.8939,38.2531,264.0887,13.4892,1.6071,1.4166,1.3865,1.3865,30
348,4.1036,5.0348,10.5274,16.8921,225.0596,53.3513,245.7136,33.3574,236.7224,13.1311,1.9438,1.4368,1.436,1.436,40
349,4.5835,6.9867,11.9047,29.0044,247.0741,66.2856,260.9707,29.9088,250.2663,17.1879,1.2449,0.8017,0.9466,0.6384,40
350,3.1383,4.1301,10.4885,25.011,230.9617,55.7203,251.8211,49.3052,242.1688,21.6585,0.7198,0.754,0.5931,1.2631,30
351,1.6562,3.2949,7.7122,17.464,223.135,41.0685,241.6929,26.6383,240.8335,11.7494,1.94,1.0604,0.8259,0.8458,30
352,2.5309,7.5287,9.7468,26.6596,251.8767,58.12,261.6716,32.925,245.7802,16.2749,2.5729,0.9166,1.0303,0.3534,40
353,1.7905,3.5445,8.0129,16.6669,230.1066,46.3307,247.2331,40.3751,240.0862,15.2839,2.4363,0.5094,0.1534,0.1534,30
354,6.8009,8.7801,11.6545,26.3662,268.8798,61.7211,273.542,47.4853,258.4561,17.4563,3.9577,1.7467,1.3485,1.3485,30
355,3.6548,8.6184,11.4258,22.4317,271.2476,51.1045,278.2401,36.0389,262.6448,16.5093,1.7087,0.4135,0.7071,0.7071,20
356,2.9217,3.6107,13.0504,24.5909,259.7883,51.2809,272.0026,39.9089,266.6379,13.5662,0.6112,0.7951,0.7951,0.6112,10
357,3.5062,3.6041,13.6612,22.7591,250.8926,57.9888,264.2967,37.3943,243.7003,18.0487,2.1221,1.2939,0.6741,0.6741,40
358,2.1931,6.6626,8.4001,17.1347,253.7834,44.1557,263.5099,36.0931,252.8132,14.7543,0.6096,-0.0,-0.0,-0.0,20
359,3.68,4.2678,8.3027,21.9923,217.7993,39.7775,235.2947,36.6108,231.8747,12.1946,0.7626,0.2159,0.3681,0.3681,20
360,4.1721,7.7655,13.1232,24.7864,250.0808,72.535,258.2227,43.1465,253.8082,17.2372,2.5424,1.315,0.8357,0.8357,40
361,2.2688,3.4014,6.89,20.974,218.1619,36.3732,243.7649,33.5677,221.8121,12.4933,1.4405,0.4196,0.3691,0.3691,30
362,4.1031,4.4704,13.9018,27.5928,246.2649,55.5387,269.1715,34.7924,258.1801,13.9536,2.9483,1.0562,1.0562,1.0562,20
363,2.8208,4.6079,7.9302,27.1805,237.1745,60.329,274.0841,45.3437,255.6026,15.8027,1.7701,1.0353,0.7726,0.7726,30
364,2.2228,5.7572,14.1315,25.7487,234.2468,55.0787,262.925,38.414,251.0945,20.9866,0.7791,0.9565,0.9564,0.5703,40
365,5.2335,6.0841,11.8867,19.5616,238.929,44.8863,245.501,33.8231,243.7479,18.0367,2.3023,0.2569,0.3342,0.3342,20
366,4.5312,7.7971,12.7705,23.2792,257.1271,56.1794,256.8997,49.5226,246.6481,21.8405,1.2036,1.4951,1.0579,1.2678,30
367,5.5073,7.7279,8.919,24.0269,238.6534,54.9562,248.8432,51.5875,238.1952,17.9037,2.4812,1.5035,1.224,1.2703,30
368,1.3737,2.2025,15.2445,22.3416,238.65,48.0243,256.8486,33.4254,247.4362,16.0058,0.447,1.23,1.1295,1.3195,10
369,6.112,7.9361,13.8592,23.6317,248.556,49.1901,256.8981,42.1382,249.2894,16.893,2.732,1.1513,1.1107,0.5807,40
370,1.7606,5.505,9.7599,24.2588,239.5174,50.2055,255.4713,39.8105,242.8694,17.8871,1.2537,0.2555,0.2555,0.2555,20
371,4.912,6.341,12.6984,28.9212,275.9835,48.9404,285.0534,45.9943,263.4087,15.29,1.6465,1.2453,1.2453,0.6306,40
372,3.435,4.0225,6.7806,17.2147,230.1658,53.0526,263.7196,36.7374,254.4369,11.6756,0.6765,0.4017,0.4017,0.5327,20
373,1.6414,3.3887,7.2162,20.5867,248.5756,50.962,262.2472,28.9022,242.7492,11.6747,1.1096,0.6033,1.1342,1.1342,20
374,1.7269,2.2371,5.2116,18.2573,235.489,45.9784,245.0453,33.6631,231.1136,8.7513,1.612,0.9172,1.1167,0.8182,40
375,3.7641,6.664,11.7301,23.6266,243.0491,56.163,265.5405,36.068,254.0923,14.0272,0.6001,0.6001,0.6001,0.6001,20
376,2.2252,3.9344,9.226,23.7161,262.6057,48.0308,277.0621,37.1768,260.7206,15.5578,1.8706,0.5837,0.5837,0.5837,20
377,3.4922,4.1265,10.1575,24.1947,243.9592,52.8297,270.1081,35.9994,260.7643,16.4303,1.798,1.0539,1.073,0.9253,40
378,1.3451,5.1025,9.8878,24.15,230.6086,40.8988,236.6989,30.3076,233.3606,13.2245,1.2332,0.5272,0.209,0.209,30
379,6.3143,7.0778,15.3968,25.3914,257.7812,62.203,276.8645,45.4228,261.2835,19.2367,1.6175,1.755,0.7133,0.7133,40
380,2.5514,4.408,9.7831,18.0495,226.0241,47.0417,240.1262,28.9126,225.0047,11.1756,0.6408,0.2398,0.1386,0.1386,30
381,1.9476,6.3769,10.7252,24.9762,221.6955,49.4279,239.7878,33.9332,236.7796,16.5101,2.4725,1.8424,0.9432,0.9586,30
382,2.5424,6.3834,9.2491,21.5316,244.3248,50.4746,252.2259,35.4384,241.8744,14.8693,3.1202,1.5926,1.0709,1.0709,30
383,2.1047,2.9881,4.482,13.7947,265.062,33.9898,267.1474,30.1472,265.7528,14.9487,1.317,0.8678,0.657,0.657,30
384,4.3205,6.4619,11.3856,20.4536,232.4063,47.3476,245.1507,35.322,238.576,15.2863,1.3626,1.1474,1.2493,0.9638,40
385,1.4519,3.3921,9.7177,19.141,233.8822,56.271,259.6198,42.7481,242.6002,16.4741,1.22,0.3384,0.3384,0.3384,20
386,3.9158,6.4995,10.898,19.0356,254.9682,56.387,263.8124,36.7441,260.0811,16.7224,1.0139,0.7425,0.6459,0.6459,30
387,3.0767,5.0403,10.8965,21.2498,227.0737,48.3291,249.7881,38.1913,239.4515,17.6483,1.3802,0.7515,0.6048,0.6048,30
388,3.4079,5.6074,8.799,20.4345,239.065,61.2197,243.513,43.8096,238.2457,16.3163,3.2303,0.9747,1.2722,0.9204,40
389,2.9821,5.18,13.5739,23.9017,255.239,48.337,261.8461,35.9989,250.3177,20.7773,2.4808,1.8704,1.4899,0.6052,40
390,4.2498,4.9976,13.8574,22.3113,220.3902,54.2444,240.8383,39.0739,223.5589,13.1675,2.0154,0.6342,0.6342,0.6342,20
391,2.4637,4.7843,10.7337,21.4755,234.166,51.5074,241.0971,33.2514,233.1984,14.2311,1.8547,0.7063,0.8971,0.8971,20
392,2.1262,4.205,12.252,21.2754,256.7134,53.7346,275.5776,33.9193,257.3095,18.3094,0.0425,0.0425,0.0425,0.0425,20
393,0.7659,4.7667,7.6364,21.4528,226.6806,46.4224,251.7866,40.7969,237.0526,19.4371,1.8254,0.7871,1.7503,0.7871,-40
394,5.1843,5.9445,8.822,17.3486,207.9451,45.64,221.0949,25.5298,217.4521,16.2139,1.5691,1.7639,1.5686,1.5686,30
395,3.6543,6.2509,10.3917,24.5428,262.8033,50.9697,281.6062,35.7031,266.0378,18.3146,0.6353,0.664,0.1795,0.1795,30
396,4.6849,8.1875,14.0268,25.6117,257.8303,62.2165,265.5594,45.8042,259.4562,15.1101,2.566,1.4136,1.4833,1.4833,20
397,2.3767,6.2526,13.3114,26.0165,248.2516,52.1344,269.5525,35.1146,254.3008,12.2776,1.3679,0.9804,0.615,0.5726,40
398,2.3213,2.6265,7.6825,21.3703,243.6461,55.3053,251.1823,42.7647,241.0088,16.8584,2.5642,1.3398,0.5394,0.5394,30
399,3.4022,5.4247,12.5786,32.4169,253.9222,60.6038,254.5332,39.5282,239.1688,19.162,1.5246,1.9289,1.3611,1.4439,30
400,2.8781,7.415,9.7918,18.8937,233.1402,49.336,248.2133,29.0916,236.8775,15.6447,1.7405,1.4109,1.0499,0.7876,40
401,3.635,3.1984,7.9514,25.6173,248.2096,59.2731,256.0116,40.0187,246.247,10.5329,0.7066,0.5969,0.4847,0.4847,30
402,2.7905,5.6052,14.2458,23.9659,266.4075,42.7901,268.72,33.2416,248.4782,17.4566,0.255,0.255,0.255,0.3526,10
403,4.3601,6.9454,15.4454,23.8002,260.6124,46.5747,270.3895,35.6883,254.4123,17.2914,1.7982,1.5063,1.706,1.4185,40
404,3.9793,4.5685,11.201,21.5362,242.1573,48.0013,257.7222,34.877,246.997,12.2201,1.9488,1.5564,0.7243,1.0397,30
405,2.6164,5.1576,11.1157,21.1186,249.635,55.084,267.292,42.7056,246.9552,15.347,0.9058,0.7382,0.6826,1.0976,30
406,4.7255,6.4703,12.5881,24.6447,268.0025,44.7472,276.6999,45.249,266.7441,20.3072,1.356,2.9786,1.4261,0.9748,40
407,3.7677,6.278,10.5393,17.0104,241.2812,42.2524,246.6086,36.0732,225.804,13.4218,2.6182,0.78,0.78,1.4806,20
408,3.6316,5.8561,13.2878,23.0203,232.9367,49.9431,235.6868,40.5675,235.1175,16.243,0.9527,0.0859,0.0859,0.0859,20
409,3.9165,5.0037,11.5153,19.6794,246.6688,52.784,259.5155,36.987,243.9408,13.6441,1.4612,0.3787,1.3236,0.9509,20
410,2.875,5.0187,13.987,25.7971,252.8524,48.9421,270.4817,36.0878,255.2736,16.5914,1.2718,0.9424,0.9424,0.9362,40
411,4.3953,4.7801,8.7828,17.0412,220.0613,39.8273,232.7063,29.8661,229.1761,12.5387,0.8064,0.8878,0.8878,0.8878,10
412,2.8602,6.3456,13.8467,25.4483,242.0725,42.7718,240.4793,36.4353,232.3081,17.1762,0.9061,0.6741,0.4069,0.4069,30
413,4.2162,6.221,9.6896,25.525,233.067,47.9394,242.6432,37.9959,236.8446,16.9259,1.8809,2.0668,0.4083,0.9473,30
414,4.0661,4.8222,10.4907,13.8229,247.6992,44.0131,252.8116,32.1121,229.8084,12.2336,1.8672,1.0277,1.0277,1.0673,20
415,1.7933,5.7537,7.724,21.2537,236.5086,53.4902,262.712,34.0212,247.0826,12.2391,2.6148,1.1714,1.1602,1.1714,30
416,5.0499,7.02,13.0114,28.4886,241.6239,60.8127,248.0258,39.731,233.7111,20.2688,2.7451,1.3506,1.6049,1.2251,40
417,3.3454,6.409,11.8527,23.1768,245.3614,40.13,258.7161,34.722,244.7704,16.7818,1.2201,0.8064,1.3014,1.5531,20
418,1.9725,4.1287,6.6385,24.3462,235.9852,63.2899,246.1462,34.0502,237.3138,15.5467,0.6593,0.6261,0.6261,0.6261,30
419,4.7077,5.2232,9.4051,21.8179,239.1161,51.5473,253.8994,39.3818,248.3667,18.6036,0.9132,0.3275,0.3275,0.3275,20
420,2.1703,6.3304,10.0371,21.1836,239.7821,58.2497,252.9922,42.1998,243.8182,23.672,1.6991,0.121,0.121,0.121,20
421,4.0429,6.2496,11.1557,21.5123,248.4401,48.7938,265.4415,38.98,251.9191,17.0715,2.6514,2.2113,1.949,1.949,30
422,4.9244,9.3191,9.4497,22.5472,256.5392,48.0925,276.7019,30.2015,258.1214,10.8569,1.9914,1.3335,1.0926,0.979,40
423,2.0745,3.7677,11.059,21.0053,236.3676,47.2558,248.091,34.9285,245.8392,15.2446,0.5742,0.2288,0.2288,0.2288,30
424,0.9285,5.1885,13.3252,23.3305,256.1967,53.7728,271.4168,29.7329,250.7436,13.8111,0.0793,0.2826,0.2826,0.2826,10
425,2.7718,5.908,8.8935,22.4389,255.5363,56.667,283.1793,38.068,263.9889,12.2326,1.1321,0.4102,0.6137,0.4102,40
426,5.5024,6.6808,9.944,19.1668,239.4189,59.926,263.7287,37.8195,255.5287,14.1941,1.5641,1.3439,1.1787,1.0094,40
427,3.9789,6.2058,9.1999,19.8371,225.8689,45.3691,249.2293,32.8892,240.1864,14.4701,1.1063,0.657,0.9341,0.6533,40
428,3.6207,4.9171,8.5416,22.1487,233.9233,44.4637,246.5226,33.1901,234.4303,16.6448,1.5589,0.8937,0.4183,0.5452,30
429,4.6586,6.0806,10.5764,27.2861,250.5316,49.7498,254.5285,47.2655,243.9607,16.4521,1.3888,1.7475,0.7033,0.7033,30
430,1.1297,3.5718,8.5814,25.0927,253.3016,45.8304,261.4566,35.7449,262.013,15.6865,1.7577,0.6228,0.1458,0.1458,30
431,1.4018,4.4031,7.0119,12.7337,233.2787,40.5566,247.881,31.8172,234.1817,14.4992,1.2257,0.1913,0.1378,0.1378,30
432,3.0454,7.5899,12.0006,23.2666,237.0907,52.1091,267.1475,35.4018,247.8368,18.0239,0.9969,0.6671,0.5662,0.5662,30
433,2.4691,4.9957,10.0101,20.1287,234.9451,49.7676,247.9068,45.541,233.5478,13.9711,0.897,0.156,0.3442,0.8577,20
434,6.9443,8.75,13.2128,20.8876,259.0461,54.4346,270.9444,32.1518,251.5339,15.3234,1.2075,0.956,0.956,0.8802,40
435,4.2086,7.566,12.6608,17.6498,247.8315,43.6378,268.4421,40.0803,262.5901,17.0924,1.5813,1.6714,1.3003,1.3003,30
436,2.2236,3.4819,8.7148,18.5544,259.9383,46.8859,260.7699,35.5317,247.7085,9.933,0.7799,1.0493,0.7533,0.3668,40
437,4.5367,6.0468,9.7684,20.0275,249.1987,44.813,262.5177,35.0706,256.0622,16.4405,3.1998,0.7692,0.6045,0.7952,30
438,2.1505,3.4484,6.749,12.5784,256.661,52.8385,267.349,33.268,260.2335,10.8274,0.7814,1.0195,1.0195,1.0195,10
439,5.1062,3.6818,10.3858,21.7474,244.1084,48.0691,248.0331,33.605,251.5781,20.4632,2.0303,0.6716,0.7826,0.6631,40
440,1.603,2.3069,8.8167,25.7567,239.3074,45.1444,251.5226,39.0029,242.4557,16.4527,1.3294,1.1366,1.3545,1.3545,20
441,5.1785,8.5639,11.322,21.7966,229.7135,47.0013,258.0898,26.8584,247.0168,13.9779,1.6356,1.1933,1.2713,1.2713,20
442,3.7758,6.0063,9.5196,19.6883,254.008,44.9969,268.2222,41.4869,259.9502,16.1399,1.2441,0.3508,0.3508,0.2842,40
443,4.5582,7.097,13.1536,18.9057,225.011,53.5125,241.7502,39.43,229.0636,16.7007,3.4147,0.814,0.7293,0.7293,40
444,2.5265,3.5794,6.8709,16.6432,260.2052,41.5009,263.4604,29.2932,250.8934,14.6405,2.0222,1.1582,1.1246,1.3278,30
445,3.3421,4.7851,11.3108,18.7949,229.5109,40.5254,235.4641,41.3796,232.8915,18.26,0.9863,0.4459,0.4459,0.4459,20
446,4.0613,5.1067,12.4246,25.0573,257.9752,61.0819,262.3248,38.3733,252.5502,14.4249,1.4899,0.4937,0.4937,0.4937,20
447,4.0293,6.6839,11.1303,25.0208,254.1872,48.2379,258.6772,38.6124,256.6401,22.6862,1.4462,1.8882,1.7647,1.4462,10
448,3.4532,6.3173,11.2758,28.508,249.4836,44.9627,287.3843,46.07,273.5202,23.2487,2.4132,1.9775,2.1913,1.5432,40
449,5.3522,5.8796,12.2049,22.49,230.0372,47.1197,238.2194,38.3074,231.2131,18.4406,1.4465,0.4151,0.8791,0.4151,20
450,2.5778,4.946,10.468,26.7314,233.3233,44.1735,276.7656,46.5826,261.6037,16.5015,1.3464,1.6799,1.2169,1.2169,30
451,2.9277,5.7619,9.0789,20.2932,255.1978,44.6185,262.2652,36.1952,249.3729,15.7242,0.8659,0.5613,0.5613,0.5613,30
452,2.3953,3.1834,5.0335,21.7823,241.2029,62.4355,262.4612,42.8097,251.1648,16.1174,1.3017,1.0715,0.7767,0.7767,30
453,3.8724,5.4889,14.2098,20.3832,238.7975,52.1253,260.4224,42.7263,242.9758,21.6871,1.7711,1.4501,1.1921,1.1631,40
454,2.9711,4.1517,9.1621,16.2271,261.0125,41.3113,268.4578,40.3582,252.9581,15.0197,0.4088,0.7585,0.7585,0.7585,10
455,2.0496,4.3202,9.7027,22.3245,253.1841,55.1333,288.7512,39.1653,263.1681,13.7958,1.9953,1.4322,1.1043,1.1043,40
456,3.9657,7.815,16.4262,21.9343,229.0038,56.7438,266.7409,36.5122,254.9481,14.7629,1.3643,1.0796,0.4444,0.4444,30
457,4.1245,3.87,8.8377,27.0554,265.5734,56.2769,267.2687,37.8539,255.4013,13.1963,0.978,0.8319,0.5955,0.8319,30
458,7.1544,10.8043,12.9778,21.4591,255.332,51.8075,261.952,37.3039,246.6668,14.5513,2.5998,0.7698,0.6268,0.4221,40
459,2.9853,5.0962,8.4931,21.5491,239.4963,56.5914,270.484,45.5558,247.3388,15.2266,1.0093,0.9232,0.9232,0.8968,40
460,2.2611,4.0458,7.0928,17.3446,220.1387,41.5375,233.7883,41.7257,225.3491,15.4008,1.7389,0.5708,0.6321,0.6321,20
461,2.2109,3.4193,7.1195,14.5862,265.2238,45.4438,270.3111,33.9461,251.8875,14.2997,1.9607,0.7281,0.762,0.7281,20
462,6.5905,6.7243,13.967,20.7457,264.6108,49.7687,278.664,37.0563,261.4459,16.1435,1.3227,2.0214,2.4599,2.9513,10
463,4.9254,6.0929,10.9071,20.4666,237.2146,49.2463,268.1739,40.9595,265.5594,13.6377,1.2167,0.8912,0.343,0.9467,30
464,0.4138,1.6531,4.2324,15.8538,236.4053,50.4397,240.5643,34.2546,230.6496,13.0991,0.4462,0.4462,0.4138,0.1498,40
465,3.2502,4.3305,11.413,22.7165,260.8119,38.8484,265.5493,35.0307,247.5382,18.8043,1.3578,0.4536,0.3843,0.2266,40
466,2.1586,3.4316,8.475,20.5232,220.6071,42.5892,231.778,39.7378,222.7695,13.3566,2.1899,1.1116,0.6378,0.6378,30
467,3.2305,5.5176,11.2898,22.7485,243.3921,48.2103,250.6053,43.4693,243.6198,15.2433,2.831,2.1803,2.1033,1.9424,40
468,3.8733,4.8231,10.7945,26.2385,248.2243,51.5432,258.0088,42.1676,246.0566,19.5101,2.8523,1.495,0.7511,0.2772,40
469,2.3911,3.8426,12.8545,26.1589,255.4335,60.6312,264.0048,37.3302,257.5136,15.8101,2.0873,0.9343,0.9343,0.9343,30
470,1.1434,2.3202,4.2921,12.0858,224.478,37.4766,256.2878,30.2265,249.9268,11.5302,0.8814,0.5598,0.4857,0.4857,30
471,3.8301,4.993,12.5111,18.0927,209.1062,44.2594,219.5236,42.0124,211.6559,21.6892,1.8469,0.9578,1.188,0.7147,40
472,4.9207,8.693,10.1335,15.1463,236.3621,45.5268,263.3906,31.9913,251.3657,15.3261,0.7248,1.2769,1.1506,1.1451,10
473,2.5457,3.5558,9.5551,14.3566,248.7062,40.5419,253.7481,28.3732,254.1093,15.8673,1.3152,0.5,0.6445,0.4695,40
474,4.5792,5.2634,11.8125,18.0892,231.554,51.4057,247.082,36.9285,230.6814,14.1203,1.5189,1.2629,1.2703,0.8599,40
475,2.996,5.0282,10.8834,16.4662,240.9557,45.8908,269.7283,30.9679,245.3034,10.4239,1.5401,0.2611,0.2611,0.2611,30
476,2.8153,7.4636,10.6111,24.3554,242.2381,46.3028,259.8211,34.4082,247.4592,14.9149,0.9625,0.9625,0.9625,0.9625,30
477,4.8629,5.196,10.42,20.7943,244.676,54.3142,252.8101,37.4338,245.3516,14.5513,1.1428,1.2934,0.7197,0.7197,40
478,2.3798,4.4797,5.6116,22.4639,254.2296,55.1998,268.5125,41.9724,251.5754,13.7752,1.181,0.7863,0.3469,0.3469,30
479,5.3692,6.7537,8.3271,25.163,222.2695,52.4412,248.4901,39.4402,241.385,16.5305,0.9331,0.5182,0.5182,0.5182,30
480,1.8874,5.8995,7.8419,18.0149,267.2892,54.8474,279.5864,37.8675,257.1895,15.8729,1.6585,0.19,0.19,0.19,20
481,1.416,2.9311,9.1607,19.5476,226.4232,37.2568,226.699,38.3779,222.408,14.8422,1.2978,0.6235,0.8338,0.5141,40
482,3.8478,7.0018,8.9452,19.4086,230.7198,41.4503,253.4093,31.429,238.2455,15.186,2.4921,0.9346,0.8274,0.8274,30
483,2.212,3.9188,7.6129,21.0054,251.4207,57.8003,254.2682,34.3492,250.2151,14.0526,1.1123,0.3692,0.3692,0.3692,20
484,3.5539,9.3473,15.4441,27.6854,246.1761,59.6689,271.4481,36.9189,252.5975,16.4478,1.7252,0.8871,1.0921,0.9666,20
485,3.9083,4.699,9.2233,20.8125,223.6584,59.4532,247.857,40.6313,233.9325,15.9558,2.2314,1.2577,0.9368,0.9368,30
486,2.129,2.3415,6.3167,18.7472,249.2215,53.9625,257.2376,36.3028,247.8358,14.8534,0.5143,0.4584,0.1578,0.2069,30
487,2.7912,4.4009,5.9718,18.0546,231.5473,45.3494,243.5684,27.9574,227.1052,15.0423,1.7619,1.3913,0.5468,0.5468,40
488,2.3176,3.0045,6.4827,20.2069,236.2897,40.6796,242.5079,38.2341,231.9871,17.5154,1.8649,1.4639,1.4639,1.6453,20
489,3.8535,5.6853,9.1013,19.0308,220.4833,54.0686,235.5139,40.4846,237.1188,15.6783,3.0586,1.6734,1.2818,0.8191,40
490,3.0839,4.4038,7.0852,16.7319,231.509,56.9754,236.9633,47.5436,228.404,15.5027,1.304,0.6317,0.6317,0.7981,20
491,4.1598,6.4585,12.063,22.6155,215.994,44.8082,241.6336,31.7115,237.5335,13.4619,1.4731,0.9089,0.4714,0.6064,30
492,3.8368,5.8541,10.7977,24.7662,270.8088,45.923,284.3178,42.1285,273.0243,19.1561,1.4661,0.6344,0.5307,0.5307,30
493,2.3288,7.109,13.2559,20.2516,247.2551,47.9373,248.0488,35.5983,240.2315,15.4642,0.5529,0.4785,0.4785,0.4785,20
494,2.8479,3.6078,9.1879,19.2655,243.1927,46.4858,249.0012,36.1536,232.0299,14.7031,1.5904,0.4601,0.0764,0.0764,30
495,3.7035,6.1241,12.8937,22.7832,269.2964,56.5805,283.9145,42.0591,272.7354,19.8648,0.4263,0.447,0.4469,0.4469,10
496,2.0257,2.8021,10.6226,20.9272,206.2664,52.3126,216.7157,47.1049,215.07,17.159,1.7159,0.748,1.0789,1.0789,20
497,6.2154,7.3152,10.5122,23.7562,275.301,64.0269,276.5912,50.513,251.3277,15.5963,2.224,1.5561,0.7902,1.1945,30
498,0.9116,6.054,9.1258,24.5018,250.5555,54.2207,254.4665,36.8531,246.2984,10.4611,0.4724,0.352,0.1513,0.1642,30
499,1.443,3.1253,9.847,17.0124,254.2038,49.0833,255.7783,34.1414,256.7575,7.9106,1.0203,0.3654,0.3654,0.3654,30
500,2.7747,2.7475,5.1834,15.7101,238.6534,34.7533,240.217,33.4096,237.3725,15.125,1.2437,0.8058,0.9491,0.8058,40
501,1.3116,3.2117,6.7046,19.5433,256.0442,46.2742,267.4554,51.9811,253.8075,17.4557,1.3133,-0.0356,-0.0356,0.2022,30
502,3.7048,5.7257,9.8499,21.6539,254.9989,48.501,266.4037,37.6686,243.7689,16.4661,1.6167,1.1924,1.1924,0.9755,40
503,2.0946,3.9615,9.3124,21.7915,227.698,44.5554,271.7745,45.2048,256.6031,19.2205,0.574,0.5248,0.6879,0.6879,20
504,3.0069,4.4734,8.4522,19.1147,255.8504,54.2367,260.6916,45.729,240.7795,19.512,1.6023,1.0738,1.0738,0.9092,40
505,4.3087,6.3993,11.8855,21.121,241.7238,43.4674,280.9305,31.8439,264.1345,20.8051,0.6189,0.6066,0.9066,0.9066,20
506,3.1369,4.827,9.6644,25.4681,242.4698,48.2101,248.4582,36.7547,238.4478,14.2918,1.0846,0.4534,0.8182,0.4348,40
507,4.3697,4.4289,7.3816,14.0364,227.389,52.1282,251.5469,45.3031,251.6138,11.4233,1.3612,0.7003,0.8226,1.0717,20
508,3.7135,5.7193,8.433,14.7036,246.7937,46.5285,254.5496,35.5863,242.9865,13.9244,1.568,0.6732,0.6732,0.6732,20
509,4.2187,5.0996,8.321,21.4077,234.5084,44.1732,253.1854,37.0245,240.0014,11.3274,1.2179,0.4575,0.6717,0.6717,20
510,3.7065,6.9768,10.5624,20.9235,232.0249,49.5952,245.6136,39.6345,229.1669,18.7613,1.1981,1.6786,1.742,1.7383,10
511,2.253,2.9379,6.5395,20.6449,253.0523,55.822,262.2434,41.1093,253.7429,20.3123,1.4566,0.421,0.421,0.421,30
512,3.9791,6.6597,7.7494,18.1638,236.9118,44.6157,255.1309,33.7227,233.1686,14.5053,1.3179,0.4557,0.8322,0.5027,20
513,3.3062,7.0995,8.1895,18.7836,247.7957,60.7967,261.3237,30.5083,241.3075,15.3109,1.0932,0.1908,0.1908,0.1908,30
514,1.8259,2.1583,8.8731,16.2943,251.2427,41.2333,264.9838,31.3638,248.7868,10.8742,0.5968,0.7416,0.7416,0.7416,10
515,3.2311,7.5703,12.8166,26.8137,265.1058,60.4882,272.2233,47.2174,261.516,17.306,1.6743,1.1501,0.9228,0.8271,40
516,2.7953,3.1955,9.6282,23.0912,262.1982,48.0561,266.6366,35.5244,258.3149,17.1366,1.471,1.0359,1.1848,1.0359,20
517,2.2695,2.7619,6.3116,18.1176,235.6511,47.7742,248.8439,32.4143,229.4477,11.1178,0.6961,0.5437,0.3469,0.3469,30
518,3.6973,6.0324,9.9564,26.6723,244.2735,49.2586,259.5776,38.5752,248.5524,16.685,1.0475,0.6196,0.6196,0.6196,20
519,2.7592,5.5374,11.1573,24.6838,235.9993,46.9371,242.5454,37.1995,237.8177,16.7813,3.0747,1.5158,0.4652,0.9977,30
520,2.7639,4.1729,7.1874,19.739,241.6355,35.0302,265.5389,33.5917,248.253,12.117,1.1397,1.1397,1.0162,1.0162,40
521,2.6332,5.2053,10.6915,22.6993,255.0215,48.9345,265.8396,39.272,255.2258,19.1577,1.4436,0.7868,0.7741,0.7741,30
522,3.8511,4.8741,7.4445,17.5579,230.201,43.3006,232.2601,41.7769,223.4016,22.8631,1.3861,1.8465,1.3699,1.3699,40
523,3.8278,5.7756,12.6493,26.359,232.1077,52.8396,254.0773,38.3821,242.8032,16.0416,1.4289,0.5546,0.5546,1.0124,20
524,3.0579,4.0499,11.536,25.8936,226.0945,52.2127,228.2769,29.2944,218.1285,13.8002,2.5309,0.5528,0.4219,0.64,30
525,2.9853,5.3664,9.8707,19.8187,236.7131,58.3762,238.4289,46.2905,230.5666,16.6074,1.0212,1.0113,0.9859,0.9366,40
526,1.4857,3.6264,9.1868,24.9934,244.3013,48.7048,252.9478,41.9297,241.5911,17.6337,0.7005,0.6414,1.3623,1.2915,20
527,2.4705,4.5006,11.1137,28.6479,246.9711,53.32,249.9879,37.8763,243.2101,16.8318,1.076,1.2202,1.5169,0.8299,40
528,5.7351,9.8798,14.8404,31.5872,239.9135,60.5892,250.5814,45.5818,244.6622,18.3704,1.2484,1.0784,1.3185,1.3185,20
529,2.2413,3.7825,8.6181,28.4552,245.8869,52.47,256.2271,35.0291,250.0798,13.4952,1.3764,0.8599,0.7031,0.7031,30
530,2.3576,3.8465,7.9759,20.4031,261.6695,46.1837,265.895,35.3119,252.2108,9.2354,0.8777,1.2142,0.551,0.551,40
531,5.0462,6.7685,10.5442,22.1668,212.0933,51.296,220.3892,34.9985,212.8673,17.5513,3.0123,1.7416,1.7134,1.2422,40
532,3.3621,6.3796,9.897,24.7167,258.0943,64.6075,254.8334,49.069,246.9451,16.8876,2.9944,1.4215,1.4998,1.4998,20
533,3.5011,3.6846,8.4153,22.3799,233.5616,45.5119,241.8384,38.127,233.4634,16.7784,1.6158,0.7306,0.7306,0.7306,30
534,2.4227,4.5891,5.548,16.8919,260.5438,41.5377,261.5407,32.7468,259.8054,12.1354,1.3028,1.4725,0.73,0.73,30
535,2.9889,6.3809,11.3478,19.7177,270.758,48.3429,280.1917,33.0216,260.2862,14.7684,1.2698,0.3756,0.3756,0.3756,20
536,2.4334,7.4208,12.2707,25.6214,220.5522,54.7218,278.1264,42.6966,262.7848,18.8394,1.0209,1.2055,1.1776,0.7362,40
537,3.871,6.9765,7.4027,19.6271,256.2957,51.2885,271.3916,36.2959,252.2213,18.0295,0.7138,0.1568,0.3367,0.3367,20
538,3.8944,4.7359,11.1375,25.4545,245.7724,50.8665,274.3726,39.2279,248.1788,16.0959,0.8361,0.4102,0.4102,0.4102,20
539,3.822,5.6791,9.8899,15.8851,263.848,39.6868,275.0708,48.3962,255.7942,14.0748,0.8462,1.0637,0.9897,0.7461,40
540,2.2278,5.5624,8.6149,29.3261,238.9024,59.8244,260.3902,38.1966,248.8724,19.2164,0.6007,1.1854,1.1854,1.1854,10
541,3.8657,4.3087,10.7278,26.4263,261.9332,53.622,287.8223,36.1364,262.7194,19.8984,2.8604,2.6588,2.5219,2.9491,30
542,3.3274,6.0615,10.5493,19.8985,222.1553,46.6552,231.2937,33.4743,221.4832,16.1755,0.8225,1.0244,1.2232,0.9832,10
543,2.8885,5.6077,12.1158,20.1996,216.6038,53.0709,244.3328,41.2461,228.3867,15.8742,2.5936,0.9705,0.9705,0.9705,20
544,1.1207,3.5211,10.7925,26.6117,239.1793,47.3376,256.3198,40.1557,237.3519,15.3199,0.4405,0.4405,0.16,0.16,30
545,3.4697,5.2098,13.2391,26.2795,278.6918,52.6883,283.2233,41.7493,268.6967,18.4359,2.6512,0.9273,0.6462,0.6546,30
546,3.5288,4.3822,11.3939,23.4637,247.556,63.7172,253.586,35.5526,236.8217,15.2598,1.0438,0.7233,0.9482,0.4247,40
547,4.8837,8.0063,13.4166,32.3076,260.9947,56.7818,272.9204,45.0803,237.3065,20.524,2.0282,0.5388,0.5388,0.5388,20
548,4.2666,3.0412,9.9766,19.8321,228.419,39.5001,241.9659,39.3238,232.7557,17.3289,2.5591,1.3117,0.5632,0.7659,30
549,4.6645,5.8348,10.3268,17.1516,238.9644,49.9913,247.0898,33.9976,231.9187,15.3631,1.8591,1.0822,1.2321,1.2033,20
550,2.0447,4.3188,11.8369,24.0751,241.7604,51.5219,246.8412,36.9716,233.865,11.1847,0.7253,0.1998,0.1998,0.0833,40
551,2.3017,2.561,5.3508,17.7245,229.7953,52.1393,254.7901,44.8127,235.9063,15.7383,0.9955,0.7948,0.7156,0.7156,30
552,3.9511,5.4707,9.9297,22.3205,225.6507,51.084,238.6511,38.3464,229.2789,14.9092,2.0653,0.6425,1.5599,1.1866,20
553,3.6981,4.0506,9.0742,20.572,257.3428,65.7955,263.1485,34.0132,251.507,14.4313,2.9561,3.1061,2.0669,1.6692,40
554,2.7353,6.4282,7.9038,18.0655,232.1327,42.4006,244.9575,48.6314,236.471,15.0225,2.0495,1.0207,0.7515,0.7515,30
555,4.823,6.8053,14.6979,29.8366,264.1655,61.4074,271.4177,34.1404,254.8538,13.6131,2.8935,2.2337,1.1999,2.142,30
556,2.509,5.1748,11.5772,25.1435,242.8534,51.3604,261.1832,43.145,250.8114,16.1891,1.4636,0.5024,0.5024,0.5024,30
557,4.1148,4.7367,12.1926,27.6765,259.247,60.6224,269.9911,45.666,260.5041,15.9497,1.5917,0.678,0.8491,0.4943,40
558,3.0757,3.8127,10.1694,18.9695,249.2581,46.924,261.2393,38.3784,247.5451,16.0006,1.7541,1.0764,0.3173,0.7593,30
559,5.0515,6.7261,11.517,22.2673,247.9913,37.3808,260.0691,36.1856,252.1829,18.4214,1.5602,0.877,0.3647,0.6311,30
560,2.0782,5.5543,10.7368,19.7382,213.706,33.3772,219.8935,35.868,217.0553,16.6553,0.7807,0.651,1.0834,0.6973,20
561,5.1522,7.5794,15.2555,19.9044,246.3693,54.642,258.0259,42.4449,248.9893,20.8018,2.1622,1.7528,2.0874,2.563,20
562,3.0596,5.3436,10.3283,20.4689,226.9714,53.0232,231.8996,36.1591,231.8825,12.9251,2.4542,1.0904,1.1618,0.9721,40
563,3.2112,6.5367,13.7185,21.838,253.0475,51.5804,265.4831,45.1549,245.6936,15.6904,1.3858,1.0284,0.6203,0.9313,30
564,3.1497,8.2166,10.774,27.3142,262.6396,51.5898,275.6975,39.6082,256.7886,15.7785,0.5131,1.5237,1.4969,1.6464,10
565,1.9082,6.3852,10.073,10.8332,230.09,44.039,244.4807,38.5643,239.1174,14.8219,2.3431,0.5307,0.5307,0.0715,40
566,2.8848,6.9104,14.0237,20.0968,247.7374,55.4943,263.4556,43.7078,257.3518,16.5841,0.5409,0.4318,0.4289,0.4289,40
567,1.8989,3.9178,7.6076,22.6843,240.6095,54.9967,236.3191,36.943,224.7251,11.1561,0.6757,0.4643,1.1954,1.1954,20
568,4.1871,5.1197,12.8722,20.3932,222.7196,44.8921,237.3024,35.1749,234.618,13.4776,0.8639,0.1852,0.5956,0.1514,40
569,1.4671,3.8208,9.3904,20.8082,217.0484,43.2999,233.9688,36.6434,219.0652,12.1208,0.6144,0.5478,0.1297,0.1297,30
570,4.3424,5.7414,6.7889,19.6316,232.4561,45.0792,246.3759,42.7672,238.4278,13.7159,2.5076,0.7282,0.6858,0.4413,40
571,4.8962,7.1923,13.4883,23.6361,239.5382,50.4363,251.8229,33.7426,245.6068,18.4624,1.3209,0.9357,0.9357,0.6792,40
572,1.9308,4.5173,12.1355,20.0578,232.7614,45.2389,262.8206,41.3217,241.4852,16.0167,0.8061,0.4586,0.4586,0.5191,20
573,4.5502,5.1472,10.9066,19.5122,240.2624,36.955,249.1364,38.9534,237.7948,15.877,1.449,0.1336,0.3074,0.3074,20
574,2.6279,3.7585,3.905,16.4331,233.7614,57.2931,246.7865,36.4431,231.5302,14.7857,0.583,0.0934,0.1743,0.2865,20
575,3.0331,5.6185,11.2782,28.3127,232.5597,50.8248,245.7539,49.3346,237.5147,18.5878,1.9244,0.91,0.9268,0.7439,40
576,4.0353,7.8667,8.6126,19.5214,243.7565,50.0646,248.8805,42.4546,223.5998,15.8236,1.2663,1.4678,1.2047,1.4476,30
577,3.0718,5.7773,10.869,24.8611,259.3582,50.8304,253.8545,47.1745,245.9326,21.2223,1.2548,0.688,0.688,0.688,20
578,2.6357,2.9374,11.0744,20.7977,251.1322,51.1794,258.1404,39.6954,251.4138,15.9224,1.0662,0.6813,0.3785,0.3785,30
579,3.5452,3.3757,10.8563,23.4599,224.5991,46.8629,235.7821,30.4074,232.6099,8.3403,1.5566,1.1205,0.7647,0.7939,30
580,3.478,5.7664,11.0424,25.6976,276.0923,58.3632,292.6911,41.3564,275.5178,8.2083,0.6889,0.133,0.133,0.133,20
581,1.6905,5.0058,7.8464,28.2518,225.8131,54.0402,244.065,35.5841,231.7574,12.8153,1.1387,0.3902,0.4132,0.4132,20
582,2.1477,4.3724,7.6863,20.47,240.1441,46.0599,256.3814,40.423,243.9175,18.373,0.5002,0.9285,0.2301,0.2301,30
583,5.5576,6.4581,9.0814,17.7756,234.6763,54.136,255.2244,41.0103,239.3081,17.4881,1.4104,1.3365,1.4791,1.2716,40
584,4.5612,4.1882,8.894,18.393,220.4875,48.7949,239.1455,40.8634,229.1809,19.5272,2.1708,1.7524,1.0167,0.6638,40
585,3.1816,5.3092,9.7565,22.0518,251.8343,56.6729,250.7631,32.0204,245.2434,10.9706,1.0447,0.5668,0.1985,0.4048,30
586,2.0937,6.6097,13.3988,26.6763,202.0383,53.0874,262.3423,43.7464,244.8238,18.6295,0.7051,0.0905,0.0905,0.0905,20
587,4.4669,4.0196,8.598,20.7051,249.1772,49.9391,263.3871,36.5886,254.2723,16.8899,0.7213,1.5318,0.8846,0.8755,10
588,1.278,3.4129,8.0867,15.9596,221.4276,49.0361,231.0759,39.1248,223.8793,14.5173,0.9335,0.7467,0.6668,1.1048,30
589,3.469,7.5704,12.054,23.4977,239.1768,51.0161,250.1413,33.8373,243.2953,17.7243,1.2915,1.098,1.098,1.098,20
590,1.149,3.7511,9.1426,20.4132,247.1234,45.2133,261.608,37.7766,247.6137,18.8031,2.2035,0.5191,0.3142,0.3142,40
591,4.0694,4.2681,7.7013,15.8122,248.9996,39.19,273.1085,37.189,242.1995,11.3777,3.1332,1.6039,1.7067,1.4391,40
592,1.8048,3.4889,7.5432,14.6185,233.9227,43.8151,243.8437,29.6482,236.5045,12.9877,1.7392,1.2791,1.9491,1.5686,20
593,1.3489,3.3499,11.8684,17.638,263.4445,45.1643,260.7154,45.7537,247.3893,14.9401,3.0936,1.127,1.0454,1.0454,30
594,5.1054,10.9138,16.484,23.8162,248.7259,63.4909,266.9114,40.0336,228.7331,14.2667,1.6968,1.5307,1.2778,1.2778,30
595,2.6599,3.732,9.4096,22.0831,211.0151,55.0536,240.0426,40.869,232.518,16.2394,2.0212,0.9163,0.3775,0.3775,30
596,3.9031,4.6927,7.1433,17.4696,242.6664,46.6816,254.6725,30.6038,240.1145,12.8612,0.7,0.3965,0.3729,0.3947,30
597,5.3388,8.5382,10.5903,23.4851,257.7339,49.9948,265.1411,44.9891,245.7141,21.56,1.1976,0.5389,0.5,0.5,30
598,2.2765,3.8915,8.0944,19.4978,218.6714,40.2532,226.6343,33.5209,221.4332,13.3503,1.2509,1.0496,1.0206,0.7031,40
599,1.0926,4.1373,12.5238,20.967,232.0688,41.844,261.7003,28.6018,249.9411,12.222,3.4317,0.5891,1.0077,1.0077,20
600,3.2553,7.1231,11.6859,23.1719,247.6993,51.5831,269.0182,46.1503,251.0449,19.6885,2.8385,0.5049,0.6542,0.6542,20
601,1.829,3.9377,8.2895,24.0747,239.1242,39.3452,250.3246,33.3681,240.9188,12.3356,2.2222,1.0265,0.7786,0.5693,40
602,2.0351,3.4971,8.2823,14.8991,241.3057,42.5226,254.2666,40.1393,248.4056,13.4316,0.4447,0.1498,0.0689,0.0689,30
603,4.0704,8.0383,15.731,23.7972,242.9655,54.4707,251.4158,41.9782,242.0247,17.269,0.4632,0.5716,0.5716,0.579,10
604,2.3621,4.5781,12.1952,22.4017,236.1429,46.6275,243.8039,34.4553,239.7518,13.6134,1.1354,0.8521,0.5574,0.8521,30
605,2.4811,2.6005,9.0933,23.8177,276.1376,54.0451,275.5947,35.4676,254.2429,19.3113,1.1118,0.6324,1.36,0.0345,40
606,5.6625,9.1369,11.3472,22.191,245.999,53.3682,272.5861,32.4816,255.3575,14.2965,2.3173,1.8275,1.2228,1.1059,40
607,0.3796,3.4244,7.8632,24.7303,240.4018,48.2155,253.4466,41.6701,237.9189,15.7914,0.3942,0.3942,0.4682,0.3396,40
608,3.4704,5.1544,9.879,19.1754,245.7228,48.7118,262.5006,40.4221,239.7749,15.4815,0.3356,0.216,0.6017,0.6017,20
609,1.9139,4.1209,7.6936,20.0512,215.7499,44.1869,224.5182,34.1624,213.8646,11.0642,0.9538,0.4754,0.4754,0.4754,30
610,3.4238,6.2387,12.4726,22.0771,261.9602,51.9314,268.3863,38.5241,242.729,13.8097,0.8846,0.6114,0.6114,0.6114,20
611,2.4087,3.2372,12.5407,21.7599,253.6012,52.6569,258.3497,38.6943,241.7798,14.1181,1.482,1.445,1.445,1.445,20
612,5.6994,6.9983,10.1871,24.4822,251.7919,56.6534,273.6075,38.5067,255.0607,17.1979,1.3356,1.304,1.0945,0.5675,40
613,2.7939,3.3167,11.537,21.663,261.3706,58.0034,263.7644,43.9996,242.7909,14.4706,1.9827,0.7598,0.761,0.8678,20
614,3.5881,4.8773,7.7971,15.5669,267.9842,54.2513,281.4449,33.5672,254.424,14.8645,1.7975,1.7509,1.1793,1.1793,40
615,3.4128,5.4113,11.7706,29.8215,265.7256,55.5078,272.793,37.1948,256.8532,18.423,1.1334,1.936,0.7275,1.7872,30
616,2.2763,5.3828,8.4584,20.1583,258.3598,55.2334,288.0929,49.4703,268.5541,14.7891,3.2172,0.6724,0.1221,0.1221,40
617,1.3909,3.5214,8.1576,22.8235,243.0384,45.1394,240.4134,37.6936,222.6845,12.1647,4.1152,1.1006,1.1006,1.1006,30
618,2.7655,3.1558,5.3627,16.3421,229.2675,38.9603,234.7016,35.5103,225.7713,11.9978,1.7715,0.6217,0.4754,0.4754,30
619,5.0033,7.6384,12.0762,22.0984,234.0299,49.2211,259.5697,32.1146,242.9595,14.5719,1.4738,0.2716,0.2716,0.6324,20
620,4.1007,5.6633,13.6946,20.2888,231.6987,54.2879,265.0449,45.254,243.4466,18.4119,1.8653,1.5606,1.2547,1.092,40
621,2.3031,4.4683,9.5073,18.3495,225.7988,48.4574,226.6474,38.9159,218.1064,10.5513,2.8988,0.498,0.547,0.7478,20
622,2.7459,4.7096,10.3184,27.0757,249.3733,53.7669,263.219,32.0908,249.8324,10.9278,2.8994,0.9157,0.8671,0.8671,30
623,3.1551,6.5506,12.1898,18.005,226.8314,40.7379,230.3993,41.871,220.8121,15.0977,1.3684,1.475,1.6535,1.5128,10
624,0.5916,4.7194,9.236,11.0595,242.8469,37.2723,262.4528,27.7676,254.1725,12.3728,0.5664,0.4,0.4,0.1893,40
625,2.0422,5.1549,14.0984,26.1147,234.8718,52.1886,253.4474,35.3733,243.2008,11.3487,2.512,1.2172,1.2619,0.9079,40
626,0.8477,2.8606,9.4478,21.0323,236.8022,44.6557,245.54,38.0906,234.2815,13.7332,0.6118,1.4351,0.9008,0.9603,10
627,3.3313,4.8156,10.8137,21.0964,227.0473,41.6671,243.0869,36.3208,238.0385,13.4846,1.3561,0.8087,0.7219,0.8087,30
628,2.2543,4.1961,7.3679,20.9181,235.7781,45.4335,250.2741,38.3379,243.5291,13.0216,0.7397,0.519,0.796,0.4009,40
629,3.432,4.7182,11.8336,26.2409,247.6733,44.09,263.124,42.2945,237.2723,15.286,0.5089,0.5099,0.5099,0.5099,10
630,3.378,4.0311,10.1447,20.8971,240.8512,48.0415,248.9764,40.9077,246.4361,16.0706,0.6315,0.2647,0.2647,0.2647,30
631,3.6836,6.1258,10.7607,22.0269,230.3191,55.4371,243.8843,30.4811,230.7871,14.3089,1.5758,0.8492,0.7646,0.7646,30
632,3.8778,4.6955,9.9183,20.8589,246.7702,50.7085,256.9036,37.1404,248.8314,13.1504,2.0582,0.5322,0.5322,0.5322,20
633,1.2205,5.2639,10.1484,21.9496,232.1568,45.7542,238.7923,30.4721,226.5637,15.5114,1.1606,0.5087,0.393,0.393,30
634,2.0802,7.0079,15.523,24.7318,232.9232,59.021,246.2573,29.2636,232.0172,15.1096,1.5489,0.6445,0.6445,0.6445,20
635,3.7127,6.506,9.4114,26.1971,239.1274,52.2708,244.4456,39.7198,241.7261,18.0863,1.5447,0.9898,1.3373,1.3373,20
636,3.3513,5.0517,7.8816,21.799,268.2705,43.8986,275.5619,37.7686,251.0917,12.4009,3.0419,2.7854,2.0379,1.9951,40
637,2.5336,4.376,7.4613,16.8028,249.6698,47.9792,255.6823,27.366,235.7389,10.5007,1.046,1.4207,0.3901,0.3266,40
638,1.5558,3.41,8.0575,19.4593,248.4342,40.8144,262.4677,42.8553,242.5576,15.4317,1.4904,0.0638,0.0613,0.0613,30
639,2.8047,2.3565,7.5345,24.3697,229.2828,49.812,249.4663,45.1925,234.6876,15.5814,1.4505,0.9963,0.8858,0.6955,40
640,3.5965,5.1548,9.6401,26.3199,253.1016,65.0811,265.9265,34.6425,249.5499,17.1877,1.965,1.3378,1.3855,1.3468,20
641,3.1188,4.5397,12.0927,17.2137,261.6978,55.8338,276.0507,35.3258,258.5584,14.82,0.7406,0.2646,0.2646,0.2646,30
642,4.439,8.9217,11.676,19.5562,220.6472,42.5104,255.9486,29.6489,246.3267,10.5854,0.5571,1.0228,0.8973,1.1558,10
643,2.4718,4.5553,5.5019,19.1155,225.2953,40.6698,239.0715,32.2665,219.1671,14.5638,1.4051,0.3464,0.3464,0.3464,20
644,2.4143,4.0037,8.4136,20.3932,242.7944,42.4484,243.973,31.3492,236.8918,20.1622,0.9075,1.1764,1.195,1.1892,10
645,3.1723,6.5029,8.0903,24.24,215.9193,49.6073,238.9052,41.385,229.6393,16.4806,1.1917,1.2134,0.4643,0.4643,30
646,3.8917,7.0367,14.5608,21.3808,243.4063,50.3624,251.2862,35.8511,241.9688,17.2102,1.0757,0.2993,0.5717,0.5717,20
647,5.2981,8.6317,12.2533,21.8656,255.3902,47.217,263.4809,33.189,245.5625,15.4572,0.386,0.4701,0.5295,0.8013,10
648,3.7914,4.4855,9.0161,22.0027,233.9221,44.1896,257.2819,35.1772,250.5325,15.4817,0.7823,0.5457,0.5457,0.5457,20
649,6.3874,9.5249,16.4572,26.158,262.1732,58.6467,258.9189,34.6762,254.2781,12.7554,2.1843,1.29,1.4461,0.5207,40
650,3.1749,4.9872,11.0063,21.4704,230.2678,56.5549,248.167,31.2247,240.2086,11.6401,0.9515,1.0896,1.0896,1.0896,10
651,5.7191,8.162,14.2981,25.5818,232.8794,49.3006,256.3197,40.5248,243.8666,19.8703,2.4649,2.0069,2.0069,2.0069,40
652,2.3617,3.3686,7.9406,24.0482,236.1674,46.8904,244.5409,37.3325,232.6687,19.2381,0.5131,1.0226,1.0776,0.9241,10
653,4.9393,5.7844,8.2266,22.8556,247.1527,59.5844,265.5269,38.4603,244.1249,16.4491,3.2757,1.0761,1.0142,0.9288,40
654,4.4232,4.1963,10.2315,24.6886,254.1733,42.7054,262.9088,33.1137,249.787,17.889,2.745,1.9094,1.7801,1.4393,40
655,2.4331,4.2633,6.5388,17.7509,211.9605,51.372,243.8347,34.2557,235.1749,11.1655,2.0203,0.7823,0.7054,0.3185,40
656,1.0496,4.2012,9.1679,27.2491,260.4792,68.5896,271.9486,34.596,263.5842,10.1957,1.3307,0.5368,0.5368,0.5368,20
657,0.7904,2.547,6.5728,14.6011,238.465,43.3067,242.1434,30.6762,237.6427,8.811,1.851,1.1998,1.0457,1.0457,-40
658,5.1758,4.7359,15.1267,25.5781,244.0639,52.3457,255.8093,34.8879,248.9576,16.8584,1.1501,0.9528,0.7718,0.7718,30
659,5.9608,9.8974,21.7752,30.8984,246.5281,53.9928,264.0121,49.0931,235.1146,22.1046,1.8321,1.3835,1.1821,1.1821,40
660,2.0141,6.4837,10.3529,20.24,237.2915,45.7456,242.1277,35.5424,226.0485,15.1781,1.7542,0.8827,0.7967,0.902,30
661,1.6537,4.2737,9.9998,16.8497,226.6375,45.5593,248.5565,38.1847,251.2353,14.4169,0.9045,0.5863,0.3728,0.2886,40
662,3.7126,4.2137,8.361,18.1815,265.9736,48.6503,287.5331,30.6456,279.9648,13.9341,0.5968,0.8568,0.7377,0.9366,10
663,4.0078,5.0599,10.2775,15.4325,226.9139,36.0147,233.9028,31.7747,223.8971,13.384,0.7951,0.5053,0.4231,0.5577,30
664,4.2005,8.6879,16.7174,28.3082,252.3055,56.1342,258.7947,44.7132,259.7427,20.7984,0.9924,1.6518,1.3075,1.3075,10
665,3.1379,5.3076,10.7621,20.9386,227.1834,52.4808,222.9539,28.3583,219.737,12.4648,2.0182,0.8574,0.5976,0.4846,40
666,2.162,5.9595,11.7332,18.1811,250.6757,65.4427,253.2214,40.9942,246.9172,17.8853,2.1642,0.8061,0.6131,0.6131,30
667,2.4179,6.1742,10.6145,17.8716,248.6248,64.7389,252.8008,35.5834,240.7856,13.2216,0.7566,0.6069,0.6164,0.568,40
668,5.1398,8.1474,11.6924,27.481,229.682,47.3599,231.9102,43.6379,221.2964,23.1211,1.2918,0.6353,0.3641,0.5256,30
669,4.4026,5.3934,8.3913,20.2205,244.9884,41.0387,253.6909,32.0992,234.5289,10.8837,1.8083,0.8271,0.8256,1.5097,30
670,5.1613,8.7581,14.1586,29.2655,258.5966,59.2782,275.2911,41.6677,262.8455,23.7708,3.7558,1.9461,1.7878,1.7903,30
671,4.606,5.1771,10.4821,20.6017,255.5078,64.4301,266.3869,43.6982,254.2059,15.9237,1.6412,1.6859,0.9817,2.1512,30
672,2.5466,5.5843,9.5628,19.9265,266.801,57.2333,276.2559,33.4842,268.0413,11.9227,1.6299,0.6657,0.6657,0.6657,20
673,4.4361,7.1951,11.7075,19.3103,243.0777,40.9722,247.8312,39.2275,226.5406,11.0955,1.3297,1.2508,1.2508,1.2006,40
674,4.8691,5.7834,11.5189,25.1432,236.9142,53.5023,256.6896,40.3795,243.4302,19.4453,2.9973,1.0522,0.0729,0.4195,30
675,1.4639,3.8929,7.4131,17.6991,234.9788,36.992,262.6483,35.7981,254.9577,13.8743,0.6516,0.5032,0.1696,0.1696,30
676,1.9953,6.86,7.4177,25.7152,247.3052,48.309,249.3849,29.7186,241.775,18.2008,1.3036,1.3935,1.1206,1.2561,30
677,2.3477,5.2431,9.8955,22.2798,245.3488,46.9958,255.4868,43.415,238.3323,21.0292,1.8364,0.4955,0.4207,0.8897,30
678,3.5935,9.5682,11.9512,25.9296,246.3451,60.1793,261.9178,43.1034,250.5986,18.21,2.1863,0.8765,0.977,0.977,20
679,2.4881,5.5592,6.3157,19.9079,235.1845,55.2857,256.8707,42.2958,246.2884,16.7939,2.4131,0.5468,0.5468,0.5468,20
680,3.9951,6.0721,10.4876,14.1647,256.7358,37.8881,266.9793,27.0384,248.2906,10.9585,1.5475,0.6773,0.683,0.683,20
681,4.565,4.7386,10.4623,24.1213,231.3214,48.9484,245.6723,34.3699,229.9944,17.1104,1.5686,0.4254,0.4254,0.4254,20
682,4.8664,5.7761,7.6949,18.478,234.04,52.475,252.4829,39.5354,238.5519,16.8328,3.434,0.4374,0.7227,0.7227,20
683,2.2805,4.85,8.7768,18.3613,235.7934,47.245,239.3326,40.6736,232.0354,15.4911,1.3804,1.277,1.4145,0.4674,40
684,3.645,6.7178,10.2341,21.6694,253.4847,46.4774,278.9211,38.6075,245.1117,20.4989,0.8983,1.324,0.8854,0.8854,30
685,4.1,7.5006,11.1664,21.2398,254.0099,52.3163,257.3167,47.302,256.6563,18.6263,1.8166,1.4311,1.4311,1.2752,40
686,2.29,5.5727,9.8698,21.8549,234.0241,51.2575,252.0405,39.5832,244.0964,13.4164,2.6328,0.8258,0.4447,0.6618,30
687,3.6513,4.2993,8.4596,16.6636,218.2465,46.0246,245.0868,30.0561,233.8595,12.7689,2.0476,0.9121,1.0369,1.0369,20
688,2.9187,3.1599,4.8133,20.3815,248.3085,46.7916,251.4061,37.3923,247.8316,9.3466,1.0691,0.148,0.148,0.148,20
689,2.4353,4.3116,13.6212,18.5156,217.161,46.1695,230.0338,42.8016,226.9652,11.8506,1.9969,1.2101,1.1257,1.1257,30
690,2.3801,5.4162,11.7262,19.7985,230.9709,53.7022,247.0371,33.1511,248.6516,15.9563,2.1965,1.3352,1.0155,1.0155,30
691,1.0855,3.4643,10.191,22.3372,226.9038,42.3941,249.4093,35.5761,240.1479,13.4239,0.4606,1.0043,1.254,0.7296,10
692,4.7464,5.6962,11.8711,24.614,237.4633,52.2653,242.4489,32.5182,236.625,13.4966,1.0119,0.5095,0.2122,0.2122,30
693,4.4528,8.6582,12.5541,15.063,246.4684,56.0856,255.6479,41.345,236.6335,15.9069,0.8971,1.1036,0.5114,0.5114,30
694,3.5223,5.4255,8.0703,18.7228,245.6702,52.2624,263.6833,49.2197,245.8022,14.2795,1.6643,0.8499,0.8499,0.8499,20
695,5.7249,6.0161,11.2333,22.7833,234.4876,47.2823,230.4322,31.6648,219.5857,15.017,1.7672,1.1896,0.9874,0.9874,40
696,2.2812,4.9347,10.8935,15.7466,221.1663,42.4133,236.3598,30.7967,224.8285,13.2942,1.6578,0.636,0.2184,0.2184,30
697,2.7324,4.1204,8.0632,18.3526,242.1007,52.1117,270.2594,34.3387,244.8246,10.9951,0.8737,1.003,0.9396,1.003,10
698,3.0591,5.2638,8.0623,17.7796,270.0781,54.9321,277.7627,41.178,271.9314,16.0417,1.2586,0.7918,0.6013,1.4777,30
699,2.0742,2.9888,5.1577,13.2155,231.314,51.9366,249.4704,37.6842,241.3218,12.5037,1.5018,0.4774,0.5169,0.5169,20
700,2.6002,5.865,14.2181,22.2043,251.2875,59.6739,265.7839,45.83,244.8699,20.6815,1.0235,1.0235,1.0235,1.0235,20
701,3.0959,5.435,8.2304,17.9207,243.629,44.3156,251.3525,33.7292,252.141,16.4418,1.2455,0.9495,0.3046,0.4055,30
702,1.4278,2.8698,9.2209,16.0729,239.9623,47.48,237.0277,40.5101,228.3153,11.9892,1.5585,0.4007,0.1109,0.1109,30
703,1.922,4.1093,10.6621,24.2186,229.8866,50.7776,241.8425,40.8264,232.6638,16.1136,0.8262,0.1891,0.1891,0.1891,20
704,3.7124,4.5728,8.9288,18.808,262.1303,53.0684,280.8799,34.0179,265.8327,12.4948,2.7061,1.3757,1.508,0.4569,40
705,9.5424,14.0217,20.0513,32.506,269.0884,59.2428,299.6989,42.3738,284.5711,20.6976,4.1403,0.7304,0.7304,0.3625,40
706,4.7636,5.2108,10.9591,21.8084,233.0515,46.7968,256.602,32.5649,252.8685,16.6207,2.0063,1.148,1.4352,1.2231,20
707,3.2696,4.8589,11.3936,27.5037,240.9033,55.3695,243.98,32.906,234.6633,14.6028,3.7734,1.3214,0.6107,0.6107,30
708,5.6729,8.8302,10.9085,15.083,256.0099,42.8636,271.7819,44.6305,254.2991,14.5085,1.6109,0.4232,0.4232,0.4485,20
709,4.6546,6.9322,12.1067,23.7558,238.7281,45.166,257.3337,29.7886,239.9226,16.1428,2.619,1.3785,1.3677,1.0989,40
710,4.6471,6.753,8.5655,21.6063,242.2666,54.1989,247.2157,40.4468,238.9511,14.9383,0.8877,0.5064,0.7072,1.3325,20
711,4.4277,5.2339,11.5018,17.5586,244.8762,48.442,251.198,32.4982,240.9919,12.4433,1.9458,1.0331,1.2034,1.4312,20
712,3.8882,7.4386,10.4536,21.0109,244.7929,53.7201,246.584,27.6488,238.4054,11.4271,2.0988,1.3177,1.2586,1.066,40
713,3.6063,5.259,10.2677,18.8092,217.5614,55.0128,268.3958,38.0131,258.1972,13.5152,3.7692,1.0296,1.0689,1.0753,20
714,2.7881,5.0484,13.6854,21.0141,230.8257,42.3194,237.7479,35.8671,227.2533,12.3688,0.5797,0.4208,0.3732,0.3732,30
715,2.8837,5.4691,9.6515,20.5137,235.8289,55.0968,262.4115,41.5973,251.0414,15.6562,0.9598,0.4104,0.38,0.403,30
716,4.9757,8.0812,14.5082,21.0407,263.6213,54.0732,286.856,40.5386,261.0565,18.3474,1.3003,0.9477,1.0563,0.5273,40
717,3.3905,5.7332,11.4872,18.7367,222.8645,46.9515,255.3775,28.2177,246.0574,13.8313,0.7406,0.3461,0.2016,0.6019,30
718,3.7767,4.6489,8.448,23.0604,252.9605,55.0239,273.4941,46.1387,259.1792,15.6963,1.5773,0.7228,0.7228,0.7997,20
719,3.766,6.1781,12.2619,25.7135,249.5013,47.835,250.7499,43.2874,240.3562,17.7417,1.8083,1.5001,1.1377,1.1635,30
720,3.3708,5.3517,11.7185,25.3912,245.1459,53.1144,255.6651,38.5299,244.1943,11.5496,1.0997,0.946,0.6663,0.6663,30
721,3.5639,6.5965,13.1338,27.0937,259.0213,50.6094,271.0942,43.866,264.1656,20.8097,1.3183,1.162,1.3972,1.4527,20
722,2.4927,3.6348,7.3303,24.8322,226.875,51.762,278.5357,35.2407,259.0421,21.2725,0.7572,0.3679,0.4197,0.4197,20
723,2.4018,3.37,8.7335,17.8931,230.6114,38.1093,246.5629,38.1766,229.0692,15.5615,1.4689,0.8742,1.0968,0.8741,40
724,5.8118,5.7837,15.685,26.5012,238.4064,58.1861,240.0247,40.8796,227.5777,17.8416,2.2528,1.4781,1.2315,1.0836,40
725,1.4164,5.4206,8.22,20.4773,236.7509,43.5559,244.2905,33.2455,232.5431,16.2482,1.802,0.2666,0.0902,0.0902,40
726,3.568,4.7025,11.2235,32.9865,268.1897,73.6816,269.5355,36.0654,258.8059,15.5776,1.3838,1.4372,1.0821,1.0821,30
727,4.4329,5.1951,8.677,22.0343,246.1156,60.6778,250.2003,38.6703,239.3473,13.3398,0.7221,0.8328,0.9284,0.5602,40
728,4.1431,8.3958,13.5219,22.3957,259.6368,62.9978,269.7901,39.7711,253.6047,18.767,1.8369,0.4533,1.7508,1.3592,20
729,3.4812,6.4606,12.5035,23.3113,222.8895,45.6278,234.8801,30.7537,224.5769,16.4565,2.8324,1.3994,1.4477,1.4214,20
730,2.2423,2.3419,9.3638,18.2315,233.6812,43.1658,243.3027,33.0647,235.462,15.9912,1.3202,0.8049,0.8049,0.8049,20
731,4.7894,7.6052,12.1806,19.9413,253.8649,42.2992,259.997,42.8255,243.4991,15.7319,1.4201,1.0574,1.0994,1.0994,20
732,3.9334,5.7937,11.2153,18.9306,241.0277,52.78,245.0929,34.8223,239.4427,13.7684,0.7888,0.6154,0.8069,0.8202,20
733,3.163,3.6189,10.8039,21.1147,250.4466,49.733,261.0455,45.4509,257.2547,19.8403,0.8749,1.2822,1.1983,1.1983,10
734,0.4706,1.7291,7.9308,21.915,250.8695,65.2168,268.0773,34.5935,254.4979,12.8231,1.4217,0.4706,0.4705,0.4705,30
735,2.3357,5.765,11.8418,19.1984,236.8369,51.8654,253.0787,37.0687,230.0976,15.0789,1.9921,1.3617,1.1723,1.2841,30
736,4.6313,8.1621,11.1575,20.1845,240.334,46.4379,255.334,39.0745,254.6313,18.4485,2.4211,1.0769,1.9728,1.6081,20
737,2.2966,5.5802,11.2101,21.1809,226.3966,44.6686,239.8272,37.9955,233.3304,13.1803,1.3469,1.5261,1.2136,0.4251,40
738,3.0745,5.6079,11.867,25.437,240.2425,52.0278,241.8384,36.0927,239.3083,16.4751,1.8047,0.4732,0.1814,0.1814,30
739,3.8413,8.3127,17.6278,28.0379,248.8798,68.7202,262.5288,41.1959,258.2996,18.2167,1.0778,1.1423,1.152,1.152,10
740,1.9178,6.1127,15.0253,22.7698,257.2022,57.6641,258.8726,36.8671,248.9262,21.5051,0.0723,0.1865,0.5731,0.2794,10
741,4.1635,5.8546,13.5305,23.709,250.6635,46.6875,263.4996,32.2981,252.2399,15.467,2.646,1.024,0.385,0.7099,30
742,3.5296,5.1882,11.4392,30.4683,243.5418,61.7176,246.1901,37.4445,226.3783,17.0156,2.2653,0.5265,0.5265,0.5265,20
743,4.0741,6.7171,12.2932,20.2567,228.3341,46.4317,232.0733,34.3068,219.5798,20.172,1.4937,1.3125,0.6829,0.4817,40
744,3.4406,4.4206,10.9844,21.5358,243.8067,49.7994,249.9657,41.4867,234.7701,18.4382,1.678,1.099,1.3985,1.3863,20
745,3.6409,5.0963,10.5084,20.5018,233.6662,48.2054,261.1039,36.1225,251.218,15.7396,0.783,0.1636,0.1636,0.1636,30
746,3.2747,4.6837,5.9063,16.4357,227.4232,66.8255,250.4382,36.6082,243.2591,18.9245,1.9771,0.948,1.0005,0.6594,40
747,1.5215,5.7425,9.1157,16.8471,243.4704,45.0256,249.7615,37.7507,243.1592,16.0033,1.078,1.0905,1.0905,1.0904,10
748,1.3014,1.3014,7.5538,19.7277,247.5376,56.6727,287.2605,39.058,252.4095,10.0086,2.348,0.9609,1.2962,0.806,40
749,2.9786,4.5254,9.0894,21.5028,279.0886,50.2194,281.6691,49.1665,279.3425,21.3826,0.2968,0.524,0.873,0.0631,40
750,2.3295,4.4195,10.8464,17.7165,236.7687,50.8006,258.034,41.7039,251.0392,17.0774,1.1101,0.9635,0.7243,0.6464,40
751,4.243,5.682,7.5563,25.1115,257.1625,62.4468,270.6783,38.2499,253.0711,18.7926,1.2042,0.5308,0.8026,0.6587,20
752,3.3856,5.7088,13.033,25.4978,255.6823,55.2853,269.8662,35.6901,257.3976,19.1176,2.3537,1.2442,1.2442,1.474,20
753,4.0857,5.8313,12.5888,24.0423,255.9694,48.0453,261.8972,46.3942,248.7522,19.5023,2.7624,1.3959,1.3959,1.3959,20
754,3.6481,5.4913,9.1106,24.1843,208.6346,44.7445,231.8777,38.5245,216.7744,16.7916,0.9156,0.8933,0.6911,0.672,40
755,2.8124,4.3459,10.3034,19.7263,234.757,35.0075,242.2127,31.1271,232.5665,11.3181,2.5962,1.0711,0.3086,0.741,30
756,3.8964,6.4658,11.5909,18.1239,249.1058,51.0754,270.636,36.0018,263.6289,10.8658,0.4557,0.8589,0.8009,0.8009,10
757,4.0985,6.6713,13.4311,22.9814,262.9716,65.3011,276.8471,35.0413,265.6997,11.0602,2.6604,1.6947,1.7291,0.7775,40
758,1.0682,3.8605,11.3512,25.8271,259.7614,63.261,266.1007,39.258,254.402,14.7308,2.9658,1.004,1.004,0.4533,40
759,2.778,5.4801,7.4978,15.6124,231.5947,38.3925,264.6865,35.9794,252.9492,10.4292,1.0597,0.2806,0.5338,0.5338,20
760,2.8843,3.3353,7.7983,18.3656,235.6477,42.3115,240.7432,30.4155,232.1961,13.6662,3.263,1.1648,1.1648,1.1406,40
761,4.2642,6.3228,14.332,23.323,236.7849,53.2521,258.8838,36.3997,237.4827,19.2926,0.912,0.6658,0.3357,0.9077,30
762,3.596,4.609,11.058,14.1104,238.3725,48.7368,254.6451,35.7978,244.9832,13.3279,1.9819,1.9899,1.1044,1.1044,30
763,2.8851,6.4587,6.5926,17.1919,251.7385,50.25,261.276,44.0373,263.0236,17.4687,0.8511,0.3197,0.3197,0.3197,20
764,2.4855,6.5714,8.0062,18.4669,222.7196,44.7808,243.5224,37.5926,226.4264,14.7788,0.829,0.8292,0.7571,0.7571,30
765,1.334,6.4836,10.9889,17.7286,245.5712,52.9303,257.3267,34.2525,237.9481,11.8124,1.0206,1.3252,0.6318,0.8677,30
766,6.4367,9.1122,14.9297,26.2332,278.7695,47.6263,279.8743,39.6746,272.6637,20.5911,1.4039,0.9468,0.9468,0.9468,30
767,3.0617,5.036,10.4877,18.0543,246.0858,49.8955,258.1508,32.3941,242.2312,15.873,1.0367,0.8301,0.7871,1.1505,30
768,5.4525,7.6556,10.083,21.8513,242.3553,62.3883,251.9578,42.9808,239.9728,14.1035,1.9103,1.2772,1.4362,1.4362,20
769,1.2675,2.9918,5.356,16.2963,247.3153,45.7866,263.2965,33.0434,246.0745,11.7597,0.5852,0.1983,0.1983,0.3626,30
770,4.2331,5.0395,9.1677,18.9448,226.6729,44.0016,235.8133,36.3682,223.8547,16.8968,1.258,0.4268,0.4268,0.2498,40
771,4.4447,5.8919,11.7472,26.8474,257.4303,51.4824,283.088,29.5117,262.0948,18.7355,2.2728,1.786,0.9245,0.9124,40
772,3.7758,4.3297,8.5868,22.8834,248.107,46.7866,279.8629,36.9018,251.6485,17.811,1.7664,0.7836,1.0456,1.0456,20
773,4.5486,6.371,13.3678,23.5657,252.9475,45.9379,275.121,42.9925,257.9074,16.2588,1.5116,0.3552,0.3552,0.7222,20
774,2.9703,3.0687,7.8839,19.2343,247.7537,38.9381,251.1485,40.9114,237.7029,16.1651,1.9301,0.4214,0.8951,0.8332,20
775,2.1603,3.1655,7.7996,16.8132,226.2894,43.7922,251.3462,38.2026,240.6173,10.5403,1.1161,0.6927,0.7505,0.7505,20
776,2.5605,7.3552,11.4259,20.7347,242.5978,53.4141,256.4062,50.5165,248.0182,15.8205,1.3725,0.8958,0.8143,0.8143,30
777,3.1878,6.1637,10.6655,23.1815,260.6157,59.4556,276.0604,35.7254,262.9877,13.3645,2.8697,2.1684,1.7914,1.7914,30
778,5.0482,6.2031,9.5085,33.028,231.4305,53.8657,249.5886,38.5233,238.4655,17.3344,2.0795,0.2292,0.1737,0.1737,30
779,3.6989,6.8024,14.2105,25.7804,253.6342,57.1418,264.7926,53.6039,253.3228,19.8517,2.9744,1.4532,0.8806,0.8806,30
780,2.2787,5.3408,7.4487,17.9984,231.7413,48.5637,248.7981,47.0256,241.1863,17.8055,1.8369,0.4504,0.3741,1.0131,30
781,2.2722,2.7441,9.5007,20.7322,244.6322,57.1543,252.4973,43.9229,238.7699,19.289,1.315,1.1745,0.6849,0.8466,30
782,4.2041,2.8176,7.611,22.8236,234.6107,46.9762,246.921,41.8298,231.6379,12.3637,0.7889,1.0014,1.0014,1.0014,10
783,4.6172,8.558,12.516,22.8971,252.8252,49.3928,258.9457,35.3891,248.6104,17.8792,2.7342,1.7526,1.5099,1.599,30
784,2.4647,2.7297,5.6702,19.5476,236.5601,40.1456,244.5775,39.5694,234.1092,19.5661,0.5954,0.3121,0.3594,0.3594,20
785,4.407,6.6115,6.7392,18.8383,256.7738,58.1856,270.6795,31.4514,249.057,13.2297,1.0757,0.5972,0.7691,1.4018,20
786,4.7932,8.4967,11.7989,22.6308,257.9273,47.9002,259.5586,40.0691,253.5722,21.656,1.2293,0.9673,0.8123,0.8123,30
787,1.525,4.4743,7.6988,18.8265,254.0676,56.207,263.8441,36.0574,251.6718,16.1191,0.8332,-0.0,-0.0,-0.0,20
788,3.8424,4.6789,6.0955,24.1516,238.7581,41.003,255.5003,35.375,245.019,14.7617,0.694,0.6874,0.4194,0.3404,40
789,2.7606,6.7735,11.1633,15.0358,228.2366,39.0408,240.6245,34.4676,230.1762,15.0566,0.9011,0.7028,0.2142,0.2142,30
790,4.006,6.1518,9.0508,22.375,266.8255,59.0186,273.3234,41.2408,264.6249,13.774,0.3464,1.0974,1.0093,0.9476,10
791,3.7476,4.7815,11.3775,18.0607,239.6972,45.8348,254.7487,37.1583,239.6735,13.5375,2.1151,1.4592,1.4933,1.7453,20
792,2.3358,4.1763,9.9096,19.3721,234.1011,47.317,261.7877,32.9245,246.3201,11.6175,1.6245,1.4447,1.7334,1.2881,40
793,1.6413,6.0904,11.118,15.7735,250.9933,45.0917,258.8855,29.5405,247.3121,11.655,1.3578,0.2636,0.2636,0.2636,30
794,1.5573,4.4327,13.4734,20.2538,236.9557,48.1848,243.2393,37.0366,235.4533,14.2728,0.2413,0.2261,0.2261,0.2261,20
795,3.9248,7.7317,9.7037,21.034,217.3504,42.3616,237.9222,43.1351,239.6808,13.8173,0.5891,0.5619,0.5619,0.5619,20
796,3.0825,6.0686,11.0897,21.0036,275.3773,51.7878,280.9442,39.0216,270.5366,18.1494,1.4449,0.7814,0.9667,0.9667,20
797,3.8117,7.4795,9.2747,17.7334,221.7782,48.1588,259.6225,35.164,247.332,18.1959,1.1613,0.9543,1.1376,0.7358,40
798,3.8477,6.0288,14.1567,21.2487,237.9299,48.1651,257.4896,47.3185,246.4149,17.4785,1.5243,0.6837,1.2483,1.5928,20
799,1.1752,3.4591,7.5096,23.809,244.8487,52.1491,254.9219,37.2583,248.4918,18.4558,1.604,0.2157,0.2157,0.1332,40
800,4.9104,6.7157,13.0617,19.5782,236.621,44.3836,256.502,39.7024,251.8778,19.1564,3.3091,0.8739,0.8739,0.9388,20
801,4.7639,5.7462,10.0047,21.9795,257.0953,51.9205,273.2869,42.7572,260.312,17.8085,2.0847,1.6593,2.0144,2.0144,20
802,3.2283,6.3026,13.8249,25.891,243.8868,61.7748,262.2674,35.0241,248.3661,16.6663,0.9784,0.3156,0.5671,0.8362,20
803,2.5328,7.217,15.4464,27.2939,252.0218,60.7805,273.4834,38.4196,262.0669,13.8185,2.4094,0.9569,0.9569,1.3354,20
804,3.0393,3.0683,10.2639,20.6941,255.5761,48.1416,265.9749,42.7604,262.482,12.2781,0.7309,0.6353,0.9399,0.7548,20
805,7.5024,13.4699,15.7785,23.3146,273.9664,56.8248,281.003,35.6178,257.1852,20.267,1.6196,0.9535,0.6384,0.9535,30
806,3.8006,5.6529,12.0868,22.0603,280.5032,66.6259,284.7297,40.6858,252.0566,17.2159,0.6737,0.1325,0.1325,0.1325,20
807,3.0065,4.925,8.8864,17.1853,244.0841,53.2757,258.9234,32.5824,243.3723,13.652,0.9109,0.8315,0.5499,0.5499,30
808,2.3038,5.2856,8.5671,17.6284,253.4921,48.2742,262.8163,38.2754,242.2148,13.9619,1.9301,0.5357,0.0778,0.0778,30
809,2.9223,4.1768,14.1978,24.3728,250.8359,59.8367,262.8938,38.6367,259.7833,18.0704,1.2581,0.5017,0.5017,0.5017,30
810,4.3179,6.162,11.3845,19.5582,249.9769,53.6537,251.3639,38.674,231.8303,11.4264,1.8256,2.0689,1.6072,1.6072,30
811,3.6235,5.0613,5.3306,19.8153,234.3003,41.2901,240.3152,36.9071,239.2724,14.3038,2.5693,2.5988,1.1254,1.1254,30
812,3.4086,8.0926,11.7084,23.4876,275.6366,60.9171,292.6659,35.5609,262.3574,16.8241,1.0018,1.0013,0.847,0.0517,40
813,2.5079,3.7146,11.4547,25.9711,243.5856,56.7949,249.7034,35.7952,236.7745,14.4016,1.0367,1.2308,1.2874,1.2874,10
814,6.1336,7.9675,12.2944,25.8336,268.1135,70.0974,272.7979,37.1946,253.6105,22.2713,1.515,1.7184,2.9147,2.1231,10
815,4.7585,6.4958,10.6247,20.5301,248.3074,56.4159,259.0682,42.8624,243.3298,16.8899,1.8294,1.0423,1.091,1.2551,20
816,2.2661,3.5393,7.6585,20.9079,220.8411,40.3127,226.1992,29.4629,218.3377,14.928,0.8061,0.8303,0.4854,0.8176,30
817,2.3877,5.9148,9.6116,27.9055,237.7663,57.8352,248.9307,41.777,237.2037,17.9145,1.3534,1.8183,0.8263,0.7275,40
818,5.0025,4.7103,10.9914,18.6977,244.7021,50.6526,258.8793,35.9532,255.5107,11.986,0.9727,0.833,1.5134,1.7074,20
819,3.2446,5.3642,11.4953,24.6194,242.8429,39.2673,255.5512,37.2661,242.9141,11.7429,1.5343,0.8027,0.8027,0.8027,20
820,2.4536,8.8119,12.3804,24.6362,239.1148,50.1373,254.8407,49.4051,246.6966,25.6648,1.0139,1.2605,0.5583,0.5583,40
821,0.9623,5.9018,9.4133,16.0146,220.259,52.1709,230.897,33.4222,230.0248,11.4956,0.9923,0.9923,1.0186,1.0186,-40
822,2.9959,3.4524,8.2122,21.2609,235.2225,58.6856,248.9768,38.0939,238.3303,13.0872,2.4127,1.0717,1.5537,1.7358,20
823,6.1391,6.3563,9.0499,20.9742,229.3867,50.9959,235.2992,37.8909,226.0456,17.571,2.3013,0.8738,0.4638,0.6197,30
824,3.7736,8.9307,13.3867,20.5127,244.4312,54.4308,269.1583,39.2416,248.4269,18.5096,1.5011,0.9557,0.6224,0.4743,40
825,5.8634,6.7235,15.3907,19.5291,235.1905,42.0271,260.9396,35.0508,244.5723,14.7959,3.2072,1.7217,1.3738,1.0359,40
826,6.1962,4.5102,12.2122,24.2202,241.3602,57.7959,270.2641,43.8263,254.6509,14.6138,1.7281,2.2007,1.167,1.167,30
827,3.1584,4.6589,10.969,19.2283,241.4889,47.6588,250.5099,31.7607,233.7098,14.6337,1.717,0.3669,0.3669,0.3669,40
828,3.4935,4.4659,8.1546,22.2664,230.3833,51.4931,237.3449,43.4497,226.2264,17.5588,2.564,1.1845,1.0788,1.0788,30
829,3.6859,6.0544,9.7099,17.6942,240.559,40.791,261.2592,33.9445,241.5587,11.8592,2.9232,0.5419,0.5419,0.5419,20
830,3.9929,7.6264,13.5856,19.5871,242.2764,65.0476,267.9946,42.1004,255.4548,18.2738,2.3358,0.6997,0.6997,0.6997,20
831,2.8347,7.5144,15.7132,30.1051,229.3568,57.1732,247.9366,43.3854,232.6657,17.3523,1.9079,1.3745,1.4209,1.1453,40
832,3.3867,5.873,12.1426,23.5373,227.2537,40.3745,234.5696,41.0324,227.5475,16.0768,2.1682,1.0377,0.8903,0.9322,30
833,2.2915,3.2484,6.0993,16.5181,248.1492,48.5897,255.0699,41.1664,241.2746,13.4855,0.1925,0.2045,0.743,0.4382,10
834,3.4577,7.498,10.44,24.9225,252.7221,52.6498,259.1484,41.0394,254.6118,16.2737,1.8609,1.7203,2.2233,1.9906,20
835,1.4909,4.3558,9.697,24.2638,245.1342,53.0459,252.4024,38.7879,242.0435,20.0711,1.0581,0.4569,0.4569,0.4569,30
836,3.7691,10.111,12.9098,22.6948,241.519,53.5693,248.5024,28.9103,244.0894,13.113,1.4965,0.8809,0.5803,0.5803,30
837,4.0745,8.389,11.6622,24.7452,222.8267,47.1905,225.3162,37.6342,214.1956,22.2661,1.295,1.0542,0.2236,0.7016,30
838,3.6926,4.5513,9.3146,17.5452,237.9134,45.1106,254.9265,33.7912,233.7173,17.8537,1.9959,1.1586,0.683,0.8539,30
839,3.2802,6.1238,7.6638,19.8667,235.822,53.5789,257.9665,33.493,254.5108,15.6931,1.3967,1.0249,0.9675,0.938,40
840,4.3092,13.0403,16.1611,23.6959,243.9963,58.0646,244.6453,34.8877,242.2612,18.6471,2.0123,1.7212,1.3275,1.6877,30
841,2.2294,3.9722,11.5285,22.1482,225.7849,41.691,232.4125,31.1703,219.7169,13.5698,0.551,0.4427,0.5236,0.5236,20
842,2.1079,3.1177,7.7952,23.6952,235.7864,47.2329,247.7198,41.4546,248.7057,13.9693,0.8032,0.5369,0.5668,0.5668,20
843,4.2569,5.5333,6.5353,20.7553,247.6479,49.3035,265.4187,43.5929,262.1439,19.1568,0.7891,0.9882,0.362,0.7866,30
844,2.5579,5.4349,8.7563,17.1295,253.0628,63.7959,257.6265,36.2464,240.8764,13.2325,1.4247,0.3683,0.4099,0.4099,20
845,1.3169,5.3504,8.1878,22.03,239.4931,50.9485,257.2383,34.9363,243.0615,15.3257,1.3358,1.056,0.8393,0.8393,30
846,6.5956,7.3387,12.1491,21.2686,222.7231,46.1522,256.0721,33.302,241.6637,14.9794,1.8135,0.5478,0.6101,0.8433,20
847,1.9378,3.3979,9.9138,22.6711,245.7695,46.6693,252.518,41.0518,239.6029,19.0033,2.2649,0.9301,1.0119,1.0448,20
848,3.4595,5.2907,10.2586,20.0547,233.5992,53.3729,244.1803,32.7827,234.7781,12.5307,2.1077,0.703,0.5357,0.5357,30
849,2.7762,7.6485,7.1725,21.112,252.7004,52.6334,260.2625,40.3765,239.5311,14.0288,0.7024,0.1905,0.1905,0.1905,20
850,4.5968,6.9155,12.7896,25.1144,245.4427,48.684,253.5558,38.0878,256.8163,14.9268,1.4248,1.018,1.018,1.0702,20
851,6.1152,8.2902,11.5074,20.2774,236.7599,47.6202,273.6943,40.879,260.558,20.8028,1.5852,1.5138,1.4466,1.1288,40
852,2.8346,3.8498,6.3487,17.886,252.3138,46.3641,262.5353,41.8803,257.1304,10.3142,0.894,1.0204,0.6129,0.5538,40
853,6.9597,8.8046,12.9699,30.4272,236.4634,59.9214,244.8445,39.9164,228.8897,15.9355,1.7896,0.7454,0.7201,0.8226,30
854,6.8069,9.4499,17.3209,25.3341,251.1828,49.4628,258.2506,40.9941,250.6646,16.1794,1.3182,1.4343,1.2821,1.2821,30
855,2.66,7.1419,8.8809,16.7357,242.4132,46.9415,267.8501,39.7508,262.2208,16.1908,1.744,1.0303,0.9349,0.9349,30
856,1.1683,2.4246,11.2565,23.0406,245.1362,61.0828,256.01,37.8354,239.5426,19.8769,1.8586,0.736,0.4194,0.042,40
857,4.0836,7.1539,16.8056,22.1051,262.5441,58.6409,264.3788,32.9852,241.2587,23.2673,2.5313,2.0661,1.9109,2.1784,30
858,3.6936,4.1099,7.8211,22.3785,223.4455,43.7935,232.8546,35.1312,217.6983,14.1535,2.4525,1.6564,1.5463,1.5003,40
859,2.2206,6.3357,7.9567,23.5651,230.6421,50.1788,245.1907,34.8002,234.793,11.8623,1.547,0.774,0.774,0.774,20
860,1.9158,2.9185,8.3543,16.855,234.2021,35.5828,264.0287,26.3986,242.1049,12.9562,0.5861,0.2234,0.2234,0.2233,40
861,2.5904,4.9604,11.6244,19.2481,249.8766,43.8556,258.2972,34.745,241.7437,13.2763,1.5927,0.5375,0.701,0.701,20
862,2.4665,3.7626,5.9656,14.4873,241.2728,37.8924,255.5907,30.8582,239.0765,13.2457,1.5192,0.8007,0.8007,0.8007,20
863,3.8343,6.4303,12.599,19.0964,244.4818,47.6529,276.1596,41.6186,256.4074,14.212,1.4378,0.6689,0.8798,1.8183,20
864,3.2031,4.3719,8.4805,18.8852,246.3861,42.1392,265.2243,32.8052,245.2921,17.209,0.8715,0.8028,0.9159,0.6047,40
865,2.2005,5.4974,10.7226,22.9385,234.9398,38.1202,250.4898,38.8003,239.3491,12.3068,2.564,1.6161,1.6161,1.5082,40
866,4.7258,6.7582,11.7991,24.4899,253.7972,57.3644,260.6337,35.7907,253.1709,14.1702,2.1826,0.9012,1.9813,1.436,20
867,2.6246,4.1698,8.5341,21.0193,235.9896,50.5903,239.2475,29.3815,239.9081,9.803,1.2878,0.2868,0.2868,0.3543,20
868,4.3797,6.9213,12.198,22.502,236.9379,53.2217,249.3738,31.0007,231.7928,17.5771,1.6355,1.6351,0.9681,1.1796,30
869,1.715,5.5895,9.5855,20.4256,229.9293,48.5669,236.5156,38.4223,229.974,13.953,2.2779,1.9406,1.6193,1.5861,40
870,4.5029,4.8122,14.3011,20.9062,233.3653,55.7707,263.4437,41.9304,241.6871,15.9873,2.3241,1.9031,1.4502,1.8081,30
871,2.4309,5.4759,10.4274,18.2405,251.2346,54.3271,258.5573,38.8559,241.5105,12.9497,0.459,-0.0,-0.0,0.0,20
872,1.4776,2.0684,11.3218,15.1333,229.9888,48.1763,248.6232,34.3901,248.1379,13.4083,1.0783,0.5311,0.5311,0.5311,20
873,2.1262,3.8225,10.0063,19.7574,241.8832,41.0375,256.2474,41.6812,244.6504,16.9997,0.6636,0.6636,0.6636,0.6636,20
874,4.3219,6.1891,13.5158,20.983,265.1151,53.538,282.3506,50.7106,256.9462,16.3912,0.7561,0.8158,1.0032,0.7467,40
875,4.6272,5.2691,8.1234,20.0912,242.6349,60.1764,276.3633,45.0024,262.9431,14.574,2.9842,2.1321,1.3463,1.675,30
876,5.846,7.708,16.6481,20.9173,225.4143,53.3536,233.436,34.8774,225.9053,17.9047,1.2453,0.9123,0.9343,1.2426,20
877,1.5055,2.2309,7.143,18.9228,245.235,49.9959,263.5003,46.8865,256.4212,13.5156,0.0609,0.0609,0.0609,0.0609,20
878,3.6912,4.1512,4.1162,16.1179,239.0347,47.3815,248.1438,37.529,239.3798,10.3124,2.9397,1.821,1.2675,1.2675,30
879,2.398,4.2022,8.3921,22.3792,248.9047,47.6415,270.4288,39.7933,259.0416,19.7857,1.0576,0.8162,1.4718,1.4718,20
880,2.8919,5.085,7.6427,21.2809,243.8131,50.1982,244.506,35.2551,239.6039,17.2264,0.88,0.254,0.1302,0.254,30
881,4.2707,6.4901,9.3024,18.053,215.3941,51.8435,222.8482,38.4518,220.9772,9.6551,2.1108,0.3999,1.2274,0.4127,20
882,3.5103,5.526,6.5725,20.2212,244.0819,67.9495,267.3929,31.7495,253.2049,12.4425,1.3743,1.4111,0.7356,0.7356,30
883,2.0999,6.0211,8.7951,25.1641,243.3154,48.9805,284.196,38.7743,259.6399,10.0262,1.0419,0.5749,0.473,0.473,30
884,1.0983,1.856,8.6404,15.4257,237.1395,50.4937,249.8577,28.1663,227.3512,13.1222,0.6874,0.8083,0.5156,0.5156,30
885,2.6023,3.4321,10.8636,21.0257,240.5738,52.089,246.7494,45.6423,241.9421,15.9382,1.6666,0.6275,0.6275,0.7482,20
886,3.4872,5.5015,9.1642,18.6791,232.6257,41.6826,254.5976,43.2644,241.3458,14.7217,1.5813,0.5669,0.5669,0.3578,40
887,2.5644,2.8438,5.7476,20.4718,239.5385,49.5005,254.7166,36.8159,240.8587,16.6133,1.2121,0.7481,0.7614,0.75,20
888,2.448,4.1412,10.0116,23.853,220.358,48.504,235.1505,37.674,226.103,14.2733,1.2586,0.6058,0.8198,0.8198,20
889,3.7335,5.0414,11.8453,31.5293,249.7652,58.0778,262.0652,52.4971,259.186,20.2477,2.7561,0.146,0.146,0.146,20
890,4.5551,8.0316,12.6293,26.8878,258.0677,53.5294,257.9071,42.9483,254.4344,20.6562,0.2176,0.2176,0.1678,0.4111,30
891,2.6182,4.8068,11.9405,21.0437,240.5866,48.6337,246.1117,36.8583,241.8109,19.5547,3.0162,1.7334,1.7334,1.7037,40
892,3.776,6.2929,9.1154,16.5675,247.2693,38.0779,252.9801,35.0576,249.1157,14.4956,1.645,1.006,0.4045,0.4045,30
893,0.9906,1.9271,7.3099,18.9071,222.5005,42.196,248.2662,40.2695,234.2386,11.4204,0.9432,0.5715,0.5715,0.5715,30
894,3.1866,4.9641,13.0032,25.1593,262.2054,51.3832,273.1208,39.61,263.7524,17.8914,2.1841,2.0222,2.0799,1.861,40
895,2.6854,4.9557,9.0874,18.8901,230.1445,53.92,257.3446,33.4105,248.742,13.1777,1.1002,1.043,1.2511,0.8473,40
896,4.376,5.2177,11.2783,20.7388,250.7781,41.0452,252.5543,35.2084,236.6829,17.3898,1.321,0.9313,1.0747,0.7188,40
897,4.3605,6.4168,12.4615,23.8004,246.9996,52.1933,255.5209,42.4095,241.2335,16.7895,2.4183,0.6707,0.6707,0.7138,20
898,2.8327,5.08,11.5726,25.4936,240.2106,47.0563,246.053,35.2469,222.7074,19.3443,2.28,1.4068,1.7853,1.46,20
899,6.1639,5.4257,12.4348,14.9348,251.6021,53.3095,280.3125,37.5932,259.493,18.0877,3.305,1.9805,1.9596,1.6533,40
900,2.665,5.337,10.8965,18.4175,247.7756,46.9429,263.0535,30.9493,247.1448,13.3796,1.1667,1.0612,0.7278,0.6869,40
901,2.7735,4.4201,9.578,23.5366,227.4818,45.6778,248.1641,35.2855,240.4471,11.6058,2.2744,0.856,1.6954,1.457,20
902,2.1158,6.5703,11.6216,24.2354,242.7639,55.1451,246.7452,37.3332,232.1347,20.0457,1.0834,0.9159,0.8286,0.8393,30
903,3.2167,5.5798,10.2097,23.4742,248.7233,45.9963,260.4619,36.6815,246.7713,16.4218,1.2731,2.0634,1.3959,1.8068,10
904,5.2619,6.5992,12.2775,23.9157,238.2506,47.6115,250.0586,40.4901,237.6577,17.2821,2.8544,2.7901,2.7901,2.7901,20
905,1.924,3.557,9.3585,21.2707,253.3323,52.5735,268.8942,36.9244,250.819,11.223,1.2507,0.8301,0.4877,0.4877,40
906,4.5864,7.3154,9.5776,21.6465,257.5135,59.1405,270.5046,30.7737,262.545,18.1563,2.0382,1.4754,2.0591,2.0591,20
907,4.3034,6.2079,11.4941,19.6557,279.3329,51.9644,287.452,32.2924,260.395,16.173,1.8428,0.4108,0.4108,0.4108,20
908,2.1964,6.2685,10.7926,20.3714,264.2762,66.3062,273.2748,46.5408,251.295,14.8874,1.1175,1.2889,0.9629,0.9629,30
909,2.9299,6.2248,14.0891,18.8899,243.426,40.3789,243.6325,31.029,226.4552,15.8025,2.0859,1.1859,0.314,1.0563,30
910,4.4491,6.252,4.8105,19.6506,255.2255,59.1692,283.0852,41.1245,270.4766,16.3009,0.9528,0.6247,0.253,0.253,30
911,4.8072,9.2761,14.3445,25.2847,255.7708,57.322,260.7741,39.4381,253.421,15.9031,3.1231,1.5867,1.7777,1.8478,20
912,2.8773,5.4406,10.8361,23.1547,234.8679,47.6801,234.058,34.3861,223.3136,15.9402,1.9534,1.135,1.135,1.135,30
913,2.8231,5.9355,10.3343,25.2199,247.4076,57.0752,251.4662,34.5818,239.5644,15.5833,1.2767,0.6965,0.6965,0.6965,20
914,2.0625,8.2569,9.5237,20.558,237.6798,47.3881,257.7631,36.731,250.4671,19.3742,1.6755,0.7102,0.3478,0.3478,30
915,2.4065,5.456,8.7997,28.3673,241.7566,57.5115,247.0346,47.5689,237.8396,16.7548,1.5812,1.2415,1.1744,1.1744,30
916,4.0728,5.8609,11.1173,25.0884,231.8312,51.6957,240.0733,42.0617,233.9597,21.2032,1.6347,1.0907,0.6172,0.2276,40
917,2.5268,3.0848,10.7321,23.5985,242.8579,58.7957,260.3469,35.0918,252.0549,20.6008,1.1238,0.393,0.393,0.3587,40
918,3.4382,4.0234,12.6044,22.2622,251.32,55.6434,266.4034,42.5784,247.0776,21.1342,2.0205,1.0593,1.0593,1.0593,20
919,3.153,7.549,12.5637,18.4271,234.6033,41.9711,255.7077,30.7085,255.0144,16.4817,1.0406,0.4886,0.4886,0.4886,20
920,4.1354,7.8956,16.8241,28.4959,255.7695,69.6225,265.6857,45.9468,245.741,18.3315,1.2998,1.7005,1.3477,0.4889,40
921,5.9158,7.2674,16.495,19.7317,228.2919,55.3227,257.5804,47.7611,251.1807,17.5541,0.9261,1.488,1.488,1.488,10
922,6.0689,6.5626,7.6109,16.337,240.7306,44.311,252.1521,32.1942,249.2432,14.6124,2.3917,1.1775,1.1775,1.2322,20
923,2.3117,5.9255,13.6378,27.0031,227.7635,56.3668,234.3895,41.8547,228.6373,16.0815,1.2937,1.1257,1.1257,1.1257,40
924,3.8595,7.5048,12.4755,24.7695,264.8568,56.9834,268.1251,39.6392,251.476,16.4042,2.5736,2.1673,1.5075,1.5075,40
925,3.3684,5.5489,12.9877,19.9875,234.6905,48.9747,246.2185,39.9489,235.3724,18.1169,1.8769,1.2696,1.2696,1.2696,20
926,5.2786,8.4351,9.3898,18.6231,238.1088,48.9575,241.9549,33.5108,235.5178,17.3285,2.5603,1.1035,0.3234,0.3234,30
927,2.6087,3.3252,5.2013,16.6463,237.5684,42.3497,269.2935,43.1783,255.7205,13.1052,0.738,0.5483,0.6573,0.6573,20
928,4.7268,8.1953,13.4539,26.2025,253.5844,61.7588,265.99,35.492,258.5469,11.5227,1.3004,0.2965,0.2965,0.6623,20
929,5.2595,8.3798,12.8785,23.2261,251.0754,51.4817,261.9428,32.9591,255.0473,15.2563,2.9248,2.3625,1.9974,1.7709,40
930,3.0193,5.0243,8.6426,19.6578,233.105,41.8188,235.2494,32.6633,228.3523,11.5907,1.1818,0.5243,0.2713,0.6609,30
931,2.4164,2.9078,9.3695,20.8601,232.7055,49.0581,254.1829,32.1505,241.0597,16.1745,1.2686,0.5638,0.4164,0.4164,30
932,1.9692,3.1475,8.9315,19.0267,233.7007,43.8163,238.8287,30.4263,227.5403,12.345,1.3314,0.4581,0.4581,0.4581,20
933,3.7267,5.647,13.4402,28.5599,266.2875,54.1573,269.5177,37.1324,254.3858,16.882,1.004,1.004,0.9731,1.1194,30
934,4.4454,7.8844,9.9264,22.8293,251.5126,52.3186,275.9844,40.5476,260.2188,14.189,1.9025,0.8677,0.2403,0.2403,30
935,1.9072,8.206,14.6606,23.0037,263.7262,45.9452,262.634,37.1437,244.8845,13.74,0.5998,0.2745,0.2745,0.2745,20
936,2.0346,4.3666,7.5116,21.4357,228.5608,47.275,251.8041,36.1886,247.4396,13.2511,1.4996,0.9982,0.9762,0.9762,40
937,1.8636,5.582,13.7411,16.9603,260.1641,49.8503,285.5713,37.483,265.4581,12.0431,0.9679,0.5509,0.5509,0.4633,40
938,2.9261,3.6767,6.2555,18.5699,216.7916,51.5861,224.8411,34.3272,218.9862,12.2964,1.6977,0.7556,0.7277,0.9811,30
939,4.2825,6.4336,12.1003,27.0122,239.0309,53.5568,257.8826,45.3504,244.9591,18.3609,1.7407,1.4312,1.2336,1.2336,40
940,1.8516,6.6299,8.6476,16.072,228.61,42.5698,241.3908,39.3487,238.0266,12.5936,0.7419,0.5682,0.7943,0.7942,20
941,3.2467,8.3059,12.7198,17.0352,234.5979,54.8757,264.0825,39.8217,250.6383,16.6608,1.6054,0.7758,1.3789,0.8187,20
942,4.4684,5.9544,10.6403,26.8182,249.8929,50.4312,256.7233,49.2416,242.8205,17.0093,3.3266,2.9544,2.4898,2.8264,30
943,2.161,4.728,11.0724,23.4804,233.7405,48.1467,246.1764,30.4543,240.1119,14.5909,0.6437,0.6437,0.9649,0.2489,40
944,5.3795,9.6105,12.7158,28.772,248.0143,53.4526,261.9394,42.3197,258.1555,20.6315,2.5544,1.0503,1.0503,1.0503,20
945,3.6562,6.5688,13.3985,25.5672,248.5559,52.5168,271.3508,47.2588,244.3114,16.3445,1.5785,0.8087,0.8087,0.4531,40
946,2.3882,4.5952,10.232,23.9775,225.3233,54.5519,233.8239,34.3777,224.0817,17.1982,0.8131,2.1666,0.6413,0.2755,40
947,4.2109,4.8779,8.5165,23.8037,239.2496,50.7347,242.8329,39.1608,226.1716,18.3378,3.0058,0.9898,1.2014,1.0127,20
948,3.6664,4.4736,7.138,21.1974,247.1469,44.6852,263.6943,39.5696,256.1078,14.1177,0.366,0.578,1.1133,0.9925,10
949,2.3039,4.1253,8.9745,19.0701,268.869,52.8836,282.7042,37.106,258.9564,12.7542,1.8154,1.815,1.8363,1.8364,20
950,3.6799,6.2421,12.7902,26.8682,262.6399,53.9306,260.7531,41.3519,245.6797,13.8689,1.0752,1.2728,1.203,1.0575,40
951,2.0905,4.2701,8.3656,15.9035,225.7099,40.0718,231.3039,38.8223,227.5409,18.2349,1.8784,0.6331,0.6331,1.2461,20
952,2.7316,6.472,10.6367,22.7163,229.2586,47.4676,241.3692,36.118,238.8783,13.3405,1.3795,1.5271,1.2093,1.2093,40
953,5.7107,6.2373,9.1827,21.7369,231.876,47.6878,265.354,34.9838,252.8568,16.872,2.3988,1.7489,1.2418,1.2418,30
954,5.1566,5.2403,12.2132,20.8277,250.5111,45.8073,253.0141,42.1951,242.3152,16.4933,1.0621,1.3863,1.7209,1.8782,10
955,2.4352,6.4819,8.9634,17.8172,243.0779,37.4191,246.5355,38.9008,237.6317,18.572,2.0496,1.4727,1.4335,1.4599,30
956,2.0331,7.2721,12.8795,24.2828,237.2323,49.2835,259.2516,44.4268,243.4874,18.9589,1.3142,1.3475,0.5462,0.5462,30
957,2.6738,3.7108,6.7894,26.8605,246.3753,55.0402,265.4176,41.1397,255.6336,16.7041,1.8303,1.1415,1.0412,1.0412,30
958,4.1742,4.8569,7.1061,12.4414,239.4885,40.2515,243.6529,41.9694,231.055,10.747,1.823,0.4012,0.4012,0.4012,20
959,6.6372,8.2605,9.4222,21.8878,265.5604,50.5971,274.3886,32.6912,256.4505,16.6081,1.2322,0.9562,0.4793,0.4793,30
960,2.6683,4.6984,8.4924,23.9043,233.7378,63.3099,257.6764,30.6529,246.9562,12.9354,0.9835,0.7377,0.7782,0.7782,20
961,4.4449,6.1504,7.6345,17.3226,234.3324,53.7562,246.5649,38.4985,242.9522,15.5546,1.552,1.654,1.6721,1.6721,10
962,3.5431,6.0297,14.7556,20.4867,244.3216,54.2539,277.1189,39.9368,261.8093,18.2937,2.226,1.9189,1.3855,1.3855,30
963,1.3335,1.6598,4.923,15.5856,222.1466,47.4961,235.5579,39.2294,229.155,11.2375,0.6926,0.4302,0.2041,0.4029,30
964,2.4391,6.3192,9.6741,22.7382,240.5602,48.3834,257.2219,37.3623,238.586,16.6071,1.1707,0.4773,0.57,0.5835,20
965,5.7019,10.8171,16.143,25.8975,241.9795,52.0798,261.7078,48.1258,241.2651,20.6435,1.4481,1.4396,1.2275,2.3051,30
966,3.2811,8.2505,13.5692,18.8678,211.4754,43.9285,250.3619,39.6212,237.6537,12.5294,2.6656,1.072,1.072,1.1885,20
967,5.0199,7.3953,7.4022,17.0534,235.8924,48.5554,254.7366,38.9249,241.8687,14.1935,0.8043,0.5747,0.1298,0.1298,30
968,4.4966,5.1028,7.7612,26.6216,235.8346,50.069,249.373,36.1956,241.4888,11.8047,1.3636,1.2437,0.8247,1.3459,30
969,3.7454,7.1462,12.4732,20.3621,232.2854,48.9777,243.6824,36.3365,231.4599,14.5928,1.8188,0.8636,0.9022,0.9623,20
970,3.2559,7.6367,13.5022,24.2468,259.2036,61.0638,273.8382,36.2873,259.0938,18.8247,1.63,1.3406,1.5174,1.6193,20
971,2.1828,3.1736,7.6199,17.749,245.8545,44.4533,253.6585,32.9842,241.6774,13.0283,2.2399,1.2811,0.9677,1.017,30
972,1.9863,3.4661,12.9098,23.0774,263.3019,54.3072,270.3529,38.2785,265.8083,16.0734,0.8797,0.7346,0.7346,0.7346,20
973,1.0846,4.5395,9.3062,16.5791,232.4904,50.2292,240.5749,38.725,240.4783,16.247,0.6606,0.6344,0.6344,0.6344,30
974,2.7225,5.702,9.8514,22.2499,250.3437,42.07,264.5192,36.0431,250.3156,14.9852,2.3,1.0113,1.0113,0.8865,40
975,2.5809,4.5191,10.9457,21.9207,255.7335,56.9308,274.4881,45.3537,253.6721,21.1919,2.3027,1.3401,0.8932,0.8932,40
976,2.6164,5.1674,11.2173,23.5971,248.842,57.8128,266.0309,38.4415,252.377,12.1931,0.7699,0.4298,0.4272,0.4272,30
977,5.4392,4.7403,7.0321,17.9856,227.4965,42.4824,238.7033,40.1496,226.7655,16.2293,1.4491,0.9144,0.8439,0.8439,30
978,2.6338,6.5417,14.4327,20.7556,244.7732,51.0961,253.9059,38.6453,250.6302,14.8636,2.3675,1.1881,1.1822,1.0464,40
979,2.0326,3.5626,7.6137,21.0638,272.098,49.4142,293.855,30.4533,271.4098,12.9696,1.1501,0.4452,0.4452,0.4452,20
980,1.546,5.9894,10.4374,17.2015,243.9229,51.6557,252.8376,41.9005,232.1413,7.9795,0.9715,1.0972,0.4846,0.5381,30
981,2.6421,5.4511,9.9057,18.4426,236.0319,45.7832,251.1144,32.3339,234.7118,13.6431,0.7305,0.453,0.6463,0.453,20
982,2.252,6.9331,7.7004,18.5738,247.0817,42.8499,247.4676,40.3826,243.148,17.024,0.2866,0.8958,1.0618,1.1791,10
983,4.4748,7.4714,14.4065,30.7686,242.0647,62.997,263.3274,39.5752,239.0419,16.5995,2.6767,0.4888,0.4888,0.4888,20
984,3.8925,5.9485,9.1368,24.8033,235.2287,50.6429,237.3886,34.6418,224.6912,14.9246,1.8544,1.1393,1.1719,1.4376,20
985,1.7196,2.0475,7.0825,24.7956,239.2726,47.8327,261.9749,38.0532,247.689,16.7451,1.4239,0.976,0.8181,0.9713,30
986,2.3361,3.7566,8.2347,17.9387,217.9373,40.5539,248.059,38.5386,242.6488,19.5372,2.3302,2.0319,1.2542,1.2542,30
987,2.836,5.7075,11.8179,21.6223,229.4512,46.1292,236.1548,38.7253,229.887,14.7623,1.8872,0.4609,0.4609,0.4609,20
988,3.0544,5.9368,9.026,21.1053,230.4824,53.6921,251.4897,33.9943,240.1134,13.5549,1.8155,1.3301,1.3673,1.3673,20
989,2.3155,3.724,5.8704,21.7043,257.8023,55.2431,281.6224,39.1605,253.8731,18.9017,1.231,0.787,0.787,0.6969,40
990,4.1179,4.7887,7.3587,13.9107,213.9341,46.1857,244.636,41.3062,231.0697,18.6252,0.6215,0.2184,0.2184,0.2184,20
991,3.5736,5.362,15.7151,19.9025,255.5674,45.6285,261.8314,43.0323,242.8587,14.2403,1.4065,0.7563,0.637,0.637,30
992,2.6835,5.333,10.7703,27.9756,256.8793,50.8918,269.1853,39.7756,267.823,19.0619,2.6771,0.997,0.997,0.997,30
993,2.1463,4.4831,6.8922,13.8468,237.1262,48.8037,241.2151,32.2501,233.039,17.2727,0.7613,0.7867,0.6683,0.6683,30
994,5.2137,6.2159,13.6317,24.1133,244.3252,43.4254,259.6486,36.6952,257.4999,14.0414,0.4341,0.4341,0.4341,0.4341,20
995,0.846,3.7676,10.2758,17.1639,231.1214,47.7484,239.4949,37.5137,233.8636,12.6632,0.8613,0.855,0.521,0.521,30
996,4.4889,5.9477,11.2805,26.4048,254.1659,50.8784,259.2559,40.3505,249.1239,20.941,1.4279,0.955,1.0022,1.0022,20
997,3.9655,6.639,16.9029,27.5654,235.4769,44.3969,262.7137,33.8649,249.6634,16.8134,2.2795,1.1084,1.542,1.1762,20
998,7.0952,10.3872,13.9971,24.2896,251.1039,55.0257,271.916,48.1595,258.7962,19.2268,1.5832,0.9181,0.973,0.5756,40
999,2.1145,7.5024,11.9523,22.7567,249.8003,47.8102,264.6758,48.0937,259.4371,19.5919,1.1452,0.5113,0.6398,0.5113,20
