instance,-40,-30,-20,-10,-5,-2,-1,1,2,5,10,20,30,40,lkh_cost,best_k
0,1.699306,1.734419,1.837962,2.055539,6.337908,2.694924,6.429008,2.432959,6.300842,1.922834,1.632335,1.582563,1.572388,1.573196,1.548243,30
1,1.748213,1.811124,1.984418,2.23249,6.787516,3.012497,6.78987,2.498814,6.814189,2.071671,1.71847,1.699848,1.69757,1.691051,1.659734,40
2,1.624025,1.667219,1.784583,2.088131,6.373217,2.71077,6.416717,2.386887,6.385317,1.876198,1.568702,1.540731,1.5345,1.534528,1.510099,30
3,1.653181,1.736097,1.854709,2.242855,6.524524,2.964394,6.54683,2.482901,6.421072,1.977098,1.6053,1.566646,1.563668,1.562073,1.532851,40
4,1.729042,1.781107,1.88794,2.184205,6.574142,2.863832,6.656862,2.542693,6.609705,1.981536,1.638896,1.62074,1.613234,1.613183,1.585393,40
5,1.610818,1.679811,1.771396,2.049414,6.44421,2.719474,6.440962,2.39549,6.435743,1.959806,1.572596,1.543668,1.540563,1.54061,1.522771,30
6,1.655879,1.747197,1.817661,2.159166,6.616848,2.831797,6.607601,2.464505,6.566176,2.007454,1.629261,1.571474,1.574969,1.578409,1.548705,20
7,1.76956,1.813633,1.975771,2.211176,6.68918,3.03345,6.688584,2.514785,6.61138,2.073601,1.687548,1.64905,1.661176,1.654119,1.611483,20
8,1.759197,1.841131,1.92356,2.240743,6.658993,2.788602,6.643931,2.532286,6.623968,2.08975,1.696989,1.666766,1.658394,1.657815,1.641757,40
9,1.602318,1.616376,1.714407,2.105171,6.37956,2.700746,6.411428,2.526526,6.403949,2.006783,1.551965,1.529579,1.531707,1.532663,1.503533,20
10,1.64245,1.709245,1.847257,2.119673,6.504304,2.768189,6.555953,2.421395,6.507024,1.911404,1.606836,1.57583,1.572024,1.566217,1.546408,40
11,1.740701,1.755444,1.929422,2.267522,7.01179,2.962909,7.030205,2.650813,6.980674,2.074559,1.692332,1.668716,1.672193,1.666256,1.639057,40
12,1.766614,1.839407,2.006626,2.273294,6.821793,3.00542,6.816266,2.621502,6.792715,2.049854,1.710793,1.688922,1.692399,1.688649,1.656535,40
13,1.663258,1.704053,1.833327,2.045804,6.64663,2.723395,6.644381,2.396981,6.573372,1.890293,1.588482,1.581582,1.572717,1.567609,1.548661,40
14,1.714705,1.736854,1.931469,2.189375,6.646407,3.161441,6.703251,2.649158,6.700524,2.03411,1.626158,1.620824,1.615166,1.618519,1.59221,30
15,1.730468,1.771515,1.966118,2.25962,6.913316,3.008819,6.994833,2.582716,6.92945,2.103147,1.678927,1.651581,1.651691,1.641324,1.60721,40
16,1.66234,1.707123,1.816911,2.025107,6.416525,2.84289,6.496182,2.41996,6.4231,1.953052,1.623372,1.578009,1.577172,1.580479,1.560094,30
17,1.844128,1.903101,2.090699,2.440077,7.014206,3.178289,7.07725,2.770298,6.987518,2.119082,1.820358,1.709564,1.724426,1.706821,1.66217,40
18,1.689293,1.736129,1.883253,2.14352,6.469088,2.964602,6.454642,2.461116,6.448982,2.005769,1.658671,1.608685,1.61771,1.619845,1.585913,20
19,1.749405,1.789334,1.90031,2.140536,6.676334,2.806823,6.681041,2.523667,6.642564,2.019886,1.686143,1.655304,1.656981,1.660744,1.629402,20
20,1.747019,1.837748,1.948675,2.277896,6.814835,3.124529,6.802682,2.633286,6.806485,2.027041,1.685773,1.657444,1.669082,1.670685,1.637493,20
21,1.679171,1.734428,1.847792,2.0579,6.583411,2.751428,6.572778,2.463917,6.526932,2.00249,1.673477,1.617668,1.616762,1.612067,1.601343,40
22,1.655325,1.713803,1.914828,2.206784,6.848891,2.849471,6.840089,2.470735,6.746181,1.881578,1.596885,1.566252,1.562332,1.560085,1.544145,40
23,1.695795,1.76933,1.900382,2.132925,6.686192,2.849937,6.705555,2.548678,6.630628,1.974631,1.660611,1.627538,1.629936,1.621555,1.583252,40
24,1.61023,1.706037,1.838242,2.095162,6.550712,2.916523,6.655442,2.422889,6.575196,1.971049,1.598748,1.5383,1.533967,1.542106,1.516618,30
25,1.599171,1.660483,1.8134,2.03703,6.136292,2.786688,6.223672,2.431781,6.192193,1.832626,1.578913,1.535155,1.538485,1.538268,1.510747,20
26,1.693605,1.75507,1.920735,2.242355,6.792685,2.868742,6.782935,2.586648,6.624717,2.044459,1.67013,1.645044,1.645733,1.645288,1.637692,20
27,1.75325,1.823144,1.978281,2.246276,6.898898,3.029305,6.829234,2.641931,6.819211,2.094563,1.710689,1.664867,1.663117,1.663117,1.647133,30
28,1.629274,1.728956,1.842101,2.078018,6.538398,2.647561,6.561612,2.349844,6.495894,1.91862,1.623853,1.563359,1.564905,1.566756,1.544108,20
29,1.697993,1.753261,1.887141,2.253539,6.476364,2.968094,6.567661,2.454069,6.484824,1.980706,1.650945,1.614,1.607904,1.610117,1.591025,30
30,1.739468,1.781138,1.872683,2.108318,6.347759,2.630236,6.400511,2.405949,6.340705,2.043272,1.673801,1.643215,1.648365,1.648021,1.609888,20
31,1.615475,1.706155,1.818528,2.119899,6.598884,2.743125,6.632122,2.452207,6.469953,2.000376,1.576979,1.564332,1.566253,1.556041,1.536528,40
32,1.582407,1.671497,1.779609,2.138616,6.369126,2.84986,6.405804,2.375213,6.250892,1.851201,1.542897,1.522843,1.511379,1.512936,1.496189,30
33,1.820126,1.867303,1.98495,2.306222,7.123326,3.207541,7.156096,2.757711,7.093771,2.143786,1.796825,1.746684,1.740235,1.744226,1.708698,30
34,1.655023,1.733024,1.888747,2.158406,6.493181,2.872507,6.628238,2.425063,6.540498,1.879194,1.586833,1.566181,1.554185,1.560471,1.519966,30
35,1.626295,1.689756,1.815689,2.109069,6.673898,2.753149,6.660161,2.440848,6.621913,1.938925,1.582506,1.551308,1.55271,1.554627,1.535498,20
36,1.720131,1.809534,1.988513,2.293564,6.747678,3.016313,6.768347,2.590631,6.738761,2.157986,1.684958,1.656479,1.648865,1.647784,1.611793,40
37,1.792274,1.887025,1.976569,2.230787,6.867426,3.049175,6.89316,2.611289,6.833496,2.046466,1.698808,1.695949,1.674593,1.680168,1.627588,30
38,1.689462,1.72736,1.863473,2.157219,6.486884,2.903763,6.514633,2.505874,6.414354,1.908661,1.624068,1.600511,1.597606,1.595363,1.573159,40
39,1.580507,1.657752,1.753153,1.951951,6.257036,2.585564,6.251448,2.245331,6.187128,1.850747,1.557499,1.510775,1.510028,1.503608,1.483101,40
40,1.755743,1.797362,1.938207,2.232315,6.54778,2.955366,6.699253,2.499901,6.64485,2.063119,1.656854,1.640935,1.639596,1.637164,1.619222,40
41,1.765141,1.816035,1.995914,2.247534,6.819718,3.013649,6.820158,2.625021,6.751751,2.145762,1.725903,1.678275,1.671934,1.670062,1.623555,40
42,1.617652,1.688434,1.805714,2.172136,6.436451,2.898535,6.481208,2.34478,6.383845,1.942689,1.577323,1.556153,1.549571,1.555996,1.531961,30
43,1.663607,1.716562,1.833162,2.044247,6.695423,2.827255,6.760532,2.36121,6.68496,1.955179,1.639465,1.605293,1.613608,1.608405,1.580229,20
44,1.578272,1.689411,1.825351,2.073634,6.096416,2.548363,6.117418,2.457975,6.142549,1.883328,1.519846,1.482101,1.484269,1.480729,1.456729,40
45,1.816186,1.883083,2.061038,2.351207,6.657058,2.998704,6.712352,2.781943,6.619244,2.172462,1.799404,1.750957,1.744026,1.752895,1.716512,30
46,1.66779,1.731689,1.873622,2.151238,6.401947,2.734685,6.446083,2.39793,6.343134,1.91735,1.643985,1.607276,1.604202,1.598329,1.579194,40
47,1.834356,1.962048,2.036324,2.317824,7.115845,3.101199,7.14481,2.797542,7.072778,2.160048,1.779756,1.73837,1.732069,1.732752,1.693397,30
48,1.612118,1.705273,1.864723,2.2029,6.679792,2.933998,6.699418,2.430646,6.59416,1.926211,1.59201,1.56901,1.554768,1.560039,1.524427,30
49,1.72579,1.76785,1.860572,2.229803,6.726236,2.942888,6.760636,2.638862,6.669294,2.057994,1.686321,1.64557,1.629285,1.62772,1.604132,40
50,1.607809,1.660319,1.799584,2.080789,6.260586,2.621586,6.296283,2.204023,6.228602,1.84216,1.593531,1.554279,1.547834,1.551021,1.529006,30
51,1.630045,1.678869,1.763262,2.015177,6.633108,2.886173,6.685673,2.471651,6.601738,1.925091,1.59228,1.576307,1.569106,1.569958,1.523841,30
52,1.757605,1.810362,1.918601,2.194352,6.730628,2.870371,6.792843,2.516193,6.678797,2.102068,1.679808,1.663787,1.670015,1.658886,1.635962,40
53,1.656944,1.723189,1.846027,2.05083,6.595305,2.776506,6.63153,2.338682,6.534501,1.940719,1.59291,1.553014,1.565251,1.548806,1.527955,40
54,1.75439,1.817012,1.993552,2.375821,6.836592,3.088653,6.923741,2.595423,6.920703,2.019455,1.722431,1.685522,1.682533,1.682425,1.649171,40
55,1.697581,1.781121,1.897534,2.235395,6.665661,2.945408,6.694359,2.580837,6.643508,2.024714,1.633135,1.618396,1.617881,1.619094,1.574499,30
56,1.608796,1.698434,1.837334,2.105938,6.41234,2.837064,6.516993,2.403732,6.449852,1.990304,1.56963,1.554883,1.555607,1.545794,1.508806,40
57,1.676678,1.745854,1.870591,2.180198,6.786813,2.805829,6.865064,2.460988,6.782246,1.970566,1.651606,1.58622,1.578234,1.567409,1.539399,40
58,1.691744,1.788581,1.917589,2.282109,6.724918,3.162685,6.733288,2.643501,6.670056,2.006558,1.66211,1.64187,1.636205,1.62667,1.596024,40
59,1.613161,1.701372,1.888696,2.235303,6.48944,2.915515,6.536439,2.531608,6.433978,1.96828,1.585143,1.550947,1.558027,1.55993,1.522353,20
60,1.674024,1.717409,1.860641,2.131695,6.706604,2.931816,6.748502,2.528151,6.674677,2.059602,1.629394,1.583472,1.591464,1.588949,1.54568,20
61,1.688336,1.773063,1.880303,2.09304,6.514904,2.727977,6.556739,2.585426,6.495551,2.035376,1.631741,1.608001,1.607525,1.607748,1.568692,30
62,1.755648,1.791712,1.969241,2.378755,6.732364,3.135662,6.76372,2.706079,6.756477,2.046889,1.666536,1.629281,1.631375,1.630997,1.621709,20
63,1.683215,1.804048,1.875906,2.105602,6.352614,2.816254,6.400097,2.506484,6.397646,2.058341,1.613425,1.588068,1.586121,1.586154,1.570484,30
64,1.569448,1.658876,1.867184,1.991489,6.677592,2.632605,6.684973,2.426637,6.617351,1.860499,1.553215,1.518424,1.509048,1.511324,1.485375,30
65,1.619035,1.681722,1.783606,2.020768,6.444557,2.736059,6.468083,2.382566,6.40608,1.937342,1.580773,1.550549,1.550382,1.54902,1.528625,40
66,1.596276,1.703963,1.824843,2.12245,6.519252,2.861382,6.58398,2.388898,6.524398,1.872935,1.556727,1.53296,1.524358,1.522164,1.498258,40
67,1.739804,1.805341,1.921695,2.261804,6.628581,2.844382,6.63637,2.533681,6.642791,2.02922,1.705648,1.677927,1.672293,1.6782,1.647639,30
68,1.613404,1.712787,1.83276,1.997731,6.280124,2.605645,6.373368,2.388372,6.354354,1.908816,1.566279,1.550333,1.552403,1.549199,1.531937,40
69,1.642744,1.683226,1.808429,2.133379,6.447119,2.736836,6.492716,2.483336,6.430034,1.995913,1.581052,1.55813,1.558057,1.55801,1.544845,40
70,1.584738,1.648344,1.807969,2.118569,6.372132,2.865109,6.465025,2.393856,6.446612,1.907824,1.536036,1.517469,1.521469,1.520232,1.491782,20
71,1.723469,1.776461,1.91336,2.13208,6.493454,2.739088,6.598636,2.561425,6.468049,2.005674,1.649606,1.6147,1.606077,1.612559,1.590668,30
72,1.643517,1.708567,1.826957,2.127016,6.264311,2.80044,6.286652,2.375302,6.164286,1.927841,1.572465,1.544155,1.546623,1.543549,1.524699,40
73,1.675183,1.723543,1.919837,2.22076,6.497084,2.743781,6.465118,2.491563,6.456034,2.039388,1.618254,1.598415,1.597566,1.59204,1.565208,40
74,1.686495,1.764065,1.936609,2.117884,6.619676,2.816998,6.599684,2.664589,6.594183,2.009394,1.67149,1.621965,1.615444,1.605284,1.584709,40
75,1.691166,1.765668,1.988444,2.329657,6.491752,2.897931,6.762656,2.453303,6.603968,1.968245,1.66716,1.615856,1.61219,1.61233,1.580248,30
76,1.726271,1.790099,1.862312,2.194598,6.632366,2.880751,6.689664,2.591368,6.598655,1.94646,1.647416,1.604752,1.589591,1.595429,1.559701,30
77,1.648431,1.697395,1.806436,2.154335,6.405768,2.732014,6.50014,2.451467,6.381346,2.008488,1.625363,1.597932,1.586631,1.585912,1.555804,40
78,1.770032,1.810426,1.957826,2.181063,6.723183,2.86786,6.775593,2.697432,6.782678,2.017468,1.691839,1.666764,1.653161,1.650282,1.638445,40
79,1.704133,1.753827,1.899034,2.228497,6.744144,2.987963,6.801352,2.497591,6.706822,1.991018,1.635352,1.603509,1.605674,1.600212,1.580697,40
80,1.802672,1.843172,2.019357,2.364581,7.117159,3.169787,7.134406,2.720808,7.030672,2.171002,1.783197,1.745038,1.745206,1.742219,1.725697,40
81,1.679605,1.747758,1.901761,2.189166,6.808881,3.086024,6.817307,2.521944,6.72958,2.106785,1.638251,1.609214,1.604413,1.598809,1.579891,40
82,1.675444,1.713505,1.835175,2.139182,6.500485,2.76136,6.599734,2.406721,6.562495,1.879752,1.637402,1.599757,1.597236,1.586111,1.559005,40
83,1.709341,1.793536,1.923506,2.141321,6.476642,2.79511,6.472597,2.433415,6.432364,2.077763,1.648786,1.611625,1.611808,1.615158,1.59151,20
84,1.789362,1.851525,1.921807,2.300787,6.537124,2.85173,6.53064,2.508551,6.541656,2.003322,1.738038,1.722751,1.714784,1.722201,1.682942,30
85,1.652348,1.698228,1.823119,2.057242,6.385576,2.675714,6.379564,2.473631,6.331182,1.948719,1.615335,1.585931,1.585796,1.58524,1.571416,40
86,1.723032,1.759567,1.861818,2.263461,6.658668,2.928406,6.677674,2.550572,6.67392,1.988778,1.671847,1.645741,1.635697,1.638774,1.614224,30
87,1.745624,1.816396,1.980593,2.288234,6.589194,2.928548,6.65933,2.408645,6.623712,2.113269,1.656294,1.628355,1.619035,1.610387,1.595264,40
88,1.711585,1.740488,1.879497,2.166027,6.62736,2.740834,6.628945,2.493529,6.54734,2.005366,1.661479,1.625849,1.619065,1.619826,1.598397,30
89,1.611605,1.667637,1.797724,2.068726,6.36225,2.682856,6.394315,2.355042,6.317752,1.867217,1.577215,1.523254,1.528032,1.519526,1.492902,40
90,1.665902,1.742924,1.861619,2.089234,6.228005,2.876358,6.29131,2.478426,6.235449,1.952988,1.595917,1.578678,1.58187,1.578045,1.565162,40
91,1.690882,1.807998,1.915932,2.286779,6.799161,2.854191,6.831451,2.596355,6.791922,2.015198,1.700156,1.659484,1.657766,1.662318,1.641254,30
92,1.731459,1.810475,1.925418,2.188319,6.761509,2.828709,6.798012,2.388215,6.745571,2.071633,1.693203,1.669051,1.661065,1.659847,1.636248,40
93,1.62003,1.681195,1.812222,2.133667,6.351272,2.775741,6.35334,2.436303,6.224606,1.900271,1.568281,1.558687,1.540177,1.540177,1.521307,40
94,1.705263,1.764878,1.863819,2.208396,6.616072,2.83911,6.603594,2.47518,6.612321,2.017574,1.66467,1.64117,1.645076,1.636658,1.616406,40
95,1.815601,1.887108,2.050921,2.339097,6.888129,3.044218,6.869159,2.744382,6.831736,2.178687,1.739708,1.721014,1.71794,1.714393,1.698138,40
96,1.70109,1.784499,1.899715,2.163996,6.785452,2.891419,6.826295,2.481708,6.763413,1.986603,1.646245,1.61925,1.622289,1.625483,1.593177,20
97,1.617717,1.697155,1.839541,2.114699,6.347338,2.867955,6.375201,2.459576,6.289732,1.972063,1.558477,1.538827,1.536297,1.536823,1.522286,30
98,1.752149,1.828388,1.958651,2.26772,6.651288,2.880935,6.737727,2.662462,6.583006,2.110979,1.697112,1.668896,1.663293,1.657605,1.635174,40
99,1.627648,1.724855,1.844806,2.097423,6.54662,2.748707,6.584214,2.370797,6.520728,1.950427,1.623099,1.567697,1.569157,1.562586,1.535394,40
100,1.522653,1.593523,1.724244,1.988993,6.159933,2.793022,6.257502,2.248037,6.147906,1.862194,1.485627,1.454455,1.449854,1.448245,1.421714,40
101,1.737549,1.817377,1.89937,2.314244,6.966987,3.203409,6.964621,2.512268,6.852161,2.032637,1.697074,1.672885,1.678046,1.676159,1.63871,20
102,1.608365,1.624199,1.769136,2.107121,6.336505,2.757732,6.334715,2.273782,6.247263,1.827357,1.522375,1.504446,1.507064,1.503793,1.487078,40
103,1.679508,1.750238,1.877493,2.241373,6.799536,2.913166,6.833174,2.456601,6.694848,1.975076,1.623212,1.58882,1.592954,1.589449,1.550958,20
104,1.709202,1.75387,1.908005,2.245078,6.638215,2.8781,6.68652,2.551849,6.633742,2.035915,1.629576,1.595439,1.596382,1.594269,1.572101,40
105,1.708014,1.751399,1.87137,2.096442,6.46502,2.786135,6.520849,2.510021,6.507535,1.929861,1.655448,1.624994,1.61851,1.612468,1.591658,40
106,1.555105,1.633216,1.715774,1.971209,6.077641,2.496561,6.13076,2.211638,6.086369,1.794332,1.520302,1.504389,1.494356,1.493359,1.476916,40
107,1.714687,1.777584,1.970311,2.272451,6.656889,3.020006,6.669576,2.527457,6.617188,2.161002,1.690837,1.64879,1.660166,1.668094,1.62434,20
108,1.73205,1.811356,1.911898,2.19603,6.415812,2.892927,6.463381,2.602012,6.412641,1.998157,1.694965,1.653058,1.647464,1.652416,1.611432,30
109,1.607665,1.641019,1.79954,2.040486,6.181403,2.591036,6.273294,2.44596,6.249858,1.939477,1.557803,1.541419,1.52881,1.53738,1.501165,30
110,1.761953,1.800381,1.913263,2.158545,6.821481,2.956487,6.870544,2.704124,6.749576,2.063166,1.671204,1.657295,1.664084,1.659635,1.617582,20
111,1.768189,1.819238,1.963345,2.286214,6.682898,2.87101,6.744004,2.678669,6.751089,2.139556,1.688773,1.651884,1.650851,1.650397,1.613073,40
112,1.673568,1.752443,1.869992,2.19073,6.783782,2.654759,6.799198,2.499005,6.640298,1.999984,1.598161,1.584,1.576636,1.569371,1.539418,40
113,1.586991,1.639398,1.767673,2.013287,6.442845,2.627838,6.460058,2.277316,6.44042,1.941247,1.575384,1.559544,1.558804,1.557555,1.529371,40
114,1.742558,1.818703,1.892774,2.21103,6.677162,2.974012,6.703272,2.482001,6.674896,2.109935,1.702626,1.663258,1.666156,1.666676,1.634327,20
115,1.740748,1.807209,2.003181,2.378295,6.759834,3.230822,6.854332,2.599856,6.73286,2.102408,1.701127,1.655421,1.658969,1.654143,1.626789,40
116,1.742104,1.813274,1.945338,2.204601,6.718776,2.92453,6.73982,2.574018,6.655555,2.018038,1.718937,1.677652,1.67566,1.675489,1.656136,40
117,1.707842,1.766639,1.890204,2.201127,6.609379,2.906063,6.681811,2.515818,6.574122,1.947052,1.629627,1.605195,1.600602,1.590155,1.556477,40
118,1.649316,1.715714,1.79788,2.091137,6.523606,2.828872,6.561092,2.371592,6.515424,1.87777,1.614209,1.583858,1.586198,1.590397,1.558744,20
119,1.610234,1.66851,1.836386,2.127845,6.451406,2.803377,6.497003,2.472713,6.434826,1.942524,1.561797,1.541735,1.543082,1.538341,1.527182,40
120,1.706781,1.737922,1.803163,2.061912,6.60088,2.720323,6.60486,2.416696,6.554024,1.935627,1.625537,1.605255,1.586919,1.588018,1.564603,30
121,1.707171,1.728103,1.861625,2.039379,6.379524,2.664421,6.377644,2.342329,6.387259,1.933147,1.625889,1.616037,1.614522,1.615026,1.57793,30
122,1.663521,1.727006,1.913222,2.27173,6.563472,2.631698,6.5826,2.509822,6.540449,1.974142,1.618331,1.593121,1.589207,1.58892,1.570122,40
123,1.651109,1.672328,1.767911,2.037378,6.235817,2.642576,6.236632,2.302642,6.229199,1.915761,1.572151,1.558329,1.563196,1.550013,1.535502,40
124,1.703588,1.787897,1.930309,2.175077,6.471923,2.883843,6.529629,2.531018,6.49708,2.027495,1.657412,1.63834,1.635417,1.632035,1.589011,40
125,1.5826,1.623983,1.717157,1.996048,6.354852,2.620022,6.378207,2.382653,6.355767,1.818227,1.517641,1.490818,1.482146,1.483699,1.466444,30
126,1.577966,1.630446,1.787079,2.057103,6.220339,2.771516,6.200914,2.472229,6.162477,1.956765,1.556612,1.517044,1.51268,1.510222,1.49006,40
127,1.641268,1.703535,1.858289,2.122444,6.626814,2.771457,6.703313,2.48976,6.63086,1.969014,1.636539,1.606675,1.603403,1.605437,1.580863,30
128,1.625135,1.709874,1.793678,2.074787,6.504088,2.780899,6.550617,2.535749,6.479809,1.933787,1.54287,1.510621,1.513228,1.51533,1.499857,20
129,1.725889,1.793698,1.971591,2.203245,6.515117,2.813367,6.639028,2.523559,6.53293,1.987042,1.607887,1.600871,1.598884,1.596035,1.576652,40
130,1.63072,1.707441,1.827724,2.042007,6.405117,2.788017,6.514176,2.420566,6.298506,1.94905,1.587552,1.564174,1.567082,1.575567,1.544086,20
131,1.754848,1.815694,1.884545,2.205441,6.709804,2.83562,6.710555,2.527722,6.696375,2.009836,1.702722,1.655068,1.64652,1.649658,1.613579,30
132,1.696545,1.766187,1.89423,2.228872,6.695434,2.956436,6.715997,2.547143,6.71229,1.998325,1.641239,1.599789,1.593905,1.595523,1.552863,30
133,1.839425,1.907469,2.082341,2.291449,7.149564,3.035813,7.117464,2.677984,7.09534,2.159522,1.81126,1.74134,1.734251,1.72709,1.69936,40
134,1.72213,1.767427,1.877916,2.011475,6.543498,2.781534,6.638248,2.519513,6.500688,1.982753,1.635972,1.623287,1.608873,1.607178,1.597978,40
135,1.690182,1.788473,1.927297,2.224,6.66962,3.064678,6.715774,2.530301,6.663709,1.976577,1.624924,1.576602,1.570196,1.572379,1.54473,30
136,1.65322,1.731966,1.868663,2.055442,6.401101,2.67381,6.410245,2.413634,6.3932,1.960399,1.586532,1.565919,1.565504,1.558873,1.535937,40
137,1.668496,1.7351,1.866976,2.20676,6.457905,2.871333,6.495734,2.546892,6.382302,2.05032,1.618531,1.596323,1.58848,1.583206,1.559708,40
138,1.68202,1.715743,1.854075,2.133687,6.785966,2.87747,6.829748,2.502074,6.766435,1.94005,1.653547,1.609778,1.60893,1.614315,1.574599,30
139,1.749331,1.78576,1.97093,2.296117,6.629017,2.851849,6.70146,2.723898,6.67423,2.20917,1.698769,1.672096,1.665291,1.663253,1.632549,40
140,1.766515,1.849054,2.035849,2.268956,6.608457,2.999477,6.621044,2.600033,6.621231,2.038312,1.72073,1.707233,1.686283,1.691094,1.66719,30
141,1.523114,1.614891,1.765928,2.040455,6.011483,2.512195,6.068982,2.302082,5.934686,1.807124,1.522777,1.472142,1.470462,1.473032,1.445004,30
142,1.830808,1.913735,2.08279,2.397623,6.878487,2.972345,6.988456,2.647915,6.976846,2.190309,1.766116,1.731503,1.716068,1.705644,1.685303,40
143,1.64551,1.72135,1.785633,2.099302,6.442584,2.792468,6.492993,2.41366,6.432324,1.993499,1.617216,1.577472,1.577727,1.574551,1.553121,40
144,1.784284,1.833639,1.935422,2.203268,6.474794,3.012943,6.558782,2.588683,6.499872,2.114674,1.709619,1.670808,1.662263,1.655674,1.644436,40
145,1.730963,1.822013,1.956173,2.243161,6.708521,2.893459,6.756014,2.574914,6.659558,2.008764,1.658368,1.642706,1.628757,1.628452,1.614529,40
146,1.697428,1.809073,1.987351,2.180891,6.492391,2.912545,6.542422,2.514317,6.521781,2.038948,1.658548,1.60831,1.605113,1.61338,1.582398,30
147,1.728714,1.795343,1.947892,2.202822,6.541762,2.854316,6.547416,2.566346,6.595998,2.009749,1.65491,1.627418,1.623191,1.627418,1.594072,30
148,1.628245,1.699378,1.79472,2.086069,6.417137,2.790648,6.535054,2.286775,6.379157,1.885275,1.572002,1.539131,1.532998,1.532998,1.506873,30
149,1.693206,1.758693,1.894993,2.16564,6.782175,2.859535,6.83604,2.465475,6.827469,1.934834,1.64675,1.618864,1.603943,1.601445,1.577364,40
150,1.72449,1.824919,1.955877,2.208309,6.62358,2.885173,6.66082,2.525067,6.51294,2.015052,1.684219,1.645556,1.650346,1.654304,1.620298,20
151,1.676894,1.811909,1.945936,2.185278,6.60834,2.78174,6.675967,2.560815,6.625014,2.01132,1.642286,1.613855,1.60895,1.608503,1.590894,40
152,1.747644,1.818047,1.914819,2.090732,6.738497,2.84093,6.774445,2.570827,6.79904,1.960422,1.726617,1.666389,1.680857,1.668097,1.626956,20
153,1.592008,1.646373,1.892138,2.206559,6.655618,2.866971,6.75683,2.420039,6.687645,1.867647,1.554247,1.527081,1.530504,1.523148,1.487357,40
154,1.753098,1.805653,2.056494,2.312639,6.759274,3.183939,6.780025,2.641609,6.786928,2.069931,1.711794,1.680614,1.680662,1.678011,1.66148,40
155,1.643469,1.679641,1.82879,2.151843,6.401852,2.810205,6.438246,2.457683,6.450842,1.907772,1.577835,1.542634,1.54264,1.539777,1.517911,40
156,1.612991,1.702268,1.840318,2.069769,6.460105,2.679562,6.491732,2.417955,6.455523,1.925227,1.572983,1.516757,1.511996,1.516117,1.488864,30
157,1.626001,1.658141,1.800597,2.135976,6.437242,2.677597,6.53391,2.346921,6.49736,1.894028,1.597855,1.550927,1.551315,1.550167,1.534283,40
158,1.768374,1.812993,1.978384,2.315363,6.7929,3.002934,6.856942,2.614285,6.761482,2.070382,1.720682,1.702826,1.684916,1.691349,1.663748,30
159,1.626111,1.664666,1.743843,2.02371,6.664982,2.752916,6.662959,2.393681,6.568316,1.884853,1.579814,1.557707,1.547545,1.547863,1.520712,30
160,1.579723,1.69708,1.795663,2.020288,6.363038,2.613984,6.365246,2.352649,6.308668,1.869424,1.531141,1.501158,1.500813,1.500813,1.488727,30
161,1.735352,1.813373,1.968086,2.320317,6.972572,3.143033,7.030735,2.543484,6.974739,1.999403,1.693326,1.655587,1.649723,1.655966,1.602623,30
162,1.767668,1.787642,1.923148,2.280088,6.834605,2.920831,6.870784,2.612973,6.796877,2.018193,1.664958,1.645919,1.619442,1.628749,1.594878,30
163,1.683432,1.760115,1.83903,2.123256,6.348102,2.70567,6.431745,2.486544,6.419669,1.961101,1.63922,1.600855,1.598279,1.590593,1.574702,40
164,1.704439,1.750576,1.8772,2.164113,6.476425,2.809975,6.51802,2.486317,6.457152,1.997308,1.615183,1.581496,1.574293,1.576563,1.564514,30
165,1.669629,1.713829,1.804471,2.078775,6.427289,2.716755,6.45634,2.534059,6.356712,2.00913,1.62096,1.605808,1.609219,1.607776,1.57967,20
166,1.772808,1.795366,1.918238,2.160664,6.891976,2.838793,6.970059,2.476094,6.958913,2.045519,1.718425,1.669169,1.667419,1.667887,1.651322,30
167,1.770635,1.874251,2.027319,2.293867,6.751078,3.00298,6.783661,2.744101,6.738007,2.140383,1.72803,1.692518,1.696017,1.689441,1.674993,40
168,1.786998,1.83547,1.983386,2.210876,6.682248,2.962583,6.71157,2.609101,6.702198,2.029002,1.691423,1.671302,1.675936,1.669098,1.631796,40
169,1.664169,1.74401,1.803527,2.116734,6.495556,2.712613,6.564825,2.475526,6.548678,1.963541,1.638295,1.598819,1.601591,1.602188,1.557685,20
170,1.679677,1.772538,1.837071,2.18592,6.509714,2.970061,6.67406,2.601785,6.542702,2.041619,1.636926,1.602796,1.597818,1.603688,1.57149,30
171,1.65515,1.73202,1.864491,2.102165,6.404012,2.88853,6.430542,2.497016,6.391354,2.014103,1.621624,1.590094,1.586972,1.583985,1.564275,40
172,1.636487,1.734054,1.802659,2.05775,6.620058,2.848221,6.684043,2.419748,6.585133,1.916911,1.605932,1.579173,1.581319,1.576412,1.556648,40
173,1.753995,1.77352,1.895461,2.171161,6.807349,2.997022,6.859276,2.670101,6.798591,1.949404,1.682825,1.648239,1.651158,1.652004,1.619751,20
174,1.672961,1.744648,1.922866,2.211675,6.175645,2.656197,6.286224,2.397455,6.167361,1.984048,1.575393,1.55293,1.555046,1.553888,1.528607,20
175,1.778506,1.879698,2.035095,2.337494,6.817551,3.0177,6.834953,2.699976,6.835455,2.150097,1.755946,1.71434,1.71027,1.706064,1.683974,40
176,1.675743,1.732711,1.88431,2.183255,6.46088,2.924553,6.477614,2.476714,6.358761,1.970031,1.633464,1.605752,1.605868,1.600608,1.580272,40
177,1.726797,1.789348,1.961072,2.296333,6.938522,3.076155,6.941837,2.61036,6.87063,2.059062,1.684501,1.647253,1.648369,1.646558,1.627176,40
178,1.554406,1.62924,1.774705,2.063317,6.353671,2.640767,6.366993,2.327992,6.277885,1.900621,1.505712,1.501164,1.500118,1.491576,1.480322,40
179,1.718848,1.785183,1.898529,2.184248,6.813782,2.772804,6.821002,2.535234,6.755821,2.047873,1.662286,1.643503,1.644284,1.641814,1.625101,40
180,1.667817,1.753326,1.852818,2.073895,6.590396,2.858332,6.622797,2.466524,6.58298,1.999202,1.653931,1.581706,1.580607,1.579786,1.558221,40
181,1.651257,1.698563,1.83195,2.140507,6.579632,2.796455,6.606674,2.577922,6.612555,1.972689,1.617901,1.600571,1.600514,1.600767,1.579313,30
182,1.676382,1.733171,1.930578,2.182662,6.705168,2.85635,6.731063,2.520409,6.68178,2.02946,1.649208,1.597362,1.592259,1.593038,1.556608,30
183,1.803524,1.850098,2.000872,2.300818,6.664523,3.046576,6.779405,2.822075,6.743478,2.1759,1.776267,1.723212,1.729026,1.731288,1.696386,20
184,1.716971,1.734802,1.893399,2.112066,6.505835,2.688971,6.551534,2.461898,6.549553,2.036758,1.636704,1.6229,1.607287,1.610168,1.573158,30
185,1.62306,1.668757,1.755843,2.07125,6.301897,2.831729,6.312986,2.403275,6.171982,1.872804,1.580557,1.549448,1.545652,1.549715,1.523695,30
186,1.713273,1.829327,1.978003,2.246944,6.713809,2.899853,6.728009,2.561602,6.681487,2.059414,1.671391,1.630308,1.621391,1.623763,1.590425,30
187,1.7246,1.810012,1.947796,2.240399,6.826876,2.996506,6.786456,2.60859,6.732863,2.046433,1.668196,1.63642,1.632991,1.642194,1.608561,30
188,1.728137,1.804518,1.953189,2.205015,6.605151,2.815567,6.651946,2.634436,6.634328,2.126666,1.662031,1.629362,1.642226,1.647634,1.604693,20
189,1.606295,1.658344,1.747735,2.063813,6.255659,2.720889,6.348186,2.428664,6.31236,1.897211,1.554115,1.534365,1.520105,1.513717,1.495549,40
190,1.753315,1.843682,2.105956,2.284762,6.917978,3.005604,7.00063,2.728066,6.902201,2.152288,1.672351,1.661418,1.657316,1.642449,1.614267,40
191,1.652181,1.692981,1.867823,2.050321,6.544265,2.864053,6.520975,2.529084,6.448719,1.894959,1.635213,1.60131,1.607664,1.606378,1.584052,20
192,1.685847,1.731404,1.859081,2.087412,6.339646,2.897562,6.432575,2.487546,6.361089,1.997241,1.657791,1.614962,1.6241,1.61267,1.598721,40
193,1.766239,1.840811,2.026406,2.326706,6.734191,2.912561,6.780623,2.579188,6.704321,2.142766,1.696785,1.663958,1.646456,1.6434,1.61809,40
194,1.774395,1.807448,1.960128,2.203312,6.632311,2.909469,6.665617,2.648794,6.658646,2.143434,1.711775,1.662706,1.662989,1.664642,1.646445,20
195,1.830838,1.89824,2.030714,2.281415,7.044534,2.919902,7.170524,2.742059,7.171615,2.196508,1.781763,1.734455,1.737247,1.727156,1.701507,40
196,1.650541,1.689215,1.789955,2.05317,6.288482,2.736001,6.283927,2.45861,6.250996,1.935833,1.601739,1.546536,1.552565,1.552268,1.524651,20
197,1.666852,1.743435,1.880278,2.114278,6.365428,2.821777,6.34883,2.510015,6.357202,1.925354,1.622303,1.601354,1.597692,1.609666,1.575811,30
198,1.593982,1.630986,1.791618,2.06131,6.483371,2.780391,6.528259,2.488615,6.408227,1.967599,1.555384,1.517818,1.514526,1.518735,1.508285,30
199,1.799397,1.858355,2.047733,2.486915,6.837592,3.157835,6.760026,2.832229,6.75293,2.187587,1.758026,1.717444,1.720845,1.72484,1.68982,20
200,1.74435,1.768924,1.935429,2.216082,6.60005,2.886872,6.622366,2.607446,6.585493,2.06357,1.686232,1.642773,1.641082,1.641082,1.618594,30
201,1.768295,1.867929,2.071777,2.478432,7.096607,3.27535,7.128005,2.748201,7.129304,2.150263,1.699997,1.678269,1.659367,1.672143,1.649926,30
202,1.665723,1.715719,1.858888,2.175444,6.406502,2.89908,6.472887,2.601829,6.466168,1.991362,1.615779,1.602424,1.598533,1.592903,1.565511,40
203,1.592272,1.683524,1.767524,2.029957,6.230007,2.699965,6.325146,2.374197,6.266365,1.913186,1.580891,1.540177,1.532056,1.534659,1.51675,30
204,1.546158,1.595763,1.705774,1.94931,5.959059,2.502806,6.017071,2.211207,5.950196,1.816809,1.566097,1.507413,1.508148,1.507405,1.472317,40
205,1.692454,1.798705,1.945428,2.242413,6.666734,2.890615,6.682919,2.628963,6.64029,2.017394,1.661969,1.639518,1.631209,1.628649,1.595998,40
206,1.68433,1.764901,1.900923,2.063025,6.479438,2.706947,6.51214,2.554429,6.398318,1.988064,1.650856,1.61223,1.610649,1.606599,1.578627,40
207,1.614232,1.650341,1.847897,2.215903,6.627479,2.960586,6.623102,2.459389,6.55243,1.935004,1.579648,1.558967,1.554163,1.557367,1.544316,30
208,1.797713,1.882727,1.921077,2.303947,6.884764,2.949998,6.993656,2.739696,6.94164,2.150603,1.773638,1.730939,1.732562,1.722076,1.705838,40
209,1.657185,1.662289,1.792189,2.021375,6.381243,2.714777,6.404489,2.336084,6.335062,1.905412,1.570979,1.544253,1.534804,1.529128,1.493961,40
210,1.637533,1.708519,1.85414,2.097686,6.463483,2.67357,6.531255,2.436609,6.44793,1.975435,1.567355,1.555047,1.554332,1.553893,1.51985,40
211,1.67587,1.779251,1.943721,2.173504,6.590344,2.944664,6.698349,2.52923,6.548352,1.996936,1.604875,1.576621,1.576001,1.57402,1.556487,40
212,1.683061,1.73792,1.917766,2.153144,6.588219,2.744874,6.70508,2.512397,6.617698,2.014709,1.612843,1.565306,1.5671,1.566838,1.549582,20
213,1.636831,1.69915,1.849417,2.112603,6.591162,2.720919,6.567919,2.30535,6.517329,1.961027,1.597679,1.582488,1.573389,1.573037,1.554578,40
214,1.691188,1.734499,1.90425,2.124941,6.489322,2.81278,6.521826,2.510665,6.459391,2.034159,1.664098,1.612384,1.613328,1.612427,1.583906,20
215,1.648026,1.694309,1.802852,2.19404,6.569771,2.872483,6.628119,2.470169,6.585776,1.971374,1.636725,1.599386,1.592561,1.597117,1.569105,30
216,1.620383,1.738507,1.852333,2.0949,6.489598,2.886436,6.515368,2.390852,6.414205,1.865402,1.545238,1.522011,1.512143,1.514775,1.494273,30
217,1.631814,1.646952,1.764023,2.070395,6.438011,2.659097,6.461038,2.321357,6.369567,1.920618,1.578365,1.558729,1.555956,1.549236,1.546036,40
218,1.713689,1.832737,2.037233,2.321969,6.856816,3.184681,6.852822,2.599822,6.811916,2.06239,1.661842,1.624714,1.620854,1.623631,1.600365,30
219,1.782505,1.84208,1.980442,2.203112,6.766824,2.741732,6.822502,2.521576,6.672196,2.080171,1.709462,1.652079,1.65651,1.655036,1.626203,20
220,1.537198,1.622267,1.744493,1.932966,6.40374,2.532907,6.429192,2.327771,6.308999,1.916453,1.50248,1.473897,1.473897,1.48763,1.460061,20
221,1.723626,1.793871,1.961115,2.24297,6.820081,3.019005,6.866525,2.64559,6.742824,1.967538,1.629764,1.615459,1.590781,1.590706,1.573653,40
222,1.788869,1.860531,2.005683,2.331914,7.095364,3.22075,7.202469,2.66962,7.086558,2.109012,1.725925,1.713554,1.702498,1.707145,1.687406,30
223,1.745717,1.808885,1.954125,2.217255,6.578823,2.832335,6.692518,2.50452,6.697022,2.088826,1.684914,1.673587,1.663543,1.66323,1.64703,40
224,1.742869,1.820927,1.944136,2.172879,6.598058,2.84075,6.609666,2.557574,6.48257,1.996958,1.678999,1.646011,1.655864,1.649891,1.628726,20
225,1.793882,1.894676,2.004826,2.285177,7.03527,3.076214,7.039046,2.569274,6.948404,2.136531,1.724696,1.701195,1.69253,1.691645,1.664377,40
226,1.718224,1.783818,1.858282,2.154898,6.6233,2.893355,6.686318,2.472683,6.655546,1.993436,1.643601,1.632219,1.630692,1.618476,1.592198,40
227,1.641725,1.676533,1.840747,2.18329,6.165283,2.645441,6.23923,2.359456,6.222451,1.881762,1.578728,1.573013,1.571681,1.559304,1.536961,40
228,1.659047,1.734948,1.874087,2.153738,6.683361,2.855022,6.730147,2.477865,6.749986,1.982566,1.656653,1.615122,1.617334,1.613502,1.588246,40
229,1.668125,1.766326,1.861451,2.129374,6.404461,2.698267,6.444186,2.357921,6.288174,2.032097,1.571432,1.557932,1.551552,1.55383,1.538165,30
230,1.670757,1.768267,1.930461,2.215639,6.680174,2.876598,6.704092,2.551586,6.637088,1.994117,1.675476,1.629487,1.633111,1.628573,1.608326,40
231,1.715351,1.797714,1.934061,2.278636,6.482801,2.946996,6.529844,2.611704,6.557434,2.032274,1.706691,1.649588,1.649884,1.650359,1.635613,20
232,1.640191,1.721789,1.873759,2.124854,6.3406,2.939744,6.40601,2.413131,6.407506,1.926247,1.602619,1.576142,1.564112,1.563422,1.540879,40
233,1.69083,1.721672,1.841119,2.04613,6.630586,2.742412,6.617715,2.517978,6.613707,1.976132,1.658183,1.634083,1.627536,1.62175,1.59299,40
234,1.754869,1.800792,1.988198,2.319519,6.634959,2.951358,6.678711,2.576294,6.650474,2.140239,1.714444,1.686559,1.699504,1.692803,1.650104,20
235,1.640793,1.716115,1.838954,2.164371,6.668156,2.809673,6.706625,2.548283,6.608395,2.004185,1.627104,1.600313,1.600585,1.597838,1.572942,40
236,1.705753,1.727641,1.901544,2.162112,6.669582,2.80396,6.72425,2.53048,6.629354,2.028139,1.667118,1.616557,1.607148,1.607042,1.575652,40
237,1.705122,1.793615,1.935311,2.194271,6.520026,2.780303,6.498252,2.504017,6.474423,2.067418,1.659403,1.644353,1.636284,1.636432,1.613885,30
238,1.791737,1.881189,1.975778,2.370288,6.818938,3.137307,6.932278,2.607465,6.902717,2.12048,1.746281,1.723789,1.731389,1.711627,1.683389,40
239,1.625221,1.685791,1.848708,2.130064,6.445245,2.772291,6.500981,2.455046,6.458923,2.013147,1.600028,1.554213,1.556466,1.554579,1.52181,20
240,1.78442,1.830635,2.007458,2.268273,7.12029,2.98698,7.150142,2.712015,7.021548,2.155589,1.699771,1.684212,1.682322,1.674809,1.65239,40
241,1.649829,1.716662,1.819011,2.155729,6.38693,2.774107,6.406558,2.435171,6.416657,1.913087,1.613731,1.580162,1.576457,1.57845,1.556913,30
242,1.562046,1.628779,1.726641,2.01372,6.327358,2.679542,6.358595,2.359973,6.308057,1.903682,1.531863,1.518954,1.507976,1.510112,1.47763,30
243,1.769886,1.858262,1.968946,2.263994,6.731311,2.758965,6.747168,2.532717,6.670312,2.051366,1.67917,1.658219,1.65458,1.656164,1.629036,30
244,1.634047,1.691542,1.790162,2.095758,6.404101,2.840038,6.474007,2.309788,6.422444,1.869473,1.579566,1.552626,1.553496,1.551693,1.518551,40
245,1.737867,1.782804,1.947505,2.192428,6.494425,2.798876,6.520748,2.454785,6.472216,2.035656,1.661922,1.635169,1.613017,1.608279,1.593281,40
246,1.789534,1.86652,1.987083,2.289536,6.841935,3.031364,6.858958,2.666918,6.792557,2.167444,1.754493,1.735269,1.72891,1.731924,1.69736,30
247,1.657485,1.69904,1.827374,2.156068,6.554713,2.719465,6.601719,2.434108,6.501946,1.917434,1.57903,1.567332,1.555296,1.549386,1.531584,40
248,1.616223,1.677265,1.781567,2.048854,6.465008,2.835522,6.579139,2.287688,6.471928,1.85819,1.554158,1.535376,1.531438,1.528604,1.510158,40
249,1.63187,1.670052,1.759866,1.947564,6.413843,2.608838,6.48288,2.316756,6.40758,1.918878,1.601448,1.562138,1.561496,1.559745,1.536127,40
250,1.695037,1.771324,1.964075,2.219347,6.689172,2.935999,6.709518,2.568589,6.610485,2.055235,1.633754,1.616836,1.621027,1.608225,1.57571,40
251,1.624385,1.724879,1.809698,2.116625,6.465652,2.805106,6.544462,2.470432,6.440276,1.943983,1.57475,1.547259,1.533973,1.539907,1.499253,30
252,1.775928,1.835325,1.984398,2.427568,6.705386,3.099754,6.939596,2.767454,6.879797,2.109748,1.713013,1.68857,1.681425,1.672312,1.647768,40
253,1.673077,1.73057,1.815096,2.08449,6.477464,2.781648,6.508398,2.377934,6.447974,1.885634,1.618707,1.583723,1.586057,1.582597,1.548492,40
254,1.6446,1.697479,1.824831,2.083532,6.492352,2.811425,6.528625,2.392324,6.544096,1.990298,1.615958,1.578123,1.572261,1.575323,1.553243,30
255,1.680767,1.7636,1.90907,2.164421,6.309038,2.774187,6.404929,2.47966,6.371765,2.01593,1.621174,1.603116,1.599461,1.599136,1.582365,40
256,1.695843,1.77807,1.920391,2.178209,6.443203,2.91814,6.486592,2.530744,6.433757,2.038232,1.665912,1.635673,1.630193,1.635649,1.606803,30
257,1.614144,1.724568,1.835371,2.079307,6.417814,2.788221,6.417423,2.389173,6.361801,1.904714,1.57115,1.542517,1.537294,1.545644,1.505811,30
258,1.621274,1.673948,1.855267,2.178668,6.554295,2.829698,6.62598,2.441462,6.583737,1.884987,1.596517,1.545616,1.537821,1.541209,1.506014,30
259,1.791126,1.845609,1.971766,2.290595,6.823799,3.014811,6.867392,2.627978,6.796122,2.110264,1.700135,1.672078,1.67807,1.677857,1.654109,20
260,1.712366,1.802689,1.842575,2.171805,6.494363,2.720421,6.497176,2.458858,6.459272,1.942101,1.643946,1.620452,1.615838,1.613107,1.601393,40
261,1.745185,1.875928,2.001798,2.288214,6.659745,3.111043,6.735214,2.516265,6.645509,2.073678,1.705324,1.65813,1.669839,1.66898,1.630037,20
262,1.720813,1.801152,1.993838,2.276009,6.69484,2.97686,6.711392,2.675427,6.654282,2.035692,1.6643,1.640363,1.63835,1.635557,1.615561,40
263,1.628074,1.677285,1.766808,2.121596,6.714426,2.699501,6.724623,2.344807,6.660692,1.879851,1.583448,1.546093,1.554114,1.545822,1.507813,40
264,1.618656,1.70027,1.832084,2.168248,6.589517,2.839879,6.702392,2.479118,6.586033,1.953922,1.549196,1.53311,1.536799,1.539346,1.517742,20
265,1.64362,1.704975,1.787638,2.090634,6.42257,2.668311,6.389684,2.328595,6.328066,1.934387,1.63193,1.587615,1.58104,1.575802,1.534484,40
266,1.637677,1.717824,1.815931,1.961249,6.399108,2.626938,6.43078,2.307356,6.351126,1.876267,1.576743,1.559645,1.559008,1.560266,1.530217,30
267,1.723147,1.767539,1.925037,2.201034,6.600635,3.121661,6.639126,2.420017,6.588497,2.033185,1.684214,1.639227,1.629285,1.631274,1.593273,30
268,1.760699,1.815708,1.9612,2.229394,6.763642,2.940734,6.712158,2.717335,6.733241,2.105645,1.715022,1.683256,1.681998,1.683735,1.65466,30
269,1.686113,1.76111,1.96809,2.19574,6.372364,2.804904,6.39946,2.474147,6.295154,1.959715,1.639899,1.611576,1.61139,1.606187,1.584451,40
270,1.620038,1.69478,1.826661,2.001596,6.179236,2.637553,6.255759,2.430704,6.259864,1.907681,1.58608,1.544759,1.543874,1.537498,1.513517,40
271,1.561909,1.648607,1.725836,2.052149,6.248842,2.729024,6.379466,2.310987,6.287442,1.858778,1.509404,1.48735,1.483373,1.481738,1.458384,40
272,1.743156,1.793734,1.983222,2.269409,6.81356,2.977908,6.889944,2.626124,6.875145,2.115323,1.702003,1.676048,1.674045,1.672275,1.649953,40
273,1.634365,1.694892,1.856084,2.067077,6.481917,2.693286,6.510327,2.394456,6.496036,1.85811,1.555407,1.527866,1.512381,1.50648,1.4905,40
274,1.782053,1.867707,1.926917,2.254725,6.669367,3.139579,6.676244,2.592847,6.642855,2.107577,1.703133,1.667748,1.659872,1.65546,1.628914,40
275,1.570617,1.643825,1.732268,1.98872,6.201742,2.596973,6.210846,2.318758,6.157796,1.840134,1.542398,1.509516,1.512757,1.512968,1.485184,20
276,1.730357,1.778431,1.86786,2.158558,6.958246,2.906012,7.00069,2.660712,6.905968,2.071995,1.682969,1.665458,1.652759,1.653553,1.616891,30
277,1.810412,1.920469,2.090432,2.387738,7.058704,3.096568,7.043449,2.688476,6.937456,2.13504,1.75049,1.737319,1.731414,1.739687,1.696093,30
278,1.728757,1.765747,1.938757,2.231868,6.662246,2.825749,6.694636,2.493909,6.582332,1.939691,1.664087,1.636428,1.626684,1.627547,1.607371,30
279,1.636726,1.682352,1.8489,2.086538,6.447988,2.83059,6.51312,2.386757,6.458072,1.970331,1.603389,1.585482,1.577369,1.579132,1.551094,30
280,1.598421,1.663346,1.817614,2.061864,6.136511,2.578583,6.218604,2.378559,6.240453,1.909614,1.534284,1.514373,1.508036,1.507776,1.49098,40
281,1.610409,1.645835,1.738196,2.010079,6.416934,2.819041,6.446658,2.424647,6.355346,1.948789,1.562001,1.530329,1.520946,1.513562,1.505713,40
282,1.651309,1.675054,1.729894,2.061777,6.388378,2.609347,6.396439,2.353215,6.372519,1.945404,1.583554,1.583946,1.574454,1.584743,1.549217,30
283,1.661509,1.724506,1.87109,2.137639,6.501795,2.826362,6.517642,2.389559,6.431174,1.956029,1.600677,1.590933,1.587545,1.57867,1.550045,40
284,1.649205,1.697719,1.795741,2.027715,6.307256,2.796357,6.324454,2.436923,6.32775,1.875678,1.578761,1.564522,1.559919,1.553614,1.536291,40
285,1.652255,1.720552,1.796699,2.01824,6.584852,2.713152,6.607537,2.392608,6.536546,1.982719,1.599743,1.552599,1.549241,1.544894,1.501644,40
286,1.656475,1.767016,1.876253,2.08006,6.613581,2.783014,6.632509,2.433922,6.649927,1.922995,1.608841,1.587105,1.582424,1.586464,1.567856,30
287,1.710118,1.761687,1.962936,2.280333,6.697114,3.164816,6.734867,2.52361,6.65304,1.987385,1.669283,1.640779,1.633258,1.633187,1.607272,40
288,1.594082,1.650279,1.791482,2.083438,6.2059,2.654542,6.22898,2.324781,6.139982,1.841061,1.539568,1.51509,1.514948,1.514624,1.482765,40
289,1.681072,1.715907,1.816774,2.098437,6.585398,2.711176,6.595248,2.410617,6.561083,1.928824,1.606702,1.574188,1.587585,1.5728,1.544964,40
290,1.622709,1.708637,1.771235,2.023504,6.343496,2.737724,6.404054,2.42683,6.356013,1.967938,1.603464,1.535182,1.543203,1.540861,1.513763,20
291,1.744769,1.818039,1.939627,2.225016,6.816819,2.859693,6.796516,2.579749,6.729373,2.083101,1.685149,1.652737,1.66756,1.667216,1.635529,20
292,1.60311,1.67048,1.863022,2.174372,6.425851,2.936718,6.459387,2.369858,6.359198,1.928808,1.549911,1.540105,1.552257,1.545057,1.510341,20
293,1.592753,1.687669,1.804705,2.049207,6.30493,2.557214,6.349982,2.402367,6.282567,1.920852,1.587981,1.558643,1.553045,1.552037,1.515586,40
294,1.593447,1.721777,1.851151,2.070281,6.606254,2.84457,6.580682,2.438309,6.585702,1.846242,1.582331,1.521174,1.523446,1.537773,1.489939,20
295,1.627297,1.728796,1.841239,2.096654,6.556998,2.795069,6.585766,2.458658,6.461038,1.955825,1.543154,1.51607,1.517367,1.515888,1.484002,40
296,1.687377,1.769628,1.820246,2.126763,6.636725,2.848397,6.620158,2.586963,6.576902,1.935006,1.630664,1.609954,1.604495,1.608307,1.583984,30
297,1.620464,1.71037,1.805973,2.042947,6.302836,2.615835,6.290887,2.328783,6.291999,1.862441,1.576593,1.534776,1.53674,1.542346,1.503193,20
298,1.824484,1.852541,2.030721,2.309099,6.951124,3.008604,6.900988,2.735926,6.88222,2.160232,1.698673,1.698564,1.698979,1.691783,1.665357,40
299,1.612196,1.669035,1.815249,2.167471,6.533506,2.606304,6.525328,2.431659,6.491363,1.868419,1.572826,1.533161,1.532586,1.53946,1.4939,30
300,1.750487,1.815519,1.999591,2.291928,6.546447,2.964592,6.607392,2.653625,6.510856,2.03094,1.693583,1.680632,1.680632,1.676448,1.643454,40
301,1.730315,1.774285,1.854753,2.174082,6.66189,2.880998,6.734103,2.565972,6.677998,2.03499,1.642986,1.620676,1.606118,1.608518,1.579906,30
302,1.612893,1.691033,1.770567,1.926251,6.347433,2.521264,6.370808,2.319567,6.29265,1.804568,1.550727,1.546952,1.533352,1.535211,1.512488,30
303,1.646087,1.695759,1.829196,2.114332,6.383106,2.736434,6.439512,2.52682,6.349099,1.948724,1.591304,1.592806,1.576797,1.569925,1.554245,40
304,1.654584,1.742475,1.869485,2.056186,6.566088,2.803119,6.662978,2.273099,6.544666,1.936423,1.599235,1.581745,1.573929,1.577532,1.557111,30
305,1.731201,1.768909,1.912871,2.194449,6.843568,2.775073,6.898503,2.516471,6.868065,2.054852,1.686428,1.642448,1.642301,1.643049,1.619984,30
306,1.724011,1.81325,1.935484,2.172203,6.611648,2.760822,6.611123,2.461314,6.530843,2.028415,1.676691,1.651414,1.658627,1.656968,1.636244,20
307,1.624227,1.738952,1.865978,2.064379,6.458271,2.6801,6.548946,2.572436,6.510771,1.978909,1.612094,1.58106,1.574725,1.579974,1.554219,30
308,1.647573,1.729107,1.820836,2.082118,6.733128,2.770441,6.716736,2.4713,6.688529,1.989155,1.571624,1.54786,1.543322,1.551059,1.524358,30
309,1.656548,1.736211,1.830834,2.113884,6.35221,2.795355,6.40112,2.370383,6.343416,2.024409,1.628415,1.59601,1.593737,1.59843,1.567197,30
310,1.890236,1.983913,2.107724,2.438016,7.455448,3.35811,7.625843,2.912087,7.540291,2.24994,1.822079,1.795655,1.800679,1.794287,1.760767,40
311,1.648541,1.701612,1.783982,2.109915,6.547284,2.890183,6.639326,2.412622,6.62142,1.929466,1.599812,1.57988,1.568676,1.564956,1.553171,40
312,1.752471,1.786918,1.89354,2.141472,6.729003,2.923291,6.941538,2.593347,6.849121,2.063207,1.706495,1.666036,1.663853,1.663786,1.642997,40
313,1.76027,1.826718,1.975273,2.302925,6.849286,2.845104,6.815596,2.753646,6.802763,2.092472,1.709385,1.702852,1.710202,1.697439,1.665349,40
314,1.753533,1.83259,1.899247,2.212536,6.672046,3.003616,6.673529,2.619053,6.662666,2.020249,1.717643,1.696081,1.697894,1.697737,1.6737,20
315,1.629575,1.737803,1.813231,2.106685,6.440058,2.736198,6.463271,2.593789,6.43508,1.890516,1.591057,1.563158,1.540572,1.544902,1.526007,30
316,1.598557,1.638839,1.807061,2.031578,6.270054,2.556091,6.224653,2.333603,6.236814,1.823076,1.554913,1.522401,1.522132,1.520785,1.506679,40
317,1.662997,1.711063,1.782945,2.152336,6.378924,2.84119,6.416866,2.443203,6.347699,1.952911,1.60755,1.573606,1.566402,1.564984,1.549744,40
318,1.635197,1.702492,1.772718,2.100016,6.376983,2.696389,6.425584,2.493854,6.35154,1.865748,1.581006,1.565873,1.561097,1.54769,1.520405,40
319,1.892314,1.986524,2.183915,2.428889,7.054694,3.143271,7.110534,2.826193,7.010139,2.131377,1.790018,1.764552,1.763155,1.762672,1.738062,40
320,1.749551,1.800831,1.932642,2.246162,6.888314,3.110587,6.985323,2.581136,6.944695,1.998225,1.677867,1.665785,1.663805,1.665441,1.629016,30
321,1.728447,1.81454,1.934513,2.1736,6.66366,2.784634,6.701248,2.633587,6.682067,2.004543,1.699279,1.663614,1.665407,1.667172,1.631759,20
322,1.680634,1.723576,1.88047,2.206045,6.527898,2.764833,6.512787,2.451916,6.464676,2.062873,1.628874,1.598405,1.595264,1.58666,1.554239,40
323,1.729853,1.813797,1.907156,2.17746,6.688807,2.853023,6.773507,2.486252,6.796365,2.036311,1.689095,1.641971,1.646785,1.640133,1.593144,40
324,1.659947,1.745527,1.82159,2.096426,6.49657,2.737705,6.551468,2.449098,6.505742,1.99585,1.619046,1.57287,1.576539,1.568316,1.539482,40
325,1.690286,1.739623,1.950699,2.209147,6.428375,2.909798,6.511532,2.520024,6.44998,1.995508,1.602101,1.577089,1.573426,1.577541,1.537211,30
326,1.732674,1.819784,1.994066,2.221515,6.970644,3.002046,6.898059,2.615965,6.844868,2.12787,1.67216,1.647174,1.645843,1.646562,1.625285,30
327,1.644616,1.687168,1.803438,2.143632,6.370134,2.798067,6.358503,2.388407,6.395924,1.953708,1.570683,1.54228,1.538348,1.54599,1.516059,30
328,1.712517,1.755147,1.935509,2.221133,6.547098,2.921905,6.633485,2.495025,6.555156,1.99623,1.635402,1.602679,1.596162,1.593494,1.571183,40
329,1.687931,1.776868,1.922702,2.197053,6.654364,2.894375,6.647598,2.634713,6.633765,2.02985,1.674625,1.627612,1.623557,1.626845,1.609301,30
330,1.57492,1.662399,1.805969,2.052739,6.382197,2.733283,6.373114,2.218689,6.34248,1.853061,1.532833,1.519956,1.519628,1.503668,1.487873,40
331,1.596601,1.643981,1.778855,2.085948,6.271575,2.635845,6.30815,2.331435,6.124968,1.90675,1.545013,1.515452,1.503836,1.506993,1.483124,30
332,1.82591,1.9162,2.034122,2.358459,7.040085,3.039752,7.006385,2.754263,6.919664,2.086229,1.783839,1.746058,1.74289,1.740344,1.707273,40
333,1.635378,1.699608,1.814818,2.048766,6.218247,2.650218,6.237606,2.576261,6.162932,1.967766,1.579675,1.542466,1.548991,1.543104,1.521552,20
334,1.604955,1.661258,1.833279,2.11985,6.304143,2.601748,6.320878,2.315726,6.317647,1.893551,1.52697,1.520923,1.516071,1.514813,1.497808,40
335,1.69461,1.7704,1.855167,2.087666,6.644996,2.729931,6.696694,2.478855,6.656332,1.992967,1.640308,1.634334,1.628033,1.625756,1.593053,40
336,1.730566,1.814124,1.945469,2.254863,6.351822,2.837873,6.393624,2.520716,6.376453,2.079213,1.711638,1.664867,1.663449,1.658655,1.625122,40
337,1.620537,1.696269,1.897645,2.165568,6.490834,2.885337,6.49724,2.487069,6.453356,1.967429,1.599823,1.574583,1.574583,1.574583,1.555876,30
338,1.69355,1.793546,1.875229,2.105791,6.50113,2.891875,6.582979,2.39485,6.540516,1.961986,1.603886,1.578078,1.577752,1.578078,1.565683,30
339,1.728929,1.788023,1.945949,2.182804,6.683939,2.813437,6.686899,2.511731,6.586931,1.985653,1.657702,1.619058,1.617486,1.616795,1.593346,40
340,1.713167,1.75406,1.834786,2.128548,6.548646,2.869127,6.641998,2.438269,6.490454,1.924587,1.636655,1.609983,1.606893,1.602635,1.582641,40
341,1.663538,1.758769,1.893196,2.118687,6.431657,2.93803,6.43119,2.530752,6.367896,1.929909,1.60626,1.588367,1.5863,1.577641,1.566505,40
342,1.604714,1.700108,1.846552,2.102357,6.326056,2.688117,6.404033,2.369384,6.403764,1.905033,1.545586,1.507683,1.506876,1.513264,1.486539,30
343,1.667838,1.73264,1.883113,2.049049,6.46211,2.781425,6.529426,2.391457,6.424302,1.95393,1.645184,1.587411,1.585102,1.583767,1.568218,40
344,1.592337,1.683199,1.761348,1.998117,6.400931,2.67268,6.477962,2.374029,6.352714,1.943064,1.544195,1.531037,1.533093,1.529133,1.505264,40
345,1.759609,1.816749,1.997822,2.206331,6.702106,2.881693,6.793315,2.544004,6.675967,2.107069,1.679894,1.625175,1.640166,1.636505,1.586955,20
346,1.738377,1.816562,1.996123,2.240339,6.901405,2.943492,6.880765,2.46722,6.835236,2.056164,1.643959,1.627091,1.622572,1.623214,1.601382,30
347,1.714443,1.762757,1.920917,2.236231,6.802916,3.055924,6.801748,2.472119,6.739768,1.987439,1.659777,1.619583,1.613352,1.608216,1.593185,40
348,1.776534,1.8744,1.969032,2.314878,6.803889,2.99162,6.867695,2.609939,6.81471,2.037516,1.716695,1.66489,1.66311,1.66311,1.643064,40
349,1.782822,1.820365,1.939317,2.221259,6.811754,3.05303,6.902152,2.573491,6.854259,2.069968,1.71906,1.673703,1.677897,1.681246,1.645494,20
350,1.705513,1.772414,1.866018,2.141576,6.721862,2.865351,6.765145,2.527968,6.745786,1.970975,1.629122,1.615465,1.617876,1.622436,1.591824,20
351,1.719134,1.755975,1.938002,2.273362,6.854663,2.882776,6.913982,2.545388,6.841525,2.063555,1.677054,1.64003,1.639114,1.636428,1.615878,40
352,1.713144,1.733975,1.893022,2.178071,6.366372,2.870143,6.382562,2.514766,6.26776,1.947269,1.685482,1.649079,1.648612,1.64005,1.617085,40
353,1.7628,1.81843,1.957417,2.200709,6.425524,2.843106,6.477583,2.527032,6.440275,2.023587,1.71509,1.683902,1.684152,1.682862,1.659924,40
354,1.725341,1.7778,1.901123,2.290666,6.654981,2.956945,6.772002,2.492917,6.597808,1.919449,1.632433,1.5759,1.56827,1.567013,1.541731,40
355,1.692882,1.779966,1.840365,2.088469,6.606385,2.734799,6.597542,2.434822,6.55697,1.962453,1.641778,1.609559,1.600806,1.597479,1.584366,40
356,1.686532,1.708154,1.787095,2.112468,6.144365,2.748816,6.240837,2.444384,6.208082,1.98144,1.579658,1.56994,1.572436,1.56451,1.542802,40
357,1.658076,1.763464,1.851128,2.045458,6.48084,2.668964,6.486463,2.378762,6.328659,1.949699,1.60106,1.574155,1.568602,1.569867,1.546934,30
358,1.599296,1.633674,1.775257,2.066952,6.539283,2.78579,6.558795,2.404807,6.558892,1.930734,1.564111,1.553991,1.552208,1.552734,1.534808,30
359,1.780584,1.825961,1.926148,2.172468,6.480076,2.899846,6.457014,2.622755,6.414097,2.067099,1.717851,1.668196,1.659557,1.658148,1.626908,40
360,1.673122,1.767128,1.853009,2.11073,6.467518,2.794238,6.506236,2.340319,6.46524,1.881791,1.574944,1.548601,1.541429,1.539498,1.493143,40
361,1.719098,1.765995,1.879155,2.229396,6.812792,2.815734,6.794496,2.652587,6.843059,2.020344,1.689913,1.644529,1.647825,1.646804,1.620492,20
362,1.694525,1.702468,1.862299,2.136484,6.626037,2.79211,6.654311,2.536351,6.596327,2.011664,1.646651,1.608309,1.596454,1.596454,1.588167,40
363,1.734816,1.809091,1.954561,2.202674,6.876188,2.85736,6.907326,2.571603,6.8043,2.02158,1.676106,1.64041,1.64006,1.635383,1.596017,40
364,1.690895,1.734186,1.826576,2.15029,6.91985,2.782465,6.910352,2.474749,6.806302,1.989791,1.621718,1.591799,1.588593,1.608839,1.574185,30
365,1.675283,1.76468,1.826066,2.107475,6.355762,2.832211,6.398676,2.322181,6.332449,2.016061,1.627506,1.582327,1.58124,1.580313,1.558776,40
366,1.619146,1.690556,1.821187,2.002651,6.520379,2.668546,6.57354,2.440416,6.529445,1.912995,1.579715,1.561079,1.564094,1.567259,1.536402,20
367,1.761858,1.802394,1.919141,2.139794,6.671148,2.668285,6.715049,2.467776,6.660599,1.946445,1.704842,1.668966,1.666027,1.664226,1.637998,40
368,1.694979,1.730893,1.863575,2.084321,6.546096,2.680454,6.569028,2.442741,6.517258,1.919174,1.624982,1.593884,1.586631,1.566978,1.548391,40
369,1.708062,1.722792,1.882749,2.122627,6.434984,2.771152,6.46149,2.537706,6.391562,2.094288,1.656463,1.610856,1.607551,1.610614,1.587008,30
370,1.683955,1.732669,1.855842,2.071255,6.483884,2.634334,6.490048,2.442577,6.496704,1.974161,1.624946,1.594524,1.594248,1.594638,1.576084,30
371,1.789144,1.856329,1.966593,2.248392,6.850512,2.878809,6.83365,2.665501,6.823616,2.14538,1.704391,1.679078,1.677201,1.675253,1.64891,40
372,1.700685,1.779511,1.925782,2.081879,6.557786,2.866125,6.605412,2.697954,6.615058,2.002957,1.673634,1.640106,1.615687,1.61653,1.580786,30
373,1.699385,1.745095,1.857464,2.135488,6.561921,2.659253,6.580262,2.477235,6.526032,1.962477,1.646167,1.61103,1.624713,1.619889,1.589066,20
374,1.633248,1.728654,1.852501,2.052777,6.6731,2.735511,6.653148,2.511346,6.580987,1.895961,1.562237,1.5492,1.557944,1.536265,1.51918,40
375,1.743156,1.800846,1.873866,2.168221,6.624551,2.792819,6.653529,2.590277,6.61076,2.084657,1.698184,1.673653,1.675739,1.674012,1.65447,20
376,1.759715,1.790892,1.959937,2.197034,6.448488,2.94901,6.48565,2.457682,6.480617,2.038718,1.694037,1.632013,1.633008,1.624641,1.613955,40
377,1.636116,1.672064,1.753635,2.066639,6.389152,2.86994,6.389731,2.465326,6.396963,1.905589,1.586588,1.564413,1.553646,1.563206,1.525031,30
378,1.66259,1.747262,1.911964,2.153344,6.635958,2.652447,6.678036,2.361643,6.600418,1.961505,1.626188,1.593503,1.578979,1.579168,1.565842,30
379,1.750494,1.827539,2.034865,2.259036,6.938953,2.974239,6.975796,2.54807,6.801405,2.030913,1.678037,1.649051,1.648691,1.637302,1.601295,40
380,1.709432,1.775477,1.896604,2.210301,6.474234,2.735889,6.514232,2.535808,6.446773,2.026116,1.63125,1.59867,1.592187,1.586071,1.573136,40
381,1.598991,1.681263,1.793578,2.053534,6.45585,2.753832,6.453282,2.335821,6.383723,1.81917,1.539206,1.518991,1.513989,1.507231,1.497206,40
382,1.648414,1.709841,1.869871,2.168076,6.381322,2.775484,6.459564,2.301131,6.311449,1.96229,1.621417,1.58293,1.57047,1.567759,1.531722,40
383,1.830799,1.884477,2.019846,2.380051,6.914148,3.098284,7.029032,2.763683,6.926358,2.196393,1.776876,1.731419,1.714906,1.727672,1.694069,30
384,1.786707,1.859831,2.00972,2.232424,6.666888,2.894884,6.796468,2.705216,6.765584,2.118887,1.748785,1.689402,1.692484,1.693303,1.661692,20
385,1.659507,1.739413,1.866813,2.188973,6.386994,2.81614,6.39709,2.426282,6.399018,2.039061,1.601407,1.563104,1.556335,1.551176,1.526859,40
386,1.688327,1.744863,1.815871,2.145354,6.258506,2.857958,6.387212,2.482855,6.287861,1.963617,1.648625,1.609051,1.606435,1.606741,1.574454,30
387,1.655653,1.750239,1.884706,2.104265,6.511676,2.773961,6.52039,2.447713,6.547166,1.936252,1.638288,1.608387,1.595658,1.591058,1.567321,40
388,1.606556,1.674236,1.816319,2.110257,6.50889,2.747299,6.547062,2.487891,6.54993,1.957246,1.575508,1.552834,1.552205,1.551027,1.521337,40
389,1.7394,1.761438,1.936233,2.263466,6.69029,2.995044,6.71609,2.61794,6.67572,2.006981,1.714301,1.679352,1.67968,1.677723,1.642863,40
390,1.680503,1.756144,1.937221,2.164524,6.535211,2.866978,6.686289,2.509871,6.617825,2.026177,1.658992,1.611624,1.620205,1.621004,1.579023,20
391,1.684018,1.773078,1.896078,2.128348,6.427622,2.861918,6.491695,2.465943,6.434792,1.921673,1.678062,1.634198,1.626633,1.626801,1.591051,30
392,1.635268,1.715576,1.840019,2.053728,6.618987,2.767745,6.639324,2.354754,6.548012,1.915493,1.616364,1.56842,1.570332,1.569782,1.528418,20
393,1.572326,1.627826,1.77891,2.036305,6.305445,2.682896,6.370295,2.325147,6.31914,1.844694,1.510903,1.493428,1.49627,1.48806,1.453884,40
394,1.674703,1.724564,1.885158,2.168875,6.617304,2.852568,6.665989,2.376235,6.738008,1.94758,1.65881,1.622935,1.623034,1.620803,1.601721,40
395,1.854628,1.920603,2.025467,2.347621,6.550644,2.930188,6.55958,2.583096,6.586188,2.078301,1.766288,1.727756,1.720912,1.7009,1.68061,40
396,1.729229,1.763757,1.947095,2.205455,6.751153,2.970194,6.857929,2.590683,6.827332,2.087377,1.685295,1.658844,1.657369,1.659663,1.627939,30
397,1.709756,1.751424,1.921489,2.155436,6.443668,2.814522,6.48154,2.481636,6.447894,2.007346,1.665958,1.610534,1.597536,1.604526,1.578775,30
398,1.830503,1.870102,1.97675,2.23976,7.163965,3.086087,7.169494,2.740583,7.133904,2.127568,1.788294,1.732533,1.729931,1.727404,1.71127,40
399,1.775151,1.840005,2.014148,2.254455,6.747008,2.896176,6.840991,2.712293,6.824691,2.026679,1.720526,1.677595,1.670908,1.67353,1.642932,30
400,1.758723,1.8133,2.003485,2.271765,6.681885,3.082334,6.753853,2.543324,6.656854,2.064121,1.696732,1.663831,1.653668,1.656011,1.633154,30
401,1.707092,1.752531,1.883582,2.193643,6.911994,2.910306,7.000989,2.577757,6.896201,2.047868,1.686309,1.629109,1.62716,1.627176,1.607773,30
402,1.781888,1.850263,2.011398,2.244384,6.892705,2.871851,6.92894,2.535019,6.837322,2.144019,1.711213,1.679783,1.667354,1.665131,1.641508,40
403,1.70148,1.794292,1.949564,2.20153,6.678115,2.891443,6.700258,2.538235,6.614925,2.062836,1.619795,1.59543,1.594579,1.598818,1.56202,30
404,1.667315,1.719192,1.800188,2.111742,6.605998,2.835441,6.59236,2.447684,6.633922,1.913893,1.629321,1.575732,1.564252,1.564677,1.534794,30
405,1.697848,1.761497,1.926188,2.187637,6.499922,2.794819,6.507992,2.47205,6.454007,1.939266,1.601507,1.582265,1.577344,1.578797,1.557142,30
406,1.645354,1.709742,1.847387,2.1597,6.58301,2.837367,6.618297,2.535507,6.575784,1.962046,1.652323,1.599222,1.60171,1.59705,1.577499,40
407,1.794121,1.860395,2.06295,2.320299,7.18763,3.113969,7.19249,2.823128,7.121902,2.090094,1.730759,1.717218,1.714244,1.706943,1.685995,40
408,1.673172,1.76012,1.900897,2.222292,6.526803,2.868681,6.539864,2.411302,6.455871,1.972775,1.600925,1.572013,1.573748,1.573844,1.541609,20
409,1.690559,1.782688,1.860835,2.198812,6.601266,2.841982,6.626261,2.600772,6.58564,1.977347,1.663365,1.636072,1.637157,1.635179,1.608532,40
410,1.754425,1.796197,2.006948,2.236621,6.855868,2.939934,6.873865,2.520569,6.827321,2.062098,1.704719,1.662109,1.658881,1.666627,1.632275,30
411,1.716108,1.797081,1.882603,2.213299,6.563295,2.907291,6.608689,2.569144,6.489893,2.129746,1.639488,1.616423,1.607183,1.61049,1.590832,30
412,1.747533,1.812121,1.897998,2.202688,6.978919,3.090288,7.051765,2.624405,6.958132,2.134303,1.712062,1.669642,1.671294,1.669061,1.64185,40
413,1.825752,1.88515,2.004818,2.296618,6.564116,2.905723,6.585035,2.611658,6.585828,2.152476,1.758414,1.712694,1.711607,1.709939,1.666379,40
414,1.753659,1.820965,1.972993,2.339171,6.857834,2.968055,6.848438,2.717148,6.826488,2.113955,1.676025,1.674376,1.664758,1.657243,1.641755,40
415,1.706192,1.746813,1.86857,2.164786,6.670906,2.711138,6.746474,2.525296,6.648052,1.951949,1.653814,1.600983,1.601071,1.60549,1.576968,20
416,1.582367,1.621314,1.769698,2.052449,6.382085,2.59736,6.331595,2.406123,6.299728,1.903248,1.533841,1.514113,1.50447,1.507315,1.477646,30
417,1.708308,1.751643,1.861909,2.212261,6.666822,2.861425,6.694144,2.58516,6.604965,2.063026,1.652512,1.602825,1.597566,1.586353,1.572916,40
418,1.632828,1.698651,1.814785,2.064353,6.215084,2.628573,6.323946,2.342895,6.305844,1.910537,1.570078,1.551456,1.549516,1.545557,1.531479,40
419,1.709593,1.756061,1.938457,2.14564,6.817044,2.766084,6.694566,2.453178,6.716028,1.972467,1.623356,1.606051,1.587629,1.587481,1.551646,40
420,1.756355,1.796759,1.954006,2.264293,6.926374,3.069745,6.956954,2.654881,6.867488,2.12332,1.698936,1.670133,1.660819,1.662034,1.633834,30
421,1.637904,1.727,1.830479,2.096875,6.25856,2.750659,6.270548,2.382857,6.258404,1.947638,1.579327,1.558891,1.551376,1.551376,1.529703,30
422,1.665469,1.771357,1.866599,2.167883,6.453391,2.767843,6.455467,2.386317,6.462965,1.974877,1.641432,1.591536,1.586587,1.582404,1.558451,40
423,1.617178,1.66598,1.825566,2.067586,6.442881,2.723143,6.464487,2.267592,6.383428,1.890212,1.590144,1.570963,1.565008,1.555373,1.535689,40
424,1.81673,1.880157,2.054163,2.319435,6.888452,3.071082,6.927419,2.628497,6.90534,2.140517,1.750757,1.701823,1.698654,1.706406,1.662243,30
425,1.806268,1.847391,1.985157,2.255387,6.9541,2.833796,6.942696,2.583898,6.954267,2.078497,1.712514,1.663917,1.669152,1.66862,1.633831,20
426,1.654665,1.730587,1.888736,2.097037,6.419416,2.825392,6.495495,2.414446,6.399634,1.948398,1.60457,1.565021,1.563431,1.559277,1.538887,40
427,1.749004,1.809769,1.970763,2.214207,6.848458,2.85198,6.808244,2.680813,6.799895,2.127564,1.717936,1.693603,1.676709,1.676709,1.661335,30
428,1.614667,1.682348,1.829912,2.153362,6.411936,2.757146,6.46965,2.450057,6.431961,1.947999,1.595549,1.561334,1.559603,1.55467,1.530086,40
429,1.692305,1.748967,1.874084,2.279582,6.674479,2.854376,6.685938,2.583101,6.65451,2.056659,1.617214,1.606954,1.58831,1.593137,1.572888,30
430,1.6245,1.711389,1.822499,2.071401,6.4451,2.660512,6.54622,2.47002,6.525398,1.918223,1.579129,1.526887,1.516574,1.514085,1.50135,40
431,1.604904,1.655614,1.851345,2.104771,6.349333,2.672124,6.334665,2.422747,6.333986,1.834994,1.541458,1.52275,1.519913,1.512478,1.495495,40
432,1.630196,1.692929,1.741461,2.014712,6.31848,2.6171,6.38124,2.359267,6.312891,1.905271,1.556838,1.540828,1.539632,1.542676,1.512541,30
433,1.67724,1.75796,1.991694,2.219626,6.526043,2.808728,6.546078,2.296385,6.529692,1.877453,1.575403,1.529305,1.535265,1.537783,1.512912,20
434,1.78382,1.818063,2.002238,2.28777,7.039121,2.97924,7.007318,2.699497,7.036549,2.158411,1.723503,1.701556,1.704206,1.693991,1.647154,40
435,1.741727,1.796507,1.934292,2.234399,7.00649,2.929178,7.092872,2.609987,6.929998,2.10942,1.72318,1.675972,1.677954,1.680813,1.661585,20
436,1.600144,1.654232,1.726472,2.020937,6.575879,2.797259,6.582593,2.355892,6.582705,1.880812,1.548533,1.535306,1.525259,1.528792,1.494331,30
437,1.734024,1.780348,1.9265,2.225443,6.824277,2.925669,6.920009,2.577389,6.813739,2.040784,1.658828,1.62533,1.636185,1.629436,1.600884,20
438,1.645146,1.723744,1.807513,2.161877,6.357758,2.743189,6.416663,2.303047,6.358374,1.954617,1.583111,1.541588,1.530622,1.530588,1.510866,40
439,1.612822,1.659428,1.789454,2.073029,6.440258,2.665624,6.469593,2.520837,6.395006,2.006085,1.590866,1.560963,1.558654,1.557576,1.531809,40
440,1.558124,1.614311,1.76127,1.939121,6.251839,2.562656,6.395006,2.235707,6.276994,1.853111,1.510301,1.493245,1.482494,1.479302,1.455753,40
441,1.699767,1.77149,1.944554,2.189173,6.63088,2.776288,6.692246,2.550564,6.560324,1.99978,1.647026,1.624446,1.623013,1.625725,1.592135,30
442,1.790726,1.841794,1.949955,2.221941,6.662984,3.021408,6.733359,2.548676,6.697363,1.978619,1.746312,1.693666,1.693841,1.690432,1.650075,40
443,1.786213,1.870917,1.960893,2.281257,6.729579,2.925286,6.793331,2.731146,6.749778,2.187032,1.741613,1.690409,1.696895,1.696996,1.656245,20
444,1.683069,1.755236,1.90727,2.194574,6.713148,2.85508,6.783438,2.494182,6.695293,2.061194,1.6414,1.623917,1.623397,1.620993,1.592873,40
445,1.731131,1.764156,1.898354,2.289561,6.583214,2.921199,6.567352,2.475632,6.502389,1.946515,1.64831,1.622978,1.623908,1.616593,1.587202,40
446,1.709365,1.788674,1.942566,2.186294,6.57909,2.944999,6.583282,2.548444,6.627362,1.995676,1.646414,1.613161,1.607754,1.601662,1.561338,40
447,1.586901,1.655094,1.738647,2.004305,6.266651,2.682548,6.265362,2.293987,6.220489,1.91602,1.529156,1.49453,1.493245,1.493245,1.480435,30
448,1.776216,1.836242,1.933867,2.254266,6.634,2.757635,6.697484,2.560529,6.600674,2.017639,1.705587,1.661209,1.654599,1.651082,1.631474,40
449,1.763828,1.87765,2.002498,2.30929,6.807625,3.062241,6.849194,2.568088,6.831333,2.118944,1.710539,1.698454,1.701512,1.694624,1.663602,40
450,1.681604,1.699311,1.903216,2.259105,6.55739,2.959021,6.662288,2.578993,6.597076,2.055133,1.670776,1.619114,1.611239,1.614985,1.595942,30
451,1.68312,1.779289,1.885791,2.088792,6.300716,2.74533,6.345639,2.441525,6.382821,1.986397,1.614022,1.583843,1.584268,1.584615,1.570134,20
452,1.680067,1.772562,1.886809,2.126081,6.585348,2.706447,6.613714,2.438298,6.530366,1.969458,1.615888,1.58681,1.587886,1.586604,1.56645,40
453,1.708059,1.807797,1.872374,2.103079,6.820174,2.856769,6.81414,2.486789,6.824598,1.978621,1.65236,1.64671,1.629658,1.634081,1.612776,30
454,1.666217,1.764068,1.937806,2.191173,6.300318,2.926556,6.367072,2.446843,6.366922,1.923126,1.591111,1.585107,1.575506,1.5685,1.540252,40
455,1.704021,1.835927,1.965487,2.199876,6.581508,2.820261,6.635816,2.533216,6.588404,2.067061,1.640334,1.588229,1.591576,1.589337,1.567642,20
456,1.720808,1.84621,2.059693,2.408342,6.618988,3.214277,6.733097,2.583994,6.647572,2.084471,1.685787,1.65923,1.664305,1.669382,1.635059,20
457,1.619791,1.655338,1.779945,2.094737,6.497176,2.671258,6.497914,2.392583,6.473612,1.878907,1.6009,1.55288,1.55549,1.556462,1.542979,20
458,1.683928,1.738661,1.879777,2.069142,6.543547,2.848053,6.588539,2.408285,6.616391,1.954946,1.611045,1.591307,1.604521,1.598004,1.568158,20
459,1.723015,1.77916,1.878633,2.280475,6.8026,2.970639,6.849692,2.627272,6.784133,2.030666,1.66786,1.639081,1.636447,1.638389,1.608661,30
460,1.712777,1.80605,1.939254,2.217594,6.472216,2.837522,6.480414,2.488614,6.43625,1.982947,1.649972,1.606185,1.593738,1.591197,1.567643,40
461,1.66523,1.711279,1.850109,2.094599,6.79524,2.708679,6.816094,2.504615,6.793962,2.008255,1.635242,1.584851,1.599215,1.59342,1.552565,20
462,1.646298,1.692821,1.816536,2.13822,6.669981,2.805386,6.786932,2.553557,6.649384,1.993224,1.590969,1.547855,1.559974,1.56411,1.511752,20
463,1.638689,1.736193,1.821498,2.080967,6.506702,2.814212,6.559716,2.429412,6.515813,1.868061,1.625258,1.570298,1.569921,1.559977,1.541915,40
464,1.711595,1.839007,1.974403,2.183467,6.860026,2.868141,6.932605,2.636007,6.844395,2.080507,1.70109,1.655977,1.662176,1.661519,1.639615,20
465,1.721001,1.768867,1.930364,2.175382,6.514606,2.900479,6.546649,2.491334,6.485984,2.010692,1.626831,1.618227,1.620226,1.608906,1.580245,40
466,1.660334,1.703637,1.860131,2.104741,6.365482,2.734289,6.411163,2.476199,6.304844,1.958483,1.623165,1.594035,1.576669,1.576597,1.558656,40
467,1.643924,1.695577,1.797215,2.065167,6.338016,2.722377,6.368009,2.411385,6.296352,1.89962,1.567675,1.545193,1.539913,1.530413,1.507451,40
468,1.578401,1.631893,1.720195,1.966155,6.105118,2.564357,6.105373,2.223526,6.115462,1.782161,1.539843,1.517472,1.508942,1.508942,1.49571,30
469,1.735429,1.777584,1.971257,2.21305,6.776723,3.008283,6.808095,2.448292,6.692528,2.003156,1.66351,1.648026,1.641153,1.622494,1.597699,40
470,1.750269,1.829847,2.080317,2.278729,6.849677,2.902802,6.877061,2.55454,6.785509,2.15135,1.735607,1.69964,1.69368,1.692052,1.665814,40
471,1.615532,1.672085,1.804042,2.043136,6.225587,2.613678,6.218982,2.418039,6.164272,1.947212,1.574401,1.549842,1.55173,1.541701,1.53077,40
472,1.735307,1.794553,1.956464,2.218387,6.648279,2.863507,6.630293,2.504773,6.617272,2.100897,1.652925,1.613186,1.611628,1.609988,1.581752,40
473,1.65023,1.735691,1.878067,2.174313,6.614932,2.845473,6.65339,2.441122,6.615671,2.038366,1.581535,1.557083,1.563173,1.557947,1.544698,20
474,1.709325,1.872251,1.950294,2.273004,6.678377,3.226172,6.762307,2.570151,6.655019,2.063964,1.633071,1.607089,1.606724,1.608148,1.568714,30
475,1.735667,1.82612,2.007912,2.201386,6.71767,2.879598,6.754259,2.591521,6.708359,2.025054,1.695069,1.672664,1.66866,1.670489,1.641532,30
476,1.549118,1.620764,1.736705,1.981618,6.314949,2.564371,6.291791,2.320453,6.256517,1.85822,1.541336,1.501847,1.498095,1.499088,1.475993,30
477,1.610975,1.69051,1.828017,2.090067,6.559601,2.754229,6.569802,2.417379,6.435604,1.970279,1.593842,1.552992,1.549388,1.545679,1.522687,40
478,1.651109,1.71912,1.865359,2.114728,6.711076,2.786924,6.720729,2.440863,6.676937,1.932178,1.624037,1.606312,1.602282,1.594018,1.561741,40
479,1.745775,1.817781,1.957635,2.268486,6.729892,2.972031,6.754678,2.539184,6.638887,1.997501,1.661761,1.642984,1.644216,1.629363,1.597845,40
480,1.782035,1.845068,1.953526,2.268793,6.940576,3.081639,7.050693,2.764281,7.010889,2.157672,1.721559,1.700875,1.691788,1.702977,1.660064,30
481,1.672824,1.760292,1.844763,2.10499,6.255582,2.720832,6.330444,2.422792,6.250966,1.964368,1.620963,1.597174,1.593161,1.592212,1.57366,40
482,1.629537,1.674494,1.79116,2.06796,6.432084,2.687665,6.447483,2.242598,6.444601,1.913831,1.591661,1.538958,1.541542,1.542849,1.520101,20
483,1.705729,1.75832,2.021134,2.382705,6.787698,2.907391,6.810542,2.568863,6.662148,2.081027,1.673932,1.641091,1.650643,1.645998,1.601062,20
484,1.659663,1.729114,1.825779,2.063538,6.224128,2.868121,6.312267,2.391479,6.281882,1.951215,1.559319,1.549612,1.541986,1.535794,1.526479,40
485,1.805601,1.852827,1.998103,2.136508,6.548485,2.779788,6.74474,2.697807,6.703772,2.103233,1.716913,1.688961,1.694137,1.691777,1.668399,20
486,1.655773,1.721005,1.899873,2.176197,6.428335,2.861506,6.508505,2.42544,6.42415,1.955685,1.622535,1.588541,1.585527,1.583597,1.558686,40
487,1.628287,1.682149,1.800293,2.146181,6.542168,2.8438,6.60861,2.524582,6.518403,1.937972,1.595496,1.568165,1.559769,1.570927,1.533669,30
488,1.629019,1.634599,1.766044,2.103746,6.535985,2.707704,6.506294,2.351102,6.5264,1.956361,1.588901,1.555395,1.547806,1.551221,1.531913,30
489,1.600741,1.691375,1.823547,2.115968,6.222862,2.715244,6.251411,2.253453,6.195285,1.822421,1.534861,1.515174,1.502883,1.505608,1.488828,30
490,1.537364,1.612923,1.733016,1.895538,6.167513,2.647584,6.260132,2.214377,6.113082,1.790486,1.429025,1.42307,1.42307,1.426253,1.399188,20
491,1.694151,1.735417,1.840739,2.20636,6.809525,2.949943,6.856354,2.476292,6.789768,1.980652,1.663453,1.611551,1.606673,1.609413,1.575839,30
492,1.687439,1.732768,1.926414,2.170386,6.742827,2.877012,6.799083,2.454136,6.679898,1.977586,1.617155,1.585331,1.591179,1.588544,1.562514,20
493,1.716101,1.822143,1.994562,2.236025,6.440532,2.819616,6.480658,2.433441,6.419981,2.02722,1.672002,1.625325,1.626689,1.623614,1.586338,40
494,1.805777,1.847213,1.950566,2.259102,6.913956,2.901034,6.945565,2.672858,6.885204,2.142691,1.786105,1.737875,1.73013,1.72712,1.696682,40
495,1.664056,1.759671,1.912858,2.219149,6.303724,2.80233,6.298544,2.524605,6.261863,2.009414,1.630347,1.599394,1.597981,1.590623,1.577092,40
496,1.682918,1.743482,1.896903,2.160692,6.464002,2.847568,6.531072,2.52562,6.536698,2.037597,1.657032,1.597551,1.592088,1.596916,1.577881,30
497,1.759912,1.809682,1.914523,2.277445,6.545098,2.924209,6.613345,2.499937,6.516498,2.041852,1.66751,1.635154,1.630435,1.619515,1.601398,40
498,1.663083,1.689246,1.829004,2.094606,6.447963,2.609956,6.455754,2.39799,6.443486,1.853956,1.581158,1.556366,1.548006,1.549193,1.5232,30
499,1.639397,1.726035,1.894694,2.136533,6.413639,2.772795,6.491248,2.485174,6.364798,1.937435,1.620376,1.585872,1.578678,1.573321,1.546471,40
500,1.601306,1.668992,1.801456,2.084727,6.436808,2.809656,6.468686,2.260938,6.464018,1.858385,1.556882,1.535147,1.529903,1.536548,1.501503,30
501,1.640343,1.697392,1.853982,2.164589,6.128769,2.809405,6.338364,2.45843,6.284306,1.998782,1.612338,1.575177,1.580357,1.577086,1.551894,20
502,1.76697,1.851375,2.041884,2.237741,6.849024,2.855697,6.867528,2.55974,6.923877,2.086255,1.68892,1.674398,1.672379,1.683801,1.648867,30
503,1.68017,1.73785,1.86677,2.124729,6.599952,2.777035,6.642674,2.474166,6.644025,1.944671,1.613691,1.589278,1.586821,1.582332,1.561784,40
504,1.736147,1.818861,1.946186,2.275651,6.805553,2.935664,6.817383,2.68936,6.694642,2.077099,1.666032,1.646988,1.633593,1.638923,1.599695,30
505,1.683453,1.754749,1.960294,2.223217,6.613579,2.844921,6.636394,2.564275,6.63216,2.064068,1.652679,1.618876,1.602187,1.603274,1.583736,30
506,1.692662,1.755633,1.941368,2.269275,6.692108,3.029505,6.739838,2.495852,6.585728,1.973363,1.623494,1.600798,1.606828,1.606247,1.559069,20
507,1.677885,1.731858,1.889471,2.116281,6.368471,2.79018,6.476903,2.465428,6.431402,1.953045,1.6561,1.596042,1.601534,1.59344,1.574687,40
508,1.730944,1.791572,1.949099,2.205782,6.581916,2.86602,6.587775,2.536712,6.53415,2.025394,1.702603,1.653064,1.65191,1.649233,1.627834,40
509,1.625227,1.680924,1.762747,2.073526,6.468266,2.749113,6.479708,2.414882,6.485254,1.938635,1.583969,1.540677,1.5322,1.532126,1.506905,40
510,1.702868,1.769845,1.872572,2.124386,6.447709,2.831674,6.479717,2.501299,6.411026,2.029903,1.663422,1.633523,1.621352,1.618397,1.596883,40
511,1.670829,1.724471,1.831647,2.117329,6.460205,2.838928,6.485716,2.537563,6.418364,1.992131,1.620057,1.603894,1.595802,1.590203,1.57478,40
512,1.706808,1.759121,1.878505,2.244618,6.889022,3.089222,6.849365,2.532144,6.788582,1.960786,1.623885,1.588229,1.584213,1.574613,1.520897,40
513,1.703672,1.776771,1.930373,2.216966,6.660509,2.836532,6.760429,2.543362,6.736285,2.02969,1.650724,1.621781,1.608287,1.605296,1.583336,40
514,1.72968,1.806858,1.918068,2.173808,6.797042,2.787292,6.84809,2.528831,6.849218,2.06267,1.70321,1.672835,1.667756,1.669967,1.649509,30
515,1.681439,1.735811,1.84908,2.153641,6.290094,2.823003,6.348442,2.369298,6.371392,1.894767,1.627095,1.586909,1.572841,1.570533,1.542851,40
516,1.724528,1.787471,1.913244,2.152683,6.593868,2.798849,6.630112,2.515282,6.621694,2.063725,1.661789,1.644182,1.639919,1.630262,1.612682,40
517,1.699999,1.76038,1.911216,2.148462,6.263868,2.958128,6.348854,2.536832,6.340052,1.970016,1.650738,1.618058,1.607545,1.60467,1.581328,40
518,1.703024,1.734512,1.816024,2.128809,6.627232,2.792777,6.755042,2.534746,6.726032,1.954031,1.655755,1.620592,1.619651,1.625208,1.586758,30
519,1.62857,1.70372,1.817746,2.082939,6.277672,2.689507,6.3261,2.283287,6.206334,1.889729,1.58227,1.555719,1.551906,1.549857,1.530503,40
520,1.741841,1.818014,1.918717,2.176628,6.47726,2.950476,6.495828,2.454591,6.460034,2.012688,1.675916,1.623341,1.623132,1.617647,1.581057,40
521,1.73246,1.815369,1.902682,2.27461,6.80062,2.962887,6.916295,2.603447,6.835117,2.02808,1.665074,1.632974,1.63685,1.628915,1.598396,40
522,1.729986,1.797313,1.922885,2.14335,6.660228,2.983234,6.771424,2.540278,6.63371,2.05734,1.69571,1.651213,1.641851,1.650044,1.621512,30
523,1.626936,1.680982,1.809336,2.089305,6.500501,2.83814,6.606295,2.343647,6.558878,1.924804,1.5688,1.53944,1.540363,1.526651,1.511176,40
524,1.725635,1.829036,1.97267,2.236781,6.841545,2.905877,6.838405,2.535525,6.776129,2.060801,1.647938,1.619444,1.618502,1.615482,1.587381,40
525,1.660735,1.698824,1.862379,2.123916,6.559919,2.641277,6.543541,2.458785,6.477494,1.939312,1.606207,1.584855,1.57898,1.583061,1.544936,30
526,1.650503,1.700106,1.842396,2.155916,6.456937,2.792556,6.500128,2.377459,6.396429,1.92284,1.602452,1.565517,1.557156,1.557525,1.530751,30
527,1.75167,1.83722,1.987187,2.288083,6.828159,2.995065,7.015423,2.617354,6.977804,2.100524,1.694176,1.668018,1.651786,1.654667,1.630319,30
528,1.764436,1.841674,1.943112,2.253185,6.686018,2.819686,6.756841,2.510137,6.70899,2.055928,1.680805,1.659033,1.657488,1.655896,1.629083,40
529,1.743274,1.77693,1.875728,2.224083,6.624597,2.938768,6.645888,2.506491,6.559231,1.977435,1.695013,1.649985,1.647099,1.651077,1.612961,30
530,1.723347,1.82209,1.963972,2.246376,6.792904,3.096758,6.803176,2.583704,6.785363,2.154774,1.734009,1.673576,1.683263,1.665071,1.637887,40
531,1.750892,1.812977,1.936459,2.167145,6.879288,3.006202,6.947316,2.646635,6.858606,2.109,1.693624,1.67174,1.669801,1.665015,1.647365,40
532,1.708507,1.778031,1.884317,2.224427,7.007477,2.995355,7.008656,2.58131,6.957515,1.91813,1.666629,1.627559,1.631285,1.625739,1.598539,40
533,1.644002,1.730058,1.818408,2.083058,6.380142,2.703672,6.36441,2.400049,6.400658,1.924994,1.6135,1.571551,1.564849,1.567057,1.54097,30
534,1.664124,1.735851,1.845019,2.146625,6.424876,2.641348,6.469292,2.401642,6.359802,1.87879,1.609145,1.55421,1.556536,1.556947,1.537974,20
535,1.732164,1.791678,1.912744,2.164098,6.726542,2.92624,6.797693,2.528295,6.6543,2.042905,1.680643,1.653386,1.651221,1.648933,1.627727,40
536,1.699845,1.752666,1.910424,2.180743,6.533079,2.814562,6.610579,2.491984,6.54631,1.942737,1.613443,1.595002,1.592591,1.5955,1.559863,30
537,1.826733,1.906858,2.024448,2.362853,7.132724,3.131183,7.135365,2.753794,7.09745,2.139924,1.761989,1.708149,1.702531,1.692279,1.662544,40
538,1.65543,1.715262,1.773037,2.084967,6.58534,2.734597,6.69505,2.455888,6.593569,1.947487,1.64491,1.60323,1.600742,1.601832,1.57549,30
539,1.701461,1.794413,1.942407,2.166742,6.578953,2.703206,6.683279,2.467809,6.605824,1.914285,1.616078,1.598926,1.587067,1.590452,1.56631,30
540,1.605364,1.680616,1.792533,1.965723,6.122367,2.786742,6.17356,2.330083,6.123725,1.887667,1.537613,1.506267,1.505825,1.501504,1.482576,40
541,1.743336,1.82378,1.976163,2.21461,7.001914,3.045133,7.017689,2.684845,6.926596,2.110472,1.707707,1.652164,1.65201,1.648442,1.623116,40
542,1.702812,1.755818,1.845135,2.221179,6.767402,2.977718,6.78437,2.495,6.693322,2.072204,1.692891,1.650218,1.639405,1.638364,1.618722,40
543,1.672495,1.726979,1.935709,2.312982,6.656629,3.03232,6.680469,2.436945,6.588876,1.948351,1.623768,1.604725,1.597848,1.598762,1.572996,30
544,1.675763,1.74648,1.876359,2.190186,6.639611,2.820322,6.64962,2.59885,6.620007,1.938508,1.634889,1.593904,1.591537,1.584875,1.562376,40
545,1.751766,1.800303,1.895079,2.223432,6.591544,2.840673,6.603507,2.457693,6.634854,2.02201,1.726079,1.689547,1.684169,1.677852,1.667275,40
546,1.645735,1.725687,1.867932,2.153114,6.176861,2.817676,6.151232,2.497968,6.16434,1.906637,1.612922,1.591878,1.587318,1.58311,1.550372,40
547,1.673687,1.738834,1.855865,2.089423,6.221674,2.666554,6.319379,2.465968,6.140536,2.006996,1.625368,1.580631,1.574326,1.576776,1.563426,30
548,1.622364,1.681217,1.830122,2.10963,6.435255,2.821856,6.516164,2.444906,6.46955,1.936901,1.558701,1.537987,1.528297,1.527864,1.503853,40
549,1.895268,1.984974,2.184063,2.510864,7.328596,3.332765,7.34139,2.783862,7.274946,2.296259,1.880196,1.802841,1.802732,1.812006,1.762197,30
550,1.771416,1.887691,2.097977,2.373007,6.993903,3.113556,7.027017,2.639609,6.877948,2.129373,1.730493,1.692224,1.692747,1.693234,1.667632,20
551,1.54888,1.588526,1.698529,1.880478,6.330665,2.573859,6.310268,2.346421,6.252116,1.856722,1.527601,1.501396,1.49864,1.496999,1.471109,40
552,1.768454,1.868061,1.918513,2.103609,6.411308,2.799428,6.427606,2.747303,6.413251,2.074562,1.721418,1.677308,1.682314,1.67834,1.650605,20
553,1.690391,1.737764,1.852976,2.1117,6.498763,2.847181,6.541196,2.376252,6.477886,1.940132,1.619151,1.572238,1.573551,1.570454,1.54817,40
554,1.588165,1.632657,1.781245,2.077728,6.449442,2.74083,6.464729,2.36387,6.427364,1.910155,1.581231,1.545644,1.542959,1.537848,1.517554,40
555,1.741415,1.80834,1.893602,2.101539,6.830393,2.861768,6.852458,2.451741,6.823267,2.052996,1.69808,1.644117,1.647417,1.644294,1.619761,20
556,1.65304,1.743616,1.874074,2.120472,6.626696,2.835812,6.672342,2.444511,6.550786,1.978678,1.614742,1.579368,1.572789,1.579615,1.560153,30
557,1.675728,1.748445,1.894183,2.181846,6.753778,2.839122,6.715098,2.494438,6.773984,1.989967,1.631917,1.597824,1.601571,1.6029,1.57643,20
558,1.76514,1.824376,1.937791,2.240832,6.785216,3.008609,6.867637,2.537522,6.851214,2.080246,1.677497,1.661472,1.65529,1.65762,1.629522,30
559,1.621602,1.692808,1.794471,2.102505,6.395938,2.623198,6.422178,2.353637,6.325384,1.892068,1.538602,1.512865,1.516918,1.513205,1.487654,20
560,1.711875,1.776053,1.942064,2.213691,6.717858,2.851137,6.736973,2.469835,6.724803,1.97635,1.673448,1.612242,1.613928,1.607631,1.588058,40
561,1.652807,1.727514,1.813561,1.988591,6.589677,2.811501,6.654968,2.458786,6.629875,1.921927,1.591137,1.576406,1.584722,1.5791,1.54001,20
562,1.719216,1.814313,1.89888,2.181206,6.312581,2.761166,6.331488,2.418228,6.254336,2.02638,1.64342,1.611313,1.609431,1.608122,1.576004,40
563,1.749326,1.806412,1.891457,2.220746,6.765606,3.133543,6.836066,2.650501,6.757537,2.05784,1.686424,1.645317,1.637206,1.642055,1.624142,30
564,1.643971,1.72376,1.883002,2.065928,6.335529,2.605211,6.364669,2.41187,6.326034,1.966584,1.601303,1.573196,1.573637,1.579217,1.556183,20
565,1.839462,1.915857,2.083458,2.32463,6.715272,3.059248,6.759475,2.677028,6.660745,2.174148,1.777586,1.748843,1.726293,1.729817,1.692843,30
566,1.582824,1.67395,1.80791,1.999521,6.435277,2.838304,6.446704,2.326987,6.345587,1.81654,1.570899,1.520827,1.513312,1.510766,1.492022,40
567,1.695383,1.814198,1.963377,2.232892,6.726539,2.992821,6.7677,2.505712,6.648654,2.126184,1.682211,1.632529,1.638021,1.633339,1.599004,20
568,1.914791,1.947955,2.063401,2.487804,7.220479,3.338294,7.328268,2.853205,7.332174,2.290298,1.852335,1.796801,1.790539,1.795498,1.75163,30
569,1.775977,1.826499,1.954263,2.229568,6.693166,2.874956,6.707203,2.555157,6.654097,2.0868,1.699829,1.658267,1.658803,1.656455,1.627089,40
570,1.729193,1.814518,1.944699,2.298022,6.781755,2.961889,6.816048,2.542577,6.738214,1.995699,1.661781,1.606689,1.614594,1.596856,1.568215,40
571,1.666769,1.717329,1.821949,2.077071,6.65858,2.742713,6.673293,2.445618,6.633171,1.956494,1.643612,1.596995,1.601022,1.600805,1.553513,20
572,1.699165,1.799431,1.902428,2.147343,6.619026,2.844431,6.611686,2.41627,6.55942,1.986072,1.639561,1.605241,1.602657,1.60382,1.582193,30
573,1.732903,1.785421,1.941228,2.190612,6.480205,3.093998,6.497511,2.53044,6.521716,2.057129,1.628367,1.611901,1.618809,1.622455,1.574519,20
574,1.69261,1.759883,1.858692,2.045802,6.394955,2.779277,6.487503,2.595438,6.420017,2.036848,1.621939,1.591156,1.590451,1.581195,1.561462,40
575,1.742633,1.787064,1.931977,2.249944,6.729164,3.033838,6.913775,2.580841,6.934308,2.087415,1.713029,1.66874,1.644515,1.648719,1.630959,30
576,1.691853,1.754317,1.854141,2.159571,6.42908,2.849932,6.4455,2.549295,6.399131,2.063655,1.636429,1.604748,1.604411,1.613795,1.58675,30
577,1.66329,1.753841,1.924766,2.205129,6.613125,2.772783,6.595207,2.567623,6.558739,2.029073,1.663215,1.625058,1.621638,1.616927,1.58397,40
578,1.661754,1.715855,1.82843,2.074048,6.462237,2.956812,6.487676,2.511185,6.431168,1.9255,1.655623,1.613064,1.607145,1.609433,1.596607,30
579,1.680489,1.753056,1.829058,2.113981,6.39198,2.687042,6.475911,2.453236,6.340106,1.921121,1.651161,1.585657,1.587188,1.58739,1.558039,20
580,1.63962,1.690938,1.816765,2.055833,6.119435,2.628901,6.317652,2.398954,6.233966,1.884785,1.59519,1.554555,1.552065,1.547123,1.532844,40
581,1.772641,1.819585,1.972675,2.27299,6.737252,3.036587,6.832342,2.633669,6.752019,2.108418,1.698007,1.657129,1.652694,1.655974,1.633052,30
582,1.658192,1.704025,1.838928,2.091457,6.635955,2.780477,6.696808,2.48559,6.699109,2.055783,1.59128,1.565812,1.55919,1.556565,1.521557,40
583,1.709776,1.781391,1.902296,2.149846,6.49701,2.758532,6.658444,2.451071,6.654811,1.967507,1.667637,1.619697,1.618497,1.611243,1.588446,40
584,1.616288,1.769484,1.95752,2.195471,6.648493,2.755847,6.686945,2.488013,6.662818,2.001295,1.59031,1.560386,1.546064,1.54368,1.519846,40
585,1.721083,1.752197,1.880322,2.131911,6.766823,2.645778,6.814489,2.563889,6.674238,2.026279,1.633045,1.615616,1.605056,1.600326,1.583111,40
586,1.688224,1.726765,1.874757,2.138353,6.542046,2.926546,6.556718,2.469862,6.565614,1.953024,1.651722,1.591422,1.592688,1.581104,1.551566,40
587,1.732334,1.781218,1.98248,2.275865,6.69025,2.942567,6.70947,2.664246,6.699166,2.025639,1.663575,1.635163,1.636197,1.634704,1.622287,40
588,1.686541,1.73476,1.889477,2.135296,6.638914,2.795675,6.655668,2.551707,6.622494,1.96335,1.637923,1.59614,1.599939,1.590705,1.565099,40
589,1.702535,1.748668,1.926607,2.240291,6.620614,2.879006,6.704696,2.396002,6.575775,1.905933,1.617378,1.589973,1.585621,1.585621,1.55114,40
590,1.634727,1.704522,1.823312,2.069858,6.818761,2.908435,6.824694,2.325252,6.765591,1.927167,1.611066,1.582404,1.587556,1.578611,1.54445,40
591,1.641435,1.700716,1.854204,2.099874,6.326426,2.690884,6.353334,2.317899,6.34743,1.908793,1.580449,1.537488,1.534651,1.532379,1.512479,40
592,1.625637,1.699024,1.818539,2.138187,6.508109,2.74649,6.56876,2.390851,6.493114,1.894289,1.554722,1.52829,1.523025,1.522738,1.515699,40
593,1.751388,1.802161,1.93929,2.20985,6.717819,2.948101,6.79116,2.622249,6.715636,2.104476,1.695918,1.662447,1.647759,1.657386,1.626647,30
594,1.661193,1.745833,1.811569,2.091939,6.417282,2.714051,6.454588,2.441461,6.40042,1.968679,1.61861,1.596457,1.598099,1.586574,1.559604,40
595,1.668623,1.755033,1.864488,2.035485,6.42615,2.828855,6.440546,2.479232,6.453346,1.958878,1.608973,1.594822,1.593934,1.592608,1.569424,40
596,1.632515,1.693103,1.805589,2.043438,6.214944,2.605637,6.255866,2.351566,6.240424,1.901,1.570714,1.536864,1.532333,1.531051,1.4978,40
597,1.648955,1.711716,1.831705,2.086086,6.392882,2.792649,6.40995,2.380898,6.380164,1.844108,1.557294,1.517613,1.520522,1.520522,1.495854,20
598,1.73053,1.790957,1.968354,2.227776,6.682911,2.926621,6.77518,2.546463,6.678572,2.006154,1.670171,1.644057,1.652531,1.646805,1.62937,20
599,1.63666,1.709123,1.895969,2.133902,6.270412,2.716611,6.356701,2.459219,6.317207,1.945152,1.600042,1.577227,1.570906,1.572957,1.550722,30
600,1.764195,1.81166,1.966322,2.21137,6.805283,2.884016,6.79233,2.580691,6.721892,2.108499,1.681871,1.666501,1.658328,1.658328,1.644919,30
601,1.648265,1.714124,1.860486,2.082002,6.567864,2.703789,6.592018,2.432566,6.625924,2.029042,1.590947,1.533736,1.533282,1.524517,1.498401,40
602,1.781978,1.835814,1.963673,2.262527,6.923184,3.034758,6.994976,2.577748,6.820663,2.106887,1.735487,1.689616,1.683131,1.682926,1.661051,40
603,1.688754,1.778542,1.857082,2.210986,6.516064,2.848975,6.808238,2.574014,6.702912,2.016991,1.646666,1.617069,1.612323,1.61658,1.582823,30
604,1.823968,1.852683,2.045948,2.330362,7.134757,3.019116,7.153591,2.698242,7.067872,2.165826,1.777286,1.753504,1.75262,1.737403,1.715317,40
605,1.640335,1.700421,1.887223,2.141287,6.462647,2.786817,6.517118,2.425725,6.468708,1.969361,1.577382,1.544354,1.530701,1.530701,1.510219,30
606,1.637992,1.713754,1.829769,2.156098,6.595314,2.835729,6.659306,2.448749,6.589646,1.936371,1.639189,1.575834,1.587378,1.582996,1.542583,20
607,1.665207,1.735564,1.868231,2.129567,6.257457,2.613703,6.34584,2.521221,6.257749,2.007817,1.63971,1.60114,1.59963,1.60055,1.574459,30
608,1.582244,1.622223,1.817644,2.063725,6.486501,2.797097,6.462051,2.343984,6.39612,1.877071,1.555573,1.535226,1.518242,1.525042,1.488767,30
609,1.610817,1.698273,1.836745,2.080646,6.096822,2.72861,6.11326,2.265179,6.068323,1.9213,1.523863,1.496797,1.48992,1.485155,1.465209,40
610,1.665745,1.76586,1.906144,2.172758,6.526209,2.737451,6.512604,2.570155,6.441779,2.068232,1.665494,1.624982,1.618026,1.617531,1.575411,40
611,1.685418,1.762346,1.870573,2.147035,6.576495,2.887131,6.549328,2.478809,6.466728,1.953611,1.62178,1.605415,1.600878,1.592946,1.57424,40
612,1.712583,1.834772,1.955387,2.19705,6.640176,2.877221,6.71669,2.484082,6.573416,2.022945,1.631107,1.602242,1.595298,1.594963,1.57512,40
613,1.642193,1.683131,1.836269,2.188855,6.471434,2.799776,6.590867,2.500093,6.468181,1.969603,1.621963,1.590642,1.590691,1.589971,1.563505,40
614,1.648063,1.682105,1.834983,2.208063,6.446191,2.950322,6.484747,2.49781,6.359736,2.00006,1.612064,1.603298,1.606112,1.588574,1.563511,40
615,1.667536,1.73448,1.870942,2.09697,6.764923,2.865686,6.756982,2.421884,6.665992,1.982904,1.608525,1.560752,1.56646,1.571525,1.52512,20
616,1.68264,1.76074,1.899828,2.182138,6.822943,3.087044,6.873623,2.515064,6.891962,1.969453,1.647685,1.598077,1.601628,1.598579,1.58256,20
617,1.68945,1.736407,1.821631,2.150328,6.459383,2.894727,6.493446,2.473566,6.4264,1.969407,1.636132,1.577274,1.573417,1.576056,1.55622,30
618,1.620352,1.653553,1.789328,2.032822,6.19805,2.70881,6.185418,2.413695,6.205958,1.897197,1.580551,1.55814,1.554482,1.553888,1.537428,40
619,1.865301,1.903992,2.022973,2.348543,6.974174,3.131952,7.030537,2.618272,6.995867,2.158665,1.806145,1.751289,1.744649,1.743388,1.723629,40
620,1.759727,1.845777,1.960043,2.250779,6.91378,3.05454,6.887137,2.590596,6.777069,2.052891,1.750983,1.687373,1.6805,1.6805,1.667624,30
621,1.894785,1.960544,2.049624,2.382489,7.221964,3.120807,7.236504,2.698226,7.250542,2.222375,1.802493,1.785945,1.770113,1.773277,1.751944,30
622,1.669025,1.718787,1.820186,2.11373,6.645072,2.578586,6.681534,2.414788,6.628963,1.923781,1.609681,1.581318,1.581082,1.585594,1.551657,30
623,1.704598,1.765186,1.984429,2.217067,6.413182,2.977704,6.484319,2.450436,6.495774,2.023304,1.66405,1.615768,1.613045,1.616592,1.585434,30
624,1.709013,1.742156,1.881108,2.183576,6.66247,2.882861,6.713836,2.412167,6.60747,1.969433,1.640596,1.609689,1.610506,1.601763,1.568813,40
625,1.589314,1.668533,1.772753,2.079755,6.248786,2.553204,6.333052,2.269151,6.181282,1.907462,1.559976,1.53159,1.528144,1.524883,1.503925,40
626,1.76455,1.848307,1.943471,2.210842,6.543313,3.040676,6.86719,2.691435,6.849682,2.083716,1.684892,1.674453,1.654685,1.658636,1.634856,30
627,1.775644,1.84047,1.957313,2.234886,6.681579,2.896719,6.757173,2.67644,6.741122,2.071318,1.733367,1.684464,1.692219,1.678915,1.660525,40
628,1.663201,1.758565,1.914777,2.159108,6.44032,2.880539,6.442708,2.510829,6.398908,2.013948,1.633416,1.586799,1.592935,1.589639,1.552775,20
629,1.613777,1.680136,1.828785,2.031928,6.433756,2.711442,6.483756,2.367957,6.362482,1.875711,1.582192,1.529103,1.522336,1.521372,1.480558,40
630,1.744767,1.820732,1.990186,2.197511,6.716274,2.929621,6.736756,2.60745,6.709768,2.134106,1.718788,1.679594,1.665644,1.665393,1.649287,40
631,1.725606,1.783498,1.875424,2.219301,6.406204,2.919687,6.414027,2.502278,6.370264,2.016662,1.67512,1.642049,1.639839,1.643618,1.612718,30
632,1.675557,1.727186,1.831086,2.195458,6.643316,2.776957,6.681728,2.503441,6.640303,1.957034,1.613112,1.569994,1.567443,1.564987,1.562156,40
633,1.750596,1.754045,1.953037,2.180836,6.726509,2.874099,6.73884,2.540769,6.695795,2.085025,1.708435,1.659784,1.657071,1.656335,1.631504,40
634,1.655332,1.711654,1.789259,2.123202,6.584862,2.853868,6.539576,2.433413,6.52521,1.878584,1.554056,1.538374,1.539053,1.533502,1.50491,40
635,1.753374,1.834751,1.994071,2.372516,6.81941,3.297845,6.829927,2.628919,6.82916,2.063326,1.685592,1.655187,1.651601,1.654381,1.61025,30
636,1.551876,1.606523,1.716987,2.015018,6.371844,2.62595,6.463333,2.271954,6.352419,1.859215,1.503969,1.494945,1.491703,1.491196,1.476383,40
637,1.680559,1.736563,1.854584,2.23029,6.688059,2.918245,6.65472,2.507231,6.623552,2.029004,1.628633,1.598991,1.603824,1.598104,1.567856,40
638,1.711932,1.795148,1.908459,2.197945,6.485976,2.820588,6.518348,2.572098,6.535783,2.07042,1.661326,1.646421,1.649043,1.646698,1.616729,20
639,1.589254,1.69419,1.77169,2.023962,6.367038,2.637477,6.407984,2.331773,6.417434,1.773769,1.513705,1.508071,1.507968,1.507917,1.483974,40
640,1.696928,1.739396,1.888901,2.137967,6.39494,2.683778,6.402898,2.488236,6.349669,2.000693,1.646267,1.608836,1.610479,1.604916,1.59006,40
641,1.584108,1.615851,1.74044,1.936568,6.273468,2.691744,6.315355,2.27858,6.209924,1.857387,1.496681,1.47191,1.47191,1.470349,1.441747,40
642,1.703443,1.740201,1.847013,2.17922,6.760756,2.879733,6.780168,2.392976,6.676616,1.881875,1.630222,1.619708,1.608034,1.605368,1.575033,40
643,1.626232,1.682896,1.802157,2.06063,6.510207,2.771403,6.485431,2.396913,6.517402,1.87705,1.587709,1.569814,1.57026,1.568352,1.541698,40
644,1.766112,1.866655,2.030729,2.448765,6.65345,2.968055,6.638758,2.577008,6.73049,2.068413,1.756591,1.685349,1.674929,1.66939,1.631138,40
645,1.70273,1.756148,1.916408,2.112362,6.747336,2.83549,6.800283,2.625212,6.686001,2.011481,1.628555,1.583487,1.575572,1.575991,1.563899,30
646,1.65926,1.752297,1.87356,2.13871,6.323963,2.817602,6.402116,2.369128,6.254111,1.921879,1.586834,1.554729,1.560223,1.553893,1.528417,40
647,1.626259,1.667924,1.807743,2.03903,6.446205,2.666037,6.465411,2.487714,6.433145,1.950494,1.572895,1.534848,1.535043,1.536672,1.504825,20
648,1.794355,1.87433,2.039703,2.355554,6.752852,3.011112,6.781138,2.71219,6.785024,2.197379,1.701772,1.684415,1.690033,1.682469,1.648499,40
649,1.75886,1.781858,1.91445,2.245543,6.578958,3.072092,6.678961,2.65154,6.69364,2.030019,1.715427,1.671979,1.669639,1.667358,1.644217,40
650,1.673172,1.710027,1.878366,2.133198,6.562031,2.775583,6.6146,2.511809,6.454914,1.99068,1.651615,1.6165,1.616344,1.613354,1.585284,40
651,1.664847,1.698904,1.85542,2.07265,6.264232,2.770965,6.30581,2.411578,6.253501,1.94215,1.596968,1.547169,1.552282,1.558453,1.526802,20
652,1.779485,1.815532,1.947118,2.310854,6.818409,3.049456,6.849059,2.742176,6.821496,2.151838,1.756748,1.701103,1.705113,1.702669,1.67357,20
653,1.78157,1.803822,1.969536,2.281312,6.686468,2.869604,6.698238,2.528779,6.58694,2.136114,1.687623,1.659605,1.663433,1.65633,1.626993,40
654,1.719531,1.774596,1.863398,2.087661,6.542014,2.690381,6.605769,2.36899,6.507319,1.916205,1.673414,1.638766,1.637323,1.631008,1.615111,40
655,1.75022,1.791285,1.834397,2.090853,6.48057,2.698192,6.53135,2.5337,6.437213,1.996349,1.69839,1.663946,1.665422,1.665185,1.634375,20
656,1.733749,1.809884,1.965564,2.292784,6.649009,2.889722,6.7072,2.528866,6.660202,1.993392,1.657781,1.647508,1.640114,1.641127,1.604023,30
657,1.626468,1.676152,1.868155,2.106935,6.522126,2.715706,6.577868,2.386061,6.591744,1.951874,1.601012,1.575287,1.569555,1.56557,1.548233,40
658,1.810404,1.881606,2.059901,2.269914,6.874185,2.902495,6.876713,2.611946,6.861045,2.111169,1.72551,1.706897,1.703509,1.697795,1.681264,40
659,1.771827,1.820408,1.960418,2.157975,6.677594,3.072474,6.691504,2.615217,6.716526,2.068833,1.68954,1.66831,1.676071,1.661229,1.62695,40
660,1.672008,1.749755,1.889549,2.228798,6.360772,2.877176,6.453386,2.492695,6.383106,1.971999,1.615225,1.576238,1.568419,1.569282,1.5492,30
661,1.632357,1.718521,1.836011,2.01694,6.405185,2.723625,6.455845,2.47587,6.34093,1.976376,1.582089,1.555741,1.55531,1.571324,1.534395,30
662,1.77018,1.810723,1.923748,2.151209,6.569906,2.901137,6.53742,2.521737,6.532478,2.002849,1.671172,1.655289,1.659801,1.656813,1.626602,20
663,1.658427,1.675718,1.831474,2.132941,6.409364,2.73616,6.425624,2.53259,6.33757,2.006412,1.640077,1.600904,1.600801,1.60722,1.586139,30
664,1.676511,1.701028,1.821293,2.1859,6.338068,3.18283,6.364378,2.438986,6.322936,1.942614,1.580544,1.557849,1.558566,1.551946,1.53054,40
665,1.67312,1.774011,1.889521,2.181727,6.668724,2.662409,6.690795,2.465459,6.615376,1.97691,1.602024,1.597546,1.591478,1.595104,1.577539,30
666,1.649139,1.70431,1.871788,2.100096,6.166748,2.72743,6.218799,2.393789,6.139836,1.906533,1.616499,1.559116,1.555993,1.547535,1.533388,40
667,1.660975,1.716726,1.812665,2.178072,6.709392,2.969683,6.742842,2.50758,6.685844,1.985004,1.593245,1.57928,1.578388,1.564958,1.549404,40
668,1.722963,1.796555,1.935474,2.254226,6.913636,2.858292,6.933152,2.641292,6.859705,2.00049,1.707758,1.655322,1.653051,1.661389,1.630423,30
669,1.65083,1.783644,1.902833,2.22932,6.565418,2.795239,6.577895,2.477353,6.484266,2.008193,1.633345,1.591228,1.580276,1.576325,1.561047,40
670,1.643106,1.682314,1.802895,2.067369,6.298593,2.66397,6.348759,2.427768,6.3113,1.913223,1.581334,1.543759,1.543469,1.531834,1.515594,40
671,1.639055,1.706736,1.876214,2.081762,6.650788,2.893285,6.707416,2.462186,6.544353,1.981097,1.607039,1.564803,1.562465,1.550867,1.531908,40
672,1.746237,1.80855,1.934141,2.246536,6.632972,2.783102,6.660628,2.591375,6.589641,2.038078,1.685321,1.655574,1.656738,1.650222,1.620109,40
673,1.763879,1.859497,1.961775,2.306058,6.72788,3.029113,6.78368,2.613501,6.757993,2.080513,1.704395,1.659821,1.660568,1.656406,1.624474,40
674,1.630481,1.649449,1.86423,2.023492,6.061055,2.782405,6.073571,2.425446,5.99473,1.888334,1.560022,1.547597,1.550618,1.551237,1.522108,20
675,1.633688,1.72879,1.837302,2.175914,6.537563,2.687224,6.587365,2.348751,6.55258,1.926957,1.589469,1.566418,1.56241,1.565515,1.530322,30
676,1.700259,1.776963,1.947986,2.350497,6.70191,3.02834,6.660718,2.568852,6.719462,2.075325,1.684521,1.653056,1.647573,1.650975,1.611693,30
677,1.663658,1.717368,1.86159,2.092856,6.482319,2.769847,6.469272,2.43777,6.428772,1.957575,1.631462,1.583141,1.573442,1.573442,1.56488,30
678,1.613073,1.661326,1.819507,2.053347,6.445406,2.733675,6.46967,2.559758,6.435284,1.936995,1.568261,1.533549,1.520359,1.52037,1.506621,30
679,1.668122,1.746715,1.823086,2.122851,6.322469,2.723205,6.319804,2.4434,6.270097,1.905522,1.614258,1.602386,1.589748,1.587453,1.551723,40
680,1.623874,1.706486,1.878916,2.078142,6.486573,2.798729,6.590476,2.478833,6.468738,1.98405,1.611573,1.571177,1.569054,1.570674,1.547161,30
681,1.921774,1.963652,2.123139,2.318208,6.948726,2.997354,6.972518,2.81657,6.947853,2.22309,1.902423,1.830826,1.820064,1.820064,1.807716,30
682,1.707024,1.751813,1.918848,2.241108,6.851815,2.924306,6.894595,2.502624,6.825686,2.014132,1.63505,1.613444,1.608592,1.596004,1.566575,40
683,1.730995,1.797641,1.90626,2.214021,6.807072,3.019297,6.812206,2.498203,6.819664,2.039213,1.683551,1.650731,1.63746,1.641353,1.623194,30
684,1.638635,1.700044,1.81262,2.108508,6.346564,2.73268,6.397756,2.395062,6.363144,1.859146,1.595963,1.563123,1.562766,1.56207,1.539777,40
685,1.69802,1.747252,1.972987,2.191056,6.689018,2.99125,6.760936,2.518591,6.664365,2.058234,1.640394,1.620926,1.613479,1.615603,1.590587,30
686,1.657607,1.681522,1.843846,2.16733,6.638732,2.838993,6.685867,2.518159,6.672184,1.978692,1.607206,1.560903,1.558032,1.558032,1.546438,30
687,1.787736,1.842012,1.945755,2.367032,6.640337,3.118793,6.719728,2.599136,6.701778,2.067556,1.720483,1.665712,1.670829,1.665218,1.646366,40
688,1.650478,1.709317,1.862917,2.110707,6.314752,2.571851,6.405549,2.419737,6.357456,1.904178,1.630142,1.593178,1.595686,1.597636,1.572235,20
689,1.741589,1.781504,1.862166,2.217289,6.74954,2.844368,6.741681,2.530279,6.740108,2.01303,1.684246,1.651455,1.652591,1.65779,1.626651,20
690,1.576536,1.603333,1.756955,2.086592,6.252511,2.809796,6.282948,2.462742,6.310871,1.923411,1.513507,1.49636,1.498616,1.493059,1.463217,40
691,1.584004,1.62004,1.759506,2.00942,6.087348,2.615315,6.090814,2.292895,6.030658,1.810402,1.522631,1.498473,1.497973,1.49605,1.485054,40
692,1.633051,1.718663,1.840394,2.155701,6.276028,2.920679,6.302066,2.472843,6.319459,1.951797,1.564201,1.515616,1.523675,1.52737,1.491225,20
693,1.534386,1.579927,1.686023,1.913893,5.912051,2.45068,5.93276,2.219123,5.830804,1.754084,1.453852,1.412108,1.416103,1.409695,1.399659,40
694,1.653148,1.69347,1.795488,2.098326,6.342062,2.663329,6.351391,2.389807,6.271554,1.898872,1.558931,1.529332,1.533835,1.529079,1.510205,40
695,1.651103,1.728964,1.895436,2.120361,6.558631,2.934982,6.605418,2.418878,6.490242,1.923371,1.569497,1.547635,1.548695,1.545422,1.527519,40
696,1.691739,1.813863,1.94717,2.229446,6.440736,2.891086,6.502052,2.551325,6.483073,2.025863,1.632172,1.61968,1.615212,1.60395,1.588421,40
697,1.772622,1.873783,1.974905,2.14959,6.507512,2.825489,6.516921,2.54935,6.501807,2.065097,1.681473,1.666778,1.66427,1.665601,1.647875,30
698,1.573484,1.661448,1.728442,2.082552,6.29055,2.60266,6.280779,2.383565,6.224354,1.875399,1.546541,1.518128,1.51812,1.51812,1.487938,30
699,1.537231,1.63212,1.76954,2.02509,6.227689,2.637052,6.307591,2.272064,6.153032,1.799003,1.472775,1.446042,1.435743,1.437742,1.412235,30
700,1.688542,1.727276,1.825995,2.092135,6.538346,2.955725,6.565036,2.566349,6.524598,1.968814,1.633671,1.60411,1.604724,1.604531,1.567198,20
701,1.63553,1.725407,1.889551,2.171778,6.366174,2.974062,6.425302,2.381515,6.328878,1.953677,1.573524,1.551954,1.549345,1.55149,1.511169,30
702,1.617176,1.682776,1.790083,1.976257,6.154596,2.484889,6.164602,2.230565,6.15297,1.899957,1.551671,1.530904,1.526408,1.529382,1.501034,30
703,1.706349,1.766798,1.902444,2.175322,6.37938,2.828302,6.377583,2.427213,6.405718,1.969598,1.664454,1.634141,1.607832,1.614147,1.575751,30
704,1.735853,1.815702,1.965122,2.178693,6.644088,2.794902,6.647864,2.522267,6.61099,1.979546,1.69251,1.638076,1.631524,1.633591,1.605164,30
705,1.692228,1.774055,1.878172,2.16974,6.750004,2.84419,6.697055,2.631724,6.68194,2.033456,1.651635,1.615289,1.621047,1.614248,1.588668,40
706,1.730322,1.793163,1.896471,2.18553,6.57826,2.810977,6.61189,2.571715,6.566196,2.028645,1.682678,1.640844,1.636381,1.633523,1.619162,40
707,1.671316,1.740591,1.934021,2.138366,6.606054,2.732358,6.636096,2.448769,6.706246,1.98306,1.625741,1.584006,1.582032,1.580145,1.557579,40
708,1.712934,1.788364,1.892137,2.197405,7.093314,2.951312,7.103547,2.584188,7.014124,2.052026,1.636152,1.59769,1.594777,1.590665,1.574004,40
709,1.663533,1.71038,1.850671,2.088918,6.448814,2.809346,6.454156,2.307254,6.365035,1.916463,1.605982,1.56374,1.569871,1.580038,1.556641,20
710,1.759294,1.848512,2.025038,2.336555,6.800066,3.230958,6.825012,2.700466,6.791189,2.110134,1.739776,1.690912,1.688436,1.684544,1.644853,40
711,1.748509,1.810737,1.912583,2.207792,6.729812,2.951687,6.825695,2.606396,6.795112,2.025953,1.697641,1.676115,1.671751,1.66977,1.651989,40
712,1.723322,1.77532,1.871454,2.134248,6.861061,3.094376,6.937794,2.644872,6.902898,2.062897,1.67947,1.641288,1.644607,1.640888,1.604887,40
713,1.675002,1.757047,1.874783,2.139974,6.570698,2.755919,6.695112,2.536351,6.662338,1.971045,1.642069,1.626629,1.625604,1.620799,1.586759,40
714,1.795107,1.814183,1.998488,2.30971,6.867467,2.808246,6.883394,2.602591,6.886506,2.085237,1.73165,1.697645,1.689106,1.689674,1.672081,30
715,1.880426,1.921107,2.000599,2.238605,6.878155,2.984926,6.94734,2.709686,6.832142,2.191677,1.809743,1.756489,1.750577,1.755877,1.721994,30
716,1.651002,1.731833,1.853628,2.080615,6.24241,2.828834,6.263997,2.540688,6.154613,1.92736,1.634691,1.587233,1.588953,1.586825,1.559686,40
717,1.635229,1.693546,1.829104,2.134893,6.463561,2.804651,6.483964,2.358052,6.415769,1.885773,1.64695,1.554184,1.553593,1.53926,1.510517,40
718,1.758603,1.804503,1.933905,2.285025,6.609854,2.878586,6.67516,2.59924,6.666359,2.055565,1.703901,1.661864,1.65976,1.657046,1.630736,40
719,1.719175,1.75003,1.898529,2.218523,6.563046,2.820361,6.621747,2.443607,6.568756,1.97856,1.68175,1.640566,1.63749,1.634063,1.614008,40
720,1.717326,1.792269,1.925641,2.210015,6.670826,3.044952,6.662956,2.589658,6.617556,2.019767,1.653485,1.625444,1.625688,1.621854,1.595038,40
721,1.663347,1.737428,1.858554,2.132498,6.511574,2.791518,6.575509,2.564429,6.5095,1.941179,1.612216,1.593742,1.586342,1.588672,1.568711,30
722,1.58111,1.664008,1.782268,2.068601,6.274437,2.591524,6.32089,2.232756,6.350357,1.827936,1.545086,1.500356,1.506342,1.500356,1.488663,20
723,1.717732,1.807442,1.903493,2.231794,6.352588,2.806155,6.360276,2.471986,6.339919,2.029432,1.680809,1.645918,1.652519,1.649746,1.622071,20
724,1.662183,1.71331,1.814846,2.035435,6.508925,2.759697,6.553281,2.379866,6.447255,1.857491,1.600361,1.567162,1.563945,1.561443,1.528804,40
725,1.614153,1.680238,1.857278,2.126821,6.421541,2.811642,6.406615,2.451138,6.377101,1.935536,1.566157,1.542844,1.544615,1.53701,1.513273,40
726,1.641697,1.765741,1.88191,2.144051,6.380532,2.775697,6.438575,2.57624,6.442059,2.059774,1.606109,1.568115,1.567951,1.555075,1.541014,40
727,1.64496,1.722844,1.855362,2.070879,6.373358,2.820944,6.397107,2.407285,6.345212,1.936082,1.579285,1.564718,1.569792,1.560259,1.538658,40
728,1.703267,1.747543,1.887278,2.154908,6.361873,2.717493,6.413678,2.476431,6.27382,1.98207,1.646071,1.611741,1.61065,1.620014,1.593987,30
729,1.873591,1.92717,2.067956,2.456666,6.969936,3.234992,7.016998,2.794478,6.984866,2.184632,1.769387,1.750063,1.735686,1.730732,1.696115,40
730,1.611148,1.680503,1.789189,1.993854,6.286472,2.684494,6.292637,2.410112,6.251616,1.894998,1.563673,1.532271,1.528375,1.529096,1.509523,30
731,1.617546,1.700383,1.85022,2.049827,6.317124,2.651862,6.344352,2.418623,6.356267,1.948522,1.586049,1.560785,1.55146,1.548284,1.518515,40
732,1.657079,1.707873,1.857341,2.04971,6.525324,2.611048,6.554808,2.530852,6.518936,1.955108,1.629824,1.588731,1.583369,1.588661,1.575346,30
733,1.647326,1.710161,1.79959,2.093182,6.363982,2.744053,6.470634,2.344959,6.392737,1.917736,1.582053,1.550564,1.552595,1.5605,1.52167,20
734,1.564025,1.627343,1.779181,2.003248,6.321167,2.70474,6.436825,2.370816,6.41815,1.894278,1.543706,1.522519,1.518366,1.520919,1.504689,30
735,1.753828,1.8196,1.959932,2.171791,6.55859,2.8385,6.575602,2.504056,6.499958,2.058215,1.712395,1.664202,1.659115,1.652578,1.63423,40
736,1.870341,1.874581,2.030027,2.336384,6.92646,3.07444,6.900144,2.711259,6.824713,2.090835,1.754377,1.70238,1.70188,1.704691,1.677336,30
737,1.670626,1.743637,1.872958,2.177395,6.621266,2.886097,6.650569,2.343249,6.577891,1.962834,1.657286,1.617762,1.6232,1.617664,1.580632,40
738,1.835911,1.891023,1.987968,2.271187,7.227697,3.019089,7.205746,2.644563,7.194222,2.167079,1.822358,1.789881,1.781229,1.775858,1.737717,40
739,1.663726,1.717281,1.875163,2.238652,6.472642,2.84662,6.48718,2.646714,6.438914,2.100246,1.644427,1.603424,1.584953,1.589709,1.566274,30
740,1.746776,1.83422,2.003016,2.280804,6.884408,2.931599,6.886442,2.572774,6.777492,2.088322,1.709518,1.685297,1.686685,1.685266,1.653286,40
741,1.696623,1.768178,1.870702,2.175292,6.681787,2.925665,6.77782,2.507528,6.633898,2.010348,1.663028,1.610312,1.61127,1.612436,1.584171,20
742,1.725027,1.837917,1.963175,2.248749,6.617866,3.000954,6.649241,2.582577,6.54507,2.090989,1.694584,1.643419,1.643419,1.639712,1.624145,40
743,1.689466,1.724476,1.824792,2.052751,6.550785,2.704798,6.5367,2.444282,6.436912,1.95004,1.610401,1.582898,1.588456,1.582659,1.557995,40
744,1.781517,1.865228,1.997018,2.247152,6.545832,2.96883,6.541191,2.549711,6.516555,2.120652,1.695966,1.662649,1.664476,1.659364,1.638625,40
745,1.810237,1.849885,2.036682,2.381292,7.021743,3.101418,7.011811,2.548752,6.994851,2.142537,1.751157,1.707167,1.71427,1.706827,1.682297,40
746,1.554206,1.631025,1.709994,1.933088,6.030922,2.582117,6.119555,2.309435,6.126641,1.805609,1.540909,1.488685,1.473431,1.468372,1.448622,40
747,1.612586,1.654228,1.832594,2.170129,6.425494,2.783434,6.427494,2.457038,6.374281,1.919125,1.575255,1.54801,1.549617,1.546807,1.513053,40
748,1.712126,1.761627,1.921571,2.268438,6.687435,2.827092,6.721261,2.551802,6.626197,2.066712,1.651454,1.598438,1.615731,1.594581,1.573212,40
749,1.65456,1.727668,1.951388,2.251594,6.707968,2.959304,6.718991,2.576349,6.671853,2.066072,1.621376,1.584415,1.583139,1.57893,1.552151,40
750,1.719813,1.767255,1.899528,2.180835,6.266049,2.822642,6.254236,2.303858,6.226858,1.916689,1.623068,1.611655,1.613523,1.611246,1.592357,40
751,1.6309,1.681163,1.783406,2.030679,6.365624,2.727025,6.384474,2.394086,6.367584,1.899184,1.593332,1.560057,1.564061,1.557358,1.530114,40
752,1.739025,1.804276,1.957088,2.266073,6.774946,2.896383,6.78498,2.66185,6.675709,2.010431,1.666877,1.636832,1.620833,1.616682,1.602508,40
753,1.759794,1.8348,1.929528,2.24076,6.777313,2.99007,6.739536,2.62811,6.742413,2.018031,1.697806,1.675481,1.666253,1.670387,1.631009,30
754,1.65437,1.753642,1.863986,2.088774,6.530064,2.819634,6.558906,2.501055,6.452237,1.930758,1.577329,1.564062,1.55619,1.562707,1.530863,30
755,1.691184,1.780811,1.932185,2.205558,6.368541,3.005533,6.443871,2.536422,6.365216,1.98463,1.627942,1.59714,1.59417,1.588383,1.564954,40
756,1.579196,1.621777,1.745661,1.993984,6.166862,2.485637,6.214728,2.344384,6.222228,1.842389,1.541649,1.515128,1.508968,1.514064,1.498355,30
757,1.722067,1.78167,1.965225,2.151576,6.895468,3.065127,6.947996,2.574106,6.921544,2.040553,1.713795,1.667325,1.664534,1.656079,1.627059,40
758,1.665886,1.785005,1.890578,2.220423,6.53694,2.835992,6.573926,2.447658,6.50678,2.038793,1.666447,1.597733,1.597488,1.597491,1.57118,30
759,1.621513,1.682681,1.799328,2.021136,6.10945,2.562588,6.257075,2.325875,6.202935,1.885942,1.532653,1.511869,1.510632,1.524353,1.48737,30
760,1.629739,1.677116,1.834594,2.089487,6.435951,2.716222,6.48326,2.424822,6.396497,1.893488,1.587347,1.561038,1.562518,1.562516,1.538742,20
761,1.582068,1.654449,1.707404,1.951664,6.40369,2.540092,6.496487,2.319157,6.466255,1.848809,1.532813,1.497896,1.499299,1.49191,1.468744,40
762,1.62913,1.677759,1.780755,2.069051,6.242866,2.741048,6.254212,2.22669,6.14174,1.874505,1.540151,1.509849,1.510689,1.499547,1.481132,40
763,1.58741,1.643005,1.775071,2.088514,6.518146,2.801425,6.650182,2.43983,6.587204,1.900059,1.549638,1.524228,1.533746,1.529045,1.500931,20
764,1.734012,1.819675,1.913542,2.218113,6.792374,2.781307,6.802469,2.571798,6.772016,2.057376,1.678725,1.659317,1.655418,1.660148,1.625479,30
765,1.735367,1.818114,1.951499,2.303344,6.940875,2.97755,6.915244,2.601559,6.903259,2.230551,1.711374,1.665749,1.654627,1.661735,1.638225,30
766,1.735129,1.813814,1.890002,2.300634,6.998488,3.036392,7.041508,2.657989,7.065966,2.15261,1.724701,1.692794,1.694088,1.699096,1.638091,20
767,1.693279,1.781319,1.931622,2.147435,6.493135,2.976789,6.489948,2.436268,6.438073,2.02214,1.685036,1.619921,1.628152,1.619125,1.587034,40
768,1.709812,1.775531,1.897927,2.163736,6.619066,2.896388,6.645824,2.563536,6.582633,1.962258,1.642774,1.612763,1.602921,1.603809,1.591356,30
769,1.706516,1.790187,1.855466,2.148003,6.793762,2.818303,6.86151,2.367563,6.871054,1.996668,1.636648,1.612199,1.60699,1.602494,1.584606,40
770,1.731693,1.795781,1.878495,2.256555,6.356462,2.868879,6.328552,2.464677,6.288637,1.98665,1.666907,1.628255,1.628787,1.615511,1.6078,40
771,1.628462,1.679655,1.802668,2.066708,6.591504,2.815795,6.529199,2.344869,6.579679,1.796276,1.56366,1.522181,1.502187,1.51078,1.485989,30
772,1.671277,1.748527,1.996213,2.139757,6.592203,2.949593,6.675681,2.582259,6.64352,1.965266,1.618677,1.591491,1.590962,1.580382,1.555654,40
773,1.68801,1.738182,1.840934,2.077069,6.673716,2.889145,6.717142,2.647769,6.634434,2.03147,1.621512,1.5871,1.591011,1.58765,1.554487,20
774,1.684315,1.751514,1.911077,2.312136,6.602424,2.82014,6.627243,2.545986,6.646065,2.097769,1.627676,1.601466,1.597353,1.596719,1.587462,40
775,1.804084,1.876862,1.981394,2.175934,6.895562,3.153564,7.013575,2.750233,6.912584,2.14259,1.732761,1.687373,1.687288,1.683201,1.666599,40
776,1.605507,1.640796,1.778894,2.087491,6.300955,2.691961,6.392496,2.323043,6.35916,1.949711,1.584262,1.549723,1.537221,1.526764,1.501359,40
777,1.644543,1.696344,1.78678,1.971818,6.272743,2.630747,6.390277,2.445654,6.342927,1.939731,1.613389,1.580805,1.58373,1.582566,1.563699,20
778,1.67892,1.733256,1.828933,2.110059,6.256286,2.782674,6.275477,2.43472,6.250206,1.962315,1.615121,1.579611,1.574213,1.57021,1.542156,40
779,1.713953,1.797653,1.929982,2.270358,6.851002,2.851854,6.883906,2.469282,6.844382,2.070275,1.666936,1.634544,1.637775,1.631736,1.615262,40
780,1.653529,1.700542,1.8642,2.171718,6.553128,2.754325,6.593057,2.556147,6.519553,1.98422,1.609746,1.577076,1.578032,1.578926,1.549117,20
781,1.737701,1.802172,1.98359,2.175054,6.669618,2.840422,6.755666,2.489929,6.732273,1.964567,1.676895,1.65994,1.651859,1.654761,1.625636,30
782,1.799947,1.901577,2.096905,2.338667,7.105152,3.041958,7.180562,2.622322,7.029154,2.125808,1.745958,1.69456,1.699516,1.695586,1.65423,20
783,1.716321,1.840705,1.955015,2.181224,6.51566,2.756897,6.533353,2.501037,6.501344,2.024864,1.666188,1.620509,1.626722,1.619046,1.599094,40
784,1.84473,1.866879,1.971374,2.292232,6.952237,3.149562,6.966014,2.638637,6.844529,2.190423,1.723213,1.680513,1.676885,1.672768,1.657599,40
785,1.743625,1.797549,1.934362,2.229532,6.520463,2.897444,6.544755,2.64092,6.527596,2.044216,1.663198,1.632544,1.630583,1.632931,1.600255,30
786,1.665251,1.720545,1.804469,2.071875,6.491333,2.874982,6.553465,2.433579,6.50451,1.866201,1.608241,1.534736,1.532968,1.532601,1.51637,40
787,1.706921,1.758635,1.866026,2.088157,6.613858,2.797416,6.67432,2.463652,6.577996,1.962288,1.650484,1.645639,1.635043,1.631085,1.606479,40
788,1.680879,1.757849,1.863064,2.127106,6.70335,2.76185,6.776167,2.606724,6.80216,1.982731,1.594058,1.566527,1.567948,1.569425,1.534586,20
789,1.795821,1.906696,2.026347,2.347438,7.194439,3.022858,7.174729,2.595372,7.211417,2.187658,1.728657,1.680817,1.679164,1.673809,1.636411,40
790,1.679498,1.748216,1.916009,2.233683,6.855252,2.732143,6.873389,2.529071,6.849699,2.007182,1.633489,1.583199,1.581322,1.585732,1.569906,30
791,1.718971,1.811417,1.919244,2.136856,6.452547,2.735221,6.613185,2.62905,6.442353,2.077298,1.643061,1.612532,1.6087,1.601627,1.580124,40
792,1.67847,1.761808,1.930876,2.154275,6.453838,2.798786,6.556466,2.61764,6.493262,1.934589,1.641597,1.563547,1.559568,1.559568,1.549437,30
793,1.659553,1.734148,1.868648,2.126345,6.619649,2.966458,6.627956,2.435777,6.643422,1.958595,1.661861,1.613617,1.617854,1.607266,1.585626,40
794,1.736687,1.795992,1.948739,2.230963,6.438395,2.890511,6.471298,2.491996,6.479558,2.034875,1.671043,1.63636,1.633624,1.636379,1.606407,30
795,1.711497,1.814343,1.960177,2.214063,6.45528,3.039464,6.430045,2.668771,6.485872,2.046345,1.678412,1.628157,1.627416,1.624338,1.604515,40
796,1.768728,1.845628,2.012887,2.45357,7.047909,3.120604,7.043502,2.708805,7.006915,2.223817,1.712561,1.70272,1.697272,1.71005,1.653559,30
797,1.649435,1.700821,1.805574,2.122255,6.467058,2.784157,6.505724,2.468717,6.419726,1.941909,1.614885,1.573408,1.578837,1.580358,1.54086,20
798,1.712883,1.780796,1.829798,2.240493,6.697146,2.874062,6.729425,2.477179,6.677809,2.017838,1.628408,1.603976,1.605446,1.598538,1.553992,40
799,1.746441,1.801093,1.970397,2.220288,6.81202,2.830318,6.790306,2.46133,6.736837,2.045859,1.665768,1.646368,1.640409,1.635825,1.623109,40
800,1.729619,1.843827,1.971475,2.192305,6.676122,2.949581,6.746478,2.661391,6.717345,2.186325,1.69949,1.670176,1.675386,1.662936,1.633969,40
801,1.66946,1.730875,1.860766,2.087417,6.195548,2.668103,6.139672,2.393332,6.16599,1.920014,1.627398,1.564648,1.568843,1.568618,1.538389,20
802,1.828809,1.97244,2.093277,2.313739,6.959166,3.107886,6.970365,2.582804,6.949702,2.165678,1.79802,1.73989,1.748644,1.748666,1.706415,20
803,1.760858,1.879525,1.944449,2.258792,6.846722,3.061483,6.901657,2.712889,6.850234,2.07272,1.686877,1.625286,1.620416,1.621256,1.606054,30
804,1.692509,1.77366,1.92376,2.135472,6.404948,2.845907,6.374393,2.497868,6.409058,2.024818,1.65996,1.642155,1.634455,1.63478,1.612551,30
805,1.756295,1.866563,1.980416,2.269826,6.509876,2.877011,6.545589,2.559581,6.518118,2.108732,1.721851,1.68949,1.69085,1.687831,1.66917,40
806,1.675365,1.72745,1.839417,2.14213,6.280027,2.758612,6.361537,2.378433,6.304593,1.927803,1.645672,1.609918,1.60419,1.61016,1.575116,30
807,1.626779,1.657117,1.785817,2.022698,6.279999,2.778184,6.393795,2.360243,6.283886,1.881094,1.60945,1.581588,1.578159,1.579683,1.537004,30
808,1.62796,1.691794,1.868624,2.136316,6.347876,2.652101,6.376926,2.376279,6.404874,1.890722,1.569676,1.549504,1.537597,1.536499,1.518503,40
809,1.961708,2.016024,2.129542,2.407336,7.199326,3.282052,7.265301,2.832821,7.186734,2.281127,1.861587,1.835129,1.827652,1.827656,1.810148,30
810,1.619988,1.649308,1.790068,2.010961,5.874452,2.58188,5.976899,2.212701,5.879029,1.876416,1.561291,1.50247,1.506235,1.498462,1.483579,40
811,1.785575,1.863379,1.988517,2.31173,6.740706,3.057181,6.790312,2.536202,6.797034,2.028872,1.746589,1.706631,1.691303,1.690508,1.666312,40
812,1.659691,1.720994,1.840894,2.057303,6.516168,2.839913,6.513074,2.419893,6.483656,1.914674,1.600897,1.565923,1.563312,1.56555,1.53937,30
813,1.726571,1.801488,1.996546,2.285477,6.618881,2.912907,6.645016,2.515728,6.617686,2.001511,1.687291,1.643099,1.632437,1.624661,1.604476,40
814,1.689114,1.779554,1.889268,2.199321,6.586882,2.731724,6.603057,2.400491,6.556396,2.051253,1.623473,1.598839,1.606134,1.598249,1.57269,40
815,1.601947,1.689667,1.863704,2.076037,6.416678,2.68514,6.406117,2.528292,6.324618,1.946653,1.576284,1.564957,1.563396,1.563396,1.551182,30
816,1.576759,1.656056,1.823932,2.073503,6.233865,2.724328,6.264529,2.4263,6.294538,1.920616,1.549947,1.521301,1.509144,1.505156,1.495407,40
817,1.593253,1.672052,1.7616,2.074407,6.459783,2.663435,6.463744,2.355465,6.45796,1.941907,1.556388,1.528657,1.523968,1.525242,1.510444,30
818,1.620852,1.702008,1.83649,2.113887,6.291159,2.682208,6.315673,2.288741,6.327114,1.893971,1.555546,1.535078,1.531955,1.535303,1.51203,30
819,1.65876,1.730226,1.890101,2.158816,6.695476,2.798867,6.731858,2.484193,6.650569,2.040203,1.624272,1.602767,1.598559,1.602862,1.558428,30
820,1.659758,1.723675,1.836447,2.257784,6.487476,2.896096,6.535651,2.471674,6.37602,1.964023,1.584087,1.563598,1.566507,1.573459,1.550427,20
821,1.679746,1.740647,1.852578,2.084787,6.390324,2.594934,6.524402,2.443607,6.425774,1.925148,1.642627,1.612399,1.608208,1.606355,1.5803,40
822,1.756906,1.833775,2.033081,2.337171,6.676594,3.009499,6.723461,2.483276,6.619873,2.064268,1.668545,1.632312,1.640845,1.631715,1.591506,40
823,1.74028,1.816805,1.896981,2.150219,6.499155,2.80035,6.53515,2.522562,6.516655,2.064788,1.689245,1.661932,1.651613,1.653904,1.631396,30
824,1.690664,1.774925,1.862367,2.11368,6.477974,2.840162,6.481988,2.584531,6.481979,1.955198,1.639221,1.601766,1.593891,1.602055,1.556713,30
825,1.577953,1.653524,1.832966,2.124202,6.383308,2.599453,6.454764,2.400168,6.397099,1.92304,1.553179,1.5395,1.54049,1.535651,1.515867,40
826,1.697604,1.747656,1.873331,2.199086,6.472403,2.761064,6.516264,2.510733,6.465996,2.056243,1.634015,1.61653,1.617164,1.606453,1.55874,40
827,1.743148,1.812784,1.957937,2.254266,6.800992,2.97025,6.811418,2.634913,6.756048,2.066215,1.674309,1.638676,1.627671,1.628429,1.602529,30
828,1.683421,1.743603,1.83684,2.143857,6.662965,2.836636,6.713838,2.46259,6.731302,1.961435,1.638511,1.599831,1.598933,1.598501,1.569084,40
829,1.681796,1.755478,1.913257,2.14872,6.562291,2.804395,6.527916,2.406779,6.478568,1.997623,1.645133,1.60803,1.615693,1.609262,1.581602,20
830,1.669337,1.713311,1.803746,2.152516,6.915254,2.838881,6.974877,2.518074,6.925755,1.93161,1.633958,1.620356,1.615044,1.6189,1.592328,30
831,1.719123,1.774173,1.944831,2.183534,6.594037,2.9076,6.697073,2.659643,6.627935,2.064907,1.680106,1.645829,1.634572,1.630383,1.613605,40
832,1.598889,1.678407,1.777191,2.102332,6.2758,2.667646,6.30076,2.34519,6.252668,1.924144,1.536291,1.512907,1.505691,1.505682,1.485875,40
833,1.756393,1.8015,1.937891,2.337062,6.845239,2.88235,6.855795,2.685047,6.88107,2.105944,1.725507,1.696534,1.693621,1.698266,1.673284,30
834,1.616294,1.737593,1.846858,2.126113,6.452467,2.627457,6.487746,2.380998,6.349993,1.887151,1.598495,1.565681,1.559369,1.559551,1.530388,30
835,1.639869,1.711138,1.79711,2.062092,6.272565,2.720349,6.375002,2.476111,6.401416,1.981602,1.567278,1.539737,1.544788,1.537597,1.511739,40
836,1.648833,1.712221,1.945659,2.068335,6.386521,2.726252,6.402206,2.303701,6.383252,1.916612,1.634944,1.589154,1.593132,1.592897,1.556619,20
837,1.852465,1.905115,2.002048,2.390699,7.010286,3.017216,6.987496,2.764673,6.974877,2.198249,1.79535,1.750526,1.750161,1.742432,1.731207,40
838,1.791274,1.88513,1.989718,2.248087,7.03542,2.974618,7.068316,2.544897,6.992177,2.125911,1.738704,1.71373,1.711561,1.704606,1.664671,40
839,1.636465,1.70336,1.787167,2.054525,6.661138,2.619963,6.688409,2.57066,6.581794,1.974969,1.612921,1.576756,1.57487,1.578153,1.561325,30
840,1.744273,1.816153,1.99804,2.325386,6.582721,2.967379,6.621349,2.498467,6.629162,2.037081,1.6905,1.655924,1.657496,1.645639,1.611001,40
841,1.671658,1.703124,1.852592,2.086777,6.356935,2.785378,6.350287,2.522709,6.364781,1.896497,1.610302,1.595927,1.585239,1.582704,1.567205,40
842,1.557325,1.615232,1.768099,2.000215,6.346422,2.495398,6.32883,2.363502,6.330868,1.795407,1.496786,1.487224,1.488555,1.485178,1.468156,40
843,1.733297,1.786797,1.883629,2.243887,6.65548,2.795356,6.628948,2.57453,6.558656,1.968061,1.669547,1.632825,1.631078,1.636786,1.610351,30
844,1.66061,1.7462,1.883701,2.16989,6.691532,3.021502,6.708359,2.528716,6.67069,1.949534,1.631459,1.61281,1.604165,1.598336,1.562013,40
845,1.593372,1.678869,1.720634,1.973377,6.194345,2.604905,6.238896,2.464539,6.13619,1.862842,1.58021,1.546936,1.53848,1.540002,1.516686,30
846,1.783279,1.935606,2.060329,2.330424,6.965233,2.993166,7.023615,2.744654,6.977378,2.142063,1.749613,1.702752,1.688864,1.688812,1.662902,40
847,1.711157,1.783756,1.885189,2.124171,6.552225,2.678497,6.56763,2.498697,6.491142,2.082789,1.687332,1.624488,1.621018,1.622316,1.589,30
848,1.669666,1.723175,1.949353,2.126091,6.399646,2.877322,6.443731,2.453621,6.385647,1.942737,1.614998,1.602963,1.606162,1.601121,1.572983,40
849,1.68982,1.729879,1.898303,2.203076,6.303766,2.749745,6.340393,2.533192,6.322949,2.032617,1.594199,1.563912,1.570738,1.569909,1.544761,20
850,1.63206,1.664244,1.846703,2.154009,6.653361,2.833071,6.722227,2.525809,6.670846,1.993064,1.589606,1.581649,1.572839,1.575458,1.542766,30
851,1.689078,1.716176,1.929756,2.159543,6.625249,2.813797,6.741472,2.620779,6.616068,2.029836,1.666602,1.601598,1.60417,1.603475,1.561216,20
852,1.717044,1.789998,1.935586,2.239364,6.327688,2.971894,6.390242,2.581897,6.338378,2.014979,1.62809,1.606494,1.620809,1.61261,1.582824,20
853,1.734916,1.810869,1.932368,2.261045,6.675872,2.921818,6.74974,2.549413,6.681801,2.08608,1.685948,1.659605,1.66544,1.649617,1.623763,40
854,1.675145,1.736426,1.843782,2.128341,6.287997,2.783982,6.331312,2.371024,6.29829,1.922148,1.618065,1.576752,1.573504,1.571513,1.544038,40
855,1.659089,1.704116,1.881081,2.109139,6.472631,2.928916,6.590087,2.507648,6.485481,1.939185,1.634993,1.605848,1.597077,1.603059,1.585321,30
856,1.653064,1.737346,1.860597,2.166023,6.09046,2.794374,6.119282,2.352778,6.033006,1.95804,1.567723,1.529732,1.528799,1.526477,1.506985,40
857,1.661875,1.743645,1.826518,2.117335,6.260492,2.799333,6.298406,2.419914,6.204155,1.934218,1.583532,1.555489,1.559259,1.549978,1.526867,40
858,1.582563,1.648819,1.716368,1.857177,6.098258,2.474306,6.03933,2.138313,5.98022,1.810194,1.545938,1.506812,1.495045,1.487784,1.474234,40
859,1.654356,1.730421,1.877511,2.122374,6.286993,2.764977,6.306348,2.368589,6.335293,1.899839,1.548964,1.528283,1.521692,1.522609,1.504621,30
860,1.699991,1.79523,1.892418,2.165563,6.365934,2.791885,6.442144,2.508761,6.39461,1.9902,1.679165,1.645765,1.650003,1.648848,1.623731,20
861,1.747013,1.811959,1.940875,2.197956,6.753354,3.108364,6.745699,2.668146,6.624102,1.989556,1.665468,1.647958,1.645746,1.638576,1.615808,40
862,1.568247,1.638892,1.766221,2.076572,6.230747,2.648425,6.267102,2.274463,6.181219,1.84295,1.51609,1.478966,1.482475,1.476879,1.44278,40
863,1.736164,1.799555,1.885171,2.15774,6.571246,2.67911,6.626304,2.416605,6.57743,1.979382,1.649815,1.616711,1.613666,1.613579,1.588595,40
864,1.646571,1.718149,1.780152,2.100979,6.497957,2.717749,6.538592,2.380556,6.474869,1.886689,1.602239,1.577817,1.570418,1.568725,1.539505,40
865,1.675094,1.759452,1.870756,2.129016,6.466938,2.750341,6.550146,2.522475,6.546156,2.025365,1.62384,1.609812,1.613124,1.613089,1.579103,20
866,1.782555,1.843449,2.00011,2.300526,6.683366,3.026721,6.737238,2.615462,6.65077,2.140492,1.707584,1.662532,1.659878,1.661231,1.627756,30
867,1.774298,1.849588,1.932055,2.252257,6.67606,2.980134,6.743379,2.418596,6.655128,2.042627,1.704321,1.686316,1.674271,1.671679,1.646848,40
868,1.766816,1.840709,1.952823,2.212135,6.730396,2.805135,6.664969,2.705017,6.68039,2.081687,1.687573,1.64809,1.64241,1.644299,1.609192,30
869,1.738794,1.854924,2.071587,2.335921,6.73022,3.141139,6.80662,2.575172,6.780203,2.17591,1.709195,1.64097,1.648078,1.644588,1.610572,20
870,1.749579,1.785191,1.972671,2.284235,6.78345,2.924933,6.779276,2.62674,6.74817,2.121839,1.705388,1.676225,1.675605,1.679119,1.655192,30
871,1.759995,1.786709,1.936709,2.283146,6.578688,2.996704,6.629324,2.494137,6.613843,2.039376,1.695675,1.674667,1.671212,1.664508,1.638622,40
872,1.725829,1.812951,1.983437,2.289322,6.837013,3.035755,6.853866,2.619057,6.767182,2.092128,1.673119,1.649915,1.652036,1.649878,1.621675,40
873,1.572482,1.644738,1.779609,2.061921,6.084526,2.701386,6.148759,2.30261,6.107728,1.871432,1.514186,1.506819,1.498983,1.497374,1.476888,40
874,1.6826,1.761233,1.856083,2.2,6.538107,2.871938,6.609608,2.510514,6.440148,2.032365,1.656047,1.619325,1.614822,1.609208,1.584154,40
875,1.633157,1.713737,1.808292,2.098921,6.381073,2.773321,6.425045,2.310232,6.331014,1.842687,1.564996,1.542295,1.541219,1.536037,1.503586,40
876,1.718601,1.793109,1.918499,2.215295,6.752587,2.796206,6.755264,2.598341,6.669804,2.042482,1.681941,1.654912,1.648064,1.641725,1.622365,40
877,1.626526,1.730642,1.83016,2.116201,6.421428,2.72448,6.452482,2.432752,6.354675,1.926431,1.587856,1.572904,1.566848,1.566451,1.541131,40
878,1.790036,1.861975,1.997047,2.285509,6.748562,2.989659,6.813979,2.737495,6.795343,2.127131,1.751409,1.70563,1.707037,1.709813,1.67937,20
879,1.554058,1.628161,1.737141,2.034494,6.445988,2.667768,6.500444,2.352093,6.464327,1.880986,1.538129,1.508713,1.513625,1.509578,1.489051,20
880,1.605908,1.646687,1.775519,2.044578,6.036897,2.672668,6.161933,2.374707,6.125422,1.966946,1.594284,1.538408,1.535109,1.533277,1.522536,40
881,1.617312,1.674851,1.804441,2.021283,6.316998,2.736247,6.403528,2.318743,6.361522,1.885919,1.552845,1.525807,1.523067,1.523067,1.50483,30
882,1.568215,1.645802,1.735367,2.054287,6.212866,2.675598,6.246174,2.240484,6.246242,1.824785,1.551883,1.504943,1.499552,1.493895,1.474754,40
883,1.66777,1.749565,1.876697,2.174188,6.444393,2.790923,6.480534,2.465478,6.381151,1.974528,1.61463,1.58757,1.5854,1.582332,1.562734,40
884,1.765759,1.781578,1.923915,2.122825,6.678546,2.95757,6.711705,2.550662,6.727281,2.016342,1.672626,1.65174,1.64733,1.648301,1.618354,30
885,1.767907,1.824318,1.951922,2.335457,6.706884,3.058792,6.739627,2.560381,6.722426,2.077775,1.682012,1.63333,1.639469,1.640453,1.595588,20
886,1.848767,1.911957,2.040024,2.318808,7.340151,3.138956,7.370309,2.872503,7.319227,2.212109,1.822239,1.773745,1.775013,1.774403,1.739749,20
887,1.822057,1.872684,2.078731,2.390975,6.926775,3.193499,7.01543,2.727708,7.009829,2.124031,1.746409,1.702443,1.710338,1.707702,1.670057,20
888,1.697158,1.790471,1.902541,2.202523,6.619408,2.901416,6.605512,2.479201,6.569643,2.028203,1.634039,1.629745,1.611711,1.610452,1.584094,40
889,1.714187,1.771179,1.867249,2.106666,6.430568,2.809404,6.562816,2.590608,6.522407,1.959726,1.66881,1.600758,1.615367,1.618351,1.577118,20
890,1.678569,1.779007,1.88057,2.233884,6.4665,2.866307,6.475514,2.581934,6.36646,1.990688,1.602988,1.575573,1.579539,1.569624,1.543649,40
891,1.773021,1.858378,1.968816,2.297244,6.958908,3.075958,7.03552,2.624251,7.028114,2.106883,1.717401,1.694286,1.686527,1.690341,1.6556,30
892,1.672009,1.795851,1.879699,2.14046,6.685307,2.682364,6.923567,2.46519,6.837625,1.994267,1.603988,1.560065,1.560065,1.56436,1.532791,20
893,1.759152,1.848674,1.941027,2.192041,6.827644,2.977856,6.8272,2.588158,6.784618,2.021428,1.703066,1.668306,1.667276,1.675045,1.64755,30
894,1.676311,1.752544,1.937452,2.152707,6.515749,2.92723,6.518922,2.595848,6.476935,1.989939,1.636011,1.589432,1.587524,1.578989,1.563324,40
895,1.606745,1.681567,1.786838,2.068273,6.507799,2.708395,6.538549,2.359095,6.432232,1.909603,1.567246,1.539596,1.533218,1.531743,1.513086,40
896,1.699066,1.77498,1.890972,2.246775,6.539779,2.919639,6.600432,2.436538,6.5824,1.963719,1.668225,1.603882,1.594953,1.58197,1.565836,40
897,1.646654,1.724216,1.822764,2.205562,6.525201,2.833147,6.546084,2.392581,6.486168,1.952409,1.615145,1.572092,1.561295,1.557985,1.532418,40
898,1.68442,1.733442,1.89428,2.189337,6.716984,2.871134,6.721644,2.416585,6.583632,1.917668,1.668445,1.622188,1.615471,1.620887,1.594647,30
899,1.776263,1.831431,1.955436,2.221838,6.620418,2.903955,6.655936,2.601814,6.586066,2.050838,1.743553,1.667718,1.666177,1.674213,1.645708,30
900,1.747408,1.775264,1.968129,2.256325,6.845824,3.020672,6.833435,2.60581,6.763344,2.095709,1.697228,1.67082,1.657673,1.658468,1.632653,30
901,1.731294,1.815539,1.927858,2.272022,6.699384,3.049381,6.743843,2.615911,6.658347,2.080681,1.670148,1.659344,1.65467,1.649773,1.623522,40
902,1.717895,1.772295,1.91042,2.076726,6.556984,2.868098,6.725565,2.431153,6.605988,2.076725,1.620005,1.613453,1.605584,1.604065,1.582461,40
903,1.774514,1.807052,1.900271,2.20123,6.706886,2.947967,6.734658,2.622845,6.657412,2.031034,1.708661,1.67333,1.667128,1.670284,1.627896,30
904,1.667878,1.77808,1.942002,2.306419,6.61647,2.98918,6.61919,2.470407,6.534054,1.974494,1.6471,1.620459,1.615986,1.612293,1.585467,40
905,1.673098,1.740658,1.788591,1.958359,6.504351,2.772308,6.501086,2.361732,6.45579,1.94329,1.615134,1.577256,1.560328,1.569441,1.544312,30
906,1.683712,1.728876,1.870301,2.145665,6.731974,2.769391,6.735049,2.580099,6.789562,1.954412,1.635493,1.608534,1.599501,1.600194,1.57857,30
907,1.63513,1.677912,1.794714,2.044765,6.235693,2.70833,6.253104,2.332174,6.226597,1.824231,1.541268,1.532576,1.52565,1.5269,1.505711,30
908,1.678623,1.749281,1.877136,2.111544,6.661034,2.71168,6.726829,2.483741,6.749743,1.973962,1.645459,1.589323,1.581773,1.577979,1.560112,40
909,1.775515,1.805676,1.906896,2.24295,6.416822,2.863967,6.49735,2.584118,6.472055,2.124147,1.696792,1.64911,1.642059,1.643388,1.623623,30
910,1.683245,1.769479,1.940437,2.171616,6.73837,2.787785,6.747642,2.414905,6.652824,2.052826,1.635929,1.630333,1.627185,1.619986,1.585301,40
911,1.765704,1.82041,1.942844,2.253456,7.179318,2.972015,7.205055,2.46495,7.101165,2.063288,1.708187,1.691721,1.691392,1.681138,1.65722,40
912,1.644099,1.685448,1.814315,2.106196,6.368586,2.71165,6.407739,2.444688,6.238568,1.903113,1.612213,1.581061,1.583955,1.587166,1.56118,20
913,1.759549,1.912287,2.018547,2.291449,6.647297,2.950988,6.713651,2.564159,6.685445,2.064434,1.6976,1.639229,1.640342,1.625028,1.610801,40
914,1.654451,1.703958,1.908243,2.078301,6.839344,2.740258,6.84754,2.419651,6.729361,1.93129,1.594169,1.549341,1.557397,1.558083,1.540213,20
915,1.672638,1.714025,1.862591,2.133319,6.615799,2.856657,6.605366,2.715375,6.594208,2.035532,1.614785,1.580611,1.576279,1.569232,1.564707,40
916,1.694882,1.746023,1.856662,2.052024,6.639968,2.871065,6.749655,2.388232,6.613046,1.875774,1.616645,1.589221,1.57825,1.589799,1.562368,30
917,1.79959,1.87765,1.959689,2.258587,6.915907,2.987752,6.954506,2.57622,6.915976,2.06432,1.695945,1.67362,1.677852,1.681777,1.654118,20
918,1.613624,1.666408,1.774438,2.004465,6.684566,2.612283,6.687664,2.351312,6.682214,1.858709,1.576904,1.537301,1.532784,1.532784,1.518892,30
919,1.681969,1.753123,1.922277,2.210753,6.648947,2.786792,6.686366,2.489935,6.630216,1.990452,1.607291,1.573437,1.577247,1.573518,1.541262,20
920,1.662066,1.718643,1.814848,2.030789,6.546489,2.781913,6.523581,2.459396,6.431257,1.999802,1.640054,1.619198,1.608418,1.603188,1.566083,40
921,1.684463,1.770397,1.859065,2.116465,6.647002,2.796488,6.683398,2.543531,6.512125,2.041538,1.626835,1.592388,1.592317,1.590855,1.566467,40
922,1.633894,1.703547,1.82513,2.075557,6.439358,2.802074,6.488813,2.370532,6.475882,1.891703,1.59618,1.58041,1.575861,1.571986,1.550621,40
923,1.626823,1.69036,1.797391,2.087825,6.724003,2.824011,6.745677,2.409462,6.647082,1.904379,1.56832,1.536095,1.523534,1.527301,1.498954,30
924,1.701616,1.802297,1.904388,2.162275,6.69186,2.714461,6.732316,2.584454,6.743071,2.026514,1.669392,1.647984,1.634752,1.635144,1.613052,30
925,1.645824,1.700502,1.803181,2.019632,6.228174,2.701178,6.221921,2.381752,6.154354,1.986456,1.612748,1.584385,1.583873,1.591423,1.544817,30
926,1.735787,1.792157,1.909878,2.173314,6.446005,2.850172,6.44901,2.445135,6.35108,2.060595,1.701135,1.607767,1.619699,1.618065,1.59973,20
927,1.644848,1.722937,1.863193,2.08734,6.340405,2.741482,6.363266,2.325347,6.359566,1.903048,1.578285,1.540369,1.532622,1.540162,1.509374,30
928,1.696503,1.765916,1.899826,2.172357,6.573238,2.792219,6.601198,2.458764,6.551591,1.952551,1.645552,1.609801,1.598756,1.604116,1.574078,30
929,1.649863,1.65685,1.831774,2.125553,6.475657,2.862619,6.536358,2.402122,6.538928,1.942909,1.618563,1.568812,1.571957,1.563731,1.541748,40
930,1.74557,1.827971,1.956829,2.28928,6.856052,3.016885,6.85105,2.65885,6.764384,2.073072,1.651117,1.646842,1.634688,1.620168,1.608059,40
931,1.718751,1.789827,1.915818,2.179285,6.747152,2.922903,6.722954,2.549121,6.737033,2.035036,1.642853,1.615706,1.620243,1.614616,1.597387,40
932,1.701152,1.770135,1.900026,2.157825,6.648099,2.814812,6.624263,2.453332,6.665126,2.012578,1.63897,1.614843,1.609428,1.604928,1.59091,40
933,1.765646,1.868421,1.946701,2.334179,6.754922,2.992435,6.791128,2.636755,6.669386,2.053916,1.720101,1.697849,1.685391,1.68783,1.665908,30
934,1.640291,1.713935,1.814415,1.988328,6.089406,2.597691,6.128396,2.338146,6.026673,1.852522,1.617366,1.552919,1.542333,1.542654,1.511969,30
935,1.718678,1.779138,1.841585,2.095484,6.610454,2.737599,6.657234,2.378403,6.603116,1.938721,1.643068,1.596911,1.594915,1.596944,1.556148,30
936,1.553158,1.595274,1.6883,2.033654,6.247669,2.699639,6.290064,2.334341,6.293274,1.900384,1.539354,1.487942,1.490091,1.496138,1.460273,20
937,1.659375,1.718694,1.872444,2.135447,6.484808,2.686143,6.517075,2.496673,6.494875,2.034716,1.636056,1.597715,1.595075,1.598616,1.564623,30
938,1.604463,1.674939,1.810327,2.006017,6.248356,2.727534,6.311895,2.35429,6.323429,1.882881,1.570706,1.523152,1.518686,1.522176,1.498799,30
939,1.662475,1.718715,1.907567,2.247837,6.618672,2.827295,6.706022,2.531515,6.631157,2.006256,1.615438,1.577247,1.570184,1.56789,1.544383,40
940,1.650051,1.760707,1.90115,2.137295,6.618805,2.805406,6.631308,2.404509,6.547241,1.965118,1.621966,1.577012,1.566313,1.562495,1.52136,40
941,1.803983,1.826233,1.976832,2.285887,6.853286,3.057209,7.099627,2.695764,7.02163,2.121268,1.773419,1.717068,1.71239,1.716094,1.691739,30
942,1.737402,1.811426,1.872659,2.154392,6.636369,2.773488,6.727216,2.53377,6.662606,2.022266,1.661778,1.630995,1.636705,1.639349,1.607992,20
943,1.714142,1.777852,1.996401,2.252686,6.656994,2.874267,6.772338,2.524897,6.679302,2.053137,1.655652,1.647922,1.645813,1.642899,1.610542,40
944,1.638591,1.726695,1.792426,2.047523,6.545227,2.598984,6.593566,2.435613,6.468822,1.894653,1.616177,1.586262,1.587776,1.58619,1.563908,40
945,1.645481,1.685599,1.795523,2.119377,6.649696,2.831575,6.649088,2.551492,6.584196,2.004235,1.603157,1.584552,1.576932,1.576932,1.561698,30
946,1.793622,1.854834,2.016115,2.360685,6.695262,3.230058,6.723848,2.652097,6.679012,2.064045,1.71295,1.689098,1.668442,1.666154,1.641005,40
947,1.771055,1.820628,1.945441,2.20763,6.924258,2.959535,6.978946,2.521403,6.909728,2.027028,1.695338,1.661738,1.662173,1.661765,1.627199,20
948,1.693629,1.789262,1.97242,2.209251,6.566122,2.861287,6.601304,2.585907,6.55492,2.02429,1.65112,1.609875,1.602304,1.602245,1.575383,40
949,1.715306,1.772986,1.922878,2.21698,6.407862,2.894599,6.487498,2.410924,6.410373,1.99552,1.643564,1.615122,1.612611,1.598992,1.587628,40
950,1.708456,1.756972,1.911076,2.178119,6.717821,2.852165,6.764811,2.523482,6.685592,2.072023,1.657444,1.635073,1.637345,1.629644,1.59974,40
951,1.670892,1.723048,1.805597,2.062839,6.408012,2.750348,6.448113,2.404392,6.466944,1.915929,1.640848,1.625509,1.620276,1.620346,1.595274,30
952,1.657442,1.71776,1.741939,2.015008,6.41759,2.678565,6.466744,2.390264,6.371475,1.932566,1.590058,1.559306,1.556078,1.552519,1.527614,40
953,1.656294,1.750558,1.874287,2.182027,6.6076,2.845279,6.624314,2.540762,6.610967,1.924503,1.609273,1.56757,1.562282,1.56573,1.539986,30
954,1.573598,1.628587,1.764226,2.105814,6.367972,2.620526,6.477619,2.368529,6.469983,1.906499,1.549531,1.515052,1.510689,1.505516,1.482169,40
955,1.711164,1.804345,1.950009,2.210333,6.631408,2.992131,6.644198,2.536385,6.595748,2.025628,1.662147,1.625606,1.62525,1.625794,1.602797,30
956,1.679685,1.732407,1.863916,2.0093,6.863898,2.741014,6.84141,2.465859,6.808066,1.955961,1.662005,1.635633,1.634718,1.624898,1.601013,40
957,1.723091,1.781473,1.895017,2.199515,6.295772,2.751875,6.34114,2.553203,6.35875,1.998691,1.662791,1.631058,1.632114,1.632902,1.610923,20
958,1.746774,1.82357,1.976394,2.259366,6.724034,2.875704,6.763372,2.604654,6.69491,2.059635,1.670725,1.650912,1.65029,1.652363,1.617803,30
959,1.643995,1.732867,1.888773,2.131913,6.631636,2.854861,6.641348,2.503306,6.645134,2.023376,1.619827,1.583041,1.582208,1.587221,1.564648,30
960,1.663824,1.736855,1.845107,2.143212,6.460701,2.787152,6.470856,2.467382,6.387043,1.98687,1.621372,1.592298,1.577272,1.580331,1.547118,30
961,1.69909,1.761881,1.92628,2.234135,6.6816,2.990744,6.691571,2.562701,6.61147,2.073117,1.657009,1.617965,1.608109,1.607208,1.579852,40
962,1.702992,1.765894,1.859834,2.193963,6.367759,2.928708,6.425363,2.428691,6.302014,2.000984,1.646241,1.625642,1.619705,1.628161,1.592882,30
963,1.651761,1.771848,1.881049,2.118716,6.343416,2.776441,6.385102,2.491613,6.382607,1.969991,1.57346,1.559222,1.549785,1.547493,1.526893,40
964,1.657166,1.711597,1.840574,2.175655,6.74679,2.803092,6.781374,2.402541,6.594448,1.919517,1.611922,1.570312,1.558503,1.565563,1.524592,30
965,1.6971,1.767825,1.917274,2.189659,6.443868,2.951915,6.482402,2.556584,6.402163,2.007805,1.631731,1.614032,1.61557,1.616738,1.577481,20
966,1.700486,1.772478,1.925259,2.23212,6.849075,2.966128,6.981984,2.507531,6.897106,2.031543,1.651323,1.642558,1.644563,1.639984,1.62128,40
967,1.621982,1.696322,1.757473,2.14683,6.561094,2.758578,6.621578,2.446071,6.594003,1.914349,1.558926,1.544957,1.538051,1.538157,1.519639,30
968,1.706373,1.769673,1.899542,2.180689,6.490753,2.763165,6.614455,2.578591,6.552559,1.983516,1.675484,1.632695,1.628209,1.627697,1.621127,40
969,1.645567,1.74319,1.866834,2.101517,6.249434,2.63088,6.261507,2.399791,6.22641,1.994813,1.608231,1.570271,1.568727,1.56521,1.546609,40
970,1.657195,1.737125,1.873914,2.114341,6.760783,2.78542,6.816949,2.446606,6.788053,1.986613,1.627981,1.602387,1.605115,1.602878,1.575092,20
971,1.652975,1.702584,1.846187,2.015667,6.499503,2.643441,6.540444,2.493109,6.55943,1.921521,1.576932,1.567306,1.564856,1.568455,1.532424,30
972,1.798106,1.865327,2.00979,2.292488,6.54258,2.976149,6.600292,2.702994,6.572647,2.121955,1.730914,1.702593,1.702748,1.706058,1.68164,20
973,1.733543,1.81045,1.87568,2.125819,6.577307,2.790428,6.763733,2.442731,6.684739,1.976404,1.652078,1.619508,1.619406,1.618487,1.59991,40
974,1.676222,1.768328,1.88748,2.16966,6.232614,2.838672,6.303065,2.451745,6.274131,1.890655,1.596119,1.572765,1.559014,1.556961,1.535655,40
975,1.673369,1.698819,1.824959,1.979572,6.466757,2.657936,6.460554,2.374496,6.439637,1.917265,1.633834,1.56279,1.5665,1.56817,1.543046,20
976,1.618547,1.676785,1.786305,2.118425,6.381875,2.664423,6.393346,2.338758,6.303097,1.910205,1.557141,1.541282,1.528809,1.532215,1.510003,30
977,1.64538,1.685256,1.764095,2.10683,6.308341,2.913114,6.408165,2.346603,6.395968,1.949115,1.594375,1.5846,1.577377,1.56893,1.540498,40
978,1.773019,1.862235,1.972579,2.241549,7.04157,2.931147,7.032695,2.664212,6.990878,2.11463,1.743187,1.69396,1.694032,1.684566,1.660882,40
979,1.572423,1.643236,1.795419,2.085464,6.005474,2.556079,6.017894,2.349388,6.010466,1.88987,1.528545,1.496125,1.493161,1.496601,1.471598,30
980,1.689928,1.784709,1.926495,2.110643,6.477472,2.803288,6.522882,2.497435,6.408366,1.956554,1.630485,1.600014,1.591326,1.592727,1.575985,30
981,1.768538,1.866128,2.033567,2.272355,6.687466,3.048569,6.72734,2.514899,6.585107,2.004335,1.692971,1.65695,1.650248,1.650598,1.625585,30
982,1.691009,1.744858,1.902865,2.167641,6.503401,2.833611,6.511683,2.415044,6.442038,1.969098,1.653095,1.612364,1.614208,1.619577,1.593346,20
983,1.703706,1.755681,1.880201,2.212257,6.662639,2.943903,6.700196,2.547542,6.634774,1.965926,1.671325,1.623927,1.621764,1.622417,1.608032,30
984,1.669828,1.754255,1.875434,2.09404,6.595202,2.856773,6.633979,2.412906,6.457236,2.007999,1.619107,1.593189,1.588963,1.588375,1.557675,40
985,1.64513,1.712871,1.901851,2.159327,6.387519,2.85489,6.480488,2.486663,6.371262,1.972513,1.613536,1.550615,1.54801,1.55395,1.525582,30
986,1.633883,1.70389,1.823127,2.099863,6.440048,2.763428,6.553198,2.383127,6.514818,1.874164,1.573742,1.562436,1.551582,1.552643,1.525634,30
987,1.662026,1.722775,1.816217,2.196956,6.687585,2.823629,6.66918,2.495179,6.588133,1.921886,1.590501,1.573437,1.58258,1.573699,1.549093,20
988,1.739224,1.804523,1.947755,2.274819,6.772284,2.946584,6.757244,2.627657,6.729148,2.076616,1.686439,1.627232,1.618718,1.618501,1.590289,40
989,1.683763,1.761179,1.917281,2.184428,6.537831,2.916182,6.545601,2.506465,6.494923,1.999601,1.615342,1.613532,1.6097,1.591726,1.55799,40
990,1.638885,1.733652,1.8344,2.146355,6.370859,2.874445,6.334004,2.458006,6.33273,1.995126,1.624034,1.585391,1.587618,1.581183,1.555842,40
991,1.703782,1.737934,1.825687,2.047267,6.467432,2.676362,6.498912,2.425468,6.470111,1.937049,1.654806,1.597786,1.599232,1.599783,1.55345,20
992,1.711056,1.779095,1.898787,2.155169,6.526798,2.727415,6.549776,2.59413,6.49726,2.005187,1.654623,1.607699,1.606154,1.60542,1.585436,40
993,1.663682,1.69609,1.833705,2.101657,6.461509,2.773871,6.484501,2.474598,6.421739,1.984563,1.596589,1.553645,1.542769,1.547362,1.518506,30
994,1.739737,1.764558,1.839857,2.19529,6.438098,2.647874,6.503252,2.384399,6.466406,1.972038,1.610124,1.598091,1.581687,1.588317,1.564065,30
995,1.630207,1.70218,1.833579,2.087631,6.37279,2.55984,6.441947,2.410103,6.336107,1.944763,1.577878,1.559384,1.545651,1.54444,1.53391,40
996,1.616126,1.6466,1.768748,2.042066,6.238621,2.747282,6.29126,2.345248,6.275218,1.838942,1.539086,1.522867,1.521468,1.517874,1.50291,40
997,1.700022,1.802439,1.930781,2.2451,6.66539,2.91516,6.66977,2.458957,6.549612,1.98995,1.667075,1.62008,1.623797,1.623368,1.605963,20
998,1.712704,1.729849,1.859207,2.182076,6.842017,2.873586,6.856688,2.626773,6.84146,1.988258,1.677261,1.651429,1.625765,1.631828,1.597929,30
999,1.616369,1.669063,1.818579,2.08924,6.535877,2.708087,6.653726,2.421879,6.643128,1.992519,1.592754,1.564809,1.565464,1.558122,1.53133,40
