instance,-40,-30,-20,-10,-5,-2,-1,1,2,5,10,20,30,40,best_k
0,9.7571,12.025,18.7128,32.7659,309.3613,74.0634,315.2454,57.1432,306.9672,24.1946,5.4314,2.2167,1.5595,1.6117,30
1,5.3309,9.1213,19.5624,34.5089,308.952,81.5048,309.0939,50.5551,310.5591,24.8195,3.5389,2.4169,2.2796,1.8869,40
2,7.5443,10.4046,18.1766,38.2777,322.0397,79.5094,324.9203,58.0616,322.8409,24.2434,3.8807,2.0285,1.6159,1.6177,30
3,7.8501,13.2593,20.9973,46.3192,325.6464,93.3909,327.1015,61.9793,318.8973,28.9817,4.7264,2.2047,2.0104,1.9064,40
4,9.0608,12.3448,19.0834,37.7706,314.6695,80.6386,319.8872,60.3825,316.9127,24.9871,3.3747,2.2295,1.7561,1.7529,40
5,5.782,10.3128,16.3271,34.5845,323.1897,78.5872,322.9764,57.3113,322.6337,28.7,3.272,1.3723,1.1684,1.1715,30
6,6.9202,12.8166,17.3665,39.4175,327.2504,82.8494,326.6533,59.1333,323.9785,29.6215,5.2015,1.4702,1.6959,1.918,20
7,9.8094,12.5443,22.6058,37.2137,315.0947,88.2397,315.0576,56.0541,310.2668,28.6766,4.7202,2.3312,3.0837,2.6458,20
8,7.1533,12.1439,17.1647,36.4844,305.6016,69.8547,304.6842,54.2424,303.4682,27.2874,3.3642,1.5233,1.0134,0.9781,40
9,6.5702,7.5052,14.0252,40.0149,324.3046,79.6267,326.4242,68.0393,325.9267,33.4712,3.2212,1.7323,1.8739,1.9374,20
10,6.2106,10.53,19.4547,37.0707,320.6072,79.0077,323.9472,56.5819,320.7831,23.6028,3.9076,1.9026,1.6565,1.281,40
11,6.2014,7.1009,17.7154,38.3431,327.7941,80.7691,328.9177,61.7279,325.8958,26.5703,3.2503,1.8095,2.0217,1.6594,40
12,6.6451,11.0394,21.1339,37.2319,311.811,81.4281,311.4773,58.2521,310.0556,23.7435,3.2754,1.9551,2.165,1.9386,40
13,7.3997,10.034,18.3814,32.1015,329.1856,75.8548,329.0404,54.7776,324.4552,22.0598,2.5713,2.1258,1.5533,1.2235,40
14,7.6934,9.0845,21.3074,37.5054,317.4328,98.5568,321.0029,66.3824,320.8317,27.7539,2.1321,1.7971,1.4418,1.6524,30
15,7.6691,10.223,22.3311,40.5927,330.1439,87.2076,335.2159,60.6956,331.1478,30.857,4.4622,2.7607,2.7676,2.1226,40
16,6.5538,9.4244,16.4616,29.8067,311.2909,82.2256,316.3969,55.1163,311.7124,25.1881,4.056,1.1483,1.0947,1.3067,30
17,10.947,14.495,25.7813,46.8007,321.9909,91.2132,325.7838,66.6675,320.3853,27.4889,9.517,2.8513,3.7455,2.6863,40
18,6.5186,9.4719,18.7488,35.16,307.9094,86.9335,306.9985,55.1861,306.6417,26.4741,4.5878,1.4359,2.005,2.1396,20
19,7.3648,9.8154,16.6262,31.3694,309.7414,72.2609,310.0302,54.883,307.6688,23.9649,3.4823,1.5897,1.6926,1.9235,20
20,6.6886,12.2294,19.0036,39.1087,316.1749,90.8117,315.4327,60.812,315.665,23.7893,2.9484,1.2184,1.9291,2.027,20
21,4.8602,8.3108,15.3901,28.5109,311.1181,71.82,310.4541,53.8657,307.5911,25.0507,4.5046,1.0195,0.9629,0.6697,40
22,7.2001,10.9872,24.0057,42.913,343.5394,84.5339,342.9693,60.0067,336.8878,21.8524,3.4155,1.4317,1.1778,1.0323,40
23,7.1083,11.7529,20.0303,34.718,322.3075,80.0053,323.5305,60.9774,318.798,24.72,4.8861,2.7972,2.9486,2.4193,40
24,6.1724,12.4896,21.2067,38.147,331.9289,92.3044,338.8344,59.756,333.5433,29.9634,5.4153,1.4296,1.1439,1.6806,30
25,5.853,9.9114,20.0333,34.8359,306.176,84.4576,311.9599,60.9655,309.8763,21.306,4.5121,1.6156,1.8361,1.8217,20
26,3.4141,7.1673,17.283,36.9217,314.7718,75.1698,314.1765,57.9447,304.5154,24.8378,1.9807,0.4489,0.491,0.4638,20
27,6.4425,10.6859,20.1045,36.3749,318.8428,83.9138,314.6134,60.3957,314.0049,27.1642,3.8586,1.0767,0.9704,0.9704,30
28,5.5155,11.9712,19.2987,34.5772,323.4418,71.4622,324.9451,52.1813,320.6891,24.2543,5.1645,1.2467,1.3469,1.4667,20
29,6.7232,10.1969,18.6116,41.6407,307.0561,86.5523,312.7943,54.2445,307.5878,24.4924,3.7661,1.444,1.0609,1.2,30
30,8.049,10.6374,16.3238,30.9605,294.2982,63.3801,297.5749,49.4482,293.86,26.9201,3.97,2.0701,2.39,2.3687,20
31,5.138,11.0396,18.3531,37.9668,329.4672,78.5275,331.6304,59.594,321.0762,30.1881,2.6326,1.8095,1.9346,1.2699,40
32,5.7625,11.717,18.9428,42.9375,325.6899,90.4746,328.1414,58.7509,317.7876,23.7277,3.1218,1.7815,1.0152,1.1193,30
33,6.5212,9.2822,16.1674,34.9695,316.8861,87.7184,318.804,61.3925,315.1565,25.4631,5.1575,2.2231,1.8457,2.0792,30
34,8.8855,14.0173,24.2624,42.0036,327.1925,88.985,336.0781,59.5472,330.3055,23.634,4.3992,3.0405,2.2513,2.6649,30
35,5.9132,10.0461,18.2476,37.3541,334.6407,79.3001,333.746,58.9613,331.2551,26.2734,3.0614,1.0296,1.1209,1.2458,20
36,6.7216,12.2684,23.3727,42.2989,318.6442,87.1402,319.9265,60.7298,318.091,33.8873,4.5394,2.7724,2.3,2.233,40
37,10.1184,15.94,21.4416,37.0609,321.9388,87.3432,323.5199,60.4392,319.8542,25.7361,4.3758,4.2001,2.888,3.2305,30
38,7.393,9.802,18.4542,37.1266,312.3477,84.5817,314.1116,59.2893,307.7372,21.3266,3.2361,1.7387,1.554,1.4114,40
39,6.5677,11.7761,18.2086,31.6128,321.8887,74.335,321.5119,51.3943,317.1751,24.789,5.0164,1.866,1.8156,1.3827,40
40,8.4313,11.0016,19.6999,37.8634,304.3781,82.5177,313.7328,54.389,310.373,27.4142,2.3241,1.3409,1.2583,1.1081,40
41,8.7207,11.8555,22.9348,38.4329,320.0485,85.6204,320.0756,61.6835,315.8622,32.1644,6.3039,3.3704,2.9798,2.8645,40
42,5.5935,10.2139,17.8694,41.7879,320.1446,89.2042,323.0661,53.0574,316.7107,26.8106,2.961,1.5792,1.1495,1.5689,30
43,5.2763,8.6274,16.0061,29.364,323.6995,78.9143,327.8197,49.422,323.0374,23.7276,3.7486,1.5861,2.1123,1.783,20
44,8.3436,15.9729,25.3048,42.3487,318.5003,74.9374,319.942,68.7325,321.6672,29.2847,4.3328,1.7417,1.8905,1.6475,40
45,5.8068,9.704,20.0713,36.9759,287.8247,74.6975,291.046,62.0695,285.6218,26.5626,4.8291,2.0067,1.6029,2.1196,30
46,5.6102,9.6565,18.6442,36.2238,305.3933,73.1697,308.1882,51.8452,301.6691,21.4132,4.1028,1.7782,1.5836,1.2117,40
47,8.324,15.8646,20.2508,36.8742,320.2113,83.1348,321.9217,65.203,317.6681,27.5571,5.0998,2.6558,2.2837,2.324,30
48,5.7524,11.8632,22.3229,44.5067,338.1838,92.4656,339.4712,59.4465,332.5665,26.3564,4.4333,2.9246,1.9903,2.3361,30
49,7.584,10.206,15.9862,39.0037,319.3068,83.4567,321.4513,64.504,315.7572,28.2933,5.1236,2.5832,1.568,1.4704,40
50,5.1539,8.5881,17.6963,36.0877,309.4546,71.4569,311.7893,44.1474,307.3628,20.4809,4.2201,1.6529,1.2314,1.4398,30
51,6.9695,10.1735,15.7117,32.2433,335.2887,89.4012,338.7382,62.1987,333.2301,26.3315,4.4912,3.443,2.9705,3.0264,30
52,7.4356,10.6604,17.2766,34.1322,311.4171,75.4546,315.2201,53.8051,308.2489,28.4912,2.6801,1.7008,2.0815,1.4013,40
53,8.4419,12.7775,20.8168,34.2206,331.6426,81.7138,334.0134,53.0596,327.6632,27.0141,4.2511,1.64,2.4409,1.3646,40
54,6.3801,10.1773,20.8821,44.0615,314.5472,87.2852,319.8316,57.3774,319.6474,22.4527,4.4422,2.2042,2.023,2.0164,40
55,7.8172,13.123,20.5167,41.975,323.3512,87.0695,325.1739,63.9148,321.9442,28.5942,3.7241,2.788,2.7553,2.8323,30
56,6.6271,12.5681,21.774,39.5765,324.9943,88.0337,331.9305,59.3135,327.4805,31.9125,4.0313,3.0539,3.1019,2.4515,40
57,8.9177,13.4114,21.5144,41.6266,340.8742,82.2678,345.9574,59.8668,340.5775,28.0088,7.289,3.0415,2.5227,1.8195,40
58,5.9974,12.0648,20.1479,42.9871,321.3545,98.1602,321.8788,65.6304,317.917,25.7223,4.1407,2.8725,2.5176,1.9201,40
59,5.965,11.7594,24.0643,46.8321,326.2769,91.5137,329.3642,66.2957,322.6338,29.292,4.1245,1.8783,2.3433,2.4683,20
60,8.3034,11.1103,20.3769,37.9131,333.8934,89.6781,336.6041,63.5624,331.8278,33.2489,5.416,2.445,2.9621,2.7993,20
61,7.627,13.0281,19.8644,33.4258,315.308,73.9014,317.9749,64.8141,314.0744,29.7499,4.0192,2.5058,2.4755,2.4897,30
62,8.2591,10.483,21.43,46.682,315.1401,93.3554,317.0736,66.8659,316.627,26.218,2.7642,0.4669,0.596,0.5727,20
63,7.1781,14.8721,19.4476,34.0734,304.5004,79.3239,307.5238,59.5995,307.3678,31.0641,2.7343,1.1197,0.9957,0.9978,30
64,5.66,11.6806,25.7045,34.0731,349.556,77.235,350.0529,63.3686,345.5004,25.2545,4.5672,2.225,1.5937,1.747,30
65,5.9145,10.0153,16.6804,32.1952,321.5918,78.9882,323.1308,55.8633,319.0747,26.7376,3.4114,1.4342,1.4233,1.3342,40
66,6.5421,13.7296,21.7976,41.6612,335.1221,90.9806,339.4423,59.445,335.4656,25.0075,3.9025,2.3162,1.742,1.5956,40
67,5.5938,9.5714,16.6333,37.2755,302.3078,72.6338,302.7806,53.7765,303.1703,23.1593,3.5207,1.8383,1.4963,1.8548,30
68,5.3179,11.8053,19.6368,30.4056,309.9467,70.0883,316.0333,55.9054,314.7921,24.6015,2.2417,1.2008,1.336,1.1268,40
69,6.3371,8.9576,17.0622,38.0966,317.3311,77.1593,320.2827,60.7498,316.2252,29.1983,2.3437,0.86,0.8552,0.8522,40
70,6.2312,10.495,21.1953,42.016,327.149,92.0595,333.376,60.4696,332.1417,27.8889,2.9665,1.7219,1.99,1.9071,20
71,8.3488,11.6802,20.2866,34.0368,308.2218,72.1973,314.8343,61.0283,306.6247,26.09,3.7052,1.5108,0.9687,1.3762,30
72,7.7929,12.0593,19.8241,39.504,310.8556,83.6717,312.3209,55.7883,304.2953,26.4408,3.1328,1.276,1.4379,1.2363,40
73,7.0262,10.1159,22.657,41.8827,315.094,75.2982,313.0517,59.1841,312.4713,30.295,3.3891,2.1216,2.0673,1.7143,40
74,6.423,11.3179,22.206,33.645,317.7218,77.7612,316.4603,68.1437,316.1132,26.7989,5.4761,2.351,1.9395,1.2983,40
75,7.019,11.7336,25.8311,47.4235,310.8059,83.3846,327.949,55.248,317.9071,24.5529,5.4999,2.2533,2.0213,2.0302,30
76,10.6796,14.7719,19.4019,40.7063,325.2332,84.6989,328.9068,66.1452,323.0718,24.797,5.6238,2.8884,1.9164,2.2907,30
77,5.9536,9.1008,16.1095,38.4708,311.7336,75.6014,317.7994,57.5691,310.1639,29.0965,4.4709,2.7078,1.9814,1.9352,40
78,8.0312,10.4966,19.4929,33.1179,310.3393,75.0355,313.538,64.6337,313.9705,23.1331,3.2588,1.7284,0.8982,0.7224,40
79,7.809,10.9528,20.139,40.9819,326.6563,89.0282,330.2755,58.0057,324.2952,25.9582,3.4576,1.4432,1.5801,1.2346,40
80,4.4605,6.8074,17.0169,37.0218,312.4223,83.6815,313.4217,57.6643,307.4106,25.8044,3.332,1.1208,1.1305,0.9574,40
81,6.3115,10.6252,20.3729,38.5644,330.9716,95.3315,331.5049,59.6277,325.9522,33.35,3.6939,1.856,1.5521,1.1974,40
82,7.4688,9.9102,17.7145,37.2146,316.9637,77.1232,323.3299,54.3754,320.9412,20.5738,5.0287,2.614,2.4523,1.7387,40
83,7.4037,12.694,20.8604,34.5465,306.9495,75.6263,306.6953,52.8998,304.1674,30.5529,3.5988,1.2639,1.2754,1.4859,20
84,6.3234,10.0172,14.1933,36.7122,288.4343,69.4491,288.049,49.0575,288.7036,19.0369,3.2738,2.3654,1.892,2.3328,30
85,5.1503,8.0699,16.0176,30.9164,306.358,70.2741,305.9755,57.4141,302.8966,24.0104,2.7949,0.9237,0.9151,0.8797,40
86,6.7406,9.0039,15.3383,40.2198,312.4996,81.4126,313.6771,58.0061,313.4445,23.2034,3.5697,1.9525,1.3302,1.5209,30
87,9.4254,13.8618,24.1546,43.4392,313.0472,83.5777,317.4438,50.9872,315.211,32.4714,3.8257,2.0743,1.4901,0.948,40
88,7.0813,8.8896,17.5864,35.5125,314.6254,71.4739,314.7246,56.0019,309.6191,25.4611,3.9466,1.7175,1.293,1.3406,30
89,7.9512,11.7044,20.4181,38.5708,326.1666,79.7074,328.3144,57.7493,323.186,25.073,5.6476,2.0331,2.3531,1.7834,40
90,6.4364,11.3574,18.941,33.4836,297.9144,83.7738,301.959,58.3495,298.39,24.7786,1.965,0.8636,1.0675,0.8231,40
91,3.0238,10.1595,16.7359,39.3312,314.2662,73.9031,316.2336,58.1934,313.8252,22.784,3.5888,1.1107,1.0061,1.2834,30
92,5.8189,10.648,17.6728,33.7401,313.2325,72.8778,315.4634,45.9568,312.2585,26.6087,3.4808,2.0048,1.5167,1.4423,40
93,6.4893,10.5099,19.1227,40.2522,317.4879,82.4577,317.6238,60.1454,309.1618,24.9104,3.0877,2.4571,1.2404,1.2404,40
94,5.4972,9.1853,15.3064,36.6238,309.3076,75.6434,308.5356,53.1286,309.0755,24.8185,2.9859,1.532,1.7737,1.2529,40
95,6.9172,11.1281,20.7747,37.7448,305.6283,79.268,304.5112,61.6112,302.3075,28.2986,2.448,1.3471,1.1661,0.9572,40
96,6.7734,12.0088,19.2407,35.829,325.907,81.4876,328.4706,55.771,324.5236,24.6944,3.331,1.6365,1.8273,2.0278,20
97,6.2689,11.4873,20.8407,38.916,316.9609,88.3979,318.7913,61.5712,313.1767,29.5462,2.3774,1.0866,0.9204,0.9549,30
98,7.1537,11.8161,19.7824,38.6837,306.7633,76.1852,312.0495,62.8244,302.5875,29.0981,3.7879,2.0623,1.7196,1.3718,40
99,6.0085,12.3396,20.152,36.6049,326.3805,79.0229,328.829,54.4097,324.6941,27.031,5.7122,2.1039,2.199,1.771,40
100,7.0998,12.0846,21.2792,39.9011,333.2751,96.4546,340.1379,58.1216,332.4291,30.9823,4.4955,2.3029,1.9793,1.8661,40
101,6.0315,10.9029,15.9064,41.2235,325.1507,95.4836,325.0063,53.3077,318.1436,24.0389,3.5616,2.0855,2.4004,2.2853,20
102,8.1561,9.2208,18.9673,41.6954,326.1044,85.4464,325.9841,52.9027,320.1033,22.8824,2.3736,1.1679,1.344,1.124,40
103,8.2884,12.8488,21.0538,44.5154,338.4087,87.8301,340.5776,58.3925,331.6589,27.3455,4.6587,2.4412,2.7077,2.4817,20
104,8.7209,11.5622,21.3666,42.8075,322.2512,83.0735,325.3239,62.3209,321.9667,29.5028,3.6559,1.4845,1.5445,1.4101,40
105,7.3104,10.0361,17.5736,31.7144,306.1815,75.0461,309.6891,57.6985,308.8526,21.2485,4.0078,2.0944,1.687,1.3074,40
106,5.2941,10.5829,16.1728,33.4679,311.5089,69.0388,315.1056,49.747,312.0999,21.4918,2.9376,1.8602,1.1808,1.1133,40
107,5.5621,9.4342,21.2992,39.8999,309.8211,85.922,310.6022,55.599,307.377,33.0388,4.0938,1.5052,2.2056,2.6936,20
108,7.4851,12.4066,18.6459,36.2782,298.1435,79.5252,301.0955,61.472,297.9467,23.9988,5.1838,2.5832,2.236,2.5433,30
109,7.0945,9.3164,19.8762,35.9268,311.7737,72.6017,317.895,62.9375,316.3339,29.1981,3.7729,2.6815,1.8416,2.4125,30
110,8.9251,11.3008,18.2792,33.4427,321.7085,82.772,324.7416,67.1708,317.2633,27.5463,3.3149,2.4551,2.8748,2.5998,20
111,9.6162,12.7809,21.7146,41.7303,314.2961,77.9839,318.0842,66.06,318.5235,32.6385,4.6929,2.406,2.342,2.3138,40
112,8.7143,13.838,21.474,42.309,340.6719,72.4521,341.6733,62.3344,331.3512,29.9182,3.8159,2.896,2.4177,1.9457,40
113,3.7676,7.1943,15.5817,31.6415,321.2742,71.8248,322.3996,48.9054,321.1156,26.9311,3.0086,1.9729,1.9245,1.8428,40
114,6.6224,11.2815,15.8137,35.2869,308.5573,81.9716,310.1549,51.8668,308.4186,29.1012,4.179,1.7702,1.9475,1.9793,20
115,7.0051,11.0906,23.1371,46.1957,315.5323,98.6012,321.3412,59.8152,313.8742,29.2367,4.5696,1.76,1.9781,1.6815,40
116,5.1909,9.4882,17.4625,33.1171,305.6898,76.5875,306.9605,55.4231,301.8725,21.8522,3.792,1.2992,1.1789,1.1686,40
117,9.7248,13.5024,21.4412,41.4173,324.6371,86.7077,329.2907,61.6354,322.3719,25.0935,4.6997,3.13,2.8349,2.1637,40
118,5.8106,10.0703,15.3416,34.1553,318.5168,81.4841,320.9218,52.1476,317.992,20.4669,3.5583,1.6112,1.7613,2.0307,20
119,5.4383,9.2542,20.2467,39.3315,322.4386,83.5654,325.4243,61.9134,321.3529,27.1966,2.2666,0.9529,1.0411,0.7307,40
120,9.0872,11.0775,15.2473,31.785,321.8885,73.8667,322.1428,54.4606,318.8938,23.7136,3.8945,2.5982,1.4263,1.4966,30
121,8.1905,9.5171,17.9789,29.2439,304.297,68.8555,304.1779,48.4432,304.7872,22.5116,3.0394,2.415,2.319,2.3509,30
122,5.9485,9.9918,21.8518,44.6849,318.0231,67.6111,319.2413,59.8488,316.5567,25.7318,3.0704,1.4648,1.2155,1.1972,40
123,7.5289,8.9108,15.1357,32.6848,306.1093,72.0985,306.1624,49.9602,305.6783,24.7645,2.3868,1.4866,1.8036,0.945,40
124,7.2106,12.5163,21.4787,36.8824,307.2925,81.4867,310.9241,59.2826,308.8757,27.5948,4.3046,3.1044,2.9204,2.7076,40
125,7.9209,10.7429,17.0967,36.1148,333.3511,78.665,334.9438,62.4783,333.4135,23.9888,3.4912,1.6621,1.0708,1.1767,30
126,5.8995,9.4215,19.9334,38.0551,317.4556,86.0003,316.152,65.9147,313.5724,31.3212,4.4664,1.8109,1.5181,1.3531,40
127,3.821,7.7598,17.549,34.2586,319.1896,75.3129,324.0287,57.4937,319.4456,24.5531,3.5219,1.6328,1.4258,1.5545,30
128,8.3527,14.0025,19.5899,38.3323,333.6472,85.411,336.7495,69.0661,332.0285,28.9314,2.8678,0.7177,0.8915,1.0316,20
129,9.4654,13.7663,25.0492,39.742,313.2248,78.4393,321.0839,60.0581,314.3546,26.0292,1.9811,1.5361,1.4101,1.2294,40
130,5.6107,10.5794,18.3693,32.247,314.8161,80.561,321.8791,56.7637,307.9116,26.2268,2.815,1.301,1.4893,2.0388,20
131,8.755,12.5259,16.7928,36.6801,315.8336,75.7348,315.8802,56.6531,315.0014,24.5577,5.5246,2.5712,2.0415,2.236,30
132,9.2527,13.7375,21.9831,43.5331,331.1671,90.3861,332.4913,64.0288,332.2526,28.6865,5.6912,3.0219,2.643,2.7472,30
133,8.2422,12.2463,22.5368,34.8419,320.721,78.6445,318.832,57.5878,317.5301,27.0785,6.5848,2.4703,2.0532,1.6318,40
134,7.7693,10.604,17.5183,25.8763,309.4861,74.0659,315.4155,57.6688,306.8071,24.0789,2.3776,1.5838,0.6818,0.5757,40
135,9.416,15.779,24.766,43.9734,331.7661,98.3957,334.7539,63.8022,331.3834,27.9562,5.1915,2.0633,1.6486,1.7899,30
136,7.6359,12.7628,21.6627,33.8233,316.7555,74.0833,317.3508,57.1441,316.241,27.6354,3.2941,1.952,1.925,1.4933,40
137,6.9749,11.2452,19.7004,41.4855,314.0458,84.0943,316.4712,63.2929,309.1985,31.4554,3.7714,2.3476,1.8447,1.5066,40
138,6.8221,8.9638,17.749,35.5067,330.9647,82.743,333.7452,58.9023,329.7243,23.2091,5.0138,2.2341,2.1803,2.5223,30
139,7.1534,9.3848,20.7271,40.6461,306.0532,74.6869,310.4906,66.8494,308.8226,35.3203,4.0562,2.4224,2.0056,1.8807,40
140,5.9576,10.9084,22.1126,36.0946,296.383,79.9121,297.138,55.953,297.1492,22.2603,3.2114,2.4018,1.1452,1.4338,30
141,5.4055,11.7569,22.2092,41.2076,316.0185,73.8539,319.9976,59.3132,310.7038,25.0601,5.3822,1.8781,1.7618,1.9396,30
142,8.6338,13.5544,23.5855,42.2666,308.1454,76.3686,314.6706,57.118,313.9817,29.9653,4.7952,2.7413,1.8255,1.207,40
143,5.9486,10.8317,14.9706,35.1667,314.8153,79.7972,318.061,55.4071,314.1548,28.3544,4.1269,1.5679,1.5843,1.3798,40
144,8.5043,11.5056,17.6952,33.9832,293.7395,83.2204,298.8469,57.4207,295.2645,28.5957,3.9638,1.6037,1.0841,0.6834,40
145,7.2116,12.8511,21.1606,38.9359,315.5095,79.2138,318.4511,59.4839,312.4768,24.418,2.7153,1.7452,0.8812,0.8624,40
146,7.2693,14.3248,25.5911,37.8219,310.2881,84.0589,313.4498,58.8928,312.1454,28.8518,4.8123,1.6375,1.4355,1.9579,30
147,8.4464,12.6262,22.196,38.1884,310.3806,79.0582,310.7353,60.9931,313.7829,26.0764,3.8165,2.0919,1.8267,2.0919,30
148,8.0546,12.7751,19.1023,38.437,325.8579,85.1946,333.6832,51.7563,323.3374,25.1117,4.3221,2.1407,1.7337,1.7337,30
149,7.344,11.4957,20.1367,37.2949,329.9689,81.2857,333.3838,56.3035,332.8404,22.6625,4.3989,2.631,1.685,1.5267,40
150,6.4304,12.6286,20.7109,36.2903,308.7878,78.0643,311.0861,55.8397,301.9594,24.363,3.945,1.5588,1.8545,2.0987,20
151,5.4058,13.8925,22.3171,37.3616,315.3853,74.8539,319.6362,60.967,316.4334,26.427,3.2304,1.4433,1.135,1.1069,40
152,7.418,11.7453,17.6933,28.5058,314.1782,74.6163,316.3877,58.0145,317.8994,20.4963,6.1256,2.4237,3.313,2.5287,20
153,7.036,10.6912,27.2148,48.3544,347.4796,92.7561,354.2844,62.7073,349.6328,25.5682,4.4972,2.6708,2.9009,2.4064,40
154,5.5142,8.6774,23.7748,39.1915,306.8225,91.6327,308.0714,58.9913,308.4869,24.5836,3.0283,1.1516,1.1545,0.995,40
155,8.2718,10.6548,20.4807,41.7635,321.7541,85.1364,324.1517,61.9122,324.9816,25.6841,3.9478,1.6288,1.6291,1.4405,40
156,8.337,14.3333,23.6055,39.0167,333.8949,79.9736,336.0192,62.4027,333.5872,29.3085,5.6499,1.8734,1.5537,1.8305,30
157,5.9779,8.0727,17.3575,39.2165,319.5603,74.5178,325.8608,52.9653,323.4785,23.4471,4.1434,1.0848,1.1101,1.0353,40
158,6.2886,8.9704,18.9113,39.1655,308.289,80.4921,312.1383,57.1323,306.4006,24.4408,3.422,2.3488,1.2723,1.659,30
159,6.9309,9.4662,14.6728,33.0765,338.2803,81.0281,338.1473,57.4053,331.9238,23.9454,3.8865,2.4327,1.7645,1.7854,30
160,6.1123,13.9954,20.6173,35.7057,327.4147,75.5852,327.563,58.0309,323.7626,25.572,2.849,0.835,0.8118,0.8118,30
161,8.282,13.1503,22.8041,44.7825,335.0725,96.1181,338.7017,58.7076,335.2077,24.7582,5.6597,3.3048,2.9389,3.3285,30
162,10.8341,12.0864,20.5828,42.9632,328.5347,83.1382,330.8031,63.8353,326.1691,26.5422,4.3941,3.2003,1.5402,2.1237,30
163,6.9048,11.7745,16.7859,34.8354,303.1303,71.8211,308.442,57.9057,307.6752,24.5379,4.0972,1.6608,1.4972,1.0091,40
164,8.9437,11.8926,19.9861,38.3249,313.9576,79.6069,316.6163,58.9194,312.7257,27.6632,3.2386,1.0854,0.625,0.7701,30
165,5.6948,8.4929,14.2309,31.5955,306.8754,71.9824,308.7145,60.417,302.4076,27.1867,2.6138,1.6547,1.8706,1.7792,20
166,7.3569,8.723,16.1638,30.8445,317.3611,71.9103,322.0896,49.9462,321.4146,23.8716,4.0636,1.0808,0.9748,1.0031,30
167,5.71,11.896,21.0345,36.9479,303.0511,79.2831,304.9964,63.8276,302.2708,27.7846,3.1664,1.0463,1.2552,0.8626,40
168,9.5111,12.4816,21.5462,35.4873,309.5027,81.5535,311.2996,59.8914,310.7252,24.3417,3.6541,2.421,2.705,2.2859,40
169,6.836,11.9617,15.7825,35.8897,317.0006,74.1439,321.4475,58.9234,320.4109,26.0551,5.175,2.6407,2.8187,2.857,20
170,6.8844,12.7935,16.8999,39.0986,314.2383,88.9965,324.6963,65.5617,316.3375,29.9161,4.1639,1.9921,1.6753,2.0489,30
171,5.8094,10.7235,19.192,34.3859,309.3917,84.6561,311.0877,59.6277,308.5825,28.7563,3.6662,1.6505,1.451,1.26,40
172,5.1289,11.3967,15.8039,32.1911,325.2765,82.9714,329.3869,55.4461,323.0329,23.1435,3.166,1.447,1.5849,1.2696,40
173,8.2879,9.4934,17.0218,34.0429,320.2713,85.0298,323.4772,64.8464,319.7306,20.3521,3.8941,1.7588,1.939,1.9912,20
174,9.4435,14.1332,25.792,44.6857,304.0047,73.7659,311.2387,56.8392,303.4628,29.7945,3.0607,1.5912,1.7296,1.6539,20
175,5.6136,11.6227,20.8507,38.8082,304.8489,79.2011,305.8823,60.3336,305.9121,27.6799,4.2739,1.8032,1.5615,1.3118,40
176,6.0414,9.6464,19.2396,38.1569,308.846,85.0664,309.905,56.7271,302.384,24.664,3.366,1.6124,1.6197,1.2869,40
177,6.1223,9.9665,20.52,41.1238,326.4149,89.0487,326.6187,60.4227,322.2426,26.5421,3.523,1.2339,1.3024,1.1911,40
178,5.0046,10.0598,19.8864,39.383,329.2087,78.3914,330.1086,57.2625,324.0891,28.3924,1.7152,1.4079,1.3373,0.7602,40
179,5.7687,9.8506,16.8253,34.4069,319.2836,70.6235,319.7279,56.0047,315.717,26.0151,2.2882,1.1324,1.1804,1.0284,40
180,7.0334,12.521,18.906,33.0938,322.9436,83.4356,325.023,58.291,322.4677,28.3003,6.1423,1.5072,1.4366,1.384,40
181,4.5554,7.5507,15.9966,35.5341,316.6136,77.0678,318.3258,63.2306,318.6982,24.908,2.4433,1.346,1.3424,1.3584,30
182,7.6946,11.3428,24.0247,40.2191,330.7551,83.4984,332.4186,61.9168,329.2526,30.3771,5.9488,2.6181,2.2903,2.3404,30
183,6.3157,9.0611,17.9491,35.6306,292.866,79.5921,299.6381,66.3581,297.5203,28.2668,4.7089,1.5814,1.9241,2.0574,20
184,9.1417,10.2751,20.3566,34.2564,313.5525,70.9282,316.4575,56.494,316.3315,29.4694,4.0394,3.1619,2.1695,2.3526,30
185,6.5213,9.5204,15.2359,35.936,313.5931,85.8462,314.3208,57.7268,305.0668,22.912,3.7318,1.6902,1.441,1.7077,30
186,7.7242,15.0213,24.3694,41.2795,322.1393,82.332,323.0322,61.064,320.107,29.4883,5.0908,2.5077,1.947,2.0962,30
187,7.2138,12.5237,21.0893,39.2797,324.4089,86.2849,321.8961,62.1692,318.5643,27.2213,3.7073,1.7319,1.5188,2.0909,30
188,7.6927,12.4525,21.7173,37.4104,311.6146,75.4583,314.5307,64.1707,313.4328,32.5279,3.5731,1.5373,2.3389,2.676,20
189,7.405,10.8853,16.8624,37.997,318.2851,81.9325,324.472,62.3928,322.0765,26.8572,3.916,2.5954,1.6419,1.2148,40
190,8.6137,14.2117,30.459,41.5356,328.5523,86.19,333.6724,68.9972,327.5749,33.3291,3.5982,2.9209,2.6668,1.7458,40
191,4.3009,6.8766,17.9143,29.4352,313.1345,80.8055,311.6642,59.6592,307.1027,19.6273,3.2298,1.0895,1.4906,1.4094,20
192,5.4497,8.2993,16.2855,30.5676,296.5448,81.2425,302.3576,55.596,297.8861,24.9274,3.6948,1.0159,1.5875,0.8725,40
193,9.1558,13.7644,25.2344,43.7934,316.1815,79.9999,319.051,59.3971,314.3355,32.4256,4.8634,2.8347,1.7531,1.5642,40
194,7.7713,9.7788,19.0521,33.8224,302.8261,76.7122,304.849,60.8796,304.4257,30.1856,3.9679,0.9876,1.0048,1.1052,20
195,7.601,11.5623,19.348,34.082,314.0173,71.6068,321.422,61.1547,321.4861,29.0919,4.7168,1.9364,2.1005,1.5074,40
196,8.257,10.7936,17.401,34.6649,312.4538,79.451,312.1551,61.2572,309.9952,26.9689,5.0561,1.4354,1.8308,1.8114,20
197,5.7774,10.6373,19.3213,34.1708,303.9461,79.0682,302.8929,59.284,303.4241,22.1818,2.9504,1.6209,1.3886,2.1484,30
198,5.6817,8.1351,18.7851,36.6658,329.8505,84.3412,332.8266,64.9963,324.8684,30.4527,3.1227,0.632,0.4138,0.6928,30
199,6.4845,9.9735,21.1805,47.1704,304.6343,86.874,300.0441,67.6054,299.6242,29.4568,4.0363,1.6347,1.836,2.0724,20
200,7.7695,9.2877,19.5747,36.914,307.7644,78.3568,309.1431,61.0933,306.865,27.4915,4.1788,1.4938,1.3893,1.3893,30
201,7.1742,13.2129,25.5679,50.2147,330.1167,98.515,332.0197,66.5651,332.0984,30.3248,3.0347,1.7178,0.5722,1.3465,30
202,6.4012,9.5948,18.74,38.9606,309.2275,85.1843,313.468,66.1968,313.0388,27.202,3.211,2.3579,2.1093,1.7497,40
203,4.9792,10.9955,16.5336,33.836,310.7471,78.0099,317.0197,56.5319,313.1442,26.1372,4.2288,1.5446,1.0091,1.1808,30
204,5.0153,8.3845,15.8564,32.3974,304.7402,69.991,308.6804,50.1855,304.1383,23.398,6.3696,2.3837,2.4336,2.3832,40
205,6.0436,12.701,21.8941,40.5022,317.7156,81.1164,318.7298,64.7222,316.0588,26.4033,4.1335,2.7268,2.2062,2.0458,40
206,6.6959,11.7997,20.4162,30.6848,310.4477,71.4748,312.5193,61.8133,305.309,25.9363,4.5754,2.1286,2.0285,1.7719,40
207,4.5273,6.8655,19.658,43.4877,329.153,91.7086,328.8696,59.2543,324.2933,25.2984,2.2879,0.9487,0.6376,0.8451,30
208,5.3859,10.3696,12.6178,35.0625,303.6002,72.9354,309.9836,60.607,306.9343,26.0731,3.9746,1.4715,1.5666,0.9519,40
209,10.9256,11.2672,19.9622,35.3031,327.1358,81.7167,328.6919,56.3685,324.0447,27.5409,5.1553,3.3664,2.7339,2.354,40
210,7.7431,12.4137,21.9949,38.0193,325.2711,75.9101,329.7302,60.319,324.2477,29.9756,3.1256,2.3158,2.2688,2.2399,40
211,7.67,14.312,24.8787,39.6416,323.4114,89.1866,330.3505,62.4961,320.7136,28.2976,3.1088,1.2936,1.2537,1.1265,40
212,8.6139,12.1541,23.7602,38.95,325.1611,77.1364,332.7025,62.1339,327.0634,30.0163,4.0825,1.0147,1.1305,1.1136,20
213,5.291,9.2998,18.9659,35.8956,323.984,75.0262,322.4889,48.2943,319.2346,26.1453,2.7725,1.7953,1.21,1.1874,40
214,6.7733,9.5077,20.2249,34.1583,309.7037,77.585,311.7559,58.511,307.814,28.4268,5.0629,1.798,1.8576,1.8007,20
215,5.0297,7.9793,14.8968,39.8275,318.6954,83.0651,322.414,57.4253,319.7154,25.6368,4.3095,1.9298,1.4949,1.7852,30
216,8.4396,16.3447,23.9622,40.1953,334.2981,93.1666,336.0226,60.001,329.2526,24.8368,3.4107,1.8563,1.1959,1.372,30
217,5.5483,6.5274,14.0997,33.9164,316.4205,71.9945,317.9099,50.149,311.9934,24.2285,2.0911,0.821,0.6416,0.207,40
218,7.0811,14.5199,27.298,45.09,328.4533,98.9972,328.2037,62.4518,325.6476,28.87,3.8414,1.5215,1.2803,1.4538,30
219,9.6115,13.2749,21.7832,35.4758,316.1119,68.5972,319.5357,55.0591,310.2929,27.9158,5.1198,1.5912,1.8637,1.773,20
220,5.2831,11.1095,19.4808,32.3894,338.594,73.4795,340.3372,59.4297,332.1052,31.2584,2.9053,0.9476,0.9476,1.8882,20
221,9.5302,13.9941,24.6218,42.5327,333.3917,91.8469,336.343,68.1177,328.4823,25.03,3.5657,2.6566,1.0884,1.0836,40
222,6.013,10.2598,18.8619,38.1952,320.4894,90.8699,326.8368,58.2085,319.9675,24.9854,2.2827,1.5496,0.8944,1.1698,30
223,5.9918,9.8271,18.6454,34.6214,299.4355,71.9662,306.3385,52.0628,306.612,26.8238,2.3001,1.6124,1.0026,0.9836,40
224,7.0081,11.8007,19.3654,33.4097,305.1054,74.4155,305.8182,57.0291,298.0147,22.6086,3.0866,1.0613,1.6662,1.2995,20
225,7.781,13.8369,20.455,37.2992,322.6969,84.8267,322.9238,54.3685,317.4778,28.3682,3.6241,2.2121,1.6915,1.6383,40
226,7.9152,12.0349,16.7117,35.3411,315.9847,81.7208,319.9426,55.3,318.01,25.2003,3.2284,2.5136,2.4177,1.6504,40
227,6.8163,9.081,19.7654,42.0524,301.1347,72.1216,305.9459,53.5144,304.8542,22.434,2.7175,2.3457,2.259,1.4537,40
228,4.4578,9.2367,17.9973,35.6048,320.8014,79.7594,323.7471,56.0127,324.9963,24.8274,4.3071,1.6922,1.8315,1.5902,40
229,8.449,14.8333,21.0176,38.436,316.3702,75.4212,318.9528,53.2944,308.8102,32.1118,2.1628,1.2851,0.8703,1.0184,30
230,3.8817,9.9446,20.0292,37.7606,315.3495,78.8566,316.8366,58.6486,312.6706,23.9871,4.1751,1.3157,1.541,1.2589,40
231,4.8751,9.9107,18.2469,39.3139,296.353,80.1769,299.2292,59.6774,300.916,24.2515,4.3456,0.8544,0.8725,0.9016,20
232,6.4451,11.7407,21.6033,37.8988,311.4924,90.7836,315.7374,56.6074,315.8345,25.0096,4.0068,2.2885,1.5078,1.463,40
233,6.1419,8.078,15.5763,28.4459,316.2353,72.155,315.4273,58.0662,315.1757,24.0517,4.0925,2.5796,2.1686,1.8054,40
234,6.349,9.132,20.4893,40.568,302.0934,78.8589,304.7448,56.1292,303.0336,29.7033,3.8991,2.2092,2.9937,2.5876,20
235,4.3136,9.1022,16.9117,37.6002,323.9289,78.6253,326.3746,62.0074,320.1296,27.4163,3.4434,1.7401,1.7574,1.5828,40
236,8.257,9.6461,20.683,37.2201,323.2903,77.9555,326.7598,60.5989,320.7372,28.7175,5.805,2.5961,1.9989,1.9922,40
237,5.6532,11.1365,19.9163,35.962,303.9956,72.2739,302.6465,55.1546,301.17,28.1019,2.8204,1.8879,1.3879,1.3971,30
238,6.4363,11.7501,17.3691,40.8045,305.0721,86.3685,311.8049,54.8938,310.0489,25.965,3.736,2.3999,2.8514,1.6775,40
239,6.7953,10.7754,21.4809,39.9691,323.5249,82.1706,327.1874,61.3241,324.4237,32.2863,5.1398,2.1292,2.2773,2.1533,20
240,7.9902,10.7871,21.4881,37.2722,330.9085,80.7672,332.7151,64.1268,324.9328,30.4528,2.8674,1.9258,1.8114,1.3568,40
241,5.968,10.2606,16.8345,38.4617,310.2304,78.18,311.4911,56.4102,312.1397,22.8769,3.6494,1.4933,1.2553,1.3833,30
242,5.7129,10.2291,16.852,36.2804,328.2099,81.3405,330.3239,59.7134,326.9037,28.8335,3.6703,2.7966,2.0537,2.1983,30
243,8.6462,14.0713,20.8657,38.9775,313.2082,69.3618,314.1817,55.4734,309.4638,25.9252,3.0775,1.7914,1.5681,1.6653,30
244,7.6057,11.3918,17.8862,38.0104,321.7245,87.0229,326.3279,52.1047,322.9324,23.109,4.018,2.2439,2.3012,2.1825,40
245,9.0747,11.8951,22.2324,37.6046,307.6133,75.6674,309.2654,54.0711,306.2193,27.765,4.3082,2.629,1.2387,0.9413,40
246,5.4304,9.9661,17.069,34.8881,303.0927,78.5929,304.0957,57.1215,300.1836,27.695,3.366,2.2334,1.8588,2.0363,30
247,8.2203,10.9335,19.3127,40.7737,327.9695,77.559,331.0386,58.9275,324.5242,25.1929,3.0978,2.3341,1.5482,1.1623,40
248,7.0234,11.0655,17.9722,35.6715,328.1014,87.7633,335.659,51.4867,328.5597,23.0461,2.9136,1.6699,1.4091,1.2215,40
249,6.2328,8.7184,14.5651,26.7841,317.5334,69.8322,322.0276,50.818,317.1257,24.9166,4.2523,1.6933,1.6515,1.5375,40
250,7.5729,12.4143,24.647,40.8474,324.518,86.3286,325.8092,63.0115,319.5242,30.4323,3.6837,2.61,2.876,2.0635,40
251,8.3463,15.0492,20.7066,41.1786,331.2582,87.1002,336.5149,64.7775,329.5657,29.6634,5.0356,3.202,2.3158,2.7116,30
252,7.7778,11.3825,20.4295,47.3246,306.9375,88.1184,321.1513,67.9517,317.5222,28.0367,3.9596,2.4762,2.0426,1.4895,40
253,8.0456,11.7584,17.217,34.6142,318.3079,79.6359,320.3056,53.5645,316.4034,21.7723,4.5344,2.2752,2.4259,2.2025,40
254,5.8817,9.2861,17.4852,34.1407,317.9869,81.0035,320.3222,54.0212,321.3182,28.1382,4.0377,1.6018,1.2244,1.4215,30
255,6.2187,11.4534,20.6466,36.7839,298.7094,75.319,304.7694,56.7059,302.6735,27.3998,2.4526,1.3114,1.0804,1.0599,40
256,5.5414,10.6589,19.5163,35.5617,300.9952,81.6115,303.6955,57.5018,300.4073,26.8501,3.6787,1.7967,1.4557,1.7952,30
257,7.1943,14.5275,21.8859,38.0855,326.2032,85.1641,326.1772,58.6635,322.4834,26.4909,4.3391,2.4376,2.0908,2.6453,30
258,7.6533,11.1509,23.1906,44.6645,335.2081,87.8932,339.968,62.1142,337.1631,25.164,6.0094,2.6296,2.112,2.337,30
259,8.2834,11.5772,19.2041,38.4791,312.5362,82.2619,315.1717,58.8757,310.863,27.5771,2.7825,1.0863,1.4486,1.4357,20
260,6.9298,12.57,15.0608,35.6197,305.5446,69.8784,305.7203,53.5449,303.3533,21.2757,2.6572,1.1901,0.902,0.7315,40
261,7.0641,15.085,22.8069,40.378,308.5641,90.8572,313.1939,54.3686,307.6907,27.2166,4.6187,1.7235,2.4418,2.3891,20
262,6.5149,11.4877,23.4146,40.8804,314.3972,84.2617,315.4218,65.6036,311.8867,26.0053,3.0168,1.5352,1.4106,1.2377,40
263,7.9759,11.2396,17.1769,40.7068,345.3089,79.0342,345.9852,55.5105,341.7453,24.674,5.0162,2.5388,3.0707,2.5208,40
264,6.649,12.0263,20.7112,42.8601,334.1658,87.1121,341.6028,63.3425,333.9362,28.7387,2.0724,1.0126,1.2556,1.4234,20
265,7.1122,11.1106,16.4977,36.2434,318.5492,73.8898,316.4061,51.751,312.3905,26.0611,6.3504,3.4625,3.034,2.6926,40
266,7.0225,12.2602,18.6715,28.168,318.183,71.6709,320.2528,50.7862,315.0474,22.6144,3.0405,1.9231,1.8815,1.9637,30
267,8.1514,10.9376,20.8228,38.1454,314.2815,95.9275,316.6973,51.8897,313.5197,27.6106,5.7078,2.8843,2.2602,2.3851,30
268,6.4085,9.733,18.5259,34.7343,308.7633,77.7244,305.6518,64.2231,306.926,27.2555,3.648,1.7282,1.6522,1.7572,30
269,6.4162,11.1495,24.2127,38.5805,302.1812,77.0269,303.8913,56.1517,297.3083,23.6842,3.4995,1.7119,1.7002,1.3718,40
270,7.038,11.9763,20.6898,32.248,308.27,74.2665,313.326,60.5997,313.5972,26.0429,4.7943,2.0642,2.0057,1.5845,40
271,7.0986,13.0434,18.3389,40.7139,328.4771,87.1266,337.4339,58.4622,331.1239,27.4546,3.4984,1.9862,1.7135,1.6014,40
272,5.6488,8.7143,20.1987,37.5439,312.9548,80.4844,317.5842,59.1636,316.6873,28.205,3.1546,1.5816,1.4602,1.3529,40
273,9.6521,13.713,24.5276,38.6835,334.8821,80.6968,336.7881,60.6478,335.8293,24.6635,4.3547,2.5069,1.468,1.0721,40
274,9.4013,14.6597,18.2946,38.4189,309.4364,92.7406,309.8586,59.1764,307.8088,29.3854,4.5564,2.384,1.9005,1.6297,40
275,5.7524,10.6816,16.6366,33.9039,317.574,74.8587,318.187,56.126,314.615,23.8994,3.8523,1.6383,1.8565,1.8708,20
276,7.0175,9.9908,15.5217,33.5005,330.3473,79.7284,332.9723,64.5573,327.114,28.1468,4.0867,3.0037,2.2183,2.2674,30
277,6.7401,13.229,23.2498,40.7787,316.1744,82.5707,315.2749,58.5099,309.0257,25.8799,3.2072,2.4306,2.0825,2.5703,30
278,7.5518,9.8531,20.6166,38.8521,314.481,75.7994,316.496,55.1545,309.5092,20.6748,3.5285,1.8077,1.2015,1.2552,30
279,5.5207,8.4623,19.1997,34.5204,315.7058,82.4899,319.9049,53.8757,316.356,27.0285,3.3715,2.217,1.694,1.8076,30
280,7.2061,11.5606,21.9073,38.2892,311.5757,72.9455,317.0816,59.5299,318.5471,28.0778,2.9044,1.569,1.1439,1.1265,40
281,6.9533,9.306,15.4401,33.4968,326.1725,87.223,328.1465,61.0298,322.0821,29.4263,3.7383,1.6348,1.0117,0.5213,40
282,6.5899,8.1226,11.6625,33.0851,312.3617,68.4301,312.8821,51.8971,311.3381,25.5734,2.2164,2.2417,1.629,2.2932,30
283,7.191,11.2552,20.712,37.9082,319.4585,82.3406,320.4808,54.1606,314.9024,26.1918,3.2665,2.6379,2.4193,1.8467,40
284,7.3498,10.5076,16.8881,31.9877,310.5509,82.02,311.6703,58.6238,311.8849,22.0913,2.7645,1.8376,1.538,1.1276,40
285,10.0297,14.5779,19.6488,34.402,338.5095,80.6788,340.0202,59.3326,335.2926,32.0365,6.5328,3.3933,3.1697,2.8802,40
286,5.6522,12.7027,19.67,32.6691,321.8233,77.5044,323.0305,55.2389,324.1415,22.6513,2.6141,1.2277,0.9292,1.1868,30
287,6.3988,9.6073,22.1284,41.876,316.6758,96.9061,319.0247,57.012,313.9337,23.6496,3.8582,2.0847,1.6168,1.6124,40
288,7.5074,11.2974,20.8204,40.5103,318.5357,79.0265,320.0922,56.7869,314.0901,24.164,3.8309,2.1801,2.1705,2.1486,40
289,8.8098,11.0645,17.5933,35.8243,326.2493,75.4847,326.8868,56.0306,324.6755,24.8459,3.9961,1.8916,2.7587,1.8017,40
290,7.197,12.8735,17.0087,33.6738,319.0548,80.8555,323.0553,60.3177,319.8816,30.0031,5.9257,1.415,1.9448,1.7901,20
291,6.6792,11.1591,18.5933,36.0426,316.796,74.8482,315.5546,57.7318,311.4493,27.3656,3.0339,1.0521,1.9585,1.9374,20
292,6.1422,10.6028,23.3511,43.9656,325.4569,94.4407,327.6774,56.9088,321.0438,27.7068,2.6199,1.9707,2.7753,2.2986,20
293,5.0916,11.3542,19.0764,35.2089,316.0061,68.7277,318.9787,58.5108,314.5305,26.7399,4.7767,2.8409,2.4716,2.4051,40
294,6.9471,15.5602,24.2434,38.9507,343.3909,90.9186,341.6746,63.6516,342.0115,23.9139,6.2011,2.0964,2.2489,3.2105,20
295,9.656,16.4955,24.0725,41.2838,341.8456,88.3467,343.7842,65.6775,335.3794,31.794,3.986,2.1609,2.2483,2.1486,40
296,6.5274,11.7201,14.9157,34.2667,318.9894,79.8249,317.9435,63.32,315.2126,22.1607,2.947,1.6395,1.2949,1.5356,30
297,7.8014,13.7825,20.1425,35.9072,319.2965,74.0186,318.5016,54.9224,318.5756,23.899,4.8829,2.1011,2.2317,2.6047,20
298,9.5551,11.2399,21.9391,38.6549,317.3954,80.6582,314.3849,64.2847,313.2579,29.7159,2.0005,1.994,2.0189,1.5868,40
299,7.9186,11.7233,21.5108,45.0881,337.3456,74.4631,336.7982,62.7726,334.5246,25.0699,5.2832,2.6281,2.5896,3.0497,30
300,6.5127,10.4697,21.67,39.458,298.3347,80.3879,302.043,61.4663,296.169,23.5775,3.0502,2.2622,2.2622,2.0076,40
301,9.5201,12.3032,17.3964,37.6083,321.6637,82.3525,326.2344,62.413,322.6833,28.8045,3.9926,2.5805,1.6591,1.811,30
302,6.6384,11.8047,17.0632,27.3565,319.6683,66.6965,321.2138,53.361,316.0463,19.3112,2.5282,2.2786,1.3794,1.5024,30
303,5.9091,9.105,17.6903,36.036,310.6886,76.0619,314.3177,62.5754,308.5005,25.3807,2.3844,2.481,1.451,1.0088,40
304,6.2599,11.9044,20.0611,32.0513,321.684,80.0205,327.9064,45.9818,320.3082,24.36,2.7053,1.582,1.0801,1.3115,30
305,6.8653,9.193,18.0796,35.4611,322.4466,71.3025,325.8377,55.3392,323.9588,26.844,4.1015,1.3867,1.3776,1.4238,30
306,5.3639,10.8178,18.2882,32.7554,304.0747,68.7292,304.0426,50.4246,299.1362,23.9678,2.4719,0.9271,1.3679,1.2665,20
307,4.5044,11.8859,20.0589,32.8242,315.5316,72.4403,321.3657,65.5131,318.9095,27.325,3.7237,1.727,1.3194,1.6571,30
308,8.0831,13.4318,19.4494,36.5898,341.7025,81.7448,340.6272,62.1207,338.7768,30.4913,3.1007,1.5418,1.2441,1.7516,30
309,5.7013,10.7845,16.8222,34.8831,305.323,78.3665,308.4439,51.2498,304.7619,29.1739,3.9062,1.8385,1.6935,1.9929,30
310,7.353,12.6732,19.7049,38.4633,323.4205,90.7186,333.0978,65.3874,328.239,27.7818,3.4821,1.9814,2.2667,1.9037,40
311,6.1403,9.5573,14.8606,35.8456,321.543,86.0827,327.4691,55.3352,326.3162,24.2275,3.003,1.7196,0.9983,0.7588,40
312,6.6631,8.7597,15.2491,30.3394,309.5566,77.9243,322.4924,57.8425,316.8675,25.5758,3.8648,1.4023,1.2694,1.2653,40
313,5.6998,9.6898,18.6102,38.2848,311.2823,70.8413,309.2593,65.3495,308.4887,25.6477,2.6443,2.252,2.6933,1.9269,40
314,4.7699,9.4933,13.476,32.1943,298.6405,79.4596,298.7291,56.4828,298.0801,20.7056,2.6255,1.3372,1.4455,1.4362,20
315,6.7869,13.8791,18.8219,38.0521,322.0202,79.3044,323.5414,69.9723,321.694,23.8865,4.2628,2.4345,0.9545,1.2382,30
316,6.098,8.7716,19.9367,34.8381,316.1506,69.6507,313.1373,54.8839,313.9444,20.9996,3.2013,1.0435,1.0256,0.9362,40
317,7.3079,10.4094,15.0477,38.8833,311.6114,83.3329,314.0597,57.652,309.5966,26.0151,3.73,1.5397,1.0749,0.9834,40
318,7.5501,11.9762,16.5951,38.1221,319.4266,77.3468,322.6232,64.0256,317.7531,22.7139,3.9858,2.9905,2.6764,1.7946,40
319,8.8749,14.2954,25.6523,39.747,305.8943,80.8492,309.107,62.606,303.3308,22.6295,2.9893,1.5241,1.4437,1.4159,40
320,7.3992,10.5472,18.6386,37.8846,322.8512,90.9488,328.8063,58.4475,326.3123,22.6645,2.9988,2.2571,2.1356,2.236,30
321,5.9254,11.2015,18.5538,33.2059,308.3728,70.6523,310.6763,61.3956,309.5008,22.8455,4.1379,1.9522,2.0621,2.1702,20
322,8.1323,10.8952,20.9898,41.9373,320.006,77.8898,319.0338,57.7567,315.9383,32.7256,4.802,2.8416,2.6396,2.086,40
323,8.5811,13.8502,19.7102,36.6769,319.8495,79.0813,325.166,56.0595,326.6008,27.8171,6.0227,3.0648,3.367,2.9494,40
324,7.825,13.384,18.3249,36.1774,321.9971,77.8329,325.5631,59.0859,322.5929,29.6443,5.1682,2.1688,2.4071,1.873,40
325,9.958,13.1675,26.8986,43.7114,318.1843,89.2907,323.5939,63.9348,319.5898,29.8135,4.2213,2.5942,2.3559,2.6236,30
326,6.6074,11.9671,22.6902,36.6846,328.8875,84.7089,324.4215,60.9542,321.1488,30.9229,2.8841,1.3468,1.2649,1.3091,30
327,8.4797,11.2864,18.9557,41.395,320.1772,84.5619,319.41,57.5405,321.8783,28.8675,3.603,1.7295,1.4702,1.9743,30
328,8.9954,11.7086,23.188,41.3669,316.6986,85.9685,322.1968,58.7991,317.2115,27.0527,4.0873,2.0046,1.5898,1.42,40
329,4.886,10.4124,19.4743,36.5222,313.4941,79.8529,313.0737,63.7178,312.2141,26.1324,4.0592,1.1378,0.8859,1.0902,30
330,5.8504,11.7299,21.3792,37.9647,328.9477,83.7041,328.3372,49.1182,326.2783,24.5443,3.0218,2.1563,2.1343,1.0616,40
331,7.6512,10.8458,19.9397,40.6456,322.8625,77.7225,325.3285,57.1976,312.9775,28.5631,4.1729,2.1797,1.3965,1.6094,30
332,6.9489,12.2375,19.1445,38.1419,312.3585,78.0472,310.3846,61.3253,305.3051,22.1966,4.4847,2.2718,2.0862,1.9371,40
333,7.4809,11.7023,19.2741,34.6497,308.6779,74.1786,309.9502,69.318,305.0425,29.3262,3.82,1.3745,1.8034,1.4165,20
334,7.1536,10.9126,22.3975,41.5302,320.8913,73.7037,322.0086,54.6077,321.7929,26.4215,1.947,1.5433,1.2193,1.1353,40
335,6.375,11.1325,16.4536,31.0481,317.1234,71.3647,320.3686,55.6041,317.8349,25.1036,2.9663,2.5913,2.1958,2.0529,40
336,6.4884,11.63,19.7122,38.7504,290.852,74.6252,293.4243,55.1094,292.3677,27.942,5.3237,2.4457,2.3584,2.0634,40
337,4.1559,9.0234,21.9663,39.1864,317.182,85.4477,317.5937,59.8501,314.7732,26.4515,2.8246,1.2023,1.2023,1.2023,30
338,8.1669,14.5536,19.7707,34.4966,315.2265,84.7037,320.4542,52.9588,317.742,25.3118,2.44,0.7917,0.7708,0.7917,30
339,8.5093,12.2181,22.1297,36.995,319.4907,76.5741,319.6765,57.6388,313.4024,24.6216,4.0391,1.6137,1.5151,1.4717,40
340,8.2474,10.8312,15.9319,34.4934,313.7796,81.2873,319.6781,54.0633,310.1027,21.606,3.4129,1.7276,1.5324,1.2633,40
341,6.1942,12.2734,20.8548,35.2493,310.5737,87.5532,310.5438,61.554,306.5034,23.1984,2.5378,1.3956,1.2636,0.7109,40
342,7.9497,14.3669,24.2182,41.4263,325.556,80.8306,330.8016,59.3893,330.7835,28.1522,3.9721,1.4224,1.3681,1.7978,30
343,6.3524,10.4846,20.0798,30.661,312.067,77.3621,316.3596,52.4952,309.6562,24.5956,4.9079,1.2239,1.0766,0.9915,40
344,5.7846,11.8208,17.0126,32.742,325.2364,77.5556,330.3538,57.7151,322.0332,29.0846,2.5863,1.7122,1.8488,1.5857,40
345,10.8796,14.4802,25.8903,39.0292,322.3249,81.5863,328.0723,60.3073,320.6778,32.7743,5.8564,2.4084,3.353,3.1223,20
346,8.5548,13.4371,24.65,39.9003,330.9656,83.8095,329.6767,54.0682,326.8336,28.3993,2.6588,1.6054,1.3232,1.3633,30
347,7.611,10.6436,20.5709,40.3623,327.0011,91.8123,326.9277,55.1684,323.0374,24.7463,4.1798,1.6569,1.2658,0.9435,40
348,8.1232,14.0795,19.839,40.8879,314.0976,82.0757,317.981,58.8458,314.7562,24.0071,4.4813,1.3284,1.22,1.22,40
349,8.3457,10.6273,17.8562,34.9904,313.9641,85.5388,319.4578,56.3963,316.5472,25.7962,4.4708,1.7143,1.9692,2.1727,20
350,7.1421,11.3448,17.2251,34.536,322.2742,80.0043,324.9933,58.8095,323.7771,23.8186,2.3431,1.4852,1.6366,1.9231,20
351,6.3901,8.67,19.9349,40.689,324.2067,78.4031,327.8777,57.5235,323.3937,27.7049,3.7859,1.4947,1.438,1.2718,40
352,5.9403,7.2284,17.0639,34.6912,293.6943,77.4887,294.6955,55.5123,287.5962,20.4185,4.2297,1.9785,1.9496,1.4201,40
353,6.1976,9.549,17.9221,32.5789,287.0975,71.2793,290.2337,52.2378,287.9861,21.9084,3.3234,1.4445,1.4596,1.3819,40
354,11.9093,15.3119,23.3109,48.5775,331.6564,91.7938,339.2467,61.696,327.9481,24.4996,5.8831,2.2163,1.7214,1.6398,40
355,6.8492,12.3456,16.1578,31.8173,316.9734,72.6116,316.4152,53.678,313.8545,23.8636,3.6237,1.5901,1.0376,0.8276,40
356,9.3162,10.7176,15.8344,36.9241,298.2601,78.1704,304.5132,58.438,302.3901,28.4313,2.3889,1.759,1.9208,1.4071,40
357,7.1847,13.9974,19.6643,32.2266,318.9474,72.5325,319.3109,53.7727,309.1098,26.0363,3.4989,1.7597,1.4007,1.4825,30
358,4.2017,6.4416,15.6664,34.6717,326.0652,81.5074,327.3365,56.6846,327.3428,25.7964,1.9092,1.2499,1.1337,1.168,30
359,9.4459,12.2351,18.3932,33.5336,298.3062,78.2428,296.8887,61.211,294.2508,27.0569,5.5899,2.5378,2.0068,1.9202,40
360,12.0537,18.3496,24.1012,41.3615,333.148,87.138,335.741,56.7378,332.9953,26.0289,5.4784,3.7142,3.2339,3.1045,40
361,6.0849,8.9789,15.962,37.5752,320.415,73.758,319.286,63.6902,322.2828,24.6747,4.2839,1.4833,1.6867,1.6237,20
362,6.6969,7.197,17.2609,34.5251,317.2129,75.8071,318.9932,59.7031,315.3422,26.6658,3.6825,1.2683,0.5218,0.5218,40
363,8.6966,13.3504,22.4649,38.0107,330.8342,79.0307,332.7852,61.1263,326.3301,26.6641,5.0181,2.7815,2.7596,2.4665,40
364,7.414,10.1641,16.0331,36.597,339.583,76.7559,338.9796,57.2083,332.3699,26.4013,3.0195,1.1189,0.9153,2.2014,30
365,7.4743,13.2093,17.1474,35.2006,307.7406,81.6945,310.4936,48.9746,306.245,29.3362,4.4092,1.5109,1.4411,1.3817,40
366,5.3856,10.0334,18.5358,30.3468,324.3928,73.688,327.8529,58.8397,324.9829,24.5114,2.8191,1.6062,1.8024,2.0084,20
367,7.5617,10.0364,17.1638,30.6347,307.2745,62.8992,309.9546,50.6581,306.6305,18.8307,4.0808,1.8906,1.7112,1.6012,40
368,9.4671,11.7866,20.3556,34.6121,322.7676,73.1122,324.2487,57.76,320.9052,23.9463,4.9465,2.9381,2.4697,1.2004,40
369,7.6278,8.556,18.6351,33.7502,305.479,74.6149,307.1492,59.9051,302.7429,31.9645,4.3765,1.5027,1.2945,1.4875,30
370,6.8442,9.9351,17.7502,31.4178,311.392,67.1443,311.7831,54.9776,312.2054,25.2573,3.1002,1.17,1.1525,1.1772,30
371,8.5046,12.5792,19.2662,36.3563,315.457,74.5886,314.4344,61.6523,313.8259,30.109,3.3647,1.8296,1.7157,1.5976,40
372,7.5848,12.5713,21.8243,31.699,314.8434,81.3101,317.8562,70.6717,318.4664,26.7064,5.8735,3.7526,2.2078,2.2612,30
373,6.9424,9.8189,16.8903,34.3864,312.942,67.3469,314.0962,55.8925,310.6835,23.4988,3.5934,1.3822,2.2433,1.9397,20
374,7.5085,13.7886,21.9408,35.124,339.2567,80.065,337.9433,65.3093,333.1933,24.8016,2.8342,1.9761,2.5516,1.1246,40
375,5.3604,8.8473,13.2608,31.0523,300.4032,68.8045,302.1547,56.5623,299.5696,26.0015,2.6422,1.1595,1.2856,1.1812,20
376,9.0312,10.963,21.4369,36.1273,299.5457,82.7195,301.8483,52.277,301.5364,26.3181,4.9618,1.1189,1.1805,0.6621,40
377,7.2841,9.6413,14.9901,35.5146,318.9523,88.189,318.9902,61.6574,319.4645,24.9541,4.0364,2.5824,1.8764,2.5032,30
378,6.1787,11.5861,22.1045,37.5199,323.7948,69.3943,326.4821,50.8226,321.5252,25.2684,3.8539,1.7665,0.839,0.851,30
379,9.3174,14.1288,27.0762,41.0756,333.3338,85.7396,335.6346,59.1256,324.744,26.8294,4.7925,2.9823,2.9599,2.2486,40
380,8.664,12.8623,20.562,40.5029,311.5496,73.9131,314.0921,61.1945,309.8039,28.7947,3.6942,1.6231,1.211,0.8222,40
381,6.7983,12.2934,19.795,37.1578,331.1932,83.9314,331.0216,56.012,326.3757,21.5043,2.8052,1.455,1.121,0.6696,40
382,7.6184,11.6287,22.0764,41.545,316.611,81.2003,321.7191,50.2316,312.0493,28.1101,5.8558,3.3432,2.5297,2.3527,40
383,8.0711,11.2397,19.2304,40.4932,308.1385,82.8901,314.9201,63.1388,308.8592,29.6519,4.8881,2.2048,1.23,1.9836,30
384,7.5233,11.9239,20.9442,34.3464,301.2108,74.213,309.0089,62.7989,307.1503,27.5138,5.2412,1.6676,1.8531,1.9023,20
385,8.6876,13.921,22.2649,43.3644,318.3093,84.4401,318.9706,58.9068,319.0969,33.5461,4.8824,2.3738,1.9305,1.5926,40
386,7.2325,10.8234,15.3334,36.2602,297.5033,81.5206,305.6779,57.6963,299.3677,24.7173,4.7109,2.1974,2.0313,2.0507,30
387,5.6359,11.6708,20.2502,34.2587,315.4654,76.9874,316.0214,56.1718,317.7298,23.539,4.5279,2.6201,1.808,1.5145,40
388,5.6016,10.0503,19.3897,38.7107,327.8401,80.5845,330.3492,63.5332,330.5377,28.653,3.5608,2.0704,2.029,1.9516,40
389,5.8761,7.2176,17.8572,37.7757,307.2336,82.3064,308.804,59.3523,306.3467,22.1636,4.3484,2.2211,2.241,2.1219,40
390,6.4268,11.2171,22.6848,37.08,313.8769,81.5666,323.4447,58.9509,319.1088,28.3184,5.0645,2.0646,2.6081,2.6587,20
391,5.8431,11.4407,19.1714,33.7699,303.9859,79.8759,308.013,54.9883,304.4366,20.7801,5.4688,2.7119,2.2364,2.2469,30
392,6.9909,12.2452,20.3872,34.3695,333.0613,81.0856,334.3919,54.0648,328.4177,25.3252,5.7541,2.6172,2.7423,2.7063,20
393,8.1466,11.964,22.3557,40.0597,333.6966,84.533,338.157,59.9266,334.6385,26.8804,3.9218,2.7199,2.9154,2.3507,40
394,4.5565,7.6694,17.6958,35.409,313.1371,78.0939,316.1766,48.3551,320.673,21.593,3.5642,1.3245,1.3306,1.1913,40
395,10.3545,14.2801,20.5198,39.6886,289.7778,74.3526,290.3095,53.6999,291.8927,23.6635,5.098,2.8053,2.3981,1.2073,40
396,6.222,8.3429,19.6049,35.4753,314.7055,82.4512,321.2645,59.1388,319.385,28.2221,3.5232,1.8984,1.8078,1.9487,30
397,8.2964,10.9356,21.7076,36.5258,308.1435,78.2725,310.5424,57.1874,308.4112,27.1458,5.5222,2.0116,1.1883,1.6311,30
398,6.9675,9.2815,15.5136,30.8829,318.6344,80.339,318.9575,60.1491,316.8778,24.3268,4.501,1.2425,1.0905,0.9428,40
399,8.0477,11.9952,22.5947,37.2214,310.6687,76.2809,316.3892,65.0886,315.397,23.3574,4.7229,2.1098,1.7028,1.8624,30
400,7.6887,11.0306,22.6758,39.1029,309.1399,88.735,313.5466,55.7308,307.6072,26.3886,3.893,1.8784,1.2561,1.3996,30
401,6.1774,9.0036,17.1547,36.4398,329.9111,81.0147,335.4464,60.3309,328.9288,27.373,4.8848,1.3271,1.2058,1.2068,30
402,8.5519,12.7173,22.5335,36.727,319.9008,74.952,322.1082,54.4323,316.5269,30.6128,4.2464,2.3317,1.5745,1.4391,40
403,8.9282,14.87,24.8104,40.9412,327.5307,85.1092,328.9483,62.497,323.4853,32.0621,3.6987,2.1389,2.0844,2.3558,30
404,8.6344,12.0145,17.2918,37.5912,330.4159,84.7441,329.5274,59.4796,332.2353,24.7003,6.1589,2.6673,1.9193,1.947,30
405,9.0362,13.1237,23.7002,40.4905,317.4264,79.4839,317.9447,58.7556,314.4777,24.5401,2.8491,1.6134,1.2974,1.3907,30
406,4.3014,8.3831,17.1086,36.9066,317.3068,79.8649,319.5437,60.7295,316.8487,24.377,4.7432,1.3771,1.5348,1.2394,40
407,6.4132,10.344,22.358,37.6219,326.3139,84.6962,326.6021,67.4458,322.4153,23.968,2.6551,1.8519,1.6755,1.2425,40
408,8.5341,14.1742,23.306,44.1541,323.376,86.0836,324.2233,56.4146,318.7749,27.9686,3.8477,1.9722,2.0848,2.091,20
409,5.0995,10.827,15.6853,36.6968,310.3908,76.6817,311.9446,61.6861,309.4193,22.9287,3.4089,1.7121,1.7796,1.6566,40
410,7.4834,10.0426,22.954,37.0248,320.0192,80.1127,321.1218,54.4206,318.2703,26.3328,4.4382,1.8278,1.63,2.1046,30
411,7.8749,12.9649,18.3408,39.1284,312.57,82.7529,315.4234,61.4969,307.9559,33.8762,3.0585,1.6086,1.0278,1.2357,30
412,6.4368,10.3707,15.6012,34.1589,325.0644,88.2199,329.5012,59.8444,323.7983,29.9938,4.2764,1.6927,1.7933,1.6573,40
413,9.564,13.1285,20.3098,37.8209,293.915,74.3735,295.1703,56.7265,295.2179,29.1709,5.5231,2.7794,2.7141,2.6141,40
414,6.8161,10.9158,20.1758,42.4799,317.7136,80.7855,317.1413,65.5027,315.8043,28.7619,2.0874,1.987,1.4011,0.9434,40
415,8.1945,10.7704,18.4913,37.2752,323.021,71.9209,327.813,60.1362,321.5718,23.7786,4.873,1.5229,1.5284,1.8087,20
416,7.087,9.7228,19.7647,38.8999,331.9089,75.7769,328.492,62.8349,326.3354,28.8027,3.803,2.4679,1.8153,2.0079,30
417,8.6077,11.3628,18.3731,40.6471,323.8511,81.9185,325.5881,64.3546,319.9185,31.1593,5.0604,1.9015,1.5671,0.8543,40
418,6.6177,10.9157,18.4988,34.7947,305.8224,71.6362,312.9306,52.9825,311.7487,24.7511,2.5204,1.3044,1.1777,0.9192,40
419,10.1793,13.1741,24.9291,38.2815,339.3428,78.2677,331.4494,58.1017,332.8325,27.1209,4.6215,3.5063,2.319,2.3095,40
420,7.499,9.9719,19.5964,38.5877,323.9338,87.886,325.8054,62.4939,320.3296,29.9594,3.9846,2.2217,1.6516,1.726,30
421,7.0733,12.8977,19.6624,37.0773,309.1356,79.8165,309.9193,55.7725,309.1254,27.3213,3.244,1.9081,1.4168,1.4168,30
422,6.8669,13.6614,19.7727,39.105,314.0901,77.6022,314.2233,53.1211,314.7044,26.7205,5.3246,2.1229,1.8054,1.537,40
423,5.3064,8.4842,18.876,34.6357,319.5434,77.3239,320.9503,47.6596,315.6719,23.0856,3.546,2.297,1.9092,1.2818,40
424,9.2939,13.1096,23.5778,39.5365,314.407,84.7553,316.7513,58.1295,315.423,28.7728,5.325,2.3811,2.1905,2.6568,30
425,10.5541,13.0711,21.5032,38.0428,325.6315,73.4449,324.9336,58.1496,325.6418,27.2162,4.8159,1.8414,2.1619,2.1293,20
426,7.5235,12.4571,22.7339,36.2697,317.1466,83.5997,322.0904,56.8956,315.8612,26.6109,4.2682,1.6982,1.5949,1.325,40
427,5.277,8.9346,18.6253,33.2788,312.2262,71.668,309.8056,61.365,309.3031,28.0635,3.407,1.9423,0.9254,0.9254,30
428,5.5279,9.9512,19.5954,40.7347,319.0572,80.1955,322.8291,60.1254,320.366,27.313,4.2784,2.0422,1.9291,1.6067,40
429,7.5922,11.1946,19.1492,44.9297,324.3455,81.4736,325.074,64.2266,323.0759,30.7569,2.8181,2.1658,0.9805,1.2874,30
430,8.2026,13.99,21.3907,37.9692,329.287,77.208,336.0223,64.5199,334.6354,27.7665,5.1806,1.7009,1.014,0.8482,40
431,7.3159,10.7068,23.7948,40.7408,324.564,78.6782,323.5832,62.003,323.5377,22.7015,3.0734,1.8225,1.6328,1.1356,40
432,7.7786,11.9261,15.1348,33.2005,317.7394,73.0267,321.8887,55.9803,317.3699,25.9649,2.9286,1.8702,1.7911,1.9923,30
433,10.8617,16.1971,31.6464,46.7122,331.3564,85.6504,332.6807,51.7858,331.5976,24.0953,4.1305,1.0835,1.4775,1.6439,20
434,8.2971,10.376,21.5574,38.8923,327.3505,80.872,325.4197,63.8886,327.1944,31.0388,4.6352,3.3028,3.4637,2.8435,40
435,4.8232,8.1201,16.4125,34.4739,321.6751,76.2882,326.8739,57.0782,317.0715,26.9523,3.707,0.8659,0.9851,1.1572,20
436,7.081,10.7005,15.5348,35.2402,340.0551,87.1914,340.5043,57.6553,340.5118,25.8631,3.6272,2.742,2.0697,2.3061,30
437,8.3167,11.2103,20.3398,39.0134,326.2818,82.7533,332.2618,60.9979,325.6235,27.4786,3.6195,1.527,2.2051,1.7835,20
438,8.8876,14.0898,19.6342,43.0886,320.8022,81.564,324.701,52.4322,320.843,29.3706,4.7817,2.0334,1.3076,1.3053,40
439,5.2887,8.3313,16.8197,35.3321,320.4348,74.018,322.3499,64.566,317.4807,30.9618,3.8554,1.9032,1.7525,1.6821,40
440,7.0322,10.8918,20.9869,33.204,329.4574,76.0365,339.292,53.5774,331.1853,27.2957,3.7471,2.5754,1.8369,1.6176,40
441,6.7602,11.2651,22.135,37.4992,316.4773,74.3752,320.3316,60.1977,312.0458,25.6037,3.4476,2.0294,1.9394,2.1098,30
442,8.5239,11.6188,18.1737,34.657,303.7989,83.1073,308.0638,54.4582,305.8823,19.9109,5.8323,2.6418,2.6524,2.4458,40
443,7.8472,12.9614,18.3939,37.7367,306.3154,76.6216,310.1646,64.8999,307.535,32.0476,5.1543,2.0627,2.4543,2.4604,20
444,5.6625,10.1931,19.7377,37.7746,321.4491,79.2409,325.8618,56.5839,320.3281,29.401,3.0465,1.9489,1.9163,1.7654,40
445,9.0681,11.1488,19.6038,44.2514,314.7685,84.0471,313.7692,55.9746,309.6762,22.6381,3.85,2.254,2.3126,1.8517,40
446,9.4808,14.5603,24.4167,40.027,321.3751,88.6202,321.6436,63.2218,324.4669,27.8183,5.4489,3.3191,2.9728,2.5827,40
447,7.1915,11.7978,17.4416,35.3862,323.298,81.2,323.2109,54.9536,320.1798,29.4228,3.291,0.9521,0.8653,0.8653,30
448,8.8719,12.5511,18.535,38.1736,306.6261,69.0272,310.5174,56.9457,304.5834,23.6697,4.5427,1.8226,1.4174,1.2019,40
449,6.0246,12.8665,20.3712,38.8126,309.2099,84.0729,311.7087,54.3691,310.6351,27.3709,2.8214,2.095,2.2788,1.8647,40
450,5.3675,6.477,19.2534,41.5531,310.879,85.409,317.4517,61.5969,313.3656,28.7724,4.689,1.4519,0.9585,1.1932,30
451,7.1959,13.3208,20.1038,33.0327,301.2853,74.8468,304.1463,55.4979,306.5144,26.5113,2.7952,0.8731,0.9002,0.9223,20
452,7.2532,13.1579,20.4513,35.7261,320.3995,72.7758,322.2103,55.6576,316.8895,25.7275,3.1561,1.2998,1.3684,1.2866,40
453,5.908,12.0923,16.0963,30.4012,322.8841,77.1337,322.51,54.1931,323.1584,22.6842,2.4544,2.1041,1.0468,1.321,30
454,8.1782,14.5311,25.811,42.2607,309.0447,90.005,313.3786,58.8599,313.3689,24.8579,3.302,2.9122,2.2888,1.834,40
455,8.6996,17.1139,25.3786,40.3303,319.8349,79.9047,323.2992,61.594,320.2748,31.858,4.637,1.3132,1.5268,1.3839,20
456,5.2444,12.914,25.9706,47.2939,304.8165,96.5848,311.7954,58.0367,306.5647,27.486,3.1025,1.4783,1.7887,2.0992,20
457,4.9782,7.282,15.3577,35.7593,321.08,73.1234,321.1279,55.0626,319.5528,21.7714,3.7538,0.6417,0.8108,0.8738,20
458,7.3825,10.8728,19.8717,31.9473,317.276,81.6177,320.1451,53.5741,321.9212,24.6651,2.7349,1.4762,2.3188,1.9032,20
459,7.1086,10.5988,16.7824,41.7623,322.8734,84.6653,325.8008,63.3204,321.7254,26.2333,3.68,1.891,1.7273,1.848,30
460,9.2581,15.208,23.7051,41.4604,312.8628,81.0056,313.3858,58.7488,310.5686,26.4923,5.2518,2.4586,1.6646,1.5025,40
461,7.2567,10.2227,19.1647,34.9122,337.6783,74.4648,339.0215,61.3211,337.596,29.3508,5.3252,2.0795,3.0047,2.6315,20
462,8.9,11.9774,20.161,41.4399,341.2087,85.5718,348.9448,68.9137,339.8462,31.8486,5.2401,2.3881,3.1898,3.4634,20
463,6.2762,12.5998,18.1322,34.9599,321.9884,82.5141,325.4265,57.5581,322.5792,21.152,5.4052,1.8408,1.8163,1.1714,40
464,4.3901,12.1609,20.4187,33.1695,318.3925,74.9277,322.819,60.7699,317.4391,26.89,3.7494,0.9979,1.376,1.3359,20
465,8.9072,11.9363,22.156,37.6611,312.2529,83.5461,314.2806,57.6549,310.4417,27.2393,2.948,2.4036,2.53,1.8137,40
466,6.5234,9.3017,19.342,35.0356,308.3956,75.4261,311.3264,58.8676,304.5052,25.652,4.1388,2.2698,1.1557,1.1511,40
467,9.0532,12.4797,19.2221,36.9973,320.4459,80.5947,322.4355,59.9644,317.682,26.0154,3.9951,2.5037,2.1534,1.5232,40
468,5.5285,9.1049,15.0086,31.453,308.1753,71.4475,308.1923,48.6602,308.8668,19.1515,2.9506,1.455,0.8847,0.8847,30
469,8.6205,11.259,23.381,38.5148,324.1552,88.2885,326.1187,53.2386,318.8854,25.3776,4.1191,3.15,2.7198,1.5519,40
470,5.0699,9.847,24.8829,36.7937,311.191,74.2573,312.8348,53.3509,307.3389,29.1471,4.1897,2.0306,1.6728,1.5751,40
471,5.5372,9.2316,17.8519,33.4711,306.6964,70.7427,306.2649,57.9623,302.6909,27.2047,2.8503,1.2459,1.3692,0.7141,40
472,9.7079,13.4535,23.6897,40.2487,320.3111,81.0339,319.174,58.3544,318.3508,32.8209,4.4996,1.9873,1.8888,1.7851,40
473,6.8319,12.3644,21.5815,40.7598,328.2346,84.209,330.7243,58.0323,328.2825,31.9589,2.3847,0.8018,1.196,0.8577,20
474,8.9635,19.3494,24.3244,44.896,325.723,105.6571,331.0733,63.8381,324.234,31.5704,4.1025,2.4463,2.423,2.5138,30
475,5.7346,11.2449,22.3194,34.1056,309.2318,75.4214,311.4607,57.8721,308.6646,23.3637,3.2614,1.8965,1.6526,1.764,30
476,4.9543,9.8084,17.6635,34.2566,327.8441,73.7387,326.2751,57.213,323.8853,25.8963,4.4271,1.7516,1.4974,1.5647,30
477,5.7982,11.0215,20.0521,37.2618,330.7912,80.8795,331.4611,58.7574,322.6479,29.3949,4.673,1.9902,1.7535,1.51,40
478,5.7223,10.0772,19.441,35.4084,329.7176,78.4498,330.3357,56.2912,327.5317,23.7195,3.9889,2.8539,2.5959,2.0667,40
479,9.2581,13.7645,22.5172,41.9716,321.1855,86.0025,322.7368,58.913,315.4901,25.0122,4.0001,2.825,2.9021,1.9725,40
480,7.3474,11.1444,17.6778,36.669,318.0908,85.6337,324.7242,66.5165,322.3264,29.9752,3.7044,2.4584,1.911,2.585,30
481,6.3015,11.8597,17.2275,33.764,297.518,72.8983,302.2752,53.959,297.2247,24.828,3.0059,1.4942,1.2392,1.1789,40
482,7.1993,10.1568,17.8316,36.041,323.1353,76.8083,324.1483,47.5295,323.9588,25.9016,4.7076,1.2405,1.4105,1.4965,20
483,6.5373,9.8221,26.2371,48.8203,323.9497,81.5914,325.3765,60.4474,316.108,29.9779,4.5514,2.5001,3.0968,2.8066,20
484,8.7249,13.2747,19.6072,35.1829,307.7441,87.8913,313.5181,56.6664,311.5276,27.8246,2.1514,1.5155,1.0159,0.6102,40
485,8.2236,11.0542,19.7617,28.0574,292.5011,66.6141,304.2642,61.7004,301.8087,26.0629,2.9078,1.2324,1.5427,1.4012,20
486,6.2288,10.4138,21.8894,39.6174,312.4201,83.5845,317.5636,55.608,312.1516,25.4701,4.0963,1.9154,1.722,1.5982,40
487,6.1694,9.6814,17.3847,39.9377,326.5697,85.4246,330.902,64.6106,325.0202,26.3618,4.0313,2.2492,1.7018,2.4293,30
488,6.3389,6.7031,15.2836,37.328,326.6551,76.7531,324.7169,53.4749,326.0294,27.7071,3.72,1.5329,1.0375,1.2604,30
489,7.5169,13.6045,22.4821,42.1231,317.9705,82.3746,319.8881,51.3575,316.1183,22.4064,3.0919,1.7696,0.944,1.1271,30
490,9.8754,15.2756,23.8587,35.4741,340.7923,89.2229,347.4118,58.2616,336.9021,27.9661,2.1325,1.7068,1.7068,1.9343,20
491,7.5079,10.1265,16.8101,40.0118,332.1206,87.1982,335.0923,57.1412,330.8668,25.6887,5.5598,2.2662,1.9567,2.1305,30
492,7.9951,10.8962,23.2894,38.9035,331.5371,84.1271,335.1374,57.0633,327.5097,26.5644,3.497,1.4603,1.8345,1.6659,20
493,8.18,14.8647,25.7337,40.9551,306.0,77.7437,308.5294,53.3999,304.7045,27.7924,5.4001,2.4577,2.5437,2.3498,40
494,6.4299,8.8721,14.9636,33.1482,307.4986,70.9828,309.3616,57.5344,305.804,26.2871,5.2705,2.4279,1.9714,1.794,40
495,5.5142,11.5769,21.2902,40.7115,299.7055,77.6897,299.3771,60.0798,297.0512,27.4126,3.3768,1.4141,1.3245,0.858,40
496,6.6568,10.4952,20.2184,36.9363,309.6635,80.4679,313.9141,60.064,314.2707,29.135,5.0163,1.2466,0.9004,1.2064,30
497,9.8985,13.0064,19.5532,42.216,308.7115,82.6035,312.9732,56.1097,306.9256,27.5043,4.1284,2.1079,1.8132,1.1313,40
498,9.1835,10.9011,20.0764,37.5135,323.3169,71.3469,323.8284,57.4311,323.0229,21.7145,3.805,2.1774,1.6285,1.7065,30
499,6.0089,11.6112,22.5173,38.1554,314.7274,79.2982,319.7459,60.6997,311.5692,25.281,4.779,2.5478,2.0826,1.7362,40
500,6.6469,11.1548,19.9768,38.8427,328.691,87.1229,330.814,50.5783,330.5032,23.7683,3.6882,2.2407,1.8914,2.334,30
501,5.6994,9.3755,19.4658,39.4805,294.9219,81.0307,308.4276,58.4148,304.9443,28.7963,3.8949,1.5003,1.8341,1.6233,20
502,7.1627,12.2817,23.8356,35.7139,315.3776,73.1915,316.4998,55.2424,319.9172,26.5266,2.4291,1.5484,1.4259,2.1187,30
503,7.5802,11.2734,19.5281,36.045,322.5905,77.8117,325.326,58.4192,325.4125,24.516,3.3236,1.7604,1.6031,1.3157,40
504,8.5299,13.7005,21.6598,42.2553,325.4282,83.514,326.1677,68.1171,318.4949,29.8434,4.1469,2.9564,2.119,2.4522,30
505,6.2963,10.7981,23.7766,40.378,317.5935,79.6336,319.0341,61.913,318.7668,30.3291,4.3532,2.2188,1.165,1.2337,30
506,8.5688,12.6078,24.521,45.5532,329.2374,94.315,332.2989,60.086,322.4141,26.5732,4.1323,2.6765,3.0633,3.026,20
507,6.5536,9.9811,19.9903,34.3938,304.4277,77.1895,311.3137,56.5662,308.4241,24.0275,5.1701,1.3561,1.7049,1.1909,40
508,6.3342,10.0586,19.7357,35.5041,304.3358,76.0634,304.6958,55.8336,301.4015,24.4226,4.5932,1.5499,1.479,1.3146,40
509,7.852,11.5481,16.978,37.6016,329.2418,82.4344,330.0011,60.2544,330.3692,28.6501,5.1141,2.2411,1.6786,1.6737,40
510,6.637,10.8312,17.2642,33.0333,303.7684,77.3251,305.7728,56.6363,301.4712,27.1166,4.1668,2.2945,1.5323,1.3472,40
511,6.0992,9.5055,16.3113,34.4524,310.2291,80.2746,311.849,61.1376,307.5721,26.5022,2.8751,1.8488,1.3349,0.9794,40
512,12.2238,15.6634,23.513,47.5851,352.9578,103.1184,350.3504,66.4902,346.3538,28.923,6.7715,4.4271,4.1631,3.5319,40
513,7.6002,12.2169,21.9181,40.0187,320.663,79.1491,326.9737,60.6331,325.4489,28.1907,4.2561,2.4281,1.5758,1.3869,40
514,4.8603,9.5391,16.2812,31.7852,312.0646,68.9771,315.1593,53.3081,315.2277,25.0475,3.2556,1.4141,1.1062,1.2402,30
515,8.9826,12.5067,19.8483,39.5884,307.6929,82.9731,311.4747,53.5662,312.9623,22.8095,5.4603,2.8556,1.9438,1.7942,40
516,6.9354,10.8384,18.6374,33.4847,308.8759,73.5525,311.1233,55.9689,310.6013,27.9685,3.0451,1.9533,1.6889,1.0901,40
517,7.5045,11.3229,20.8615,35.8644,296.1144,87.0661,301.4887,60.4242,300.9321,24.5798,4.3893,2.3227,1.6579,1.4761,40
518,7.3273,9.3117,14.4487,34.1609,317.6586,76.0052,325.7134,59.7437,323.8851,23.1461,4.3483,2.1323,2.073,2.4232,30
519,6.4075,11.3177,18.7679,36.0951,310.1705,75.727,313.3347,49.1854,305.5094,23.4711,3.3823,1.6476,1.3984,1.2646,40
520,10.1694,14.9873,21.3566,37.6692,309.6791,86.6141,310.8535,55.25,308.5895,27.3002,5.9997,2.6744,2.6612,2.3143,40
521,8.3874,13.5744,19.037,42.3058,325.4653,85.3663,332.7022,62.8787,327.6235,26.8822,4.1716,2.1633,2.4058,1.9094,40
522,6.6897,10.8418,18.5859,32.1822,310.7419,83.9785,317.5994,56.6611,309.1064,26.8779,4.5758,1.8317,1.2543,1.7596,30
523,7.6603,11.2367,19.7303,38.2569,330.1618,87.81,337.1625,55.0876,334.0248,27.3713,3.8132,1.8703,1.9314,1.024,40
524,8.7096,15.2235,24.272,40.9101,330.9958,83.0611,330.798,59.7301,326.8748,29.824,3.8149,2.0199,1.9605,1.7703,40
525,7.4954,9.9608,20.5473,37.476,324.6078,70.9635,323.5477,59.1513,319.2727,25.527,3.9659,2.5839,2.2036,2.4677,30
526,7.8231,11.0635,20.359,40.8404,321.815,82.4305,324.6366,55.3132,317.8622,25.6142,4.684,2.2712,1.725,1.7491,30
527,7.4434,12.6908,21.8895,40.3457,318.8235,83.7104,330.3098,60.5424,328.0024,28.8413,3.9168,2.3124,1.3167,1.4934,30
528,8.3085,13.0497,19.2764,38.31,310.416,73.0842,314.7635,54.0828,311.8262,26.2016,3.1749,1.8385,1.7436,1.6459,40
529,8.0791,10.1657,16.291,37.8882,310.7103,82.1971,312.0302,55.3969,306.6577,22.5966,5.087,2.2954,2.1165,2.3631,30
530,5.2177,11.2464,19.9089,37.1509,314.7358,89.0703,315.363,57.7462,314.2754,31.5582,5.8687,2.179,2.7704,1.6597,40
531,6.2844,10.0531,17.5489,31.5522,317.5935,82.4855,321.723,60.6587,316.338,28.0226,2.8081,1.4796,1.3619,1.0714,40
532,6.8793,11.2285,17.8775,39.1538,338.3676,87.3808,338.4414,61.4793,335.2421,19.9927,4.2595,1.8154,2.0485,1.7016,40
533,6.6862,12.2707,18.0041,35.1784,314.0341,75.4526,313.0133,55.7492,315.3655,24.9209,4.7068,1.9845,1.5496,1.6929,30
534,8.2024,12.8661,19.9642,39.5749,317.7493,71.7421,320.6373,56.1562,313.5182,22.1601,4.6276,1.0557,1.2069,1.2336,20
535,6.4161,10.0724,17.5101,32.9521,313.2475,79.7746,317.6187,55.3267,308.8093,25.5066,3.2509,1.5764,1.4434,1.3028,40
536,8.974,12.3603,22.4738,39.8035,318.8239,80.4365,323.7923,59.7566,319.6721,24.5454,3.4349,2.2527,2.0981,2.2846,30
537,9.8758,14.6952,21.7681,42.1227,329.0247,88.3368,329.1835,65.6374,326.903,28.7138,5.9815,2.7431,2.4052,1.7885,40
538,5.074,8.8716,12.5388,32.3377,317.9868,73.5712,324.9503,55.8809,318.5091,23.6115,4.4062,1.7607,1.6028,1.672,30
539,8.6286,14.5631,24.0116,38.3342,320.0288,72.5844,326.6894,57.5556,321.7443,22.2162,3.1774,2.0823,1.3252,1.5413,30
540,8.2821,13.3578,20.9066,32.5883,312.9547,87.9662,316.4077,57.1645,313.0463,27.3235,3.7122,1.598,1.5682,1.2767,40
541,7.4067,12.3629,21.7512,36.4419,331.3872,87.6103,332.3591,65.413,326.7468,30.0259,5.2116,1.7896,1.7802,1.5603,40
542,5.1948,8.4694,13.9871,37.2181,318.0707,83.9549,319.1189,54.1339,313.4942,28.0148,4.582,1.9457,1.2777,1.2134,40
543,6.3254,9.7892,23.0587,47.0431,323.1816,92.7735,324.6971,54.9238,318.8743,23.8624,3.2277,2.0171,1.5799,1.638,30
544,7.2573,11.7836,20.0965,40.183,324.9688,80.5149,325.6095,66.3396,323.7141,24.0744,4.6412,2.0179,1.8665,1.44,40
545,5.0676,7.9788,13.6633,33.3573,295.3484,70.3782,296.0659,47.4078,297.946,21.2763,3.527,1.3358,1.0133,0.6344,40
546,6.151,11.3079,20.4828,38.8772,298.4115,81.7419,296.7584,61.1206,297.6039,22.9793,4.0345,2.6772,2.383,2.1116,40
547,7.0525,11.2195,18.705,33.6439,297.9513,70.5584,304.2007,57.7285,292.7616,28.3717,3.9619,1.1005,0.6972,0.8539,30
548,7.8805,11.794,21.6955,40.2817,327.9178,87.6418,333.298,62.5761,330.1983,28.7959,3.6472,2.2698,1.6254,1.5966,40
549,7.5514,12.642,23.9398,42.4849,315.8784,89.1256,316.6044,57.9768,312.8339,30.3066,6.6961,2.3064,2.3003,2.8265,30
550,6.2234,13.1959,25.8057,42.298,319.3913,86.7052,321.377,58.2849,312.438,27.6884,3.7695,1.4747,1.506,1.5352,20
551,5.2866,7.9815,15.4591,27.8272,330.3328,74.9605,328.9463,59.5001,324.9934,26.2124,3.8401,2.0588,1.8714,1.7599,40
552,7.1398,13.1743,16.2309,27.4447,288.4217,69.6001,289.4091,66.4422,288.5394,25.685,4.2901,1.6178,1.9211,1.6803,20
553,9.1864,12.2463,19.6881,36.3998,319.7706,83.9062,322.5115,53.4878,318.4222,25.3178,4.5848,1.5546,1.6394,1.4394,40
554,4.6529,7.5848,17.376,36.913,324.9893,80.6084,325.9966,55.7684,323.5345,25.8706,4.196,1.851,1.6741,1.3373,40
555,7.5106,11.6424,16.9063,29.7438,321.6914,76.6784,323.0537,51.3644,321.2515,26.7469,4.8352,1.5037,1.7074,1.5146,20
556,5.9537,11.7593,20.1212,35.9144,324.7466,81.765,327.6723,56.6841,319.881,26.8259,3.4989,1.2316,0.8099,1.2474,30
557,6.2989,10.9117,20.1565,38.4043,328.4223,80.0982,325.9687,58.2334,329.7041,26.2325,3.5198,1.3571,1.5948,1.6791,20
558,8.3226,11.9577,18.9178,37.5147,316.3931,84.6314,321.451,55.7219,320.4432,27.6599,2.9441,1.9607,1.5813,1.7243,30
559,9.004,13.7904,20.6242,41.3303,329.9345,76.3312,331.6984,58.2113,325.1919,27.1847,3.4247,1.6947,1.9671,1.7175,20
560,7.7968,11.838,22.2918,39.3961,323.0235,79.5361,324.2271,55.5255,323.4608,24.4507,5.377,1.5229,1.629,1.2325,40
561,7.3244,12.1755,17.7629,29.1284,327.8983,82.5638,332.1379,59.6604,330.5086,24.7996,3.3199,2.3634,2.9034,2.5383,20
562,9.087,15.1211,20.487,38.401,300.5435,75.2004,301.7431,53.4405,296.8477,28.5771,4.2777,2.2404,2.121,2.0379,40
563,7.7077,11.2225,16.4588,36.7335,316.5649,92.9353,320.9032,63.1939,316.0681,26.7032,3.8348,1.3038,0.8044,1.1029,30
564,5.6412,10.7685,21.0013,32.7561,307.1198,67.4103,308.9923,54.9863,306.5097,26.3723,2.8994,1.0932,1.1216,1.4802,20
565,8.6611,13.1739,23.0745,37.3211,296.6861,80.7166,299.2972,58.138,293.465,28.4318,5.006,3.3081,1.976,2.1841,30
566,6.0858,12.1934,21.1718,34.0142,331.3125,90.232,332.0783,55.962,325.3011,21.7502,5.2866,1.9306,1.4269,1.2563,40
567,6.0274,13.458,22.7875,39.6427,320.6706,87.1678,323.2448,56.7045,315.7997,32.9693,5.2037,2.0966,2.4401,2.1473,20
568,9.3148,11.2081,17.7989,42.0279,312.2149,90.5822,318.3685,62.8886,318.5915,30.7524,5.7492,2.5788,2.2213,2.5044,30
569,9.1506,12.2556,20.1079,37.028,311.3584,76.6932,312.221,57.0385,308.9572,28.2536,4.4706,1.9162,1.9491,1.8048,40
570,10.265,15.7059,24.0072,46.5374,332.4506,88.8701,334.6373,62.1319,329.6741,27.2593,5.9664,2.4534,2.9574,1.8263,40
571,7.2903,10.5449,17.2793,33.7015,328.6143,76.5491,329.5614,57.425,326.9788,25.94,5.7997,2.7989,3.0582,3.0442,20
572,7.393,13.7302,20.2399,35.7194,318.3451,79.7777,317.8811,52.7165,314.5778,25.5265,3.6258,1.4567,1.2934,1.3669,30
573,10.0592,13.3947,23.2902,39.129,311.5673,96.5043,312.6664,60.7119,314.2037,30.6513,3.42,2.3742,2.8129,3.0445,20
574,8.3991,12.7074,19.0354,31.0184,309.5492,77.992,315.4762,66.2184,311.1542,30.4449,3.8731,1.9017,1.8565,1.2637,40
575,6.8471,9.5714,18.4565,37.9522,312.5894,86.0156,323.9086,58.2407,325.1675,27.987,5.032,2.3165,0.8312,1.0889,30
576,6.6238,10.5604,16.8515,36.1003,305.1728,79.6081,306.2077,60.6614,303.2854,30.0555,3.1309,1.1343,1.113,1.7044,30
577,5.0077,10.7244,21.5153,39.2153,317.5032,75.0527,316.372,62.1005,314.0697,28.1005,5.0029,2.594,2.3781,2.0807,40
578,4.0803,7.4688,14.5197,29.9035,304.7481,85.1935,306.3414,57.2826,302.8022,20.5995,3.6963,1.0308,0.66,0.8033,30
579,7.8592,12.5168,17.3949,35.6822,310.258,72.4631,315.645,57.4567,306.9286,23.3038,5.9769,1.7726,1.8709,1.8838,20
580,6.9659,10.3138,18.5225,34.1189,299.221,71.5048,312.1523,56.5035,306.6928,22.96,4.0673,1.4164,1.2539,0.9315,40
581,8.5477,11.4224,20.7968,39.1866,312.5559,85.9455,318.3787,61.2728,313.4601,29.1091,3.9775,1.4744,1.2028,1.4036,30
582,8.98,11.9922,20.8583,37.455,336.1292,82.7389,340.1287,63.3583,340.2799,35.1105,4.5823,2.9085,2.4733,2.3008,40
583,7.6383,12.1468,19.7583,35.3427,309.0167,73.6623,319.1797,54.3062,318.951,23.8636,4.9854,1.9674,1.8918,1.4352,40
584,6.3455,16.4252,28.7973,44.4535,337.4452,81.3241,339.9752,63.7017,338.3877,31.6775,4.6363,2.6674,1.725,1.5682,40
585,8.7152,10.6806,18.7739,34.6659,327.4383,67.1252,330.4492,61.9526,321.59,27.9935,3.1542,2.0532,1.3862,1.0874,40
586,8.8078,11.2917,20.83,37.819,321.6415,88.6189,322.5871,59.1851,323.1605,25.8744,6.4552,2.5688,2.6504,1.9038,40
587,6.7834,9.7967,22.2028,40.2874,312.3962,81.3839,313.581,64.2278,312.9458,24.8632,2.5451,0.7937,0.8574,0.7654,40
588,7.7594,10.8403,20.7257,36.432,324.1849,78.6261,325.2554,63.0381,323.1358,25.4457,4.653,1.9833,2.2261,1.6361,40
589,9.7602,12.7344,24.2059,44.4287,326.8225,85.6058,332.2431,54.4672,323.9318,22.8731,4.2703,2.5035,2.223,2.2229,40
590,5.8452,10.3643,18.0557,34.0191,341.5009,88.3152,341.885,50.5553,338.0583,24.7801,4.3133,2.4574,2.791,2.2119,40
591,8.5261,12.4456,22.5937,38.8366,318.2819,77.9122,320.061,53.2517,319.6706,26.2029,4.4939,1.6535,1.4659,1.3157,40
592,7.2533,12.0951,19.9802,41.0694,329.38,81.2029,333.3815,57.7392,328.3907,24.9779,2.5746,0.8307,0.4833,0.4644,40
593,7.6686,10.7899,19.2201,35.8531,312.9857,81.2379,317.4944,61.2058,312.8514,29.3751,4.2585,2.2009,1.2979,1.8897,30
594,6.5138,11.9408,16.1557,34.1327,311.4687,74.0218,313.8607,56.5436,310.3875,26.2294,3.7834,2.363,2.4683,1.7293,40
595,6.3207,11.8266,18.8008,29.6963,309.4592,80.248,310.3764,57.9708,311.192,24.8151,2.52,1.6183,1.5617,1.4772,40
596,8.9942,13.0393,20.5494,36.4293,314.9382,73.9643,317.6703,57.0013,316.6394,26.9195,4.8681,2.6081,2.3056,2.22,40
597,10.235,14.4307,22.4521,39.4578,327.3734,86.6926,328.5144,59.1665,326.5232,23.2813,4.1073,1.4546,1.6491,1.6491,20
598,6.2085,9.9171,20.8046,36.7262,310.1531,79.6167,315.8159,56.2851,309.8868,23.1245,2.5041,0.9014,1.4215,1.0701,20
599,5.5418,10.2147,22.2636,37.607,304.3544,75.1836,309.9188,58.5854,307.372,25.4353,3.1805,1.7092,1.3016,1.4339,30
600,7.2512,10.1367,19.5391,34.4364,313.7154,75.3288,312.9279,56.8886,308.6457,28.1825,2.2464,1.312,0.8152,0.8152,30
601,10.0016,14.3969,24.1647,38.9483,338.3248,80.4449,339.9368,62.3441,342.1996,35.4138,6.1763,2.3582,2.3279,1.7429,40
602,7.2801,10.5212,18.2187,36.2106,316.7954,82.7011,321.1175,55.1878,310.6233,26.8406,4.4813,1.7197,1.3293,1.3169,40
603,6.6925,12.3652,17.3272,39.6862,311.6736,79.9933,330.1326,62.6217,323.4783,27.43,4.0335,2.1636,1.8638,2.1327,30
604,6.3342,8.0082,19.2752,35.856,315.9439,76.0092,317.0419,57.3028,312.0447,26.2639,3.6127,2.2262,2.1747,1.2876,40
605,8.6157,12.5943,24.9635,41.7865,327.9278,84.5307,331.5346,60.6207,328.3291,30.4024,4.4472,2.2603,1.3562,1.3562,30
606,6.185,11.0964,18.6172,39.7719,327.55,83.8299,331.6984,58.7434,327.1826,25.5278,6.2626,2.1555,2.9039,2.6198,20
607,5.7638,10.2324,18.6586,35.2571,297.4354,66.0064,303.0489,60.1325,297.4539,27.5242,4.1444,1.6946,1.5987,1.6571,30
608,6.2788,8.9642,22.0906,38.6197,335.6962,87.8801,334.0539,57.4447,329.6253,26.0823,4.4873,3.1206,1.9798,2.4366,30
609,9.9377,15.9065,25.3572,42.0034,316.1059,86.2267,317.2278,54.5977,314.1609,31.128,4.0031,2.1559,1.6865,1.3613,40
610,5.734,12.0889,20.9935,37.9169,314.2544,73.7611,313.3908,63.1419,308.8952,31.2821,5.7181,3.1465,2.705,2.6736,40
611,7.0623,11.949,18.8239,36.3855,317.7568,83.3984,316.0311,57.4607,310.7841,24.0987,3.0199,1.9803,1.6921,1.1883,40
612,8.7272,16.4846,24.1421,39.4846,321.5664,82.6668,326.424,57.7075,317.328,28.4312,3.5545,1.7219,1.2811,1.2598,40
613,5.0328,7.6511,17.4457,39.9967,313.9055,79.0705,321.5443,59.9031,313.6975,25.9736,3.7389,1.7356,1.7388,1.6927,40
614,5.4078,7.5851,17.363,41.2246,312.2894,88.6985,314.7554,59.7565,306.7599,27.9211,3.1054,2.5447,2.7247,1.603,40
615,9.338,13.7274,22.6751,37.4954,343.5666,87.8991,343.0459,58.7996,337.0798,30.0163,5.4688,2.3363,2.7106,3.0427,20
616,6.3239,11.259,20.0478,37.8866,331.1333,95.0665,334.3357,58.9238,335.4945,24.4473,4.1152,0.9805,1.2049,1.0122,20
617,8.5611,11.5785,17.0549,38.1764,315.0687,86.0101,317.2575,58.9471,312.9493,26.5507,5.135,1.3529,1.105,1.2746,30
618,5.3937,7.5532,16.3845,32.2222,303.1441,76.191,302.3225,56.9956,303.6584,23.4007,2.8049,1.3472,1.1093,1.0706,40
619,8.2194,10.4641,17.3671,36.2557,304.6215,81.7069,307.8916,51.9046,305.8801,25.2395,4.7873,1.6048,1.2195,1.1464,40
620,5.523,10.683,17.5351,34.9692,314.5886,83.1672,312.991,55.3465,306.3907,23.1028,4.9987,1.1843,0.7721,0.7721,30
621,8.1533,11.9068,16.9914,35.9912,312.2257,78.1339,313.0557,54.0133,313.8569,26.8519,2.8853,1.9408,1.0371,1.2177,30
622,7.564,10.7711,17.306,36.224,328.2565,66.1827,330.6064,55.6264,327.2183,23.9824,3.7395,1.9116,1.8964,2.1871,30
623,7.5162,11.3377,25.1663,39.8398,304.5064,87.8163,308.9933,54.5593,309.7158,27.6183,4.9586,1.9133,1.7415,1.9653,30
624,8.9367,11.0493,19.9064,39.1865,324.6822,83.7607,327.9564,53.7575,321.1764,25.5365,4.5756,2.6055,2.6576,2.1003,40
625,5.6777,10.9452,17.8751,38.2885,315.4985,69.7694,321.1016,50.8819,311.01,26.8323,3.727,1.8395,1.6104,1.3936,40
626,7.9331,13.0563,18.8772,35.2316,300.2379,85.9905,320.0486,64.6283,318.9777,27.4556,3.0606,2.4221,1.2129,1.4546,30
627,6.9327,10.8366,17.8731,34.5891,302.3775,74.446,306.9299,61.1804,305.9633,24.7388,4.3867,1.4417,1.9087,1.1075,40
628,7.1115,13.253,23.3132,39.0484,314.762,85.5091,314.9157,61.6995,312.095,29.6999,5.1933,2.1912,2.5863,2.3741,20
629,8.9979,13.4799,23.52,37.2407,334.5494,83.1365,337.9265,59.9368,329.7354,26.6895,6.8646,3.2788,2.8218,2.7567,40
630,5.7892,10.3951,20.6695,33.2401,307.2229,77.6295,308.4647,58.0956,306.8284,29.3957,4.214,1.8376,0.9918,0.9765,40
631,6.9999,10.5896,16.2896,37.6125,297.2303,81.0414,297.7154,55.159,295.0017,25.0474,3.8694,1.8187,1.6817,1.916,30
632,7.2593,10.5642,17.2153,40.5403,325.2659,77.7644,327.7247,60.2555,325.073,25.2778,3.2619,0.5017,0.3384,0.1812,40
633,7.2995,7.5109,19.7078,33.6703,312.2888,76.1625,313.0446,55.7317,310.4063,27.7977,4.7153,1.7334,1.5671,1.522,40
634,9.9954,13.738,18.8947,41.085,337.5585,89.6371,334.5493,61.6982,333.5947,24.8303,3.2657,2.2237,2.2688,1.8999,40
635,8.8883,13.942,23.8361,47.3384,323.5,104.8033,324.1532,63.2616,324.1055,28.137,4.6789,2.7907,2.568,2.7406,30
636,5.1134,8.8148,16.2969,36.4834,331.5848,77.8637,337.7816,53.8865,330.269,25.9304,1.8685,1.2573,1.0377,1.0033,40
637,7.1884,10.7604,18.2879,42.2509,326.5736,86.1297,324.4471,59.9146,322.4592,29.4127,3.8764,1.9858,2.2941,1.9293,40
638,5.8886,11.0358,18.0445,35.9501,301.179,74.4626,303.1812,59.0927,304.2596,28.0623,2.7585,1.8366,1.9987,1.8537,20
639,7.0945,14.1657,19.3882,36.388,329.0532,77.7307,331.8124,57.1303,332.4492,19.5283,2.0035,1.6238,1.6169,1.6134,40
640,6.721,9.3919,18.7943,34.4583,302.1823,68.7847,302.6828,56.4869,299.3352,25.825,3.5349,1.1808,1.2842,0.9343,40
641,9.8742,12.0759,20.7174,34.3209,335.1296,86.7002,338.0349,58.043,330.7222,28.8289,3.8102,2.0921,2.0921,1.9838,40
642,8.1528,10.4866,17.2682,38.3603,329.2454,82.8364,330.4779,51.9318,323.9033,19.4816,3.504,2.8364,2.0953,1.926,40
643,5.4832,9.1586,16.8943,33.6598,322.2751,79.763,320.6681,55.4723,322.7418,21.7521,2.9844,1.8237,1.8526,1.7289,40
644,8.2748,14.4388,24.4977,50.1262,307.9023,81.9622,307.0017,57.9884,312.6255,26.808,7.6911,3.3235,2.6847,2.3451,40
645,8.8772,12.2929,22.5404,35.0702,331.4432,81.309,334.8288,67.8633,327.5213,28.6196,4.1343,1.2525,0.7464,0.7732,30
646,8.5607,14.6478,22.5817,39.9297,313.759,84.3477,318.8723,55.0054,309.1888,25.7431,3.8221,1.7215,2.081,1.6668,40
647,8.0696,10.8384,20.1298,35.4995,328.3691,77.1659,329.6454,65.3158,327.5012,29.616,4.5234,1.9951,2.0081,2.1163,20
648,8.8478,13.6992,23.7309,42.8908,309.6364,82.6578,311.3523,64.5248,311.588,33.2957,3.2316,2.1787,2.5195,2.0607,40
649,6.9725,8.3712,16.4354,36.5722,300.1271,86.8422,306.2092,61.2646,307.102,23.4642,4.3309,1.6885,1.5461,1.4074,40
650,5.544,7.8688,18.4877,34.5625,313.9341,75.0843,317.2502,58.4454,307.1771,25.5725,4.1842,1.9691,1.9593,1.7707,40
651,9.0415,11.2721,21.5233,35.7511,310.2846,81.4882,313.0077,57.9496,309.5817,27.2038,4.5956,1.334,1.6689,2.073,20
652,6.3287,8.4826,16.3452,38.0793,307.417,82.2126,309.2484,63.8519,307.6015,28.5777,4.9701,1.6452,1.8848,1.7387,20
653,9.5008,10.8685,21.0537,40.2165,310.9709,76.3747,311.6943,55.4266,304.8536,31.2922,3.7265,2.0044,2.2397,1.8032,40
654,6.4652,9.8746,15.3727,29.2581,305.0504,66.5756,308.9978,46.6766,302.9023,18.6423,3.6098,1.4646,1.3753,0.9843,40
655,7.088,9.6006,12.2384,27.9298,296.5167,65.0902,299.6237,55.0256,293.8639,22.1476,3.9168,1.8093,1.8996,1.8851,20
656,8.0875,12.834,22.5396,42.9396,314.5208,80.1546,318.1486,57.6577,315.2186,24.2745,3.3514,2.711,2.25,2.3132,30
657,5.0532,8.2623,20.6637,36.0864,321.2626,75.4068,324.8629,54.1151,325.7592,26.0711,3.409,1.7474,1.3772,1.1198,40
658,7.6811,11.9162,22.521,35.0124,308.87,72.6377,309.0204,55.3561,308.0885,25.5703,2.6317,1.5246,1.3231,0.9832,40
659,8.9048,11.8908,20.4965,32.6393,310.4363,88.8487,311.2913,60.7435,312.8293,27.1602,3.8471,2.5422,3.0192,2.107,40
660,7.9272,12.9457,21.9693,43.8677,310.5843,85.7201,316.5624,60.9021,312.0259,27.2914,4.2619,1.7453,1.2406,1.2963,30
661,6.3844,11.9999,19.657,31.4486,317.4404,77.5048,320.742,61.3581,313.2528,28.8049,3.1083,1.3912,1.3631,2.4067,30
662,8.8269,11.3194,18.2679,32.2517,303.9037,78.3557,301.9066,55.031,301.6027,23.1309,2.7401,1.7636,2.041,1.8573,20
663,4.5575,5.6476,15.4674,34.4738,304.086,72.5044,305.111,59.6701,299.5596,26.4966,3.4006,0.9309,0.9244,1.3291,30
664,9.5372,11.1391,18.9968,42.8189,314.1067,107.9547,315.8257,59.3546,313.118,26.9234,3.2671,1.7843,1.8311,1.3986,40
665,6.0589,12.4543,19.7765,38.2994,322.7296,68.7698,324.1287,56.2851,319.3479,25.3161,1.5521,1.2682,0.8836,1.1134,30
666,7.5487,11.1467,22.0688,36.9579,302.1649,77.8695,305.5594,56.1111,300.4098,24.3347,5.4201,1.6779,1.4742,0.9226,40
667,7.2009,10.7991,16.9911,40.5748,333.0305,91.6661,335.1894,61.8416,331.5107,28.114,2.8295,1.9282,1.8707,1.0039,40
668,5.6758,10.1895,18.7099,38.2602,324.0394,75.3099,325.2364,62.0004,320.7316,22.6976,4.7433,1.5272,1.3879,1.8993,30
669,5.7515,14.2595,21.8947,42.8093,320.5779,79.0618,321.3771,58.6982,315.3793,28.644,4.6314,1.9334,1.2318,0.9787,40
670,8.4133,11.0003,18.9563,36.4065,315.5858,75.7707,318.8958,60.1859,316.4242,26.2359,4.3376,1.8583,1.8392,1.0715,40
671,6.9943,11.4124,22.4756,35.8934,334.1506,88.868,337.8471,60.7268,327.2027,29.3222,4.9044,2.1473,1.9947,1.2376,40
672,7.7852,11.6314,19.3834,38.6657,309.4152,71.7849,311.1222,59.9507,306.7406,25.7988,4.0252,2.1891,2.2609,1.8587,40
673,8.5815,14.4676,20.7637,41.9572,314.1574,86.4673,317.5924,60.8829,316.0112,28.073,4.9198,2.1759,2.2219,1.9657,40
674,7.1199,8.3661,22.4769,32.9401,298.2014,82.7994,299.0237,59.3478,293.8439,24.0605,2.4909,1.6746,1.8731,1.9137,20
675,6.7545,12.969,20.0598,42.1867,327.2018,75.5986,330.4562,53.4808,328.1831,25.9184,3.865,2.3587,2.0968,2.2997,30
676,5.4952,10.2544,20.8658,45.8403,315.8304,87.8981,313.2746,59.3884,316.9195,28.7668,4.5187,2.5664,2.2262,2.4373,30
677,6.3122,9.7444,18.9606,33.7391,314.2374,77.0006,313.4037,55.78,310.8156,25.0943,4.2548,1.1669,0.5471,0.5471,30
678,7.0656,10.2683,20.7674,36.2882,327.8054,81.4441,329.4159,69.9006,327.1335,28.5655,4.0913,1.7873,0.9118,0.9126,30
679,7.5013,12.5662,17.4879,36.806,307.4483,75.4956,307.2766,57.4637,304.0732,22.8004,4.03,3.265,2.4505,2.3026,40
680,4.9583,10.2979,21.4428,34.3197,319.2565,80.8945,325.9722,60.2182,318.1037,28.2381,4.1632,1.5523,1.415,1.5197,30
681,6.3095,8.6261,17.4487,28.2396,284.3926,65.8089,285.7087,55.8082,284.3443,22.9778,5.239,1.2784,0.6831,0.6831,30
682,8.9653,11.8244,22.4868,43.0578,337.3755,86.6688,340.1063,59.7513,335.7076,28.5691,4.371,2.9918,2.6821,1.8786,40
683,6.6413,10.7471,17.4388,36.399,319.3628,86.0096,319.6791,53.9066,320.1386,25.6297,3.7184,1.6965,0.8789,1.1187,30
684,6.4203,10.4084,17.7197,36.9359,312.1742,77.4725,315.4988,55.546,313.251,20.7412,3.649,1.5162,1.493,1.4478,40
685,6.7543,9.8495,24.0414,37.7514,320.5377,88.0595,325.0592,58.3435,318.9878,29.4009,3.1314,1.9074,1.4392,1.5727,30
686,7.1887,8.7352,19.2318,40.1498,329.2918,83.5827,332.3398,62.8361,331.455,27.9516,3.9295,0.9354,0.7497,0.7497,30
687,8.5868,11.8835,18.1848,43.7731,303.333,89.435,308.1552,57.8711,307.0649,25.583,4.5019,1.1751,1.4859,1.1451,40
688,4.9765,8.7189,18.4885,34.2488,301.6417,63.5793,307.4168,53.9043,304.3579,21.1128,3.6831,1.3321,1.4916,1.6156,20
689,7.0659,9.5197,14.4785,36.3101,314.9347,74.8604,314.4516,55.5514,314.3549,23.753,3.5407,1.5249,1.5947,1.9143,20
690,7.7445,9.5759,20.0748,42.603,327.3126,92.0286,329.3927,68.3101,331.3011,31.4508,3.4369,2.2651,2.4193,2.0395,40
691,6.6631,9.0896,18.4809,35.3096,309.9075,76.1091,310.1409,54.3981,306.0901,21.9082,2.5303,0.9036,0.8699,0.7404,40
692,9.5107,15.2518,23.4149,44.5591,320.864,95.8577,322.61,65.8263,323.7764,30.8855,4.8937,1.6356,2.1761,2.4238,20
693,9.6257,12.8794,20.4596,36.7399,322.3922,75.0912,323.8718,58.5474,316.5874,25.3222,3.8719,0.8894,1.1749,0.717,40
694,9.4651,12.1351,18.8903,38.9431,319.9471,76.3555,320.5648,58.2439,315.2783,25.736,3.2264,1.2665,1.5647,1.2498,40
695,8.0905,13.1877,24.0859,38.8108,329.3649,92.1405,332.4279,58.3534,324.8878,25.9147,2.7481,1.3169,1.3863,1.172,40
696,6.5045,14.1928,22.5853,40.3561,305.4804,82.0101,309.3406,60.6202,308.1458,27.5394,2.7544,1.9679,1.6866,0.9776,40
697,7.5702,13.7091,19.8456,30.4462,294.9033,71.4626,295.4742,54.7053,294.5571,25.3188,2.0389,1.1471,0.9949,1.0757,30
698,5.7493,11.6611,16.1636,39.9623,322.7696,74.9172,322.1129,60.1925,318.3208,26.0401,3.9385,2.029,2.0284,2.0284,30
699,8.8509,15.57,25.3007,43.3961,340.981,86.729,346.6389,60.8843,335.6946,27.387,4.2868,2.3939,1.6646,1.8061,30
700,7.7427,10.2143,16.5134,33.4953,317.1997,88.5993,318.9028,63.754,316.3225,25.6264,4.2415,2.3553,2.3945,2.3821,20
701,8.2295,14.177,25.039,43.7151,321.2748,96.8054,325.1875,57.5942,318.8068,29.2825,4.1263,2.6989,2.5263,2.6682,30
702,7.7375,12.1078,19.2567,31.6597,310.0237,65.5452,310.6903,48.6019,309.9154,26.5765,3.3735,1.99,1.6904,1.8886,30
703,8.288,12.1242,20.7325,38.0499,304.847,79.4891,304.7329,54.0353,306.5184,24.9942,5.6293,3.7055,2.0359,2.4367,30
704,8.1418,13.1163,22.425,35.7302,313.9195,74.1194,314.1548,57.1345,311.8576,23.3236,5.4416,2.0504,1.6422,1.771,30
705,6.5187,11.6693,18.2231,36.576,324.8845,79.0298,321.5516,65.656,320.6002,27.9975,3.9635,1.6757,2.0381,1.6102,40
706,6.8653,10.7464,17.1267,34.9791,306.2756,73.6069,308.3526,58.83,305.5305,25.2898,3.9228,1.3391,1.0635,0.8869,40
707,7.3022,11.7498,24.1684,37.2878,324.1232,75.4234,326.052,57.2164,330.5557,27.3168,4.3761,1.6967,1.5699,1.4488,40
708,8.8265,13.6188,20.2117,39.6061,350.6541,87.5035,351.3042,64.1792,345.623,30.3698,3.9484,1.5048,1.3198,1.0585,40
709,6.8668,9.8763,18.8887,34.1939,314.2776,80.4749,314.6207,48.22,308.8955,23.1153,3.1697,0.456,0.8499,1.503,20
710,6.9575,12.3816,23.1136,42.0525,313.4148,96.4284,314.9314,64.1767,312.8751,28.2871,5.7709,2.8002,2.6497,2.413,40
711,5.8427,9.6095,15.7746,33.6445,307.3763,78.6747,313.1804,57.7732,311.3291,22.6372,2.7635,1.4604,1.1963,1.0763,40
712,7.3796,10.6196,16.6097,32.9843,327.5105,92.8096,332.2917,64.8011,330.1174,28.5385,4.6472,2.2681,2.4749,2.2432,40
713,5.5612,10.7318,18.1517,34.8645,314.0955,73.6823,321.9363,59.8448,319.8708,24.2183,3.4857,2.5127,2.4481,2.1453,40
714,7.3577,8.4985,19.521,38.1339,310.7138,67.9492,311.6663,55.6498,311.8524,24.7091,3.5626,1.5289,1.0182,1.0522,30
715,9.2005,11.5629,16.1792,30.0007,299.4296,73.3412,303.4474,57.3574,296.7576,27.2755,5.0958,2.0032,1.6599,1.9677,30
716,5.8548,11.0373,18.8462,33.3996,300.235,81.372,301.6191,62.8974,294.6059,23.5736,4.809,1.7662,1.8765,1.74,40
717,8.2562,12.117,21.0913,41.3353,327.9039,85.6749,329.2546,56.1089,324.7399,24.8429,9.0322,2.8909,2.8517,1.9029,40
718,7.8411,10.6557,18.5909,40.1223,305.3295,76.5207,309.3342,59.3906,308.7945,26.0514,4.4866,1.9088,1.7798,1.6134,40
719,6.5159,8.4276,17.6282,37.4543,306.6304,74.7427,310.2673,51.3999,306.9841,22.5868,4.1971,1.6455,1.4549,1.2426,40
720,7.6668,12.3653,20.727,38.5556,318.2236,90.9015,317.7302,62.3571,314.8839,26.6281,3.6643,1.9063,1.9216,1.6812,40
721,6.0327,10.7551,18.4765,35.9395,315.0908,77.9498,319.1664,63.4736,314.9585,23.7436,2.7733,1.5956,1.1239,1.2724,30
722,6.2101,11.7787,19.7227,38.957,321.4814,74.084,324.6018,49.984,326.5813,22.7905,3.7902,0.7855,1.1876,0.7855,20
723,5.8975,11.428,17.3495,37.5892,291.6344,72.9983,292.1084,52.3969,290.8534,25.1136,3.6212,1.4702,1.8771,1.7061,20
724,8.7244,12.0687,18.7102,33.139,325.7528,80.5135,328.6541,55.6685,321.7189,21.4996,4.6806,2.509,2.2986,2.1349,40
725,6.6664,11.0334,22.7325,40.5444,324.3478,85.7987,323.3615,61.9759,321.4111,27.904,3.4947,1.9541,2.0711,1.5686,40
726,6.5336,14.5831,22.1215,39.1325,314.0476,80.1215,317.8142,67.1782,318.0403,33.6635,4.2242,1.7586,1.748,0.9125,40
727,6.9087,11.9706,20.5831,34.5899,314.2154,83.3379,315.7589,56.4536,312.3861,25.8293,2.6404,1.6937,2.0235,1.4039,40
728,6.8558,9.6335,18.3998,35.1898,299.117,70.484,302.367,55.3608,293.5929,24.3467,3.2675,1.1138,1.0454,1.6328,30
729,10.4637,13.6226,21.9231,44.8408,310.9353,90.7295,313.71,64.7576,311.8156,28.8021,4.32,3.1807,2.333,2.041,40
730,6.7323,11.3268,18.5268,32.085,316.4542,77.8372,316.8626,59.6605,314.1451,25.5362,3.5872,1.507,1.2489,1.2966,30
731,6.5216,11.9767,21.844,34.9889,316.0067,74.6352,317.7998,59.2755,318.5844,28.3176,4.4474,2.7836,2.1696,1.9604,40
732,5.1883,8.4126,17.9005,30.1117,314.2153,65.7444,316.0869,60.6537,313.8098,24.1066,3.4582,0.8497,0.5093,0.8452,30
733,8.2578,12.3871,18.2642,37.5582,318.2235,80.3317,325.2324,54.1043,320.1132,26.0284,3.9682,1.8988,2.0323,2.5518,20
734,3.9434,8.1514,18.2424,33.1337,320.0979,79.7541,327.7844,57.5618,326.5433,25.8917,2.593,1.185,0.909,1.0786,30
735,7.3183,11.3429,19.93,32.8938,301.326,73.6904,302.367,53.2254,297.7383,25.944,4.783,1.834,1.5227,1.1227,40
736,11.5066,11.7594,21.0269,39.2914,312.9441,83.293,311.3752,61.6408,306.8781,24.6521,4.5931,1.4931,1.4633,1.6309,30
737,5.6935,10.3126,18.4942,37.7547,318.8999,82.5913,320.7538,48.2476,316.1558,24.1803,4.8496,2.3491,2.6931,2.3429,40
738,5.6507,8.8223,14.4011,30.6995,315.9306,73.7388,314.6674,52.1861,314.0042,24.7084,4.8708,3.0019,2.504,2.1949,40
739,6.2219,9.6412,19.7213,42.9285,313.2509,81.7447,314.1792,68.9815,311.0975,34.0919,4.9897,2.3719,1.1926,1.4962,30
740,5.6548,10.9439,21.1536,37.9558,316.4076,77.3195,316.5306,55.6158,309.9407,26.3134,3.4012,1.9362,2.0202,1.9343,40
741,7.0985,11.6153,18.0871,37.3142,321.7844,84.6811,327.8465,58.2864,318.7615,26.9022,4.9778,1.6501,1.7106,1.7842,20
742,6.2114,13.1621,20.8744,38.4574,307.4677,84.7713,309.3995,59.0115,302.9856,28.744,4.337,1.1867,1.1867,0.9585,40
743,8.4385,10.6856,17.1244,31.756,320.4625,73.6076,319.5585,56.8864,313.1536,25.1634,3.3637,1.5984,1.9551,1.5831,40
744,8.7202,13.8288,21.8716,37.1364,299.471,81.1781,299.1878,55.6006,297.6843,29.4166,3.4993,1.4661,1.5776,1.2656,40
745,7.6051,9.9619,21.0656,41.55,317.3902,84.3562,316.7998,51.5043,315.7917,27.3578,4.0932,1.4783,1.9006,1.4581,40
746,7.2886,12.5915,18.0428,33.4432,316.3213,78.2464,322.4397,59.4229,322.9289,24.6432,6.3707,2.7656,1.7126,1.3634,40
747,6.5783,9.3305,21.1189,43.4272,324.6708,83.9614,324.803,62.3894,321.286,26.8379,4.111,2.3104,2.4166,2.2308,40
748,8.83,11.9764,22.1432,44.1915,325.0816,79.7019,327.2317,62.2033,321.1891,31.3689,4.9734,1.6035,2.7027,1.3583,40
749,6.5979,11.308,25.7215,45.0628,332.1724,90.6583,332.8826,65.9857,329.8456,33.1102,4.4599,2.0787,1.9965,1.7253,40
750,8.0042,10.9836,19.2903,36.9564,293.5078,77.2619,292.7659,44.6823,291.0466,20.368,1.9287,1.2119,1.3292,1.1862,40
751,6.5868,9.8717,16.5538,32.7142,316.0228,78.2236,317.2548,56.4645,316.151,24.1204,4.1316,1.9569,2.2186,1.7805,40
752,8.519,12.5908,22.1266,41.4079,322.7715,80.7407,323.3976,66.1053,316.5788,25.4553,4.0168,2.1419,1.1435,0.8845,40
753,7.896,12.4948,18.3027,37.3849,315.5289,83.3264,313.2127,61.134,313.3891,23.729,4.0954,2.7267,2.1609,2.4143,30
754,8.0678,14.5525,21.7605,36.4442,326.561,84.1859,328.445,63.3755,321.4771,26.1222,3.0353,2.1686,1.6544,2.0801,30
755,8.0661,13.7932,23.4659,40.9344,306.9475,92.0525,311.761,62.0765,306.735,26.8171,4.0249,2.0567,1.8669,1.4971,40
756,5.3953,8.2372,16.5052,33.0782,311.5755,65.8911,314.7701,56.4639,315.2706,22.9608,2.8894,1.1194,0.7083,1.0484,30
757,5.8392,9.5025,20.7839,32.2371,323.7995,88.3845,327.0279,58.2061,325.4022,25.4136,5.3309,2.4748,2.3032,1.7836,40
758,6.0277,13.6092,20.3285,41.322,316.0529,80.5008,318.4069,55.7847,314.1333,29.7619,6.0634,1.69,1.6744,1.6746,30
759,9.0188,13.1313,20.9738,35.8866,310.7552,72.2899,320.6804,56.375,317.0405,26.7971,3.0445,1.6471,1.564,2.4865,30
760,5.9137,8.9927,19.2269,35.7919,318.2606,76.5222,321.3351,57.5847,315.6966,23.0543,3.1588,1.449,1.5452,1.545,20
761,7.7157,12.6438,16.2492,32.8798,335.9977,72.9431,342.3158,57.9007,340.2575,25.8769,4.3622,1.9848,2.0803,1.5773,40
762,9.9922,13.2755,20.2293,39.6939,321.4928,85.0644,322.2589,50.337,314.6653,26.5589,3.9847,1.9389,1.9956,1.2433,40
763,5.7617,9.4657,18.2647,39.1479,334.2735,86.6458,343.0705,62.5544,338.8745,26.592,3.2451,1.5522,2.1863,1.8731,20
764,6.677,11.947,17.7217,36.459,317.8691,71.1069,318.4901,58.2179,316.6166,26.5704,3.2757,2.0817,1.8419,2.1329,30
765,5.9297,10.9807,19.1228,40.6,323.6827,81.7546,322.1181,58.8035,321.3865,36.1566,4.4651,1.6801,1.0012,1.4351,30
766,5.9238,10.7273,15.3783,40.446,327.2344,85.3616,329.8606,62.2614,331.3537,31.4097,5.2873,3.3394,3.4184,3.7242,20
767,6.6946,12.242,21.7127,35.3112,309.1365,87.5693,308.9357,53.5108,305.667,27.4163,6.1752,2.0722,2.5909,2.0221,40
768,7.4437,11.5735,19.2648,35.9681,315.9387,82.0075,317.6202,61.0913,313.6493,23.3073,3.2311,1.3452,0.7267,0.7825,30
769,7.6934,12.9736,17.0932,35.5544,328.735,77.8551,333.0104,49.4102,333.6128,26.0041,3.2842,1.7413,1.4126,1.1289,40
770,7.7057,11.6918,16.8364,40.3505,295.3515,78.4351,293.6156,53.295,291.133,23.5633,3.6763,1.2722,1.3053,0.4796,40
771,9.5878,13.0328,21.311,39.0796,343.5769,89.4896,339.3841,57.7986,342.7811,20.8808,5.2269,2.4356,1.0901,1.6683,30
772,7.4324,12.3982,28.3199,37.5471,323.7577,89.6047,329.1238,65.9919,327.0564,26.3305,4.0512,2.3037,2.2696,1.5895,40
773,8.5895,11.8171,18.4271,33.6176,329.3195,85.8584,332.1131,70.3307,326.7925,30.6843,4.3117,2.098,2.3496,2.1334,20
774,6.1011,10.3342,20.3857,45.6498,315.9107,77.6509,317.4741,60.3809,318.6598,32.1461,2.5332,0.8822,0.6231,0.5831,40
775,8.2494,12.6163,18.8885,30.5613,313.7505,89.2215,320.8316,65.0207,314.7718,28.5606,3.9699,1.2465,1.2414,0.9962,40
776,6.9369,9.2874,18.4856,39.0401,319.6834,79.3016,325.7807,54.7293,323.5603,29.8631,5.5219,3.2214,2.3886,1.6921,40
777,5.1701,8.4828,14.2662,26.0996,301.1477,68.2387,308.6641,56.4018,305.6361,24.0476,3.1777,1.0939,1.281,1.2066,20
778,8.8684,12.3918,18.5959,36.8253,305.6844,80.4405,306.9288,57.8777,305.2901,27.2449,4.7314,2.4287,2.0787,1.8191,40
779,6.1099,11.2917,19.4841,40.5566,324.1418,76.5567,326.1789,52.8719,323.732,28.1696,3.1991,1.1937,1.3938,1.0199,40
780,6.7401,9.7749,20.3395,40.1907,323.0234,77.7997,325.601,65.0067,320.8561,28.0872,3.9138,1.8048,1.8666,1.9243,20
781,6.8936,10.8595,22.0193,33.7971,310.2775,74.7268,315.5706,53.1665,314.1316,20.8491,3.1532,2.1102,1.6131,1.7916,30
782,8.8088,14.9524,26.7602,41.375,329.5142,83.8897,334.0728,58.5222,324.92,28.5074,5.5451,2.438,2.7376,2.5,20
783,7.3308,15.1092,22.2577,36.4037,307.4594,72.4037,308.5659,56.4034,306.5642,26.6257,4.1957,1.3392,1.7277,1.2477,40
784,11.2893,12.6255,18.9295,38.2863,319.4161,90.0075,320.2472,59.1843,312.9183,32.1443,3.9584,1.3824,1.1635,0.9151,40
785,8.9592,12.3289,20.8784,39.3235,307.464,81.0614,308.982,65.0312,307.9097,27.7431,3.9333,2.0177,1.8952,2.0419,30
786,9.8182,13.4647,18.9993,36.6339,328.0837,89.5963,332.1811,60.4871,328.9527,23.0703,6.0586,1.2112,1.0946,1.0704,40
787,6.2523,9.4714,16.1563,29.9835,311.6989,74.1334,315.4626,53.3573,309.4667,22.1484,2.7392,2.4376,1.778,1.5317,40
788,9.5331,14.5487,21.405,38.6111,336.8182,79.9736,341.5632,69.865,343.257,29.203,3.8754,2.0814,2.174,2.2703,20
789,9.7414,16.5169,23.8287,43.4504,339.6474,84.7249,338.443,58.6015,340.685,33.6863,5.6371,2.7136,2.6126,2.2854,40
790,6.9808,11.358,22.0461,42.2813,336.6664,74.0323,337.8217,61.097,336.3127,27.8537,4.0501,0.8467,0.7272,1.0081,30
791,8.7871,14.6376,21.4616,35.2334,308.357,73.1017,318.5232,66.3825,307.7118,31.4642,3.983,2.051,1.8085,1.3608,40
792,8.3277,13.7063,24.6179,39.036,316.5279,80.6324,323.1515,68.9414,319.0723,24.8575,5.948,0.9106,0.6538,0.6538,30
793,4.6623,9.3668,17.8492,34.1013,317.4786,87.0843,318.0025,53.6161,318.9779,23.5219,4.8079,1.7653,2.0325,1.3648,40
794,8.11,11.8018,21.3104,38.8791,300.7947,79.9364,302.8429,55.1285,303.3572,26.6724,4.0236,1.8646,1.6943,1.8658,30
795,6.6676,13.0773,22.1663,37.9896,302.3197,89.432,300.747,66.3288,304.2263,27.5367,4.6056,1.4735,1.4273,1.2354,40
796,6.9649,11.6155,21.7306,48.3812,326.2266,88.7205,325.9601,63.8166,323.7475,34.4867,3.5682,2.973,2.6436,3.4163,30
797,7.0464,10.3813,17.1796,37.7318,319.7044,80.6885,322.2138,60.2168,316.6326,26.0276,4.8041,2.1123,2.4647,2.5634,20
798,10.2247,14.5949,17.7482,44.1766,330.964,84.947,333.0411,59.4074,329.7197,29.8487,4.7887,3.2165,3.3111,2.8666,40
799,7.5985,10.9656,21.3965,36.7923,319.6896,74.3763,318.3518,51.6429,315.0576,26.0457,2.6282,1.433,1.0659,0.7834,40
800,5.8538,12.8435,20.6556,34.1705,308.5831,80.5163,312.889,62.8789,311.106,33.8046,4.0099,2.2159,2.5347,1.7728,40
801,8.52,12.5122,20.9555,35.6885,302.7296,73.4349,299.0975,55.5739,300.8082,24.8068,5.7859,1.7069,1.9796,1.965,20
802,7.1726,15.5897,22.671,35.5906,307.8238,82.1295,308.48,51.3585,307.2692,26.9139,5.3683,1.9617,2.4747,2.476,20
803,9.6388,17.0275,21.07,40.6423,326.3071,90.6214,329.7276,68.9164,326.5258,29.0567,5.0324,1.1975,0.8942,0.9466,30
804,4.9585,9.9909,19.2992,32.4282,297.1936,76.4848,295.2987,54.9016,297.4484,25.5661,2.94,1.8358,1.3583,1.3785,30
805,5.2197,11.8258,18.6468,35.9853,290.0068,72.3618,292.1463,53.3445,290.5005,26.3342,3.1561,1.2174,1.2988,1.118,40
806,6.3645,9.6713,16.7798,35.9982,298.7025,75.1371,303.8774,51.0005,300.2621,22.3912,4.4794,2.2095,1.8458,2.2248,30
807,5.8409,7.8147,16.1882,31.6,308.587,80.7532,315.9908,53.5613,308.8399,22.3871,4.7135,2.9007,2.6776,2.7768,30
808,7.2082,11.412,23.057,40.6857,318.0351,74.6523,319.9482,56.4883,321.7887,24.5122,3.37,2.0416,1.2574,1.1851,40
809,8.3728,11.3734,17.6446,32.9911,297.7203,81.314,301.365,56.4967,297.0247,26.0188,2.8417,1.3801,0.967,0.9672,30
810,9.1946,11.1709,20.6588,35.548,295.9649,74.0305,302.8703,49.1462,296.2734,26.479,5.2381,1.2733,1.5271,1.0032,40
811,7.1573,11.8265,19.3364,38.7333,304.5284,83.4699,307.5054,52.2045,307.9089,21.7582,4.8177,2.4197,1.4998,1.4521,40
812,7.8163,11.7986,19.5875,33.6458,323.301,84.4854,323.1,57.2002,321.1889,24.3804,3.9969,1.7249,1.5553,1.7007,30
813,7.6097,12.2789,24.436,42.4438,312.526,81.5488,314.1549,56.7944,312.4516,24.7455,5.1615,2.4072,1.7427,1.258,40
814,7.4029,13.1535,20.1297,39.8445,318.829,73.6975,319.8575,52.636,316.8905,30.4296,3.229,1.6627,2.1265,1.6252,40
815,3.2727,8.9277,20.1473,33.8358,313.6637,73.1028,312.9829,62.9913,307.7289,25.4948,1.6182,0.888,0.7874,0.7874,30
816,5.4401,10.7428,21.9689,38.6581,316.8674,82.1797,318.918,62.2501,320.9247,28.4343,3.6472,1.7316,0.9186,0.6519,40
817,5.4824,10.6994,16.628,37.3376,327.6744,76.3346,327.9367,55.9452,327.5537,28.5653,3.0417,1.2058,0.8954,0.9797,30
818,7.1971,12.5644,21.4586,39.8046,316.0737,77.3912,317.6949,51.3687,318.4516,25.2601,2.878,1.5243,1.3178,1.5392,30
819,6.438,11.0238,21.2825,38.5252,329.6301,79.5955,331.9646,59.4038,326.7485,30.9142,4.225,2.8451,2.5751,2.8512,30
820,7.0517,11.1742,18.4478,45.6234,318.4316,86.7935,321.5388,59.4189,311.2428,26.6763,2.171,0.8495,1.0371,1.4855,20
821,6.2929,10.1466,17.2295,31.9235,304.3741,64.2052,312.8584,54.6293,306.6174,21.8217,3.944,2.0312,1.766,1.6487,40
822,10.3927,15.2226,27.7457,46.8528,319.5142,89.0976,322.4591,56.0331,315.9502,29.7053,4.8406,2.564,3.1001,2.5265,40
823,6.6743,11.3651,16.2796,31.8024,298.38,71.6536,300.5864,54.626,299.4527,26.5657,3.546,1.8718,1.2392,1.3797,30
824,8.6047,14.0175,19.6346,35.7784,316.1316,82.4461,316.3894,66.0249,316.3888,25.5978,5.3001,2.8941,2.3882,2.9127,30
825,4.0957,9.0811,20.9187,40.1312,321.0995,71.4829,325.8133,58.3363,322.0093,26.8607,2.4614,1.559,1.6243,1.3051,40
826,8.9087,12.1198,20.1824,41.081,315.233,77.1344,318.0469,61.0745,314.822,31.917,4.8292,3.7075,3.7482,3.061,40
827,8.7748,13.1202,22.1779,40.6693,324.3912,85.3477,325.0418,64.4222,321.5866,28.9346,4.4792,2.2556,1.5689,1.6162,30
828,7.2869,11.1223,17.0645,36.6311,324.6404,80.7829,327.8827,56.9444,328.9956,25.0051,4.4247,1.9595,1.9023,1.8748,40
829,6.335,10.9937,20.9696,35.8572,314.9142,77.3136,312.7408,52.1735,309.6206,26.3038,4.0169,1.671,2.1555,1.7489,20
830,4.8363,7.5979,13.2773,35.1804,334.2858,78.2849,338.0302,58.1379,334.9453,21.3073,2.6144,1.7602,1.4266,1.6688,30
831,6.5393,9.9509,20.5271,35.3202,308.6525,80.1928,315.0379,64.8261,310.7532,27.9686,4.1213,1.997,1.2994,1.0398,40
832,7.6059,12.9575,19.6057,41.4878,322.3639,79.5337,324.0437,57.8323,320.8072,29.4957,3.393,1.8193,1.3336,1.333,40
833,4.9668,7.6625,15.8136,39.6692,309.0901,72.2571,309.7209,60.4657,311.2314,25.8569,3.121,1.3895,1.2154,1.493,30
834,5.6133,13.5394,20.6791,38.9264,321.6229,71.6857,323.9281,55.5813,314.927,23.3119,4.4503,2.3061,1.8937,1.9056,30
835,8.4757,13.19,18.877,36.4053,314.9238,79.9483,321.6999,63.7922,323.4472,31.081,3.6738,1.852,2.1862,1.7105,40
836,5.924,9.9962,24.9926,32.8736,310.2816,75.1393,311.2892,47.9939,310.0716,23.1266,5.0317,2.0901,2.3457,2.3306,20
837,7.0042,10.0455,15.6446,38.0943,304.9363,74.284,303.6199,59.6963,302.891,26.9778,3.7051,1.1159,1.0948,0.6484,40
838,7.6053,13.2434,19.5262,35.0469,322.6313,78.691,324.6074,52.8769,320.0336,27.7076,4.4473,2.9471,2.8168,2.399,40
839,4.8126,9.0971,14.4648,31.5886,326.6336,67.8038,328.3803,64.6461,321.5519,26.4931,3.3046,0.9883,0.8675,1.0778,30
840,8.2726,12.7344,24.0248,44.3442,308.6106,84.1947,311.0084,55.0879,311.4934,26.4482,4.9348,2.7885,2.8861,2.1501,40
841,6.6649,8.6727,18.2099,33.1528,305.6224,77.729,305.1982,60.9687,306.1231,21.0114,2.7499,1.8327,1.1507,0.989,40
842,6.0735,10.0177,20.4299,36.24,332.2717,69.9682,331.0734,60.9844,331.2123,22.2899,1.9501,1.2988,1.3894,1.1594,40
843,7.6347,10.957,16.9701,39.3415,313.2938,73.5868,311.6462,59.8739,307.2811,22.2132,3.676,1.3956,1.2871,1.6416,30
844,6.3122,11.7916,20.5944,38.9163,328.3915,93.4364,329.4688,61.8883,327.0573,24.8091,4.4459,3.252,2.6986,2.3254,40
845,5.0562,10.6933,13.447,30.1111,308.4132,71.7498,311.3505,62.495,304.5788,22.8232,4.1884,1.9945,1.4369,1.5373,30
846,7.239,16.3993,23.8996,40.142,318.8601,79.9965,322.3709,65.0521,319.5905,28.8148,5.2144,2.3964,1.5612,1.5581,40
847,7.6877,12.2565,18.64,33.6797,312.349,68.5649,313.3185,57.2497,308.5048,31.0755,6.1883,2.2334,2.015,2.0967,30
848,6.1465,9.5482,23.9271,35.163,306.8477,82.9214,309.6504,55.9852,305.9578,23.5066,2.671,1.9059,2.1093,1.7888,40
849,9.3904,11.9836,22.8865,42.616,308.0738,78.0046,310.4449,63.986,309.3157,31.5813,3.2004,1.2397,1.6816,1.628,20
850,5.7879,7.874,19.7008,39.6199,331.2618,83.6358,335.7257,63.7195,332.3952,29.1877,3.0361,2.5203,1.9493,2.1191,30
851,8.1899,9.9256,23.606,38.3244,324.3647,80.2311,331.809,67.8678,323.7766,30.0163,6.7503,2.5866,2.7513,2.7068,20
852,8.4798,13.0889,22.2869,41.479,299.7721,87.759,303.7241,63.1197,300.4474,27.3028,2.8598,1.4954,2.3998,1.8818,20
853,6.8454,11.523,19.0055,39.2472,311.1359,79.9412,315.6851,57.0065,311.501,28.472,3.8297,2.2073,2.5667,1.5922,40
854,8.4912,12.46,19.413,37.8425,307.2436,80.3053,310.049,53.5599,307.9102,24.4884,4.7944,2.1187,1.9084,1.7794,40
855,4.6532,7.4934,18.6562,33.0418,308.2852,84.7522,315.6942,58.1792,309.0958,22.3213,3.1332,1.2948,0.7415,1.1189,30
856,9.6935,15.2862,23.4649,43.7322,304.1487,85.4281,306.0612,56.1248,300.3362,29.931,4.0304,1.5094,1.4475,1.2934,40
857,8.8422,14.1976,19.6252,38.6719,310.0221,83.3384,312.5052,58.4889,306.3324,26.6789,3.7112,1.8746,2.1215,1.5136,40
858,7.3482,11.8424,16.4244,25.9757,313.656,67.8367,309.6589,45.0457,305.6493,22.7888,4.8638,2.2098,1.4117,0.9191,40
859,9.9517,15.0071,24.783,41.057,317.8456,83.7657,319.1319,57.421,321.0557,26.2669,2.9471,1.5726,1.1346,1.1955,30
860,4.6966,10.562,16.5475,33.3696,292.0559,71.9426,296.7495,54.5059,293.822,22.5696,3.414,1.357,1.618,1.5469,20
861,8.1201,12.1395,20.1179,36.0283,317.9552,92.3721,317.4815,65.1277,309.956,23.1307,3.0734,1.9897,1.8528,1.4091,40
862,8.6962,13.5926,22.4179,43.9285,331.857,83.564,334.3768,57.6445,328.4242,27.736,5.0812,2.5081,2.7513,2.3634,40
863,9.2893,13.2797,18.6691,35.8269,313.6514,68.6465,317.1173,52.1222,314.0407,24.5995,3.8537,1.7699,1.5782,1.5727,40
864,6.9546,11.604,15.6315,36.4711,322.0809,76.534,324.7204,54.6313,320.5812,22.5517,4.0749,2.4886,2.008,1.898,40
865,6.0788,11.421,18.4695,34.8244,309.5324,74.1711,314.8017,59.741,314.549,28.2605,2.8331,1.9447,2.1544,2.1522,20
866,9.51,13.2509,22.8753,41.3311,310.5877,85.9444,313.8973,60.679,308.5852,31.4996,4.9042,2.1364,1.9734,2.0565,30
867,7.739,12.3108,17.3184,36.7617,305.3841,80.9599,309.4719,46.8621,304.1131,24.0325,3.4899,2.3966,1.6652,1.5078,40
868,9.7952,14.3872,21.3543,37.4687,318.2469,74.3195,314.1811,68.0978,315.1394,29.3622,4.8708,2.4172,2.0643,2.1817,30
869,7.9613,15.1718,28.6243,45.0367,317.8776,95.0325,322.6213,59.8918,320.9811,35.1017,6.1235,1.8874,2.3287,2.112,20
870,5.7025,7.854,19.1808,38.0042,309.8286,76.7126,309.5764,58.697,307.6971,28.1929,3.0326,1.2707,1.2333,1.4456,30
871,7.407,9.0373,18.1913,39.3333,301.4768,82.8795,304.567,52.2094,303.6222,24.4568,3.4818,2.1997,1.9889,1.5797,40
872,6.4226,11.795,22.3079,41.1702,321.6019,87.1987,322.6412,61.5032,317.2958,29.0103,3.1723,1.7414,1.8722,1.7391,40
873,6.4727,11.3651,20.4972,39.6126,311.9829,82.9107,316.3321,55.9096,313.5539,26.7146,2.5255,2.0266,1.4961,1.3871,40
874,6.2144,11.1781,17.1656,38.8754,312.7191,81.2916,317.2327,58.4767,306.5355,28.2934,4.5383,2.2202,1.9359,1.5815,40
875,8.6175,13.9766,20.2653,39.5943,324.3903,84.4471,327.3148,53.6481,321.061,22.5528,4.0842,2.5744,2.5029,2.1582,40
876,5.9318,10.5244,18.2532,36.5473,316.2187,72.3537,316.3838,60.1576,311.1161,25.8954,3.6722,2.0061,1.584,1.1933,40
877,5.5411,12.2969,18.7543,37.3148,316.6698,76.7844,318.6848,57.855,312.3384,25.0011,3.0319,2.0617,1.6687,1.643,40
878,6.5897,10.8734,18.9164,36.0932,301.8508,78.0226,305.7461,63.0073,304.6364,26.6624,4.2896,1.5637,1.6475,1.8128,20
879,4.3657,9.3422,16.6609,36.6303,332.8924,79.1589,336.5495,57.9592,334.1239,26.3211,3.2959,1.3204,1.6503,1.3785,20
880,5.4759,8.1542,16.6159,34.2877,296.5027,75.5405,304.7151,55.9705,302.317,29.1888,4.7124,1.0425,0.8258,0.7055,40
881,7.4747,11.2983,19.91,34.3197,319.7815,81.831,325.5317,54.0867,322.7402,25.3244,3.1907,1.394,1.2119,1.2119,30
882,6.3374,11.5984,17.6716,39.2969,321.2815,81.4267,323.5401,51.9225,323.5447,23.7349,5.23,2.0471,1.6815,1.2979,40
883,6.7213,11.9554,20.0906,39.1272,312.3794,78.5923,314.6921,57.767,308.3325,26.3509,3.3208,1.5893,1.4504,1.2541,40
884,9.1083,10.0858,18.881,31.1719,312.6752,82.7517,314.7242,57.6084,315.6866,24.5921,3.3535,2.063,1.7905,1.8505,30
885,10.7997,14.3352,22.3325,46.3697,320.3394,91.7031,322.3914,60.4663,321.3134,30.22,5.4164,2.3654,2.7501,2.8118,20
886,6.2663,9.8984,17.2597,33.2841,321.9086,80.4258,323.6421,65.1102,320.7059,27.1511,4.7415,1.9541,2.027,1.9919,20
887,9.1015,12.1329,24.4707,43.1673,314.7628,91.221,320.0713,63.3302,319.7359,27.1831,4.5718,1.9392,2.4119,2.2541,20
888,7.1375,13.0281,20.1028,39.0399,317.8671,83.1593,316.9899,56.5059,314.7256,28.0355,3.1529,2.8818,1.7434,1.6639,40
889,8.6911,12.3048,18.3963,33.5769,307.7418,78.1353,316.1272,64.2622,313.5649,24.26,5.8139,1.4989,2.4252,2.6144,20
890,8.7403,15.2469,21.8263,44.7145,318.91,85.6839,319.4939,67.2617,312.4293,28.9599,3.8441,2.0681,2.325,1.6827,40
891,7.0924,12.248,18.9186,38.756,320.3255,85.7911,324.9529,58.5075,324.5056,27.258,3.7329,2.3367,1.868,2.0984,30
892,9.0826,17.1622,22.6324,39.6446,336.1525,74.9987,351.6967,60.8301,346.0898,30.1069,4.6449,1.7794,1.7794,2.0596,20
893,6.7738,12.2075,17.8129,33.0485,314.412,80.7445,314.385,57.0913,311.8005,22.693,3.3696,1.2598,1.1973,1.6688,30
894,7.2274,12.1037,23.9316,37.7006,316.7881,87.244,316.9911,66.0467,314.3054,27.289,4.6495,1.67,1.548,1.002,40
895,6.1899,11.1349,18.0923,36.6924,330.1011,78.9981,332.1333,55.9128,325.1068,26.2059,3.5794,1.7521,1.3305,1.233,40
896,8.5086,13.3567,20.7644,43.4873,317.6542,86.4588,321.5277,55.6062,320.3761,25.4103,6.5389,2.4298,1.8595,1.0304,40
897,7.4546,12.516,18.9469,43.9269,325.8108,84.8808,327.1735,56.1311,323.2636,27.4071,5.3985,2.589,1.8844,1.6684,40
898,5.6296,8.7038,18.7899,37.2929,321.2207,80.0482,321.513,51.5436,312.8583,20.2566,4.6279,1.7271,1.3059,1.6455,30
899,7.9331,11.2853,18.8204,35.008,302.2839,76.4563,304.4421,58.0969,300.1965,24.6174,5.9455,1.3374,1.2438,1.7321,30
900,7.0287,8.7349,20.5479,38.1999,319.3067,85.0162,318.5479,59.6059,314.2549,28.3622,3.9552,2.3377,1.5325,1.5812,30
901,6.6382,11.8272,18.7454,39.944,312.6451,87.825,315.3835,61.1257,310.1174,28.1585,2.8719,2.2064,1.9185,1.6169,40
902,8.5584,11.9961,20.7246,31.2339,314.3536,81.2429,325.0067,53.6312,317.4503,31.2339,2.3725,1.9585,1.4612,1.3652,40
903,9.0066,11.0054,16.7317,35.2193,311.9972,81.0906,313.7032,61.1187,308.9581,24.7644,4.9613,2.791,2.41,2.6039,30
904,5.1979,12.1487,22.4877,45.4725,317.3199,88.5362,317.4915,55.8157,312.1218,24.5371,3.8874,2.207,1.9249,1.692,40
905,8.3394,12.7141,15.818,26.8111,321.1812,79.5173,320.9697,52.931,318.0367,25.8353,4.586,2.1332,1.0371,1.6272,30
906,6.6606,9.5217,18.4807,35.9246,326.4603,75.4367,326.6551,63.4453,330.1084,23.809,3.606,1.8982,1.3259,1.3698,30
907,8.5952,11.4365,19.1938,35.8006,314.1361,79.8705,315.2925,54.8885,313.532,21.1541,2.3615,1.7842,1.3242,1.4072,30
908,7.5963,12.1254,20.3206,35.3457,326.9587,73.8132,331.176,59.2027,332.6448,26.5269,5.4706,1.8724,1.3884,1.1452,40
909,9.3551,11.2128,17.447,38.1448,295.2162,76.3936,300.1761,59.1575,298.6181,30.8276,4.5065,1.5698,1.1355,1.2173,30
910,6.1783,11.6179,22.4018,36.9845,325.053,75.8521,325.6379,52.331,319.6568,29.4912,3.1936,2.8406,2.642,2.1879,40
911,6.5461,9.8472,17.2351,35.9781,333.2145,79.3374,334.7675,48.7401,328.4986,24.5029,3.0755,2.0819,2.062,1.4433,40
912,5.3113,7.9599,16.2143,34.9105,307.9342,73.6923,310.442,56.5923,299.6059,21.9022,3.2689,1.2735,1.4588,1.6645,20
913,9.2344,18.7165,25.3132,42.2553,312.6703,83.2,316.7896,59.1853,315.0385,28.162,5.3886,1.7648,1.8339,0.8832,40
914,7.417,10.6313,23.8947,34.9359,344.0518,77.9142,344.584,57.0985,336.9111,25.3911,3.5032,0.5926,1.1157,1.1602,20
915,6.8978,9.5429,19.0377,36.3398,322.8139,82.5682,322.1471,73.5389,321.434,30.0903,3.2005,1.0164,0.7396,0.2892,40
916,8.4816,11.7549,18.8364,31.3406,324.9938,83.7637,332.0144,52.8598,323.2707,20.0597,3.474,1.7187,1.0165,1.7557,30
917,8.7945,13.5137,18.4734,36.5433,318.1024,80.6251,320.4359,55.7458,318.1066,24.7988,2.5287,1.179,1.4348,1.6721,20
918,6.2369,9.7121,16.8245,31.9689,340.0949,71.9861,340.2988,54.8044,339.94,22.3727,3.8194,1.212,0.9146,0.9146,30
919,9.1293,13.7459,24.721,43.4378,331.3963,80.8123,333.8241,61.5517,330.1809,29.1443,4.2841,2.0876,2.3348,2.0928,20
920,6.1289,9.7415,15.8845,29.6731,318.0167,77.6351,316.554,57.0412,310.6588,27.6945,4.7233,3.3916,2.7032,2.3693,40
921,7.5326,13.0185,18.6788,35.1107,324.3308,78.522,326.6543,62.3737,315.7205,30.3275,3.8538,1.6547,1.6502,1.5569,40
922,5.3703,9.8622,17.7032,33.8533,315.276,80.7066,318.4654,52.8763,317.6315,21.9965,2.9381,1.9211,1.6277,1.3778,40
923,8.5305,12.7693,19.9097,39.2854,348.5796,88.3988,350.0256,60.7429,343.448,27.0472,4.6276,2.4778,1.6398,1.8911,30
924,5.4905,11.7321,18.0612,34.0487,314.8571,68.281,317.3651,60.2214,318.0318,25.6323,3.4927,2.1656,1.3453,1.3696,30
925,6.5384,10.0779,16.7246,30.736,303.1658,74.8542,302.761,54.177,298.3873,28.5884,4.3974,2.5613,2.5282,3.0169,30
926,8.505,12.0287,19.3875,35.855,302.9433,78.1658,303.1311,52.8467,297.0095,28.8089,6.3389,0.5024,1.2483,1.1461,20
927,8.9755,14.1491,23.4414,38.2918,320.0685,81.6304,321.5831,54.0604,321.338,26.0819,4.5655,2.0535,1.5402,2.0398,30
928,7.7776,12.1873,20.6945,38.0082,317.5929,77.3876,319.3692,56.2034,316.2177,24.0441,4.5407,2.2695,1.5678,1.9083,30
929,7.0125,7.4657,18.8115,37.8664,320.0204,85.6736,323.9576,55.8051,324.1243,26.0199,4.9823,1.7554,1.9594,1.4258,40
930,8.5514,13.6756,21.6889,42.3629,326.3557,87.6103,326.0447,65.3453,320.6552,28.9177,2.6776,2.4118,1.656,0.753,40
931,7.5977,12.0472,19.9345,36.4281,322.3868,82.9803,320.872,59.5807,321.7533,27.3978,2.8463,1.1468,1.4308,1.0786,40
932,6.9295,11.2656,19.4301,35.6346,317.8803,76.9309,316.382,54.2094,318.9505,26.5048,3.0209,1.5044,1.164,0.8811,40
933,5.987,12.1563,16.8553,40.1145,305.4799,79.6279,307.6533,58.2773,300.3454,23.2911,3.2531,1.9173,1.1695,1.3159,30
934,8.4871,13.3578,20.0035,31.5059,302.7468,71.8085,305.3255,54.6425,298.5977,22.5238,6.9709,2.7084,2.0082,2.0295,30
935,10.4444,14.3296,18.3425,34.6584,324.796,75.9215,327.8021,52.8391,324.3244,24.5846,5.5856,2.6195,2.4912,2.6216,30
936,6.3608,9.2449,15.6154,39.2653,327.8425,84.8722,330.7457,59.8565,330.9656,30.1389,5.4155,1.8948,2.042,2.456,20
937,6.0559,9.8472,19.6738,36.4832,314.4646,71.6799,316.5269,59.5703,315.108,30.0451,4.5655,2.115,1.9463,2.1726,30
938,7.0499,11.7521,20.7852,33.8416,316.8909,81.9813,321.1302,57.0784,321.8998,25.626,4.7976,1.6248,1.3269,1.5597,30
939,7.6465,11.2881,23.5164,45.5492,328.5641,83.0695,334.2202,63.9176,329.3726,29.9066,4.6009,2.128,1.6706,1.5221,40
940,8.4589,15.7324,24.9638,40.4858,335.0584,84.4012,335.8803,58.05,330.3545,29.1685,6.6129,3.658,2.9548,2.7038,40
941,6.6348,7.95,16.8521,35.1205,305.103,80.714,319.6645,59.3487,315.054,25.3898,4.8282,1.4972,1.2207,1.4396,30
942,8.0479,12.6514,16.4595,33.9803,312.7115,72.4815,318.3613,57.5735,314.3432,25.7634,3.3449,1.4305,1.7856,1.9501,20
943,6.4326,10.3884,23.9583,39.8713,313.3387,78.4658,320.5005,56.7731,314.7238,27.4811,2.8009,2.321,2.19,2.0091,40
944,4.7754,10.409,14.612,30.9235,318.5174,66.1852,321.6083,55.7389,313.6319,21.1486,3.3422,1.4294,1.5262,1.4248,40
945,5.3649,7.9337,14.9725,35.7098,325.7991,81.3139,325.7602,63.3793,321.605,28.3369,2.6547,1.4634,0.9755,0.9755,30
946,9.3002,13.0304,22.8586,43.856,307.9976,96.8341,309.7396,61.6142,307.0074,25.7793,4.3842,2.9307,1.672,1.5325,40
947,8.8407,11.8872,19.5577,35.6706,325.5323,81.8791,328.8932,54.9536,324.6394,24.5716,4.1875,2.1226,2.1493,2.1243,20
948,7.5059,13.5763,25.2026,40.2358,316.7953,81.6249,319.0285,64.1447,316.0842,28.4951,4.8075,2.1894,1.7089,1.7051,40
949,8.0421,11.6751,21.1164,39.641,303.6123,82.3222,308.6284,51.857,303.7705,25.6919,3.5232,1.7318,1.5736,0.7158,40
950,6.7959,9.8286,19.4617,36.1546,319.9321,78.2893,322.8694,57.7432,317.9174,29.5225,3.6071,2.2087,2.3507,1.8693,40
951,4.7401,8.0095,13.1841,29.3094,301.6873,72.406,304.201,50.7197,305.3814,20.1003,2.8568,1.8953,1.5673,1.5716,30
952,8.4988,12.4473,14.0301,31.9056,320.1055,75.3431,323.3232,56.4704,317.0867,26.5088,4.0877,2.0746,1.8633,1.6303,40
953,7.5525,13.6736,21.7081,41.6914,329.0688,84.7601,330.1542,64.986,329.2875,24.9689,4.4992,1.7912,1.4478,1.6717,30
954,6.1686,9.8786,19.03,42.0765,329.6387,76.8034,337.0365,59.8015,336.5213,28.629,4.5448,2.2186,1.9242,1.5752,40
955,6.7611,12.5748,21.6629,37.9047,313.7397,86.6818,314.5377,58.2474,311.5149,26.3808,3.7029,1.4231,1.4009,1.4348,30
956,4.9139,8.2069,16.421,25.5018,328.7222,71.205,327.3176,54.0187,325.2349,22.1702,3.8096,2.1624,2.1052,1.4919,40
957,6.963,10.5871,17.6355,36.5375,290.8177,70.826,293.6339,58.4932,294.7271,24.0712,3.2198,1.2499,1.3154,1.3644,20
958,7.972,12.7189,22.1653,39.6564,315.6275,77.7537,318.0591,60.9994,313.8273,27.3106,3.2712,2.0465,2.0081,2.1362,30
959,5.0712,10.7512,20.7155,36.2551,323.842,82.4603,324.4627,59.9916,324.7047,29.3183,3.5266,1.1755,1.1223,1.4427,30
960,7.5435,12.2639,19.2609,38.5293,317.5959,80.1512,318.2523,59.4825,312.8349,28.4239,4.7995,2.9203,1.949,2.1468,30
961,7.5474,11.5219,21.9279,41.4142,322.9257,89.3053,323.5568,62.2115,318.4866,31.2222,4.8838,2.4124,1.7886,1.7316,40
962,6.9126,10.8616,16.7591,37.7354,299.7634,83.8622,303.3797,52.4715,295.636,25.6203,3.3498,2.0567,1.6839,2.2148,30
963,8.1779,16.0427,23.1946,38.76,315.446,81.836,318.1761,63.1819,318.0127,29.0196,3.0498,2.1173,1.4992,1.3491,40
964,8.6957,12.2659,20.7257,42.7041,342.5308,83.8585,344.7993,57.5858,332.5385,25.9036,5.7281,2.9988,2.2243,2.6873,30
965,7.5829,12.0663,21.5402,38.8073,308.491,87.1284,310.9337,62.0675,305.8472,27.2792,3.439,2.317,2.4145,2.4886,20
966,4.8854,9.3258,18.7493,37.6764,322.4486,82.9498,330.6464,54.6637,325.4112,25.3049,1.853,1.3124,1.4361,1.1537,40
967,6.7347,11.6266,15.6507,41.2724,331.7534,81.5285,335.7337,60.9639,333.9191,25.9739,2.5853,1.6661,1.2116,1.2186,30
968,5.2584,9.1631,17.1742,34.5168,300.3852,70.4472,308.0159,59.0616,304.1978,22.3541,3.353,0.7136,0.4369,0.4053,40
969,6.3984,12.7105,20.705,35.879,304.0733,70.1063,304.8539,55.1647,302.5846,28.9798,3.9843,1.5299,1.4301,1.2027,40
970,5.2126,10.2872,18.9717,34.236,329.231,76.8417,332.7969,55.331,330.9623,26.1268,3.3578,1.7329,1.9061,1.7641,20
971,7.8667,11.104,20.4749,31.5345,324.1322,72.5006,326.8038,62.6905,328.0428,25.3909,2.9044,2.2763,2.1164,2.3512,30
972,6.9257,10.9231,19.5137,36.3245,289.0595,76.979,292.4914,60.7356,290.8474,26.1837,2.9301,1.246,1.2552,1.452,20
973,8.3525,13.1595,17.2366,32.8712,311.1048,74.4116,322.7571,52.6793,317.8197,23.5322,3.2607,1.2249,1.2186,1.1611,40
974,9.1536,15.1514,22.9104,41.2856,305.8603,84.8509,310.448,59.6547,308.5638,23.1172,3.9373,2.4166,1.5211,1.3874,40
975,8.4458,10.0952,18.2699,28.2899,319.0903,72.2526,318.6884,53.8837,317.3328,24.252,5.8837,1.2795,1.52,1.6282,20
976,7.1883,11.0451,18.2981,40.2928,322.6399,76.4515,323.3996,54.8843,317.4228,26.5034,3.1217,2.0715,1.2454,1.471,30
977,6.8083,9.3968,14.5146,36.7629,309.5001,89.1021,315.9801,52.3276,315.1883,26.525,3.4974,2.8628,2.394,1.8456,40
978,6.7517,12.1233,18.767,34.9614,323.9657,76.4814,323.4313,60.4095,320.9136,27.3197,4.9555,1.9916,1.9959,1.426,40
979,6.8514,11.6634,22.0047,41.7142,308.092,73.6941,308.936,59.6488,308.4312,28.423,3.8697,1.6667,1.4653,1.699,30
980,7.23,13.244,22.2407,33.9253,311.011,77.8753,313.8924,58.4682,306.6261,24.148,3.4582,1.5247,0.9734,1.0623,30
981,8.7939,14.7973,25.0975,39.7869,311.3883,87.5367,313.8411,54.7073,305.0915,23.2993,4.1453,1.9295,1.5172,1.5387,30
982,6.1294,9.509,19.4257,36.0433,308.16,77.8403,308.6798,51.5706,304.3088,23.5826,3.7499,1.1936,1.3093,1.6463,20
983,5.9498,9.182,16.9256,37.5754,314.335,83.0749,316.6705,58.4261,312.6021,22.2566,3.9361,0.9885,0.854,0.8946,30
984,7.2,12.6201,20.3996,34.4337,323.4004,83.3998,325.8898,54.9043,314.5432,28.91,3.9438,2.2799,2.0086,1.9709,40
985,7.8362,12.2766,24.664,41.5412,318.6939,87.1345,324.7879,62.9977,317.6283,29.2958,5.7653,1.6409,1.4701,1.8595,30
986,7.0953,11.6841,19.4996,37.6387,322.1227,81.1331,329.5393,56.2057,327.0236,22.8449,3.1533,2.4122,1.7008,1.7703,30
987,7.2903,11.2118,17.2439,41.8221,331.7097,82.2763,330.5216,61.0735,325.2897,24.0652,2.6731,1.5715,2.1617,1.5884,20
988,9.3653,13.4714,22.4781,43.0444,325.8524,85.2861,324.9067,65.2314,323.14,30.581,6.0461,2.323,1.7877,1.774,40
989,8.0728,13.0417,23.0612,40.2081,319.6324,87.1759,320.1311,60.8781,316.8784,28.3449,3.6811,3.565,3.319,2.1654,40
990,5.3375,11.4285,17.904,37.9546,309.4798,84.7517,307.111,57.9856,307.0291,28.2345,4.383,1.8992,2.0424,1.6288,40
991,9.6773,11.8758,17.5247,31.7884,316.327,72.285,318.3535,56.1343,316.4995,24.6934,6.5246,2.854,2.9471,2.9826,20
992,7.9234,12.2149,19.7643,35.9354,311.6721,72.0293,313.1214,63.6225,309.809,26.4754,4.3639,1.4042,1.3068,1.2605,40
993,9.5604,11.6946,20.7572,38.4029,325.5175,82.671,327.0316,62.9627,322.8985,30.6918,5.1421,2.314,1.5978,1.9003,30
994,11.2318,12.8187,17.633,40.358,311.626,69.2944,315.7917,52.4488,313.4359,26.0841,2.9448,2.1755,1.1267,1.5506,30
995,6.2779,10.97,19.5363,36.0987,315.4605,66.8833,319.969,57.1215,313.069,26.7847,2.8664,1.6607,0.7654,0.6865,40
996,7.5331,9.5608,17.6882,35.8741,315.1028,82.7975,318.6052,56.0471,317.5378,22.3588,2.4071,1.3279,1.2348,0.9957,40
997,5.8569,12.2342,20.2258,39.7977,315.0401,81.521,315.3128,53.1142,307.8308,23.9101,3.8053,0.879,1.1105,1.0838,20
998,7.1827,8.2557,16.351,36.5565,328.1803,79.8319,329.0984,64.3861,328.1454,24.4272,4.9647,3.3481,1.742,2.1214,30
999,5.5533,8.9943,18.7581,36.433,326.8105,76.8454,334.5064,58.1553,333.8143,30.1169,4.0112,2.1863,2.229,1.7496,40
