instance,-40,-30,-20,-10,-5,-2,-1,1,2,5,10,20,30,40,best_k
0,-3.8483,-1.48,-0.9,14.8257,218.1555,35.797,230.3147,32.1086,221.1953,9.7316,-4.5468,-5.7047,-6.0473,-6.0473,30
1,0.7709,2.0253,4.2587,14.9919,216.3052,33.9097,228.1247,29.0799,223.4321,12.7006,-2.073,-3.0994,-3.2154,-3.2154,30
2,-5.7186,-3.9688,2.4879,10.3645,201.4956,43.2345,233.5811,38.3159,230.5518,12.7964,-5.9872,-6.4884,-6.7183,-6.4357,30
3,-1.4865,5.8864,13.3469,22.5731,239.127,50.8094,248.2761,38.3947,228.1346,16.8211,-3.6116,-3.6116,-3.6116,-3.6116,20
4,8.6763,11.138,13.8049,23.6311,266.8164,51.4072,275.6978,37.9894,259.4613,23.0921,7.1735,7.1475,6.9787,6.8482,40
5,0.2172,2.5691,8.5393,18.9908,237.9316,50.5815,241.5019,33.2576,231.6433,10.947,-1.433,-1.433,-1.433,-1.433,20
6,4.6601,7.0082,9.7775,21.0994,264.611,38.3937,267.097,37.9368,253.4156,19.5304,1.216,-0.0103,-0.0103,-0.0103,20
7,27.0902,31.7818,41.1555,48.9797,330.8661,78.6382,339.131,63.3908,317.3493,42.916,25.5202,24.8699,24.1901,24.1901,30
8,8.9526,11.7192,17.7961,41.2429,237.608,70.3178,295.4704,53.4244,271.2998,22.2257,6.9361,6.3698,5.5492,5.8367,30
9,2.4551,3.0929,7.1375,18.637,251.8976,51.5372,271.3902,32.3562,252.6801,13.7554,0.3538,0.1738,0.1738,0.1738,20
10,2.7811,4.3643,12.2872,28.8168,236.5727,56.9741,257.9249,36.5769,246.5556,18.1472,0.7141,0.0135,-0.8067,-0.7332,30
11,33.829,34.7498,45.0917,54.8225,320.9482,88.4853,350.5042,72.915,327.632,44.5677,31.9559,31.2653,31.5009,30.778,40
12,-0.5453,3.1171,6.42,17.04,243.0313,45.8314,254.8373,33.5777,245.0499,7.6277,-1.3171,-2.0741,-2.984,-2.984,30
13,2.3172,7.2561,17.2548,26.1498,229.4773,56.1005,251.2527,29.8868,242.7992,14.2896,-0.1037,-0.5065,-0.8253,-0.8253,30
14,27.5502,30.4147,40.453,50.7275,349.9847,106.4905,367.8071,73.1738,346.3453,42.8859,25.8169,25.7714,25.7714,25.7714,40
15,4.419,8.9575,9.8226,20.6351,263.6128,69.6296,274.8693,41.8577,247.2509,18.8553,0.2586,0.005,-1.0205,-0.1885,30
16,-4.5304,-3.3687,1.8645,8.905,211.3249,38.658,232.7474,25.0054,218.4971,7.0918,-7.953,-8.218,-9.2015,-9.2015,40
17,0.2922,4.6019,11.0795,16.8335,221.4769,39.4915,227.1468,24.7493,215.9607,11.0031,-0.6189,-0.6281,-0.6281,-0.6281,20
18,8.6659,11.0672,16.7663,28.3446,272.8178,55.3638,279.4472,47.5313,268.4186,23.0653,6.0453,5.5898,6.0396,5.9398,20
19,0.8302,2.3068,11.1129,16.6594,231.5274,43.4463,239.8177,38.1917,227.0128,11.0083,-0.6593,-1.1199,-1.3444,-1.3444,30
20,-4.2197,-0.3927,0.5062,5.6998,228.1131,26.6982,235.1857,30.3156,232.4896,7.7484,-4.8857,-6.127,-6.279,-5.851,30
21,2.4725,4.5387,12.4382,18.3105,230.167,60.1966,242.4781,40.3326,224.4192,16.5981,1.2073,-0.0137,-0.0137,-0.1077,40
22,-11.9609,-9.733,-7.3775,2.2341,186.7989,26.0423,192.1868,13.0793,187.1783,-1.5206,-14.5178,-14.6645,-14.6645,-14.6645,30
23,9.1962,12.8883,19.7751,30.2581,263.2428,54.6758,271.486,41.9038,245.1788,26.1912,8.9815,8.037,8.037,8.037,40
24,8.9727,10.3835,13.1433,30.2883,255.9724,51.8067,257.4971,38.0606,247.8057,19.6356,3.7355,4.1584,3.9548,3.5782,40
25,15.967,18.2935,25.2709,40.2443,276.3338,69.5695,302.8965,71.3627,281.9416,27.3503,12.1189,12.6038,12.6332,12.5503,10
26,8.5166,8.7433,14.6758,29.2984,255.6636,66.651,279.8128,46.9929,270.834,20.0077,8.3372,5.6246,4.2905,4.4734,30
27,3.2819,8.485,15.1284,23.2965,255.1036,52.389,258.5775,40.6172,257.0986,11.7287,2.3097,1.5641,1.5641,1.5641,20
28,25.0525,27.4058,33.9996,45.5027,305.9937,80.7546,313.6658,66.2328,296.694,42.0667,22.2617,21.8188,21.7892,21.4913,40
29,5.2209,11.139,14.0621,23.38,234.8401,55.6101,245.0143,35.624,233.363,14.4006,3.5952,2.6823,2.6823,2.3634,40
30,-2.3904,-1.9413,1.8973,10.9383,224.1334,34.7289,253.2676,31.5171,238.1798,4.102,-5.2229,-5.8472,-5.8518,-5.8758,40
31,8.278,9.1745,13.0025,22.1437,262.3295,45.0241,265.1813,46.3403,250.0971,18.2086,6.135,6.135,6.135,6.135,20
32,15.9431,18.3207,22.7563,36.0962,271.0808,62.6965,286.7146,53.8295,274.4221,28.9004,11.8093,11.2748,11.2748,11.2748,30
33,1.2789,3.0083,6.0662,15.904,236.6451,49.0879,241.2902,35.337,239.2567,14.4694,-1.2647,-0.8931,-0.9272,-1.0517,10
34,3.8127,7.9135,12.8136,26.2974,233.7473,56.1985,263.6085,39.1215,251.5076,22.6601,2.572,2.5351,2.5351,2.4732,40
35,1.0256,3.8364,8.0861,21.5578,236.9595,42.3418,271.0619,29.1862,271.5419,6.5163,0.3999,-0.3172,-0.5098,-0.3531,30
36,5.0594,6.7237,12.5631,20.9636,243.946,51.9145,251.6904,39.5989,242.7912,11.8198,2.5659,1.263,1.3092,1.3092,20
37,-5.7982,-3.0671,-0.0126,6.5225,211.9311,33.453,218.7707,21.3454,210.6497,5.6882,-7.9647,-8.9904,-9.3683,-9.3276,30
38,3.488,4.3335,11.2823,27.2196,240.1881,54.7802,251.9086,45.5498,231.1514,17.7836,0.7708,0.5708,0.6493,0.5694,40
39,18.1721,24.3849,24.2677,36.2897,284.5191,68.2281,289.4843,55.7345,277.2865,32.3358,14.428,13.7786,13.725,13.725,30
40,4.9013,7.2837,13.7505,27.089,240.9716,46.9509,253.9874,34.5682,244.6508,16.5183,4.643,4.2489,3.3312,3.3312,30
41,-4.4908,-3.7477,2.5149,15.468,227.9264,43.1154,242.5155,24.9004,228.1888,7.524,-5.1161,-5.6644,-5.67,-5.67,30
42,1.926,1.7502,6.4855,15.4904,215.7401,40.469,243.4743,27.2464,236.3035,9.0459,-2.4157,-2.4458,-2.7022,-2.7319,40
43,17.35,20.1342,25.3667,40.7155,296.4471,64.3352,321.2155,67.4353,303.4061,34.8959,16.57,15.4104,15.4104,15.4104,40
44,-0.2231,2.0099,6.29,15.3197,225.1728,46.5167,225.5296,36.1559,230.1455,11.7337,-0.3139,-0.9294,-0.9294,-0.9294,20
45,3.7203,7.6921,9.5054,15.2884,243.9063,49.1762,261.5806,37.7486,252.2166,14.914,2.0262,1.73,1.73,1.6447,40
46,8.207,9.0673,14.4816,27.8353,260.4322,59.1967,262.7661,41.9767,252.2269,19.863,5.437,4.869,4.8742,4.5476,40
47,14.9422,17.8505,26.9331,42.3271,281.0032,68.2027,283.4206,51.0234,268.7774,28.7009,12.3311,12.3227,12.5305,12.4688,20
48,13.0996,14.5079,22.7753,28.9808,245.5014,62.4314,290.2412,54.8503,270.0474,28.2114,10.4758,8.9485,9.2669,9.4239,20
49,-13.4631,-9.6029,-6.4355,5.7564,203.6418,39.1173,219.732,15.2564,208.2708,-3.1269,-14.1505,-14.1031,-14.1031,-14.1031,10
50,13.7423,16.9716,26.2619,32.7751,295.676,74.455,309.5503,56.5701,293.0143,29.9867,12.9334,12.2386,12.9024,12.5113,20
51,13.6601,15.9828,21.693,38.6749,269.1045,70.7022,281.644,53.7624,274.5632,31.337,13.0623,12.8278,12.8601,12.4951,40
52,2.5533,5.5808,7.2464,18.7294,230.677,49.2868,237.6163,35.0872,233.9918,13.7493,0.6575,0.0121,-0.0309,-0.0309,30
53,4.9201,6.0535,9.3779,21.2255,243.5687,60.7882,253.7732,38.4904,249.0377,14.4324,2.4291,1.229,0.936,1.0827,30
54,-1.9587,2.054,4.9406,11.1511,234.5807,41.0667,246.3312,38.1161,231.9502,8.8779,-4.4657,-4.9502,-4.9502,-4.6114,20
55,9.801,11.0245,17.756,22.2705,248.8155,52.8587,261.0871,43.375,247.1045,18.4377,8.997,7.487,7.2396,7.2396,30
56,6.4677,10.5299,13.5798,22.1783,259.7653,61.2555,298.8118,41.0726,284.769,23.3485,5.6668,4.6581,5.2527,5.0683,20
57,18.5716,18.9422,25.2095,33.1106,285.1123,71.2227,290.5867,66.8511,286.8212,29.0572,17.7076,16.0539,16.0539,16.0539,20
58,-11.5048,-10.9033,-6.9774,7.0474,203.6264,29.7017,213.0329,17.8742,205.9003,-0.7296,-14.0217,-14.6377,-14.7451,-14.7451,30
59,-5.1733,-2.4525,0.0972,10.5049,219.4876,26.5891,228.5969,27.4789,221.2582,4.5325,-6.8668,-6.9054,-7.2423,-7.2423,30
60,2.1933,2.591,11.4023,22.1078,239.7349,45.5805,276.4798,40.5817,253.7961,16.8651,-0.5607,-0.8556,-0.8515,-0.8515,20
61,5.4533,8.1182,11.7874,23.1891,258.7056,46.3525,265.8097,46.0784,260.4637,19.7107,4.9703,3.3211,3.3211,3.3211,20
62,-12.9577,-10.3488,-4.351,1.1994,212.8433,30.8499,215.7595,14.2773,196.1298,-0.502,-13.9694,-14.5581,-13.8355,-14.5581,20
63,7.1364,10.877,17.7962,22.6017,249.8369,55.6628,253.7013,48.7507,246.068,26.5251,7.4278,7.3043,6.2517,6.4352,30
64,11.0615,16.081,22.1194,33.7798,298.1744,62.4999,296.2406,58.7606,297.4456,29.3554,10.3768,9.3448,9.1189,9.1042,40
65,13.2756,14.3894,20.7179,31.6515,288.5304,57.1288,319.2938,54.0462,305.4621,27.0936,11.2192,10.8359,10.9089,10.9089,20
66,19.9961,20.1446,29.6465,48.3931,288.1979,77.8313,296.1987,62.3457,283.3661,36.7095,18.2577,17.6114,17.6114,17.508,40
67,-0.5347,1.0445,7.2278,21.9772,251.5717,63.1584,258.9902,37.2339,240.9455,9.4819,-1.7398,-1.9303,-1.9303,-1.4121,20
68,10.2273,12.8304,17.047,30.2736,246.6667,52.1482,255.4426,36.5432,243.2623,20.0648,9.0232,8.6556,8.2633,8.2278,40
69,-1.0328,1.2888,7.2275,19.2538,234.8172,50.3914,262.4513,28.9362,235.6711,6.2616,-4.6562,-5.4719,-5.5432,-5.5433,40
70,1.3077,4.5982,5.0773,22.0428,215.0636,47.2734,239.6874,32.7463,237.808,10.8616,-2.7363,-3.0565,-3.0516,-3.0001,20
71,16.3238,17.7168,26.9561,34.8086,293.1154,68.7336,323.507,56.6633,299.9648,31.877,14.9418,14.1597,14.1597,14.1597,20
72,14.6588,16.227,22.1972,32.263,277.9765,52.3357,286.0294,53.3043,285.6163,27.7576,9.557,9.1656,9.1656,9.1422,40
73,22.8311,27.0969,30.4971,45.0105,320.0418,87.7256,352.2544,66.7188,334.9897,38.1788,18.8419,18.8667,18.2874,18.5989,30
74,-0.2811,3.1916,7.2756,8.9886,241.2221,56.9488,253.8002,35.7602,242.5326,12.9455,-0.6394,-1.2404,-2.289,-1.4632,30
75,5.3497,8.4719,11.6166,18.4292,230.7979,49.0982,256.5088,33.5556,247.5633,13.9033,4.2642,3.8464,3.8464,3.8464,20
76,-9.8429,-7.8764,-4.3517,5.126,167.3001,27.4038,187.5973,24.1139,182.5991,-0.4384,-11.2343,-11.5313,-11.7133,-11.9662,40
77,13.6315,14.6199,16.4947,26.2985,254.2956,53.9811,265.9567,52.315,250.8586,26.4102,10.6184,9.6433,10.0533,9.7421,20
78,-0.6611,1.2396,2.2304,18.2545,231.3284,52.9219,240.0431,37.0725,230.6459,10.7732,-1.8795,-2.2552,-2.4911,-2.2693,30
79,3.0901,6.2517,8.5089,17.3093,271.7456,61.8343,282.2361,42.4055,268.8454,14.7458,4.7158,1.7726,1.4898,2.3723,30
80,-4.5575,0.752,2.9893,8.3636,211.2377,40.9138,233.7976,29.1429,225.8297,3.9185,-6.2144,-7.1044,-7.8244,-7.8244,30
81,3.7009,7.3977,10.1545,23.2269,228.1469,45.4227,244.7955,42.6695,237.444,16.1917,2.0538,1.426,1.8241,1.5398,20
82,-4.3105,-1.4607,3.2157,11.2736,218.0916,32.5914,240.7395,29.7426,229.436,5.2684,-7.3393,-7.8218,-7.8218,-7.826,40
83,0.3232,3.3444,8.5021,16.2437,252.4091,35.8531,259.7634,32.1912,252.9664,17.3765,-0.4477,-0.3698,-0.3735,-0.3735,10
84,-0.6236,1.7313,5.943,17.9486,239.99,40.9466,243.1558,28.5678,233.9925,13.7,-2.0473,-2.371,-2.514,-2.9166,40
85,-6.617,-4.5002,-2.0133,11.1401,224.4556,37.3195,237.3824,29.3505,231.3539,5.7715,-8.2252,-8.7466,-8.8127,-8.2288,30
86,-9.4877,-5.5169,-0.2054,10.8249,213.2706,36.0565,221.5055,26.7281,216.5493,5.2071,-10.7019,-11.3197,-11.3197,-11.3197,40
87,10.0634,13.8266,18.6904,29.2778,252.8064,61.5186,262.2565,41.6977,251.8766,21.7959,7.8761,8.1061,8.1061,8.1061,10
88,29.5427,36.6127,40.3791,58.3142,333.8499,102.5932,355.7123,71.9934,341.6614,45.6571,26.8628,25.6984,25.587,25.587,30
89,-17.9213,-17.4352,-13.2492,-3.8881,195.1571,13.8351,207.0551,12.4447,196.524,-8.2294,-19.9746,-20.1486,-20.4774,-20.4774,30
90,15.2214,19.6519,22.7838,36.3353,271.3742,63.0347,282.3094,58.0952,274.22,28.1062,16.1012,15.0075,15.0075,15.0075,20
91,6.9915,8.4094,14.4765,26.2755,251.9828,54.4903,267.5964,47.1312,256.3179,21.6549,6.2928,4.0662,4.0662,4.0662,20
92,4.7785,6.1715,11.3691,23.2172,235.7003,52.0894,254.9339,37.3781,252.7259,15.0878,1.3278,0.6326,0.6326,1.0156,20
93,-2.9102,1.2027,6.0778,13.3966,219.1875,37.7822,247.3825,33.3577,239.0393,10.3858,-4.451,-5.1516,-5.1992,-5.3731,40
94,2.1179,1.7403,11.0452,24.1274,242.8383,43.1294,255.0906,40.86,247.0908,15.6804,0.5638,0.4607,0.6647,0.2885,40
95,18.0349,19.679,25.5495,43.4449,285.1995,71.9554,309.4787,57.7184,300.3351,29.0481,15.6752,15.6752,15.6752,15.8429,20
96,10.187,15.863,21.4309,38.6335,265.2236,57.4479,279.8766,50.6835,269.9937,29.4145,7.4369,7.3908,7.3908,6.67,40
97,11.5642,15.2949,21.5766,32.5034,288.7146,46.4091,305.8109,42.4136,284.649,22.254,8.3126,8.0986,7.0339,6.3554,40
98,18.7264,18.4728,24.4884,36.4911,287.1449,67.0732,301.0468,55.9109,282.5563,34.521,15.6065,14.7867,14.7867,14.3396,40
99,-5.343,-3.4739,-0.7521,7.8832,223.3865,24.622,243.6128,25.3158,230.9307,6.1576,-6.6778,-7.4111,-7.142,-7.1743,20
100,12.5837,16.1904,19.3264,30.8293,283.3004,60.1432,283.4631,50.8748,262.2157,24.7813,10.9208,9.7056,9.3361,9.384,30
101,-12.1286,-11.7144,-3.62,2.69,217.2088,25.5168,223.7394,17.6375,209.3584,-0.3933,-12.7575,-13.44,-14.0549,-12.9823,30
102,-4.6633,-0.5745,3.531,12.8906,245.671,40.3167,248.5868,27.1382,232.0399,12.5697,-4.6019,-5.7055,-5.7055,-5.7055,20
103,9.4395,10.6129,11.9254,18.581,271.0905,43.0846,284.3877,44.0864,269.0391,16.6151,3.1849,3.5393,3.0927,3.4591,30
104,9.614,11.1512,17.6505,29.8228,277.2543,65.9429,286.5871,45.9712,274.7109,27.1203,7.9243,8.3056,8.1444,8.1444,10
105,-14.6423,-12.8649,-12.2356,-2.7513,186.2298,12.0423,198.8095,11.8469,188.2848,-8.5531,-14.9161,-15.2942,-15.3042,-15.3569,40
106,5.8199,10.031,19.1848,27.1621,265.6972,64.3341,280.2951,42.6855,271.963,20.4812,5.2497,4.6799,4.447,4.4335,40
107,-0.3612,0.8745,8.1468,16.8937,247.6969,48.6039,271.3982,35.1288,253.2554,15.4753,-0.2049,-0.8326,-0.7472,-0.477,20
108,5.4448,8.0371,12.0924,21.3845,234.7993,56.3168,240.7851,39.9922,237.3451,19.3447,2.8094,3.0183,2.7661,2.2896,40
109,4.6136,4.7855,12.9848,30.1061,259.5126,51.9233,281.5442,47.6384,270.3167,19.5675,1.8306,1.2119,1.3925,1.3925,20
110,10.7688,12.2036,17.6431,27.5895,268.6449,68.3092,278.6683,47.6903,261.1219,21.0414,8.2439,8.1815,8.1525,7.8161,40
111,7.7942,10.9384,18.2617,35.6231,277.6423,61.1388,283.7978,56.6629,260.9091,19.4978,3.7363,3.2415,3.2415,3.2415,20
112,-2.4715,-0.3662,5.9793,14.4799,216.314,44.9284,222.0681,28.2352,217.8739,5.0627,-4.9013,-5.0868,-5.3215,-5.0904,30
113,-3.872,-1.9802,1.6647,11.6339,227.2355,48.0045,237.3142,26.3293,222.6569,5.8579,-6.3578,-6.3578,-6.3578,-6.3578,30
114,-2.292,3.8242,6.4534,14.8119,227.3777,41.1531,246.0585,18.5979,231.945,9.3312,-4.1762,-4.037,-4.037,-4.037,10
115,3.9276,5.194,9.909,16.7141,242.4851,43.461,249.283,39.8941,246.4042,8.7152,1.4681,0.5986,0.5987,0.5987,20
116,-4.7102,-1.895,1.5671,9.1153,212.9716,34.3657,238.0801,27.1793,229.2617,8.5174,-7.8685,-7.8735,-7.9289,-8.2582,40
117,1.3464,3.5661,6.1398,16.6065,239.0493,43.0102,256.7617,28.5979,226.3456,14.4313,-3.1119,-2.9778,-2.9517,-3.0712,10
118,4.0655,6.7291,10.7554,16.8691,242.9075,53.9396,292.7761,36.5003,264.3011,19.0469,2.4784,0.8673,0.8469,1.4277,30
119,-1.0318,-1.0508,0.97,13.4742,228.4801,44.094,239.7464,22.1601,225.6599,6.6475,-5.8707,-5.3996,-6.3326,-6.6055,40
120,-4.1266,-2.4425,3.5478,10.4066,235.9407,48.4865,239.0403,28.4209,221.496,8.0277,-4.9767,-5.6745,-5.9814,-5.7186,30
121,6.0148,7.7417,14.5003,24.4769,243.8033,58.4243,265.6033,39.0212,261.4943,17.3227,5.9306,6.9948,4.9154,4.9154,30
122,9.6892,11.7369,16.5391,29.7895,258.7257,58.0174,265.8627,50.2013,256.1613,23.4343,9.3589,8.4434,8.5405,8.5405,20
123,3.9024,5.9675,11.0737,16.256,262.2933,48.6425,281.4832,40.3416,260.2838,16.8607,3.4336,2.1857,2.1857,2.1857,30
124,-16.163,-14.1745,-10.4479,-5.956,193.6728,29.1145,203.5473,11.7195,184.4279,-6.3586,-17.6835,-17.9735,-17.8152,-17.2808,20
125,2.2217,3.9193,5.8266,16.6311,252.5267,43.8101,256.6131,30.7946,244.822,10.4907,-0.9059,-0.4568,-0.4568,-0.4568,10
126,3.0815,6.9365,12.875,26.6347,257.0432,54.4485,266.8847,42.5325,254.0767,16.5902,2.9113,2.3311,2.2318,2.3813,30
127,1.5523,3.0298,11.0064,18.6735,246.0762,54.1829,250.2759,44.3094,231.4467,17.0753,2.3409,1.3422,0.1772,0.1772,30
128,10.0158,12.7729,13.1373,25.5898,240.9532,56.0935,251.1262,38.6575,241.7516,18.9394,8.2753,7.9002,8.1169,8.1169,20
129,-3.2365,-2.8355,4.5011,13.6314,215.7291,31.4811,251.9028,26.0839,238.9221,9.1906,-6.1285,-7.1366,-7.2904,-8.0278,40
130,2.8999,5.1956,10.0233,19.0645,238.0703,39.8726,255.4841,25.3254,242.0294,10.2174,-1.5467,-2.3538,-2.3539,-2.3539,30
131,8.6423,12.0207,19.5619,30.3007,258.3785,58.6585,272.2857,46.3419,263.8048,24.5791,8.2391,7.65,7.6658,7.4231,40
132,-9.0739,-9.6398,-4.8122,6.7287,183.8338,34.283,202.7548,22.716,199.76,1.2738,-9.6053,-11.6327,-11.6327,-11.6327,20
133,12.4631,14.187,19.8132,30.2293,264.9719,56.1682,273.5689,52.0068,263.1073,27.0244,10.3773,9.4908,9.5659,9.1403,40
134,7.8109,10.6045,13.7697,23.1327,266.2015,55.4181,274.376,53.9658,253.5601,16.4847,6.6363,6.3167,6.176,6.176,30
135,1.1593,4.0808,7.4291,17.9824,207.3158,50.139,249.4496,36.521,238.4313,14.2921,-1.5472,-1.8588,-1.556,-1.5718,20
136,-1.8327,0.463,3.5979,12.1915,219.3012,51.0481,240.2241,33.2801,234.0063,11.5765,-5.0213,-5.5113,-5.5447,-5.5447,30
137,0.5136,4.4088,12.1272,23.7606,244.8496,71.9399,265.3728,34.3082,250.8797,10.4325,-2.7795,-3.2747,-3.1769,-3.1769,20
138,6.6197,9.5045,15.9246,21.1747,248.729,47.0872,256.4641,46.4236,239.0504,15.5553,4.3629,4.688,5.3219,4.8052,10
139,4.0626,5.2363,6.3553,15.0904,233.4536,45.3831,249.0873,31.0396,234.5539,15.5695,1.1153,0.3887,0.3688,0.3175,40
140,9.3954,12.4976,18.0027,29.5014,276.3226,52.392,297.4434,42.2429,265.2735,21.2641,6.6697,6.1662,5.5368,5.9584,30
141,3.2277,6.7931,8.2924,16.2535,208.6149,32.9418,248.1477,31.2053,238.2208,10.537,0.5708,-0.0478,-0.1167,-0.1418,40
142,1.1667,4.2499,9.4135,20.947,220.1939,38.0216,234.3203,19.1361,226.6133,6.2126,-0.8307,-1.8888,-2.9557,-2.9933,40
143,15.2397,17.492,25.7964,39.4574,289.5825,70.1227,302.7454,52.8706,288.4314,23.8343,16.1701,14.0106,13.958,13.5136,40
144,4.0382,5.2138,10.7677,19.8519,241.3131,48.7418,259.2218,41.1953,236.0323,23.1394,2.0267,1.4738,1.959,1.2289,40
145,9.9499,10.4817,14.5943,23.0459,278.3272,54.8722,287.8339,46.633,282.0958,17.4744,7.6543,6.6054,6.6054,6.6054,30
146,5.0955,6.7385,14.6599,24.0296,236.7657,55.4409,252.7712,42.3528,249.5407,19.3952,4.0867,3.542,3.2937,3.2937,30
147,8.2245,9.8594,16.4748,31.6013,263.4741,62.7316,278.0402,48.5928,265.9619,20.1546,6.2466,5.5613,5.742,5.4033,40
148,-11.7888,-10.1545,-3.6676,8.7315,207.3305,38.2955,214.5816,17.4316,206.3851,0.741,-12.5185,-13.9936,-13.9936,-13.9936,20
149,-4.0037,-2.005,2.6012,7.918,217.9511,39.343,243.5559,24.0149,227.864,4.4708,-4.7307,-6.703,-6.703,-6.703,20
150,-2.8238,1.5155,4.5206,14.7279,230.9577,48.0651,247.6323,29.0224,226.2566,9.6052,-3.7653,-4.4034,-4.6956,-4.6956,30
151,10.1006,12.9607,18.9637,28.4668,261.7474,52.2302,274.3182,47.4537,268.8893,31.1677,6.6939,5.0948,5.1492,5.8316,20
152,13.9005,17.9322,25.8114,40.357,267.6678,76.2953,300.4744,56.2438,291.7257,32.9011,13.341,11.8834,11.4649,10.5414,40
153,1.3415,1.7208,3.5531,16.2292,246.2515,44.9042,250.3415,32.2005,230.0819,5.3144,-1.3608,-1.7245,-1.7245,-1.7245,30
154,6.0373,6.8154,13.721,27.5212,257.0268,49.6408,270.1728,34.269,268.9256,20.4613,4.5257,3.0489,3.0489,3.0489,20
155,-4.132,-1.2287,0.3563,4.3638,214.9921,35.5903,219.7255,24.9337,211.7206,7.6215,-6.5629,-7.5072,-7.3565,-7.4085,20
156,-13.4544,-10.0601,-4.4499,1.946,203.556,23.9845,204.234,11.2938,191.0993,-2.92,-13.5403,-15.5699,-16.0997,-16.0997,40
157,0.7896,7.0779,8.656,15.7548,236.1292,43.2588,255.1212,33.6006,242.6365,11.9754,-1.6907,-2.0267,-2.21,-2.3342,40
158,-16.8336,-14.9143,-8.8767,-1.89,198.8136,30.7914,203.9585,14.2677,193.6544,-9.5218,-17.4135,-17.7281,-17.7281,-17.7281,20
159,4.4389,7.2694,11.3453,19.6072,247.9133,67.0057,266.8108,40.3537,248.8003,20.3632,3.4492,3.1872,3.1872,3.1461,40
160,19.3748,18.9405,27.0437,37.9721,275.1201,67.8501,290.8118,57.4192,288.2253,34.876,16.4178,15.9501,16.1667,15.6226,40
161,14.3263,17.8373,25.8617,36.5282,282.0085,65.7874,293.2347,58.7978,285.3428,31.2458,10.9555,10.2894,10.4782,10.4453,20
162,3.1304,7.1322,8.988,16.9664,243.9606,49.2464,257.2573,31.6534,248.5303,15.137,1.3014,-0.2747,-0.6555,-0.6555,30
163,-9.9285,-7.9536,-4.9947,1.6486,210.5572,35.1757,221.9386,20.3174,215.4732,-0.5473,-9.9688,-10.4804,-10.8161,-10.4804,30
164,3.8844,4.7466,8.5982,20.189,255.0434,52.8697,272.9148,36.1032,252.7514,17.9301,1.5282,0.6077,0.6077,0.6077,20
165,-4.6634,-3.8508,4.3628,7.9781,206.8299,39.269,230.7682,22.3835,217.6628,4.8219,-6.3458,-7.5649,-8.1217,-8.1217,30
166,-8.9295,-5.6163,1.036,6.058,207.6544,40.0697,213.8582,22.0171,207.8169,3.9979,-9.579,-9.8871,-9.8871,-9.8871,20
167,4.7451,8.0611,13.7178,25.227,253.3498,63.6999,277.1464,39.0785,266.7447,18.9725,0.2735,0.0516,0.338,0.2735,20
168,-5.5231,-3.8266,2.4022,11.0742,219.3151,45.4696,225.4343,31.6959,219.5011,5.5481,-5.8574,-6.2496,-6.2496,-6.3759,40
169,13.0517,13.026,18.529,24.9783,315.7156,71.6403,314.5321,54.0011,311.2904,26.1924,12.0996,12.0996,12.007,12.007,40
170,-8.1476,-5.1163,-0.9319,8.7168,217.8292,32.5785,223.0221,19.7594,213.9698,-0.5879,-11.1081,-10.991,-11.5406,-11.8224,40
171,10.7277,12.4598,17.9591,32.9498,257.3722,59.5653,279.9362,52.663,268.9271,23.9296,10.2739,9.6275,8.9548,9.3351,30
172,-4.6192,-4.6065,-1.131,6.4695,209.5723,35.1532,226.8187,22.3747,211.4143,2.6974,-7.6887,-6.9925,-7.6887,-7.6887,10
173,21.3159,23.0094,28.358,46.6658,328.4116,82.7666,332.7362,61.426,316.0963,38.9674,20.2148,19.6285,19.5925,19.5925,30
174,-3.3537,-3.2442,0.4975,13.5566,221.5457,34.8149,234.9609,32.5694,209.4153,5.8385,-5.6495,-5.6495,-5.7206,-5.6451,30
175,11.9424,14.4357,15.8997,20.3986,229.1171,53.3418,268.265,41.2418,253.5622,18.8148,7.5129,7.0384,7.0046,6.5557,40
176,2.616,3.4072,7.9844,18.9041,252.8337,60.069,266.2056,39.8772,261.3653,18.1538,3.0761,0.8473,1.0879,1.0879,20
177,0.0758,5.4724,10.2858,18.2895,240.9216,46.9651,264.3779,39.1513,237.5565,18.1599,-0.7454,-2.4935,-2.2282,-2.2282,20
178,22.8264,26.1236,31.9603,38.9258,327.0565,83.4312,336.4467,60.5608,303.1653,37.179,18.5499,18.4856,18.4856,18.4856,20
179,16.1001,19.6386,24.1474,32.3146,254.2559,70.83,279.9217,54.2272,269.0685,27.4098,14.0977,14.3492,14.0337,13.6198,40
180,-1.7585,1.6881,7.3527,19.7795,226.7496,43.2252,243.3097,29.6398,231.8756,8.0854,-2.6441,-3.7476,-4.3421,-4.3421,30
181,-2.2321,-0.4843,3.9751,15.3307,222.0289,40.581,232.8731,33.8088,226.4481,10.4872,-4.7254,-5.1958,-5.0335,-5.0335,20
182,-3.0526,-3.0947,2.2722,8.5376,220.347,37.4396,224.2515,32.2573,222.9441,8.9599,-4.0419,-4.8381,-5.3578,-5.3578,30
183,5.7727,9.6119,14.8271,25.9114,253.3915,52.7489,260.278,49.9129,256.3595,16.6903,4.0453,3.096,3.096,3.096,20
184,-12.975,-7.3229,-4.1929,1.428,184.0753,26.9339,201.35,16.0426,199.4402,1.908,-12.9232,-13.7365,-13.7634,-13.7053,30
185,8.2937,10.7536,18.6372,26.535,261.446,60.0315,277.6536,41.4359,254.9071,24.0562,7.6688,6.2949,6.1921,5.9039,40
186,2.2617,2.3813,10.4441,23.5719,255.8639,57.6067,264.3752,38.8594,248.1473,15.6434,0.2969,0.0438,0.0438,0.0438,20
187,19.4869,21.5138,24.4315,38.6615,264.3304,64.4682,290.0126,52.3204,272.0094,31.3759,16.885,16.5847,16.0858,16.0858,30
188,26.615,28.5038,32.802,48.6738,341.3444,85.8392,353.142,65.8609,337.5801,47.8842,22.1979,23.4637,23.2774,22.9216,10
189,7.0886,7.9247,14.8275,26.6305,241.1609,54.7836,251.524,37.1463,241.1561,22.2112,3.8852,3.462,2.6978,2.6978,40
190,6.3505,8.9577,12.5228,18.8716,258.5309,45.0735,268.3224,42.1483,256.4662,16.5033,5.3934,4.7504,4.8885,4.6866,40
191,-13.2931,-10.4618,-6.6609,0.9483,185.9968,16.7872,196.8409,9.636,182.9588,-6.909,-16.6385,-17.7403,-17.6159,-17.6159,20
192,9.6365,15.8834,21.7777,28.6503,282.3172,58.149,287.2405,53.2804,274.5237,27.9988,8.4441,7.9059,8.3088,7.738,40
193,8.416,12.8293,16.6212,29.4078,257.6653,48.3256,268.8127,33.3745,268.5706,21.7077,6.6955,5.8583,5.2371,4.6476,40
194,-1.2374,2.3355,3.7636,15.4113,225.7296,43.0783,236.3405,34.9956,235.4746,10.9486,-0.9887,-2.0517,-2.0517,-2.0517,40
195,2.337,5.7774,11.1305,31.6931,240.2494,56.5893,247.5092,36.4959,238.8418,11.7202,0.9105,0.4494,0.4761,0.0421,40
196,18.0435,19.191,27.2132,41.7215,302.5559,84.5512,310.6446,51.755,294.3315,33.4685,17.0736,16.1419,15.8224,15.8224,30
197,-8.0456,-7.4825,2.4142,9.4916,189.6037,33.5628,202.6994,20.0631,195.72,0.7572,-10.006,-10.0923,-9.7109,-10.0847,20
198,6.0469,9.5414,14.542,35.7795,259.6564,64.2489,267.7624,36.807,263.7206,16.4532,5.5842,4.6896,4.7354,5.1017,20
199,2.6619,2.9825,9.9427,20.7449,271.2879,61.2865,283.0584,30.4693,267.315,13.0279,2.2211,0.9984,1.1473,1.1473,20
200,2.6741,3.5383,9.3416,19.9676,232.7154,50.8374,264.4019,35.2388,245.8593,12.9658,1.9222,1.927,1.9199,1.9163,40
201,-2.6578,-0.2595,6.5645,13.4721,238.0572,42.3423,253.7489,29.5073,232.4881,9.5191,-3.3491,-3.2532,-3.4639,-3.4639,30
202,6.6996,9.1207,16.372,28.6358,251.2251,57.8956,269.7422,39.693,248.404,20.4796,4.4666,3.0293,3.7804,4.0751,20
203,-2.0903,2.5964,4.2018,10.736,203.3072,42.9489,216.1979,27.3841,212.0263,9.6383,-2.98,-3.7314,-3.8236,-4.283,40
204,17.5601,21.4292,30.5704,40.9373,291.5979,82.87,331.4362,60.8073,315.3958,33.0891,15.0506,14.7726,14.7726,14.7726,20
205,-4.0896,-3.7387,1.1153,12.7551,200.3798,30.0579,217.395,23.9062,208.5084,3.7589,-5.7395,-7.2334,-7.264,-7.264,30
206,7.3398,9.4536,17.7522,26.1319,269.1698,57.0614,282.2083,51.1645,267.2119,24.1133,6.131,5.1103,5.1103,5.1103,20
207,0.3044,3.0291,8.2731,17.8544,207.0648,41.6072,234.7771,28.9811,235.3846,10.4628,-1.9225,-3.1348,-3.1425,-3.1425,30
208,2.5612,3.9814,9.8216,23.525,235.0039,53.2045,246.2957,25.035,234.6011,8.5572,-0.2299,-0.2533,-0.2533,-0.2533,40
209,-0.871,-0.2218,6.6701,19.2222,269.545,44.3751,272.0443,35.5044,249.4733,15.092,-2.935,-2.935,-2.935,-3.1085,40
210,7.3336,8.408,16.2578,25.6473,241.65,53.437,271.9766,39.5233,265.0577,23.6851,3.8254,3.8706,3.0794,3.2656,30
211,-0.8638,5.3777,8.4965,18.2,240.1277,56.1423,246.2922,31.7449,239.0823,9.2555,-3.4321,-4.2461,-4.0226,-4.0226,20
212,12.1322,14.9568,17.5867,36.1727,271.415,74.0206,277.2772,42.3767,270.1741,22.3782,9.7501,9.1924,9.2605,9.0921,40
213,4.4389,5.1705,10.8017,20.478,211.7911,46.5669,239.1834,44.623,224.6257,17.8581,3.8169,2.673,2.673,2.4299,40
214,9.2257,12.8612,16.0851,26.7824,288.8633,71.1714,299.2525,48.1921,271.5596,26.8879,7.4875,6.4717,6.423,6.423,30
215,-11.5316,-11.3563,-8.1657,4.2456,190.4977,23.1949,235.5693,18.8429,229.7337,-6.048,-12.5943,-13.4134,-13.2008,-13.1464,20
216,-12.8513,-10.9547,-8.6551,1.4463,207.0706,33.4326,233.3652,8.845,215.5524,-4.2529,-14.3288,-14.8438,-15.0601,-15.0515,30
217,29.8695,31.5855,33.6784,46.1967,320.6259,91.8073,338.7448,71.7427,324.8668,38.1944,28.5453,27.5383,26.7436,26.7436,30
218,11.2802,14.2105,20.4832,29.9383,284.8129,56.4729,293.4648,52.4911,280.9379,25.1301,10.6452,10.295,10.5697,10.2786,40
219,-2.915,-1.325,0.1059,11.8765,217.9824,39.7893,230.942,27.3136,225.606,6.3436,-5.8918,-7.1211,-6.0715,-6.8614,20
220,13.1761,15.2313,16.1535,35.2041,271.8645,64.2282,297.8162,56.7528,294.4213,26.3585,10.7218,10.6767,9.9482,9.7658,40
221,16.8042,17.2117,21.4505,39.2829,291.168,60.8121,290.2006,70.5824,282.4103,31.9646,15.2938,14.8645,14.8645,15.0686,20
222,4.7225,7.6325,14.6945,27.9852,241.6841,46.6674,266.0718,42.1594,261.3416,19.9659,2.375,2.3048,2.1627,2.0413,40
223,0.3124,2.9041,9.7347,17.5758,227.3532,51.9725,233.5645,30.4911,228.5912,10.3429,-1.4787,-1.2685,-1.267,-1.267,10
224,8.1604,9.1291,15.4192,23.9342,248.64,61.1781,269.7345,53.5554,234.5286,18.4658,3.9822,3.4569,3.4569,3.4569,20
225,12.2765,11.9241,16.8877,29.3269,250.6367,69.4234,269.581,53.4074,252.8907,21.1474,9.6906,8.9968,8.9554,8.9163,40
226,-1.4315,1.4656,4.0275,11.8209,218.8237,44.3172,236.7465,32.9406,223.5512,11.8826,-3.8348,-5.4126,-5.5397,-5.5397,30
227,-14.9541,-13.2394,-11.8131,-3.9575,166.7548,19.2462,202.2069,17.3789,191.9319,-6.1958,-16.6338,-17.1386,-17.3109,-17.1166,30
228,2.1138,6.5559,9.3086,22.6897,233.2571,46.5289,244.9606,36.906,237.2383,16.8244,-0.5092,-1.2803,-1.3304,-1.2803,30
229,-12.1754,-8.0171,-4.1211,1.5714,206.4246,39.5686,220.9131,19.1191,205.1226,-1.4689,-12.0211,-13.0912,-13.5231,-13.5231,30
230,-7.2358,-4.1864,0.654,9.6951,233.0534,39.9709,237.6432,31.4616,231.6877,7.5217,-8.0989,-7.9197,-8.1555,-7.9414,30
231,0.3679,0.9027,3.6421,13.0672,232.4587,37.6634,238.8619,24.0272,232.036,6.111,-3.8871,-3.8457,-4.13,-4.13,30
232,4.2195,5.7644,11.5034,23.2409,258.6494,54.7896,261.5448,42.1662,249.7963,15.306,4.1449,4.2195,4.2195,4.2195,10
233,12.9934,17.3007,23.4876,39.5206,309.7534,70.3239,317.3336,48.9637,301.0307,30.4493,12.0618,12.0618,12.0618,12.0618,20
234,3.3524,4.2545,8.2025,15.9919,219.1246,39.9638,229.6746,38.7494,220.6923,17.0319,2.8878,1.4682,1.4077,1.4077,30
235,3.476,5.0336,5.7489,23.3956,263.9747,53.3773,265.9034,38.86,249.5574,14.7855,2.4484,2.3023,2.6354,1.8713,40
236,2.176,4.0421,6.9408,19.603,238.0056,46.1366,246.2678,37.4898,234.6511,11.7363,1.2507,0.1826,0.0279,0.0279,30
237,0.482,0.9153,5.979,16.014,212.2222,53.4208,239.1701,33.5892,225.192,13.3984,-0.7915,-0.9155,-0.5749,-0.5749,20
238,1.2359,0.8279,8.1496,18.6647,236.6828,44.8307,240.1755,28.3396,238.8372,12.4577,-1.3912,-2.5313,-2.6659,-2.5313,30
239,-4.0475,-2.1931,4.7494,17.5188,243.7101,35.8581,250.4384,25.1719,239.5606,6.1432,-5.6177,-6.5261,-6.526,-6.5261,20
240,3.8229,7.3007,9.704,24.4389,272.6563,56.9417,275.4715,35.1849,258.5237,18.6678,2.1407,1.6517,1.5743,1.4407,40
241,1.0334,1.5362,7.7625,23.6177,226.2447,53.5664,230.0138,34.8034,221.8014,17.2374,-0.8233,-1.7171,-1.6316,-1.8176,40
242,7.5378,9.3918,12.1537,18.6958,242.7608,43.9062,257.7892,43.9603,252.1145,21.7375,5.1894,4.5328,4.4007,4.5328,30
243,0.9464,5.6751,9.9637,24.4561,252.5951,59.3559,264.1198,35.6208,247.8335,13.4641,-1.227,-2.1109,-2.1109,-2.1109,20
244,7.4923,9.1853,15.4476,26.4771,266.8918,50.7566,284.4207,50.1252,270.0689,21.3856,3.3261,3.3418,3.8891,3.1208,40
245,25.2332,24.4506,28.8169,48.2465,305.5272,84.4302,340.7199,60.9253,321.5248,34.2202,18.4702,17.7429,18.1218,17.9468,20
246,17.6154,18.4859,25.3264,39.7349,305.5996,67.9967,305.1117,47.8282,299.7381,29.4842,14.7327,14.6431,14.3553,14.2967,40
247,5.9821,9.6929,13.4994,26.4126,237.301,64.3587,268.9609,44.0892,256.5891,20.6374,5.0358,4.1818,4.1818,3.8403,40
248,1.4419,2.9473,6.9858,15.3555,204.8163,40.3974,243.7595,30.4394,232.9645,11.2329,-2.766,-3.2817,-3.2523,-3.2009,20
249,11.8411,12.8741,19.3992,30.4707,265.803,57.3307,270.7674,50.7565,262.9061,27.3954,10.7132,10.1024,9.8305,9.856,30
250,25.288,26.8173,39.252,56.1736,296.0391,85.364,306.309,62.4602,290.3272,38.2083,21.7613,20.9723,21.0324,21.0324,20
251,-6.5529,0.397,4.8396,10.8174,230.5597,33.1383,239.0888,21.5101,228.9178,4.2781,-7.0948,-8.4503,-8.5426,-8.5976,40
252,2.6299,2.9887,7.7018,19.0559,219.7608,41.7402,237.272,27.3705,233.8959,11.5464,-0.2306,0.1854,-0.6905,-0.7999,40
253,4.0879,4.1069,8.837,24.3039,252.0399,47.9772,265.8335,35.2339,248.248,13.2436,1.862,1.4931,1.2588,1.448,30
254,-4.9205,-2.3913,1.6354,11.1673,206.6191,33.6046,214.3213,32.0241,216.7886,6.3301,-4.9241,-5.7179,-5.7179,-5.7179,20
255,-4.9596,-4.5751,-0.865,11.3825,216.792,30.1819,216.8631,28.7441,203.6053,11.2031,-7.6788,-8.3633,-8.3079,-8.3528,20
256,13.5214,13.9994,19.2987,30.9703,300.0982,60.083,304.0164,49.3632,281.4794,22.8583,11.3688,10.5481,10.6026,10.6163,20
257,-14.1608,-9.5938,-7.7179,4.3878,200.8741,34.6384,209.3018,8.9882,198.7727,-4.6401,-15.6668,-15.7692,-15.7692,-15.8919,40
258,2.4386,3.1271,5.8303,18.731,234.5192,37.9729,247.3725,37.8294,246.2008,9.1402,0.9047,0.6437,0.7787,0.7787,20
259,-1.84,1.7734,5.9747,12.7798,230.7643,51.286,237.6773,25.2558,232.8778,12.5511,-2.0791,-2.0276,-1.9936,-2.0791,10
260,2.4578,4.3222,11.7582,27.7253,252.6873,46.7233,266.1761,35.8631,249.8779,12.5647,0.6169,-0.1881,-0.4985,-0.4985,40
261,-1.5884,2.411,8.6231,18.7885,229.9337,40.9652,241.6937,32.4539,223.0753,11.4647,-5.9898,-6.765,-6.7913,-6.7913,30
262,-0.7916,-0.0681,4.4539,12.2441,204.4975,37.2178,225.8295,26.9698,214.4089,9.6778,-4.9882,-6.3774,-7.0028,-6.9906,30
263,28.8359,30.5707,35.1359,48.7238,275.34,83.2361,329.3435,68.2918,308.2355,43.8823,27.4872,24.5381,24.5381,24.5381,20
264,9.9116,12.5376,16.2837,26.7546,226.5403,57.6597,244.8491,46.1307,241.1165,23.372,7.2074,7.2074,6.8208,7.295,30
265,7.6329,10.8737,20.9289,34.0864,261.5831,62.563,268.6111,52.2257,252.1446,21.9878,5.8174,4.4639,4.4926,4.4926,20
266,22.0339,24.8469,36.2096,39.7958,280.192,73.0586,328.0499,66.9015,316.8459,38.9009,17.6227,18.2175,17.7387,17.7387,10
267,11.5214,13.8797,24.2772,34.3368,280.0736,60.2194,281.7047,54.1928,270.2483,23.4943,12.9906,12.2581,11.0439,11.258,30
268,-19.9838,-18.1785,-13.227,-4.141,190.2959,25.9606,201.508,9.9603,196.4119,-11.1667,-20.1879,-20.5428,-20.5428,-20.2557,20
269,7.037,10.2406,13.8852,24.5416,252.8689,50.8067,272.8404,34.2991,262.9635,20.0043,5.6773,5.2892,5.2892,5.2892,20
270,20.9866,21.9884,30.1156,43.5408,305.1218,71.0384,315.151,55.7589,290.1773,34.7434,17.1237,16.7533,16.6611,16.6611,30
271,0.7817,2.5251,8.8507,16.4707,247.0263,41.7569,246.6994,30.6072,233.317,13.8718,-0.182,-3.0382,-3.0835,-3.7391,40
272,25.1062,26.0974,30.7902,41.8827,284.8536,66.1412,296.9897,59.4995,290.6697,42.5792,22.9537,22.4875,21.9633,21.743,40
273,4.3554,5.3598,10.5403,18.3776,273.915,60.2963,283.6396,36.5021,267.8834,15.7183,2.5541,2.742,2.195,2.195,30
274,0.4246,3.8631,8.6566,18.7119,231.3415,46.411,237.626,30.5439,224.8061,16.2691,-0.4718,-0.5768,-1.204,-1.204,30
275,6.4374,8.6105,12.5,21.7414,237.4671,48.1929,248.0825,37.7873,242.4445,17.0704,6.0452,4.7625,4.8789,4.8789,20
276,11.0933,12.3772,25.0186,34.3793,294.038,64.3301,302.962,52.1722,282.1678,29.1619,10.1493,8.4086,8.6237,8.4086,20
277,43.0804,45.7261,56.1654,68.5376,410.1929,112.6188,420.9674,91.7428,396.7758,65.8289,43.4011,41.4216,41.6079,41.9893,20
278,2.6433,3.3054,7.124,22.6356,238.1583,47.7432,241.0344,35.8402,228.8986,11.1183,1.1971,0.9042,0.9042,0.9042,30
279,14.6247,18.2277,19.7377,30.6701,273.2613,58.1848,285.5339,53.904,265.9077,23.7529,8.3277,8.1308,7.7916,7.7916,30
280,9.8438,11.3998,20.7683,33.7493,278.264,61.9731,311.3195,44.5774,293.9971,24.3077,10.046,6.9915,6.9705,6.9705,30
281,7.4302,11.2979,15.6975,31.472,252.4323,58.7793,270.0556,42.485,253.983,21.3234,3.6353,3.5641,3.7832,3.964,20
282,14.1526,17.1905,24.5479,38.192,269.0268,76.2476,274.1656,57.7635,264.0412,33.4385,11.9626,11.5306,11.5306,11.5306,20
283,14.0291,17.8855,21.9837,30.4733,258.8616,62.349,267.1936,58.544,261.3764,27.2925,11.1599,10.788,10.4929,10.4929,30
284,3.7516,8.4842,14.1346,22.8657,246.2177,50.8835,253.781,40.6165,231.129,17.1843,1.6783,0.8258,0.9771,0.9771,20
285,-3.2379,-1.619,3.7358,14.5889,226.5505,41.832,247.9676,25.7139,229.5822,9.5318,-6.2627,-6.2627,-6.5453,-6.5453,30
286,13.9213,16.7296,21.1999,31.279,248.2348,63.1997,272.0809,52.0512,259.5505,29.021,12.1307,12.1713,11.9757,11.9757,40
287,8.7775,11.1309,16.9648,27.6438,256.1783,46.8753,262.0072,48.9352,259.7719,21.5627,7.642,8.1529,8.0088,7.7748,10
288,3.1373,6.2939,9.3746,19.2141,228.793,32.1443,242.6391,34.9062,241.8822,12.045,-0.6468,-1.1753,-0.2982,0.1051,20
289,8.932,9.1266,14.7137,33.0159,252.5443,67.1065,283.4079,44.442,279.5514,24.3745,8.7864,8.3769,8.282,8.558,30
290,-5.8775,-5.3876,-3.088,8.4103,195.9941,30.7253,207.3071,23.821,200.0552,3.4313,-8.3003,-9.5112,-9.4854,-9.4854,20
291,10.7629,13.231,17.3651,30.9595,271.4277,66.0224,275.7245,43.9489,266.8675,25.8945,9.2933,8.969,8.969,8.969,30
292,4.6173,6.6997,11.3637,19.2669,240.3932,49.9712,286.644,28.1486,270.8811,15.8621,3.0094,3.0813,3.0813,2.882,40
293,10.3602,14.0572,17.1281,29.3067,291.2233,68.9522,284.122,44.2621,273.6788,19.2319,7.1507,7.1507,6.6207,6.3902,40
294,10.5926,15.7897,23.5815,31.6416,254.8403,64.683,280.2808,61.8075,269.0607,29.0545,9.7067,8.7052,8.7052,9.0865,20
295,-6.6889,-6.5131,0.7977,13.4303,215.9436,25.5904,242.9772,26.3566,234.9597,3.5465,-9.0395,-10.2614,-10.2614,-10.2614,20
296,2.0797,4.0865,7.7028,23.1893,258.0471,55.6662,274.084,38.0557,265.2087,17.8509,1.075,0.5676,0.5676,0.7319,20
297,12.051,11.5345,18.0263,31.798,275.0269,66.0424,289.1151,47.2514,271.3221,19.2969,8.1066,6.9428,6.8646,6.9428,30
298,4.0064,5.4573,11.165,22.4362,239.3839,45.7769,249.798,37.0332,248.2466,14.042,2.671,2.1277,2.1277,1.9917,40
299,15.4375,17.9024,22.4773,33.0778,257.2748,53.9899,274.3057,53.3862,261.4171,29.7877,12.8047,11.7933,11.7572,11.7933,30
300,4.9565,5.3602,10.6806,22.7354,248.7033,49.2704,253.8519,45.1952,241.7381,15.2353,3.7486,3.2092,3.2092,3.2092,30
301,-9.3294,-6.6445,-2.7696,7.0852,192.7991,37.0349,218.5956,22.8364,211.0848,2.6872,-12.0819,-12.73,-12.6765,-12.7577,40
302,-9.8114,-6.0891,-3.6331,2.3197,206.7225,23.9414,219.8161,18.2932,207.2445,0.4054,-12.6667,-12.7832,-13.1963,-13.1963,30
303,1.3694,4.4787,5.9529,18.7261,230.1573,35.842,249.7221,34.3242,232.4613,11.0484,-1.8764,-1.9228,-1.7869,-1.8764,20
304,36.2199,38.6554,44.6988,57.4962,333.9732,89.641,343.5742,82.8044,333.2917,55.9979,35.2066,34.5385,34.4397,34.4397,40
305,13.9665,15.197,21.5858,29.1089,292.9602,63.7396,299.0874,47.1989,286.4359,28.0787,12.6912,11.5683,12.0227,11.5683,20
306,-11.0295,-7.8209,-0.0115,6.206,201.0072,32.4903,206.6598,25.3526,197.9532,0.0896,-12.8749,-13.425,-13.3752,-12.8952,20
307,-3.7544,-0.7735,3.26,8.8131,215.769,29.9451,220.5148,27.0074,211.0174,7.3459,-5.5872,-5.6157,-5.4613,-5.5607,20
308,5.6323,8.0856,10.473,22.8321,267.1313,53.2016,264.6853,33.2813,249.9584,17.1484,5.097,4.0259,3.7083,3.7084,30
309,-5.1834,-0.7019,6.8188,13.4291,240.3135,38.4527,246.0214,23.1982,240.7937,8.8216,-5.596,-6.0094,-6.3633,-6.3633,30
310,-11.3156,-10.3175,-5.167,-1.0405,215.5017,24.8842,222.3086,17.4738,214.7242,-3.6293,-14.2091,-14.3251,-15.1124,-15.1124,30
311,9.0298,12.5724,18.1754,24.8461,251.0465,52.4536,256.8237,42.0209,255.254,25.0794,7.047,7.5831,7.5831,7.6466,10
312,-0.4793,0.1013,5.4809,11.6387,241.312,37.3821,250.4782,36.8429,236.2901,10.9,-1.9376,-2.6086,-2.6087,-2.8065,40
313,7.5729,10.4238,13.2854,27.2914,239.4042,46.4067,240.4706,46.6094,236.3176,21.7511,3.5384,3.1354,3.2264,3.2264,20
314,0.289,1.1937,10.3001,12.7589,229.06,43.144,235.9896,34.5509,221.131,11.1249,-0.2308,-2.2556,-2.0155,-1.5299,20
315,12.9093,13.8103,17.9075,34.6297,272.2129,68.5442,285.4231,47.9736,271.9619,26.4097,11.5081,10.5426,10.4411,10.194,40
316,4.6747,5.4832,7.1982,22.3991,241.0049,51.7259,257.4644,38.2182,230.5243,12.5796,1.1464,0.8558,0.7683,0.7683,30
317,1.9483,5.8324,8.8412,25.5599,240.3929,54.1095,257.5133,34.2866,250.2027,13.5575,1.6389,0.2922,0.2965,-0.2186,40
318,-6.1736,-3.7674,2.3992,7.3713,219.9572,26.256,238.92,27.7195,228.1998,4.8915,-8.6378,-8.7801,-8.8559,-8.8745,40
319,3.609,7.0717,8.5225,23.7516,233.6438,49.6624,247.6307,35.2321,241.7243,15.5339,1.3311,-0.3318,-0.389,-0.4188,40
320,16.937,22.5845,26.3791,34.599,272.1116,66.2992,280.6178,60.7187,270.2642,28.282,16.9602,16.411,15.9572,15.9572,30
321,18.7919,19.5792,23.9586,38.0897,284.3766,69.8724,298.1462,59.9211,291.4294,34.7338,16.2079,16.4323,15.8519,15.6272,40
322,-0.4083,0.6841,4.8111,15.2408,234.8036,54.3118,267.0125,30.1929,261.7468,10.1779,-2.1631,-2.6945,-2.2324,-1.5859,20
323,14.0143,16.8565,23.5932,37.989,282.2302,76.8006,302.679,52.7705,287.1815,30.7652,11.3593,11.332,11.5319,11.42,20
324,7.4462,9.3674,14.871,30.7502,278.8161,52.1631,287.4705,43.2788,268.8787,24.6837,3.7905,4.701,3.4805,2.7153,40
325,-11.7321,-9.1658,-6.3064,4.3068,197.5733,20.8466,202.6426,19.3355,193.5899,-1.7173,-12.6936,-13.0258,-13.0387,-13.0387,30
326,-7.8939,-4.6448,1.1391,11.0349,189.9256,40.531,238.5312,28.8598,225.7331,5.8814,-8.7213,-9.1071,-9.188,-9.6326,40
327,11.2632,13.0871,17.0754,22.1719,230.8579,57.0587,247.9519,44.2031,238.4148,17.511,8.9404,7.5069,7.4503,7.435,40
328,14.1955,18.3107,20.7822,30.4049,279.1078,59.3457,281.3412,42.2345,274.3382,21.1125,11.7941,11.1304,11.0334,11.2409,30
329,8.9736,9.9256,13.867,22.2704,238.5022,56.9632,258.7316,36.2861,257.025,19.025,7.355,6.5676,6.3549,6.3549,40
330,13.637,15.6841,23.0096,31.5329,294.3806,68.6533,301.393,52.5307,273.7185,26.6525,12.556,11.0827,11.0827,10.9726,40
331,0.1864,0.4082,6.9319,15.5275,211.8253,51.0459,223.3348,23.9486,220.3147,8.9509,-3.2428,-4.2197,-4.2197,-4.3209,40
332,-4.5823,-1.9172,2.5661,15.3292,236.3578,34.9958,236.054,26.0254,227.0598,9.6588,-6.9057,-7.0451,-7.1506,-7.2252,40
333,-12.3572,-10.1105,-5.4155,2.5567,195.0858,35.34,202.9486,14.8047,192.1171,-6.8998,-13.3372,-14.3693,-14.1689,-14.1689,20
334,2.8329,3.8486,14.5861,30.3502,231.5241,50.5042,266.3724,49.6219,254.2666,14.4822,-0.7679,-0.867,-1.0039,-0.9826,30
335,27.7251,28.8936,34.905,50.7031,320.6599,83.5175,330.3112,72.6209,308.7829,40.5745,22.1769,22.5715,20.9884,21.6126,30
336,-1.0744,0.5874,9.8518,22.4157,242.2556,49.1923,247.6981,32.6086,238.8585,13.3435,-2.4008,-2.7378,-2.7378,-2.7378,30
337,12.6143,15.2055,23.3654,35.5012,270.3078,65.8201,273.9824,48.1171,270.0472,29.6454,11.3948,11.5819,11.1564,10.6655,40
338,2.9062,2.5909,8.5303,24.4148,244.7965,55.0193,256.0512,33.3016,243.1061,19.6873,1.3048,0.3769,0.6707,0.8353,20
339,-6.8529,-5.0622,-1.8912,4.5321,215.4105,33.0798,224.6393,20.8321,212.3518,2.1761,-9.8941,-9.8941,-10.406,-10.406,30
340,-10.9583,-8.6095,-4.282,1.8998,182.6624,37.1299,202.8151,22.5628,193.7789,1.8357,-14.0856,-14.0856,-14.0856,-14.0856,20
341,-19.7458,-17.7306,-14.8852,-7.3297,141.2422,8.6913,160.3503,9.3509,151.5886,-10.3822,-21.3392,-22.3728,-22.386,-22.2789,30
342,4.3105,5.3511,11.6928,18.531,241.1051,37.1107,267.4934,29.7601,247.9967,13.2516,2.311,2.2055,2.2055,2.2055,30
343,0.7836,2.3104,9.3696,20.3488,241.3785,46.8766,258.7418,37.2858,254.6943,16.7938,-0.1658,-0.1083,0.1339,-0.2696,40
344,6.1631,7.7267,12.0506,25.4592,234.5337,54.7312,237.1076,35.7542,223.6563,20.7687,4.7302,3.9492,4.1094,4.1274,20
345,0.3597,2.9521,6.7769,11.9441,232.498,47.8126,246.8485,29.3129,233.812,6.635,-2.0818,-2.2679,-2.0581,-2.2209,20
346,-5.3298,-1.145,3.4463,12.8591,207.351,37.9099,222.9011,29.3638,207.6577,8.1476,-5.639,-6.4601,-6.9215,-6.5701,30
347,2.8602,4.0274,12.7282,25.6674,268.8406,58.1194,280.4059,38.8048,265.5416,13.9421,2.0125,1.8213,1.7911,1.7911,30
348,21.5026,22.5894,29.0,36.4284,279.3873,78.9811,303.4932,55.6456,292.9992,32.0389,18.9818,18.3901,18.3891,18.3891,40
349,8.9645,11.4684,16.5924,34.4084,261.6132,73.2514,276.0919,35.3507,264.939,22.0969,5.4861,5.0243,5.1753,4.8541,40
350,13.4821,14.5733,21.5694,37.5483,264.1539,71.3375,287.1053,64.2791,276.4849,33.8596,10.821,10.8586,10.6816,11.4188,30
351,8.604,10.3547,15.0739,25.4923,245.2201,50.71,265.0464,35.2936,264.1283,19.387,8.9072,7.9675,7.717,7.7383,30
352,-10.7582,-6.4082,-4.4776,10.2431,206.2697,37.626,214.795,15.6964,200.9633,1.2044,-10.7217,-12.1633,-12.0643,-12.6534,40
353,0.808,2.5451,6.9704,15.5408,226.9204,44.9184,243.8816,39.0202,236.8037,14.1711,1.4476,-0.4607,-0.8133,-0.8133,30
354,13.3551,15.4557,18.5066,34.121,291.5174,71.6457,296.4657,56.5363,280.454,24.6644,10.3375,7.9907,7.5681,7.5681,30
355,2.0114,6.8963,9.6592,20.4906,265.3618,48.7088,272.2434,33.8821,256.8954,14.6622,0.0962,-1.1785,-0.8895,-0.8895,20
356,-4.0035,-3.3609,5.4437,16.2076,235.5795,41.1018,246.972,30.4949,241.9682,5.9248,-6.1586,-5.9871,-5.987,-6.1586,10
357,7.929,8.0311,18.5179,28.0046,265.886,64.7396,279.8628,43.2651,258.3864,23.0928,6.4857,5.6221,4.9758,4.9758,40
358,-4.6221,-0.4506,1.171,9.3231,230.19,34.5421,239.2678,27.0172,229.2845,7.1015,-6.0999,-6.6689,-6.6689,-6.6689,20
359,7.8941,8.5058,12.7047,26.9507,230.7164,45.4588,248.9229,42.1634,245.3638,16.7548,4.8581,4.2892,4.4476,4.4476,20
360,13.8143,17.7402,23.5938,36.3366,282.4843,88.5048,291.3798,56.3961,286.5567,28.0886,12.0337,10.6927,10.1691,10.169,40
361,29.9651,31.4044,35.8379,53.736,304.3261,73.3056,336.8628,69.7403,308.9648,42.9585,28.9125,27.6151,27.5509,27.5509,30
362,-12.6328,-12.3245,-4.4093,7.0807,190.5986,30.534,209.8227,13.1229,200.5983,-4.3659,-13.6019,-15.1898,-15.1898,-15.1898,20
363,-10.0036,-8.4394,-5.5314,11.3178,195.1202,40.3319,227.4262,27.2156,211.2498,1.3591,-10.9232,-11.5664,-11.7964,-11.7964,30
364,13.6157,17.544,26.8517,39.7636,271.4992,72.3625,303.3736,53.8405,290.2245,34.4708,12.0111,12.2082,12.2082,11.779,40
365,-3.1697,-2.3871,2.9522,10.0142,211.8644,33.3167,217.9117,23.1369,216.2985,8.6111,-5.8668,-7.749,-7.6778,-7.6778,20
366,-10.7059,-7.916,-3.6675,5.3094,205.0702,33.4138,204.876,27.7273,196.1187,4.0803,-13.5484,-13.2994,-13.6729,-13.4936,30
367,2.462,4.6185,5.7753,20.4471,228.8789,50.4837,238.7745,47.2122,228.4339,14.5006,-0.4767,-1.4262,-1.6976,-1.6527,30
368,0.0782,0.8963,13.7717,20.7781,234.322,46.1326,252.288,31.7202,242.9959,14.5232,-0.8368,-0.0637,-0.1629,0.0246,10
369,-3.0394,-1.3726,4.0397,12.9694,218.4955,36.3235,226.1181,29.8798,219.1657,6.8118,-6.1279,-7.5723,-7.6094,-8.0937,40
370,1.599,5.3374,9.5856,24.0614,238.9782,49.967,254.9068,39.5884,242.3248,17.6999,1.0929,0.0963,0.0963,0.0963,20
371,7.0694,8.5278,15.0159,31.5724,283.7153,52.0032,292.9717,48.9966,270.8819,17.6609,3.7368,3.3273,3.3273,2.7,40
372,15.1546,15.8087,18.8793,30.4956,267.5749,70.394,304.9304,52.2303,294.5961,24.3289,12.0835,11.7776,11.7776,11.9235,20
373,-0.1481,1.5685,5.3286,18.4636,242.4386,48.3042,255.8695,26.6327,236.7147,9.7085,-0.6706,-1.1679,-0.6463,-0.6463,20
374,-7.1882,-6.7227,-4.0088,7.8935,206.0876,33.1853,214.8064,21.9492,202.0957,-0.7794,-7.2931,-7.927,-7.7449,-8.0172,40
375,18.3709,21.679,27.4583,41.0294,291.3398,78.146,316.9973,55.2222,303.9376,30.0787,14.7615,14.7615,14.7615,14.7615,20
376,13.6827,15.5836,21.4683,37.5824,303.2473,64.6223,319.3239,52.5519,301.1509,28.5097,13.2884,11.8573,11.8573,11.8573,20
377,4.1954,4.8341,10.906,25.0387,246.2965,53.8682,272.6231,36.9236,263.2158,17.2215,2.4898,1.7406,1.7598,1.6111,40
378,17.7443,22.1098,27.6694,44.2394,284.1062,63.6984,291.182,51.3934,287.3036,31.546,17.6143,16.7941,16.4244,16.4244,30
379,13.0922,13.9044,22.7537,33.3856,280.5911,72.544,300.891,54.694,284.3167,26.8384,8.096,8.2423,7.1342,7.1342,40
380,0.4298,2.248,7.5119,15.6073,219.2793,43.9997,233.0896,26.2457,218.2809,8.8755,-1.4413,-1.834,-1.9331,-1.9331,30
381,1.3763,5.7807,10.1047,24.2758,219.8927,48.5905,237.8836,33.1826,234.8923,15.8572,1.8983,1.2717,0.3776,0.3928,30
382,10.7075,14.8543,17.9482,31.2087,271.742,62.4563,280.2723,46.2228,269.0965,24.0159,11.3312,9.6821,9.1188,9.1188,30
383,-17.2146,-16.4983,-15.2871,-7.7365,195.9885,8.6375,197.6793,5.522,196.5486,-6.8008,-17.8532,-18.2175,-18.3883,-18.3883,30
384,11.1343,13.4155,18.6608,28.321,254.1174,56.9716,267.6942,44.1606,260.6901,22.8162,7.9832,7.7539,7.8625,7.5582,40
385,-13.0972,-11.4353,-6.0168,2.055,186.0004,33.8603,208.047,22.2767,193.4682,-0.2293,-13.2959,-14.0511,-14.0511,-14.0511,20
386,22.4926,25.5383,30.7231,40.3154,318.4253,84.344,328.8506,61.1897,324.4522,37.5887,19.072,18.7521,18.6382,18.6382,30
387,-4.9821,-3.172,2.2264,11.7703,201.5025,36.7325,222.441,27.3872,212.9125,8.4503,-6.5459,-7.1254,-7.2607,-7.2607,30
388,19.0457,21.5778,25.2521,38.6472,290.3399,85.6001,295.4605,65.5571,289.3966,33.9061,18.8412,16.2446,16.587,16.182,40
389,-1.5035,0.5988,8.627,18.505,239.766,41.876,246.0853,30.0752,235.0591,15.5167,-1.9829,-2.5667,-2.9307,-3.7768,40
390,-0.6038,0.1092,8.5565,16.6168,205.4736,47.0631,224.9697,32.599,208.4948,7.8987,-2.7342,-4.0511,-4.0511,-4.0511,20
391,12.3305,14.8746,21.3969,33.1731,266.3447,66.097,273.9433,46.0829,265.284,25.2311,11.6628,10.4039,10.6131,10.6131,20
392,9.5245,11.7539,20.3838,30.0609,282.5548,64.8715,302.7855,43.6208,283.194,26.8801,7.2898,7.2898,7.2898,7.2898,20
393,18.9935,23.718,27.1068,43.4225,285.7739,72.9088,315.4214,66.2657,298.0222,41.042,20.2446,19.0185,20.1559,19.0185,-40
394,40.3824,41.3969,45.2373,56.6174,310.9936,94.3759,328.5438,67.5362,323.682,55.1029,35.5575,35.8174,35.5568,35.5568,30
395,13.4202,16.2614,20.7924,36.2768,296.9853,65.1936,317.5598,48.4886,300.5245,29.4617,10.1168,10.1482,9.618,9.618,30
396,7.5358,11.1338,17.1321,29.0325,267.5751,66.6342,275.5147,49.7749,269.2453,18.2449,5.3592,4.1754,4.247,4.247,20
397,-2.8798,0.797,7.4934,19.5461,230.3705,44.323,250.5778,28.1772,236.1092,6.5127,-3.8369,-4.2044,-4.5511,-4.5913,40
398,5.4981,5.8127,11.0257,25.1385,254.3153,60.1271,262.0854,47.1972,251.5961,20.4865,5.7485,4.4861,3.6608,3.6608,30
399,21.6434,24.0227,32.4387,55.7766,316.3578,88.936,317.0766,64.1425,299.0017,40.1834,19.4346,19.9103,19.2423,19.3397,30
400,5.3686,10.0152,12.4496,21.7719,241.2048,52.9511,256.6428,32.2166,245.0326,18.4442,4.2034,3.8659,3.4961,3.2275,40
401,1.1747,0.7485,5.3886,22.6351,239.9429,55.4918,247.5597,36.6946,238.0269,7.9088,-1.6842,-1.7914,-1.9008,-1.9008,30
402,-8.147,-5.6318,2.0893,10.7752,227.4195,27.5963,229.486,19.0639,211.398,4.9585,-10.4128,-10.4128,-10.4128,-10.3255,10
403,-8.4856,-6.2185,1.2352,8.5616,216.2246,28.5328,224.7983,18.9864,210.7877,2.854,-10.7321,-10.9881,-10.813,-11.0651,40
404,-0.4944,0.0695,6.4167,16.3072,227.4362,41.6336,242.3314,29.074,232.0677,7.3919,-2.4375,-2.813,-3.6093,-3.3074,30
405,23.4326,26.4893,33.6559,45.6881,320.56,86.5434,341.7987,71.654,317.3366,38.7456,21.375,21.1733,21.1065,21.6057,30
406,0.0725,1.7398,7.5857,19.1067,251.652,38.316,259.963,38.7956,250.4495,14.9619,-3.1473,-1.5968,-3.0803,-3.5115,40
407,17.4935,20.3357,25.1607,32.4878,286.4237,61.0686,292.4558,54.0721,268.8993,28.4245,16.1918,14.1105,14.1105,14.9038,20
408,16.8789,19.3877,27.7694,38.746,275.4961,69.1103,278.5977,58.5363,277.9557,31.1023,13.8576,12.8799,12.8799,12.8799,20
409,14.9467,16.1492,23.3521,32.3827,283.4658,69.0012,297.6761,51.5274,280.4483,25.7069,12.2308,11.0333,12.0785,11.6663,20
410,-7.1456,-5.2107,2.884,13.5438,218.4827,34.4343,234.3948,22.8321,220.6681,5.2347,-8.5926,-8.8899,-8.8899,-8.8956,40
411,14.7165,15.1393,19.5378,28.6127,251.7047,53.6515,265.5999,42.7055,261.7207,23.665,10.7728,10.8623,10.8623,10.8623,10
412,20.9113,25.0083,33.8258,47.4634,302.1033,67.8271,300.2306,60.3785,290.6254,37.7396,18.6143,18.3416,18.0274,18.0274,30
413,3.7668,5.7628,9.2165,24.9836,231.6305,47.3014,241.1653,37.4007,235.3918,16.4216,1.4414,1.6266,-0.0248,0.5119,30
414,31.0196,31.9716,39.1082,43.3035,337.7547,81.3131,344.1913,66.3297,315.2302,41.3026,28.2512,27.1943,27.1943,27.2441,20
415,3.2098,7.2253,9.223,22.941,241.1912,55.6261,267.7592,35.8862,251.9124,13.801,4.0427,2.5792,2.5679,2.5792,30
416,24.6822,27.0204,34.1316,52.5013,305.4685,90.8663,313.0668,65.8447,296.0769,42.7453,21.9467,20.2916,20.5934,20.1427,40
417,-5.6509,-2.8541,2.1158,12.4541,215.2973,27.9315,227.4894,22.9943,214.7577,6.6158,-7.5913,-7.969,-7.517,-7.2872,20
418,18.0954,20.5924,23.499,44.0065,289.1076,89.1076,300.8752,55.2448,290.6463,33.8157,16.5745,16.536,16.536,16.536,30
419,24.9385,25.5535,30.5434,45.3545,304.6372,80.8279,322.2768,66.312,315.6751,41.5191,20.4108,19.7119,19.712,19.712,20
420,10.598,15.1013,19.1137,31.1797,267.8096,71.3032,282.1094,53.9294,272.1787,33.8734,10.088,8.3796,8.3796,8.3796,20
421,11.2791,13.6394,18.8867,29.9636,272.6744,59.1426,290.8583,48.6462,276.3954,25.214,9.7909,9.3202,9.0396,9.0396,30
422,5.6988,10.126,10.2575,23.4517,259.1708,49.1856,279.4823,31.1625,260.7647,11.6751,2.7442,2.0815,1.8387,1.7243,40
423,-7.1567,-5.6166,1.0152,10.0621,205.9477,33.9385,216.6109,22.726,214.5628,4.8223,-8.5213,-8.8355,-8.8355,-8.8355,30
424,2.7099,7.0451,15.3254,25.5073,262.4837,56.4869,277.9724,32.0228,256.9344,15.8199,1.8458,2.0527,2.0527,2.0527,10
425,-0.3565,2.6842,5.5789,18.712,244.714,51.8982,271.5156,33.8653,252.9094,8.8164,-1.9463,-2.6462,-2.4489,-2.6462,40
426,13.5643,14.8327,18.3453,28.2729,265.3555,72.1467,291.5229,48.351,282.6963,22.9201,9.3251,9.088,8.9102,8.728,40
427,-6.0729,-4.0613,-1.3566,8.2522,194.3666,31.316,215.4687,20.0426,207.3001,3.4041,-8.6678,-9.0736,-8.8234,-9.077,40
428,-9.842,-8.7141,-5.5604,6.2788,190.539,25.6945,201.5013,15.8856,190.9801,1.49,-11.636,-12.2148,-12.6284,-12.518,30
429,-0.5079,0.8439,5.1178,21.0026,233.2274,42.3573,237.027,39.9956,226.9808,10.7033,-3.6163,-3.2753,-4.268,-4.268,30
430,-22.9981,-21.1387,-17.3243,-4.7523,169.0098,11.0377,175.2192,3.3584,175.6428,-11.9144,-22.5199,-23.3841,-23.7473,-23.7473,30
431,-16.7362,-14.2718,-12.1296,-7.4313,173.6641,15.4148,185.6544,8.2386,174.4055,-5.9816,-16.8808,-17.7302,-17.7742,-17.7742,30
432,19.0657,24.3166,29.4131,42.4305,289.4975,75.7572,324.2272,56.4525,301.9142,36.3729,16.6987,16.3176,16.201,16.201,30
433,17.9443,20.8523,26.6241,38.2709,285.5293,72.3858,300.4485,67.5209,283.9209,31.1832,16.1347,15.2818,15.4984,16.0895,20
434,5.4313,7.2114,11.6111,19.1773,253.9663,52.2496,265.6963,30.2821,246.5604,13.6918,-0.2244,-0.4724,-0.4724,-0.5471,40
435,-18.7179,-16.0992,-12.1252,-8.2338,171.3067,12.0367,187.3828,9.2618,182.8183,-8.6686,-20.7671,-20.6969,-20.9863,-20.9863,30
436,-1.2383,-0.0226,5.0331,14.5395,247.7487,41.9115,248.5522,30.9419,235.9331,6.2101,-2.6331,-2.3728,-2.6587,-3.0322,40
437,-2.3696,-0.9593,2.5164,12.0978,226.1286,35.2458,238.5677,26.147,232.5386,8.7478,-3.6181,-5.8882,-6.042,-5.8639,30
438,-11.5269,-10.4028,-7.5442,-2.4953,208.906,32.3743,218.1629,15.4241,212.0001,-4.0118,-12.7127,-12.5065,-12.5065,-12.5065,10
439,5.397,3.9686,10.6912,22.0843,245.0605,48.4787,248.996,33.9747,252.5508,20.7965,2.3126,0.9502,1.0615,0.9416,40
440,10.3475,11.112,18.1821,36.58,268.51,57.6363,281.7766,50.9662,271.9293,26.4752,10.0504,9.8409,10.0776,10.0776,20
441,6.6621,10.0953,12.8922,23.5147,234.3644,49.0748,263.1409,28.6478,251.9117,15.5856,3.0692,2.6207,2.6998,2.6998,20
442,-3.2625,-1.1833,2.0917,11.5707,229.9983,35.1628,243.2484,31.8909,235.5375,8.2629,-5.6226,-6.4553,-6.4553,-6.5174,40
443,12.1816,14.9056,21.4037,27.5753,248.7078,64.7052,266.6675,49.5959,253.0559,25.2094,10.9548,8.1644,8.0736,8.0735,40
444,5.3648,6.4469,9.8295,19.8723,270.1769,45.4181,273.5223,32.8725,260.6074,17.8142,4.8465,3.9587,3.9241,4.1329,30
445,33.5427,35.4074,43.8401,53.5114,325.807,81.5924,333.5,82.6963,330.1754,52.8202,30.4985,29.8002,29.8002,29.8002,20
446,2.225,3.252,10.4407,22.8505,251.6582,58.2394,255.931,35.9315,246.329,12.4057,-0.301,-1.2797,-1.2797,-1.2797,20
447,-1.7659,0.7409,4.9396,18.0563,234.4567,39.9801,238.6966,30.8908,236.7729,15.8518,-4.205,-3.7877,-3.9042,-4.205,10
448,4.9082,7.8127,12.8409,30.3155,254.3991,47.0016,292.8328,48.1244,278.7737,24.9822,3.8536,3.4118,3.6286,2.9714,40
449,-8.565,-8.1072,-2.6176,6.3089,186.4387,27.6849,193.54,20.0367,187.4593,2.7944,-11.9548,-12.85,-12.4472,-12.85,20
450,1.3137,3.6527,9.1067,25.1697,229.2157,42.3968,272.1226,44.7763,257.1476,15.0659,0.0975,0.4269,-0.0304,-0.0304,30
451,-20.7416,-18.5592,-16.0049,-7.3695,173.5164,11.362,178.9586,4.8757,169.0311,-10.8877,-22.3293,-22.5638,-22.5638,-22.5638,30
452,-10.9806,-10.2955,-8.6871,5.8739,196.6316,41.2165,215.1129,24.1545,205.2921,0.949,-11.9314,-12.1315,-12.3878,-12.3878,30
453,30.6798,32.7134,43.6851,51.4517,326.2344,91.3858,353.4401,79.5611,331.4909,53.0921,28.0362,27.6324,27.3077,27.2712,40
454,-10.2554,-9.2265,-4.8596,1.2979,214.6409,23.1601,221.1299,22.3294,207.6212,0.2456,-12.4886,-12.1838,-12.1838,-12.1838,10
455,-0.9646,1.239,6.4625,18.7115,242.7524,50.5512,277.269,35.0549,252.4415,10.4347,-1.0173,-1.5638,-1.8819,-1.8819,40
456,-21.987,-19.0986,-12.637,-8.5039,146.8754,17.6163,175.1923,2.435,166.3432,-13.8851,-23.939,-24.1527,-24.6293,-24.6293,30
457,-7.5851,-7.811,-3.402,12.767,224.4616,38.7022,225.9662,22.3511,215.4334,0.4665,-10.3779,-10.5075,-10.7173,-10.5075,30
458,3.0276,6.5369,8.6267,16.7814,241.6473,45.961,248.0123,32.016,233.3157,10.1397,-1.3516,-3.1111,-3.2486,-3.4454,40
459,3.3878,5.507,8.9171,22.0242,240.8231,57.2034,271.932,46.1246,248.6963,15.677,1.4041,1.3177,1.3177,1.2912,40
460,11.8929,13.8457,17.1797,28.3971,250.292,54.8687,265.2273,55.0746,255.9932,26.2702,11.3215,10.0434,10.1105,10.1105,20
461,-8.7924,-7.714,-4.4121,2.2507,225.9066,29.7864,230.4462,19.5265,214.0059,1.9951,-9.0156,-10.1155,-10.0853,-10.1155,20
462,12.403,12.5442,20.1818,27.3302,284.4936,57.9358,299.3132,44.5302,281.1562,22.477,6.848,7.5848,8.0472,8.5655,10
463,-4.178,-3.1118,1.2846,10.0148,207.9574,36.2975,236.2306,28.7297,233.8431,3.7784,-7.565,-7.8623,-8.3629,-7.8116,30
464,4.4666,5.756,8.4394,20.5298,249.9831,56.5116,254.31,39.6733,243.995,17.6639,4.5003,4.5003,4.4666,4.192,40
465,-2.2856,-1.2632,5.4395,16.137,241.4669,31.404,245.9503,27.791,228.9048,12.4346,-4.0765,-4.9322,-4.9978,-5.1471,40
466,1.4876,2.7523,7.7626,19.7317,218.5014,41.6527,229.5989,38.82,220.6496,12.6121,1.5187,0.4475,-0.0232,-0.0232,30
467,-14.5182,-12.6244,-7.8446,1.644,184.3517,22.7281,190.3248,18.8022,184.5403,-4.5708,-14.8491,-15.3878,-15.4516,-15.5848,40
468,-6.7494,-5.8966,-0.5359,13.3287,212.613,36.0456,221.3969,27.6288,210.6669,7.2883,-7.666,-8.8844,-9.5523,-9.9777,40
469,5.301,6.7938,16.0618,29.7444,265.5349,65.1963,274.3498,41.2331,267.6741,19.1015,4.9886,3.8028,3.8028,3.8028,30
470,-15.9304,-14.9523,-13.3133,-6.8353,169.7034,14.2694,196.1434,8.2432,190.8562,-7.297,-16.1482,-16.4156,-16.4771,-16.4771,30
471,19.8112,21.1531,29.8283,36.269,256.6826,66.4633,268.7034,63.8704,259.6248,40.4192,17.5228,16.4968,16.7624,16.2163,40
472,6.16,9.9768,11.4344,16.5064,240.335,47.2457,267.6827,33.5503,255.5158,16.6883,1.9145,2.4732,2.3453,2.3398,10
473,8.9021,9.9748,16.346,21.4451,270.3212,49.2536,275.6755,36.3305,276.0592,23.0495,7.5953,6.7296,6.8831,6.6972,40
474,19.4735,20.2551,27.7369,34.9076,278.7741,72.969,296.5137,56.4299,277.7772,30.3734,15.9773,15.6848,15.6933,15.2244,40
475,2.3008,4.3192,10.1349,15.68,238.6542,44.906,267.2326,30.0838,242.9726,9.6786,0.8547,-0.4157,-0.4157,-0.4157,30
476,8.9653,13.8917,17.2275,31.7939,262.7095,55.0541,281.3443,42.448,268.2429,21.7887,7.0017,7.0017,7.0017,7.0017,30
477,8.6469,8.9921,14.4045,25.1533,257.1139,59.8828,265.5416,42.3932,257.8139,18.685,4.7927,4.9486,4.3543,4.3543,40
478,-1.17,0.8571,1.9498,18.2178,241.9476,49.8186,255.7353,37.0499,239.3854,9.8303,-2.3272,-2.7082,-3.1324,-3.1324,30
479,26.899,28.5663,30.4612,50.7372,288.1177,83.589,319.696,67.9316,311.1391,40.3408,21.5564,21.0567,21.0567,21.0567,30
480,12.1186,16.5336,18.671,29.8656,304.1712,70.3966,317.7032,51.7117,293.0573,27.5084,11.8667,10.2507,10.2507,10.2507,20
481,10.8256,12.4813,19.2889,30.6395,256.7096,49.9918,257.011,51.217,252.3218,25.4975,10.6965,9.9596,10.1894,9.84,40
482,-5.0596,-2.1761,-0.3995,9.1665,202.3527,29.3176,223.0961,20.1559,209.2329,5.3061,-6.299,-7.7229,-7.821,-7.821,30
483,-8.3551,-6.8248,-3.5126,8.4953,215.0893,41.4862,217.6423,20.4596,214.0083,2.2614,-9.3412,-10.0075,-10.0075,-10.0075,20
484,-0.1197,5.4681,11.3487,23.1557,233.8953,54.0045,258.2708,32.0616,240.089,12.3168,-1.8836,-2.6919,-2.4942,-2.6153,20
485,0.2322,0.9949,5.3591,16.5383,212.2077,53.812,235.5502,35.656,222.1184,11.8534,-1.3855,-2.3247,-2.6343,-2.6343,30
486,7.8966,8.121,12.3207,25.4533,268.9433,62.6573,277.412,44.0003,267.4793,21.3395,6.1907,6.1316,5.8141,5.866,30
487,0.9229,2.5034,4.0457,15.9089,225.5213,42.7076,237.3239,25.6317,221.1599,12.9513,-0.0877,-0.4515,-1.2807,-1.2807,40
488,7.5245,8.2464,11.9017,26.3243,253.4036,47.8388,259.9382,45.2689,248.882,23.4958,7.0488,6.6274,6.6274,6.8181,20
489,0.3585,2.1287,5.4297,15.0251,209.6981,48.8837,224.2229,35.7569,225.7738,11.7854,-0.4096,-1.7482,-2.1266,-2.5738,40
490,-2.0395,-0.7852,1.763,10.9302,215.0326,49.1735,220.2158,40.2104,212.0819,9.762,-3.731,-4.3698,-4.3698,-4.2117,20
491,2.8726,5.143,10.6782,21.1003,212.0891,43.0187,237.4119,30.0839,233.3624,12.0598,0.2192,-0.3381,-0.7701,-0.6369,30
492,-2.7864,-0.8977,3.7305,16.8081,247.157,36.6154,259.8043,33.0629,249.2311,11.5558,-5.0058,-5.7845,-5.8816,-5.8816,30
493,2.9535,7.7628,13.9472,20.9857,249.3748,48.8403,250.1734,36.426,242.3083,16.169,1.1667,1.0918,1.0918,1.0918,20
494,-1.7336,-1.0077,4.3239,13.9526,227.9045,39.9603,233.4542,30.0884,217.239,9.5934,-2.9351,-4.0151,-4.3817,-4.3817,30
495,6.6855,9.1757,16.1399,26.3138,279.9155,61.083,294.9539,46.144,283.4534,23.3115,3.314,3.3353,3.3353,3.3353,10
496,10.7543,11.5971,20.0867,31.2729,232.4684,65.3434,243.8117,59.6902,242.0253,27.1823,10.418,9.3673,9.7265,9.7265,20
497,4.5076,5.5896,8.7353,21.7663,269.2664,61.3895,270.5359,48.0929,245.6786,13.7376,0.5803,-0.0769,-0.8304,-0.4326,30
498,20.0343,26.1512,29.8051,48.0949,316.9857,83.4456,321.6379,62.7868,311.922,31.3935,19.5119,19.3687,19.13,19.1454,30
499,8.9547,10.7616,17.981,25.6769,280.4319,60.1226,282.123,44.0743,283.1747,15.9011,8.5007,7.7973,7.7973,7.7973,30
500,2.5935,2.5663,4.998,15.5061,238.0562,34.5157,239.6171,33.1744,236.7777,14.922,1.0652,0.6281,0.7711,0.6281,40
501,-1.3699,0.4799,3.8804,16.3792,246.6205,42.4027,257.7297,47.9585,244.4429,14.3469,-1.3682,-2.6814,-2.6814,-2.4499,30
502,9.4074,11.5394,15.8904,28.3434,274.5197,56.6669,286.5516,45.2387,262.6721,22.8703,7.2045,6.7568,6.7568,6.528,40
503,2.2543,4.1241,9.4834,21.982,228.2107,44.7815,272.3561,45.432,257.1609,19.407,0.7313,0.6821,0.8454,0.8454,20
504,-3.3632,-1.9873,1.7454,11.7486,233.8443,44.6985,238.3861,36.717,219.7054,12.1213,-4.6809,-5.1767,-5.1767,-5.3311,40
505,2.9648,5.0285,10.444,19.5605,237.3211,41.619,276.0226,30.1452,259.443,19.2486,-0.6774,-0.6896,-0.3935,-0.3935,20
506,1.8303,3.4989,8.275,23.8786,238.1311,46.3324,244.0436,35.0221,234.1599,12.8438,-0.196,-0.8193,-0.4591,-0.8376,40
507,-1.8012,-1.7455,1.0326,7.2939,208.0319,43.1335,230.7614,36.712,230.8244,4.8353,-4.6319,-5.2537,-5.1386,-4.9043,20
508,15.244,17.4728,20.4882,27.456,285.3491,62.8191,293.9672,50.6603,281.1186,26.5901,12.86,11.8657,11.8657,11.8657,20
509,-6.3051,-5.5132,-2.6172,9.1481,200.7301,29.6148,217.5212,23.1879,205.6685,0.0857,-9.0029,-9.6866,-9.494,-9.494,20
510,22.5744,26.4396,30.6776,42.9237,292.432,76.8119,308.4929,65.039,289.054,40.3682,19.6096,20.1775,20.2525,20.248,10
511,7.2119,7.93,11.7063,26.4958,270.1742,63.3789,279.811,47.9526,270.8983,26.1471,6.3769,5.2911,5.2911,5.2911,30
512,4.541,7.2361,8.3317,18.8023,238.7323,45.3971,257.0499,34.4453,234.9689,15.124,1.8654,0.9985,1.3771,1.0457,20
513,-19.2754,-16.3113,-15.4595,-7.1812,171.7715,25.6483,182.3423,1.9807,166.7015,-9.8948,-21.0047,-21.7098,-21.7098,-21.7098,30
514,15.4698,15.8467,23.4612,31.8769,298.3065,60.1575,313.8888,48.9656,295.5216,25.7305,14.076,14.2402,14.2402,14.2402,10
515,2.9132,7.2391,12.4691,26.4232,263.9814,59.994,271.077,46.7641,260.4027,16.9447,1.3612,0.8386,0.612,0.5166,40
516,14.3796,14.8249,21.9826,36.9628,303.0154,64.741,307.9539,50.7971,298.6945,30.337,12.906,12.4219,12.5876,12.4219,20
517,6.7071,7.2208,10.9245,23.2428,250.2151,54.1861,263.9804,38.1598,243.7426,15.9392,5.0653,4.9063,4.7009,4.7009,30
518,21.3401,24.0725,28.6642,48.224,302.8475,74.6532,320.7553,62.152,307.8543,36.5375,18.2396,17.7388,17.7388,17.7388,20
519,-11.6719,-9.2839,-4.4533,7.1736,188.8126,26.3017,194.4394,17.9317,190.3757,0.3809,-11.4008,-12.7407,-13.6438,-13.1861,30
520,-9.7757,-8.5386,-5.892,5.128,199.948,18.5534,220.9346,17.2904,205.758,-1.5639,-11.2017,-11.2017,-11.3102,-11.3102,40
521,21.5786,24.6255,31.1245,45.3488,320.5561,76.4268,333.3713,64.9807,320.7982,41.1535,20.1695,19.3914,19.3764,19.3764,30
522,4.5774,5.6076,8.1959,18.3801,232.5105,44.3029,234.5839,42.7685,225.6635,23.7224,2.0952,2.5588,2.0789,2.0789,40
523,11.2861,13.3738,20.7413,35.4357,255.964,63.8186,279.5117,48.3225,267.4277,24.3772,8.7149,7.7777,7.7777,8.2684,20
524,13.4565,14.5486,22.7902,38.5965,258.9978,67.5712,261.4004,42.3404,250.2281,25.2828,12.8764,10.6988,10.5545,10.7947,30
525,22.1233,24.9468,30.2881,42.0848,299.2852,87.8075,301.3198,73.476,291.9965,38.2768,19.7942,19.7824,19.7524,19.6939,40
526,-7.7925,-5.8475,-0.7955,13.5661,212.824,35.1097,220.68,28.954,210.3616,6.8791,-8.5059,-8.5596,-7.9047,-7.9689,20
527,1.6967,3.7115,10.2747,27.6764,244.3511,52.1622,247.3452,36.8352,240.6185,15.9496,0.3128,0.4558,0.7503,0.0685,40
528,33.6024,38.8395,45.1074,66.2679,329.5003,102.9136,342.9797,83.9509,335.5004,49.5679,27.9331,27.7184,28.0218,28.0218,20
529,-5.5056,-4.0812,0.3881,18.722,219.6788,40.9172,229.2355,24.7978,223.554,4.8956,-6.3049,-6.7823,-6.9272,-6.9272,30
530,-14.9209,-13.6833,-10.251,0.0785,200.6178,21.5071,204.13,12.4706,192.7558,-9.2041,-16.151,-15.8713,-16.4225,-16.4225,40
531,21.5618,23.555,27.9243,41.3743,261.1615,75.0832,270.7617,56.2234,262.0573,36.0331,19.2082,17.7377,17.705,17.1599,40
532,6.3452,9.4498,13.0687,28.3161,268.4293,69.3582,265.0742,53.3712,256.9582,20.2611,5.9669,4.3486,4.4292,4.4292,20
533,10.6219,10.8181,15.8743,30.7996,256.5107,55.5231,265.3569,47.6302,256.4058,24.8128,8.607,7.6609,7.6609,7.6609,30
534,8.0442,10.3296,11.3411,23.3076,280.3327,49.3062,281.3843,40.0328,279.5538,18.2901,6.8629,7.0419,6.2586,6.2586,30
535,-16.3766,-13.6225,-9.5895,-2.7935,201.0424,20.4492,208.7022,8.0089,192.5397,-6.8121,-17.7725,-18.4986,-18.4986,-18.4986,20
536,7.7686,13.0158,18.1182,32.1644,237.248,62.7804,297.8209,50.1289,281.6803,25.0291,6.2825,6.4768,6.4474,5.983,40
537,-12.1573,-9.531,-9.1705,1.1675,201.316,27.9433,214.0824,15.2641,197.8703,-0.1836,-14.8273,-15.2983,-15.1462,-15.1462,20
538,-0.3573,0.4497,6.5894,20.3205,231.6223,44.6925,259.052,33.5302,233.9301,11.3448,-3.2904,-3.6989,-3.6989,-3.6989,20
539,-9.1859,-7.5615,-3.8783,1.3659,218.2613,22.1854,228.078,29.8036,211.2166,-0.2177,-11.7889,-11.5986,-11.6633,-11.8764,40
540,-4.6834,-1.5743,1.2719,20.5829,215.9905,49.0192,236.0256,28.8537,225.2865,11.1566,-6.2005,-5.6554,-5.6554,-5.6554,10
541,1.5779,2.011,8.2887,23.6415,253.9608,50.2381,279.2796,33.1377,254.7296,17.2574,0.5947,0.3975,0.2636,0.6814,30
542,9.2124,12.1022,16.8456,26.7274,240.5037,55.0079,250.1627,41.0763,239.7933,22.7923,6.5649,6.7782,6.9884,6.7347,10
543,-6.9292,-4.4695,1.4176,8.73,186.3931,38.4647,211.4761,27.7682,197.0517,4.8173,-7.196,-8.6642,-8.6642,-8.6642,20
544,-7.2603,-5.0588,1.61,16.118,211.0679,35.1262,226.7878,28.5396,209.392,5.7621,-7.8841,-7.8841,-8.1413,-8.1413,30
545,1.9174,3.6314,11.5403,24.3849,273.0104,50.3976,277.4739,39.6227,263.1652,16.659,1.1112,-0.5868,-0.8638,-0.8555,30
546,-4.4469,-3.6593,2.8122,13.9522,220.7807,51.1046,226.3462,25.1098,210.8734,6.3803,-6.7405,-7.0363,-6.8287,-7.3119,40
547,-5.0668,-2.2404,2.6566,19.7553,226.7465,41.9076,237.5407,31.3163,205.3056,9.0896,-7.6514,-8.9995,-8.9995,-8.9995,20
548,22.9785,21.5332,29.7132,41.3374,287.3577,64.5351,303.3358,64.3271,292.4727,38.385,20.9646,19.4934,18.6105,18.8496,30
549,7.4052,8.6061,13.2158,20.2193,247.8403,53.9189,256.1785,37.5064,240.6102,18.3839,4.5263,3.729,3.8829,3.8534,20
550,1.2579,3.5145,10.9746,23.1184,239.1252,50.3536,244.1668,35.9155,231.2907,10.3274,-0.0513,-0.5728,-0.5728,-0.6884,40
551,-14.6418,-14.4254,-12.0977,-1.7733,175.1738,26.9416,196.0288,20.8284,180.2726,-3.4306,-15.7317,-15.8991,-15.9651,-15.9651,30
552,10.1003,11.7099,16.4326,29.5563,244.9145,60.0214,258.684,46.5302,248.7574,21.7066,8.103,6.596,7.5677,7.1723,20
553,6.2832,6.6445,11.7933,23.5778,266.251,69.9287,272.2014,37.354,260.2698,17.284,5.5227,5.6764,4.6113,4.2037,40
554,8.9862,12.9038,14.4691,25.2491,252.3412,51.0649,265.9463,57.6748,256.9435,22.0211,8.2587,7.1672,6.8817,6.8817,30
555,-11.1619,-9.482,-2.7929,10.0372,208.6322,36.7936,214.7785,13.6847,200.7405,-3.7123,-12.7972,-13.3564,-14.2326,-13.4341,30
556,-1.8132,0.7402,6.8727,19.867,228.3974,44.9785,245.9544,37.1095,236.0199,11.2902,-2.8145,-3.7352,-3.7352,-3.7352,30
557,13.667,14.346,22.486,39.3904,292.2068,75.359,303.9366,59.0304,293.5793,26.5878,10.9124,9.9149,10.1017,9.7144,40
558,-3.1856,-2.4933,3.4773,11.7429,228.0428,37.9993,239.2962,29.9727,226.4338,8.9543,-4.4268,-5.0634,-5.7764,-5.3612,30
559,13.829,15.6435,20.8347,32.4832,277.0674,48.8595,290.1543,47.5645,281.6093,28.316,10.046,9.3057,8.7506,9.0393,30
560,1.8622,5.3309,10.5024,19.4848,213.0421,33.095,219.2166,35.5805,216.3844,16.4084,0.5674,0.438,0.8695,0.4842,20
561,-2.3656,-0.1119,7.0153,11.3319,221.6058,43.586,232.4291,32.2609,224.0385,12.1651,-5.1419,-5.522,-5.2112,-4.7697,20
562,20.1987,22.8625,28.6761,40.5032,281.3476,78.4713,287.0953,58.8028,287.0754,31.7048,19.4925,17.902,17.9853,17.764,40
563,8.9323,12.4421,20.0219,28.5915,272.6171,59.9825,285.742,53.2009,264.8555,22.1032,7.0057,6.6284,6.1978,6.526,30
564,-0.1596,4.7446,7.22,23.2296,251.005,46.7263,263.6439,35.1291,245.3417,12.064,-2.7117,-1.7335,-1.7595,-1.6148,10
565,-2.5829,1.6968,5.222,5.9487,215.5427,37.691,229.2992,32.4576,224.1723,9.7616,-2.1672,-3.8998,-3.8998,-4.3388,40
566,-12.652,-9.2343,-3.1951,1.9609,195.2251,32.0129,208.5697,22.0063,203.3877,-1.0214,-14.6419,-14.7345,-14.737,-14.737,40
567,43.6845,46.5314,51.7341,72.9935,380.2831,118.5562,374.2333,93.0992,357.8849,56.7378,41.9597,41.6617,42.6926,42.6926,20
568,12.5804,13.5881,21.9651,30.0921,248.7178,56.5646,264.4754,46.0645,261.5747,22.6193,8.9894,8.2561,8.6996,8.2195,40
569,1.1678,3.5146,9.0678,20.4519,216.1134,42.8773,232.9839,36.2405,218.1242,11.7902,0.3177,0.2513,-0.1656,-0.1656,30
570,9.9728,11.4473,12.5513,26.087,250.3957,52.9078,265.0666,50.4711,256.6896,19.8521,8.039,6.1635,6.1189,5.8612,40
571,-2.3198,-0.1816,5.6812,15.131,216.1808,40.0875,227.6203,24.5422,221.8319,10.3131,-5.6492,-6.0079,-6.0079,-6.2467,40
572,14.1714,17.0685,25.6016,34.4753,272.7219,62.6803,306.3909,58.2927,282.4934,29.9488,12.9117,12.5224,12.5224,12.5902,20
573,1.9532,2.5354,8.1517,16.5436,231.8104,33.5531,240.464,35.5019,229.4041,12.9986,-1.071,-2.3537,-2.1842,-2.1842,20
574,13.536,14.7868,14.9489,28.8085,269.2361,74.0114,283.6457,50.9453,266.7677,26.9861,11.2737,10.7321,10.8216,10.9457,20
575,25.601,28.7527,35.652,56.4177,305.402,83.8607,321.4862,82.0441,311.4423,44.5627,24.2494,23.0128,23.0333,22.8104,40
576,-0.5317,3.1316,3.8448,14.2747,228.6663,43.4771,233.5654,36.2012,209.3944,10.7392,-3.1791,-2.9864,-3.2379,-3.0057,30
577,2.888,5.5887,10.6714,24.6385,258.7176,50.5615,253.2238,46.9122,245.316,21.0062,1.0743,0.5085,0.5085,0.5085,20
578,-19.3821,-19.1451,-12.7537,-5.1162,175.8061,18.7478,181.3108,9.7274,176.0272,-8.9457,-20.6149,-20.9172,-21.155,-21.155,30
579,14.9503,14.7621,23.0666,37.0585,260.3523,63.0393,272.7671,44.7712,269.2454,20.2735,12.7427,12.2585,11.8635,11.896,30
580,6.0837,8.4297,13.8386,28.8629,285.5628,62.351,302.5797,44.916,284.9738,10.9331,3.2244,2.6545,2.6545,2.6545,20
581,-11.4857,-8.6,-6.1274,11.634,183.5969,34.0809,199.4839,18.0163,188.771,-1.8024,-11.966,-12.6175,-12.5975,-12.5975,20
582,28.6884,31.491,35.666,51.7712,328.5225,84.0101,348.9786,76.9086,333.2762,49.1295,26.6128,27.1524,26.2726,26.2726,30
583,9.9675,10.9057,13.6386,22.696,248.6582,60.5754,270.0647,46.9014,253.4835,22.3964,5.647,5.57,5.7186,5.5025,40
584,-7.102,-7.4334,-3.2525,5.187,184.7391,32.1977,201.3158,25.1509,192.4627,6.1947,-9.2257,-9.5975,-10.2511,-10.5647,40
585,11.3775,13.6741,18.4747,31.7466,279.7813,69.1177,278.625,42.507,272.6668,19.7852,9.0709,8.5551,8.1575,8.3801,30
586,-1.1312,3.2421,9.8168,22.6749,192.4976,48.2517,250.8967,39.2057,233.9316,14.8823,-2.476,-3.0711,-3.0711,-3.0711,20
587,-14.3748,-14.7414,-10.9888,-1.0653,186.1994,22.896,197.8464,11.9534,190.3756,-4.1924,-17.4448,-16.7805,-17.311,-17.3185,10
588,29.5004,32.2301,38.2064,48.2732,310.9974,90.5669,323.3344,77.8936,314.1323,46.429,29.0599,28.821,28.7188,29.2789,30
589,18.8059,23.5152,28.6635,41.8034,289.4519,73.4007,302.0416,53.6756,294.1809,35.1742,16.3057,16.0834,16.0834,16.0834,20
590,20.0953,23.1847,29.5861,42.9678,312.1431,72.4132,329.3408,63.5835,312.7251,41.0562,21.3472,19.3473,19.104,19.104,40
591,2.3789,2.5744,5.9518,13.9309,243.3304,36.929,267.0478,34.9605,236.6408,9.5685,1.4579,-0.0465,0.0546,-0.2087,40
592,-17.1349,-15.7641,-12.464,-6.705,171.8,17.0599,179.8754,5.5286,173.9016,-8.0324,-17.1882,-17.5627,-17.0174,-17.3272,20
593,8.7943,10.9423,20.0865,26.28,290.144,55.8284,287.2144,56.4611,272.9094,23.3839,10.6671,8.556,8.4684,8.4684,30
594,4.5423,10.3196,15.8599,23.1528,246.8576,62.615,264.9456,39.2833,226.9719,13.6545,1.152,0.9868,0.7352,0.7352,30
595,13.9619,15.152,21.4547,35.5235,245.2553,72.1238,277.4785,56.3775,269.1255,29.0364,13.2529,12.0263,11.4282,11.4282,30
596,-5.6875,-4.9707,-2.7464,6.6268,211.0373,33.1424,221.9352,18.5486,208.7209,2.4438,-8.5949,-8.8704,-8.8918,-8.872,30
597,49.4962,54.0368,56.9491,75.2493,407.6939,112.8718,418.2063,105.7677,390.6355,72.5173,43.619,42.6842,42.6291,42.6291,30
598,18.6215,20.4947,25.3691,38.595,269.5989,62.6673,278.8343,54.8591,272.802,31.465,17.432,17.1986,17.1649,16.7966,40
599,-5.8207,-2.9843,4.8288,12.6945,209.36,32.1439,236.9652,19.8072,226.0101,4.5476,-3.6415,-6.2898,-5.8998,-5.8998,20
600,-1.422,2.2706,6.6267,17.5924,231.9491,44.7167,252.3023,39.53,235.1432,14.2668,-1.8199,-4.0478,-3.9053,-3.9053,20
601,-3.9827,-1.9943,2.1091,16.9935,219.7696,31.3924,230.3307,25.7565,221.4617,5.9244,-3.6118,-4.7394,-4.973,-5.1704,40
602,0.7215,2.1646,6.8882,13.4199,236.9117,40.6878,249.7057,38.3351,243.9201,11.9713,-0.8485,-1.1395,-1.2194,-1.2194,30
603,13.7933,18.1319,26.5433,35.3631,275.0076,68.9024,284.2474,55.2428,273.9789,28.2251,9.8491,9.9677,9.9677,9.9758,10
604,-2.06,0.0602,7.3483,17.1139,221.6213,40.2931,228.9513,28.6468,225.0743,8.7052,-3.2337,-3.5047,-3.7867,-3.5047,30
605,2.8411,2.9609,9.4765,24.2527,277.4588,54.5862,276.914,35.9435,255.4872,19.7304,1.467,0.9858,1.7161,0.3859,40
606,-1.9172,1.308,3.3597,13.4256,221.1787,42.3663,245.8586,22.978,229.8659,6.0974,-5.0224,-5.4771,-6.0385,-6.147,40
607,-0.026,3.0066,7.4275,24.2264,239.0265,47.6167,252.0187,41.0978,236.5537,15.3236,-0.0114,-0.0114,0.0623,-0.0658,40
608,25.2379,27.2761,32.9948,44.2469,318.454,79.9969,338.7614,69.9633,311.2549,39.7758,21.4437,21.2988,21.7657,21.7657,20
609,-14.7536,-12.9076,-9.9192,0.4174,164.1105,20.6059,171.4448,12.2208,162.5335,-7.0998,-15.5567,-15.9569,-15.9569,-15.9569,30
610,-7.1578,-4.6309,0.9652,9.5871,224.927,36.3869,230.6956,24.3513,207.6634,2.1655,-9.4372,-9.6825,-9.6825,-9.6825,20
611,10.0413,10.9315,20.9285,30.8348,279.9553,64.0345,285.0578,49.0312,267.2529,22.6234,9.0456,9.0058,9.0058,9.0058,20
612,7.7584,9.0825,12.3334,26.907,258.6445,59.7049,280.885,41.2047,261.9769,19.4808,3.3096,3.2773,3.0637,2.5265,40
613,18.6724,19.2759,28.766,40.4562,317.1913,82.4101,319.9549,66.2431,295.7416,32.1528,17.7359,16.3241,16.3255,16.4488,20
614,-12.7084,-11.622,-9.1615,-2.6141,210.0929,29.9845,221.436,12.5545,198.666,-3.206,-14.2173,-14.2565,-14.7383,-14.7383,40
615,13.9267,16.1284,23.1342,43.0204,302.9087,71.3182,310.6946,51.1433,293.1343,30.463,11.4155,12.2998,10.9685,12.1358,30
616,-5.0839,-2.2009,0.6534,11.5113,232.5709,44.0622,260.1644,38.7138,242.0317,6.5285,-4.2107,-6.5723,-7.083,-7.083,40
617,3.7851,5.9659,10.7115,25.7238,251.1386,48.5666,248.4516,40.945,230.3041,14.8132,6.5737,3.4879,3.4879,3.4879,30
618,11.3384,11.7612,14.1522,26.0476,256.7356,50.5526,262.623,46.8148,252.9477,21.3408,10.2615,9.0157,8.8572,8.8572,30
619,5.3376,7.9811,12.4331,22.4871,235.0934,49.6962,260.7145,32.5353,244.0514,14.9366,1.7969,0.5909,0.5909,0.9527,20
620,4.8511,6.4249,14.5141,21.1558,234.0897,55.4,267.6762,46.301,245.9222,19.2654,2.5996,2.2927,1.9846,1.8207,40
621,12.627,15.0106,20.5582,30.2926,258.6766,63.4389,259.6107,52.9345,250.2079,21.7075,13.2827,10.6397,10.6936,10.9147,20
622,-11.7341,-10.0472,-5.2288,9.1669,200.1359,32.0965,212.0304,13.4751,200.5303,-4.7053,-11.6023,-13.3064,-13.3481,-13.3481,30
623,19.1352,23.0567,29.5695,36.2855,277.4619,62.54,281.5825,63.8487,270.5101,32.9279,17.0717,17.1948,17.4009,17.2385,10
624,1.4738,5.6378,10.194,12.0335,245.8535,38.4761,265.6313,28.8881,257.2783,13.3583,1.4483,1.2805,1.2805,1.0679,40
625,5.0035,8.2065,17.4095,29.7746,244.5898,56.6051,263.7046,39.3019,253.1606,14.58,5.4869,4.1546,4.2006,3.8363,40
626,-0.4619,1.5248,8.0265,19.4606,232.4286,42.7773,241.0529,36.2974,229.9406,12.2563,-0.6947,0.1179,-0.4095,-0.3507,10
627,5.7184,7.2371,13.3738,23.894,234.6028,44.94,251.013,39.4701,245.848,16.1063,3.6977,3.1376,3.0488,3.1376,30
628,21.2556,23.5583,27.3195,43.3876,298.1736,72.4585,315.3633,64.0443,307.3649,34.0237,19.4595,19.1979,19.5263,19.0577,40
629,-3.7213,-2.524,4.0992,17.5102,223.6284,34.1248,238.0106,32.4535,213.9467,7.3129,-6.4422,-6.4413,-6.4413,-6.4413,10
630,-13.5834,-13.0375,-7.927,1.0612,184.9269,23.752,191.7191,17.7886,189.5955,-2.9734,-15.8794,-16.186,-16.186,-16.186,30
631,-0.3009,2.0474,6.5042,17.3374,217.625,49.4637,230.6689,25.4667,218.0751,9.9161,-2.3277,-3.0264,-3.1077,-3.1077,30
632,17.4363,18.3606,24.2651,36.6337,292.0317,70.3794,303.4877,55.0404,294.3618,27.9192,15.3791,13.654,13.654,13.654,20
633,-14.0446,-10.611,-6.4631,3.5583,182.0641,23.773,187.6988,10.7955,177.3145,-1.9089,-14.0954,-14.649,-14.7473,-14.7473,30
634,9.3008,14.5771,23.6945,33.5547,256.4724,70.2693,270.7497,38.4071,255.5023,23.2519,8.7319,7.7636,7.7636,7.7636,20
635,13.1699,16.218,19.3883,37.7047,270.0515,66.156,275.8546,52.4605,272.8871,28.8542,10.8043,10.1987,10.578,10.578,20
636,-4.5157,-2.9447,-0.3302,12.5278,240.2383,32.9453,246.9747,27.2818,224.3671,3.8451,-4.8015,-5.0385,-5.7291,-5.7686,40
637,0.8198,2.6313,5.6651,14.8504,243.825,45.5057,249.7371,25.237,230.127,8.6537,-0.6429,-0.2746,-1.2879,-1.3503,40
638,-1.1787,0.6256,5.1479,16.2427,239.0522,37.0228,252.7079,39.0088,233.3338,12.3236,-1.2423,-2.6305,-2.633,-2.633,30
639,12.7256,12.2341,17.9119,36.3716,261.0594,64.2693,283.1907,59.2039,266.9858,26.7353,11.2407,10.7427,10.6216,10.4129,40
640,-9.8131,-8.4565,-4.5518,9.969,207.3959,43.7129,218.5608,17.2143,204.3039,2.0188,-11.2334,-11.7794,-11.7379,-11.7716,20
641,-1.651,-0.2958,6.9078,11.7919,244.9675,48.6257,258.6565,29.0663,241.9733,9.509,-3.9192,-4.3731,-4.3731,-4.3731,30
642,-6.4637,-2.4489,0.0178,7.0754,187.1739,27.6333,218.7901,16.1145,210.1727,-0.959,-9.9404,-9.5233,-9.6357,-9.4041,10
643,-6.8268,-4.9323,-4.0716,8.3066,195.7771,27.905,208.3032,20.2643,190.205,4.1679,-7.7967,-8.7593,-8.7593,-8.7593,20
644,5.3932,7.0288,11.567,23.895,252.765,46.5917,253.978,35.1697,246.6908,23.6573,3.8425,4.1192,4.1384,4.1325,10
645,5.5243,8.9308,10.5543,27.0722,223.1212,53.0178,246.631,44.608,237.1539,19.1359,3.4985,3.5207,2.7545,2.7545,30
646,-0.1233,2.9002,10.1335,16.6899,230.135,44.5515,237.7103,30.601,228.753,12.6805,-2.8305,-3.5768,-3.3151,-3.3151,20
647,8.8778,12.3247,16.0694,26.0085,267.4719,52.2217,275.8376,37.7169,257.3101,19.3822,3.7987,3.8856,3.947,4.2281,10
648,-3.0768,-2.4286,1.8021,13.9294,211.8254,34.6481,233.6394,26.2321,227.3366,7.8399,-5.8868,-6.1077,-6.1077,-6.1077,20
649,10.2258,13.4766,20.659,30.7099,275.2405,64.3707,271.8688,39.5354,267.0605,16.8237,5.8712,4.9446,5.1063,4.1475,40
650,9.4378,11.3601,17.7447,28.8439,250.3158,66.0582,269.3015,39.1903,260.86,18.4169,7.0795,7.2259,7.2259,7.2259,10
651,-1.8885,0.3786,6.0731,16.5448,208.9252,38.5569,230.6787,30.4125,219.1217,11.2444,-4.9086,-5.3335,-5.3335,-5.3335,40
652,1.2504,2.2463,6.7687,22.7014,232.5177,45.2956,240.8003,35.8415,229.057,17.9435,-0.5782,-0.0742,-0.0198,-0.1716,10
653,17.0818,18.0246,20.7494,37.0712,287.3216,78.0498,307.8218,54.4815,283.9434,29.9234,15.2257,12.7716,12.7025,12.6073,40
654,0.7957,0.5767,6.4022,20.3571,241.8699,37.748,250.3019,28.4895,237.6359,13.7937,-0.8242,-1.6308,-1.7556,-2.0845,40
655,-8.582,-6.9486,-4.9177,5.0887,178.4142,35.0944,206.8607,19.8187,199.1322,-0.7886,-8.9504,-10.0552,-10.1239,-10.4692,40
656,-4.9255,-1.9603,2.7128,19.7248,239.164,58.6209,249.9552,26.6373,242.0854,3.6798,-4.661,-5.4079,-5.4079,-5.4079,20
657,-9.3948,-7.8158,-4.1968,3.0203,204.2618,28.8251,207.5685,17.4709,203.5227,-2.1848,-8.4414,-9.0268,-9.1654,-9.1654,-40
658,-3.378,-3.7821,5.7635,15.365,216.0816,39.9556,226.8717,23.9176,220.5773,7.3544,-7.0763,-7.2575,-7.4239,-7.4239,30
659,6.0423,9.982,21.8689,30.9991,246.7947,54.1112,264.292,49.2078,235.3724,22.1985,1.9105,1.4615,1.2599,1.2599,40
660,24.0635,29.4993,34.2047,46.2289,310.1941,77.2472,316.0756,64.8387,296.521,40.0729,23.7475,22.6876,22.5831,22.7111,30
661,5.4732,8.1916,14.1329,21.2402,238.9104,51.0285,261.653,43.3768,264.4324,18.716,4.6958,4.3657,4.1441,4.0568,40
662,-14.3508,-13.937,-10.512,-2.4019,202.2327,22.7601,220.0372,7.8913,213.7871,-5.9096,-16.9239,-16.7092,-16.8076,-16.6433,10
663,4.6327,5.691,10.94,16.126,228.8778,36.8318,235.9087,32.5664,225.8429,14.0651,1.4006,1.109,1.0264,1.1618,30
664,-1.9662,2.2556,9.81,20.7148,231.4557,46.894,237.5608,36.1489,238.4527,13.6494,-4.9845,-4.364,-4.688,-4.688,10
665,23.9253,26.5323,33.0861,45.3137,293.127,83.2132,288.045,54.2288,284.1798,35.132,22.5799,21.1852,20.8729,20.7372,40
666,1.6594,5.4381,11.1834,17.5996,248.9503,64.6287,251.4835,40.3004,245.2102,17.3053,1.6615,0.3101,0.1181,0.1181,30
667,10.045,14.081,18.852,26.6495,274.587,77.007,279.074,45.6803,266.164,21.6532,8.26,8.0991,8.1093,8.0573,40
668,7.4966,10.5716,14.1961,30.3386,237.0721,50.6631,239.3503,46.8576,228.4985,25.881,3.5624,2.8911,2.6138,2.779,30
669,14.2009,15.2848,18.564,31.5034,277.3661,54.2754,286.8853,44.4969,265.925,21.2903,11.3632,10.2899,10.2882,11.0365,30
670,9.9903,13.7522,19.4008,35.2013,275.0632,66.5922,292.5243,48.173,279.5073,29.4543,8.5202,6.6274,6.4618,6.4645,30
671,0.1646,0.7115,5.7913,15.4812,240.4135,57.4487,250.8308,37.5971,239.167,11.0018,-2.6743,-2.6315,-3.3058,-2.186,30
672,24.5313,28.2202,33.0517,45.6372,345.4385,90.942,356.9203,62.1015,346.9446,35.9175,23.418,22.2471,22.2471,22.2471,20
673,15.7076,18.7644,23.7638,32.1871,280.1052,56.187,285.3717,54.254,261.7832,23.0858,12.2659,12.1785,12.1785,12.1229,40
674,26.9834,28.0905,35.0354,51.5327,307.9609,85.872,331.9065,69.982,315.851,44.6333,24.7168,22.3615,21.1757,21.5954,30
675,-14.3337,-12.2829,-9.3107,-0.6262,182.8237,15.6628,206.1852,14.6548,199.692,-3.8555,-15.0195,-15.1448,-15.4264,-15.4264,30
676,-1.3638,3.3407,3.88,21.5749,235.8671,43.4246,237.8784,25.4465,230.5191,14.308,-2.0327,-1.9457,-2.2097,-2.0786,30
677,5.9116,8.9079,13.7223,26.5379,257.3746,52.1145,267.8656,48.4091,250.1137,25.2437,5.3825,3.995,3.9175,4.4029,30
678,13.6617,20.217,22.8316,38.1685,280.006,75.747,297.0922,57.0115,284.6729,29.6987,12.1177,10.6806,10.7909,10.7909,20
679,10.4217,13.7306,14.5455,29.1899,261.131,67.3063,284.4959,53.3108,273.0945,25.8349,10.3409,8.3301,8.3301,8.3301,20
680,3.7266,5.7982,10.2023,13.8699,255.8146,37.5321,266.0317,26.7104,247.3912,10.672,1.2853,0.4173,0.423,0.423,20
681,-11.8851,-11.7388,-6.9156,4.5947,179.1982,25.516,191.2915,13.231,178.08,-1.3133,-14.4101,-15.3734,-15.3734,-15.3734,20
682,2.8682,3.7605,5.6427,16.2204,227.6748,49.5696,245.7663,36.8766,232.1008,14.6065,1.463,-1.4764,-1.1966,-1.1966,20
683,15.5664,18.4698,22.9066,33.7361,279.4121,66.3718,283.4109,58.9467,275.1659,30.4931,14.5495,14.4326,14.588,13.5179,40
684,-8.7068,-6.0002,-2.9029,7.1696,211.3586,29.0212,233.7636,22.0891,203.9834,6.1386,-11.1261,-10.7511,-11.1375,-11.1375,30
685,-5.5623,-2.4774,0.8482,9.9867,221.1515,38.1786,224.1514,33.6298,223.5523,7.6157,-7.6337,-7.9835,-7.9835,-8.1249,40
686,16.0067,19.7296,24.603,38.1952,278.8155,71.5406,299.2479,58.3008,290.2385,28.6252,16.3955,14.3462,13.914,14.1601,30
687,6.2322,6.8963,11.1603,19.5685,226.1709,49.6606,253.6795,33.2945,242.1726,15.5769,4.5885,3.4248,3.5527,3.5527,20
688,2.5517,2.7921,4.4396,19.9523,247.0667,46.2683,250.1532,36.9025,246.5914,8.9567,0.7087,-0.209,-0.209,-0.209,20
689,8.9632,10.959,20.8619,26.0683,237.3726,55.4844,251.0658,51.9019,247.8017,18.9784,8.4968,7.6599,7.5702,7.5702,30
690,11.3473,14.6494,21.512,30.2914,259.96,67.1647,277.4334,44.8135,279.1892,26.1126,11.1477,10.211,9.8633,9.8633,30
691,-3.9155,-1.6543,4.7396,16.2849,210.731,35.3495,232.1231,28.8688,223.3199,7.8125,-4.5095,-3.9927,-3.7553,-4.2538,10
692,-7.9627,-7.1281,-1.7025,9.4943,196.5182,33.7906,200.8989,16.4395,195.7816,-0.2742,-11.2441,-11.6855,-11.9467,-11.9467,30
693,5.6887,9.9438,13.8858,16.4244,250.5678,57.9324,259.856,43.0174,240.6166,17.2784,2.091,2.2998,1.7006,1.7006,30
694,12.694,14.7658,17.6449,29.2412,276.2953,65.7523,295.9042,62.4399,276.4389,24.4042,10.6714,9.7848,9.7848,9.7848,20
695,17.7077,18.0318,23.8403,36.6994,272.3981,63.9751,267.8831,46.5876,255.8073,28.0529,13.3014,12.6584,12.4332,12.4332,40
696,5.4499,8.1856,14.3291,19.3325,231.1162,46.8254,246.7805,34.8489,234.8919,16.8041,4.8073,3.7538,3.3233,3.3233,30
697,6.0852,7.5185,11.59,22.2153,253.2657,57.0761,282.3435,38.7231,256.0785,14.6176,4.1659,4.2994,4.2339,4.2994,10
698,-15.2558,-13.4429,-11.1418,-3.1513,204.3105,27.3987,210.6295,16.0889,205.8345,-4.5804,-16.7363,-17.1202,-17.2768,-16.5561,30
699,7.9313,8.8984,11.1917,19.7119,250.3251,60.6548,269.5233,45.5846,260.9071,18.9593,7.3261,6.2429,6.2846,6.2846,20
700,21.3482,25.2095,35.0889,44.5345,315.4776,88.8508,332.6229,72.4772,307.8874,42.7334,19.4833,19.4833,19.4833,19.4833,20
701,0.9816,3.2728,6.0108,15.5024,236.5818,41.356,244.1469,30.9866,244.9193,14.0538,-0.8309,-1.1208,-1.7525,-1.6536,30
702,15.6679,17.3123,24.5551,32.3691,287.6918,68.1857,284.3452,60.2372,274.4096,27.7121,15.817,14.4966,14.1661,14.1661,30
703,17.4826,20.0038,27.5571,43.1832,280.251,73.7971,294.0322,62.3266,283.4521,33.8409,16.2195,15.4852,15.4852,15.4852,20
704,9.0724,9.9772,14.5583,24.9481,280.8456,60.9792,300.5642,40.9441,284.7393,18.3087,8.014,6.6149,6.754,5.6486,40
705,3.623,7.8602,13.5641,25.3457,249.1438,50.6377,278.1001,34.6803,263.7899,14.1754,-1.4871,-4.7129,-4.7129,-5.0608,40
706,23.6165,24.1442,30.9269,43.7286,292.9862,73.2139,320.7748,56.4208,316.3694,37.6074,20.363,19.3502,19.6891,19.4389,20
707,6.744,8.3868,15.1414,31.7935,252.3728,60.5968,255.553,37.3775,245.9229,18.4586,7.2648,4.7303,3.9957,3.9957,30
708,7.4366,10.6466,12.7595,17.0037,261.9517,45.248,277.9869,47.0444,260.2123,16.4197,3.3068,2.0993,2.0993,2.125,20
709,-3.9839,-1.8943,2.8531,13.5406,210.7685,33.1836,227.8383,19.0755,211.8644,6.556,-5.8515,-6.9896,-6.9995,-7.2461,40
710,-6.5079,-4.6264,-3.0071,8.6435,205.7823,37.7618,210.2038,25.4757,202.8202,2.6863,-9.8666,-10.2072,-10.0278,-9.4692,20
711,4.5507,5.3578,11.6331,17.697,245.2823,48.6168,251.6116,32.6542,241.3935,12.5757,2.0658,1.152,1.3226,1.5507,20
712,7.5735,11.2497,14.3718,25.3035,257.0238,59.173,258.8783,32.1769,250.4097,15.3798,5.7205,4.9118,4.8505,4.6512,40
713,-5.1871,-3.6747,0.909,8.7255,190.609,41.8564,237.1289,26.2995,227.7959,3.8809,-5.038,-7.5451,-7.5092,-7.5033,20
714,-0.6013,1.5845,9.9367,17.0237,219.9169,37.6265,226.6108,31.3869,216.4623,8.6635,-2.7369,-2.8906,-2.9365,-2.9365,30
715,38.8109,42.2991,47.942,62.5973,353.1011,109.257,388.9665,91.0434,373.6259,56.0436,36.2152,35.4739,35.4329,35.464,30
716,2.2593,5.2844,11.5452,17.9086,254.2121,50.0863,276.8455,36.9019,251.7136,15.285,-1.321,-1.6645,-1.5586,-2.0739,40
717,3.2379,5.5771,11.3225,18.5613,222.3877,46.7345,254.8527,28.0284,245.5464,13.6632,0.5918,0.1979,0.0536,0.4533,30
718,2.6129,3.4753,7.2318,21.6803,249.0022,53.2853,269.3055,44.4998,255.1511,14.3989,0.4382,-0.4068,-0.4068,-0.3308,20
719,-8.9836,-6.8678,-1.5315,10.2673,206.5587,29.6708,207.6539,25.6819,198.5372,3.275,-10.7007,-10.9711,-11.289,-11.2663,30
720,16.4305,18.6617,25.8329,41.233,288.7513,72.4587,300.5994,56.0316,287.6795,25.6427,13.8725,13.6994,13.3844,13.3844,30
721,-6.0122,-3.26,2.6728,15.3418,225.824,36.6832,236.7806,30.5633,230.4927,9.6389,-8.0501,-8.1921,-7.9786,-7.9283,20
722,5.1415,6.3131,10.1042,28.0584,235.3228,55.6841,288.3186,38.7359,268.3213,24.4067,3.3611,2.9618,3.015,3.015,20
723,10.6919,11.7385,17.5363,27.4374,257.3767,49.2903,274.6196,49.363,255.7097,24.917,9.6835,9.0406,9.2813,9.0406,40
724,36.4551,36.4188,49.1876,63.1361,336.4095,103.9971,338.4964,81.6786,322.4448,51.9687,31.8654,30.8664,30.5484,30.3576,40
725,2.1715,6.2056,9.0258,21.3743,239.2583,44.6248,246.854,34.2377,235.0191,17.1137,2.56,1.0132,0.8355,0.8355,40
726,6.2899,7.4542,14.1465,36.4815,277.866,78.2461,279.2473,39.6413,268.2357,18.6151,4.0482,4.1031,3.7386,3.7386,30
727,9.312,10.1099,13.7545,27.7358,262.2862,68.1847,266.5618,45.149,255.2017,18.6351,5.4278,5.5438,5.6438,5.2584,40
728,8.4179,12.8451,18.1816,27.4197,274.3988,69.6884,284.9689,45.5083,268.1191,23.6421,6.017,4.5766,5.9273,5.5197,20
729,37.4154,41.3719,49.3964,63.7484,328.7737,93.3831,344.6963,73.6313,331.0145,54.6457,36.554,34.651,34.7152,34.6802,20
730,-2.6488,-2.554,4.132,12.5755,217.7184,36.317,226.8796,26.6991,219.414,10.4423,-3.5268,-4.0175,-4.0175,-4.0175,20
731,4.6265,7.438,12.0063,19.7549,253.315,42.0781,259.4376,42.6035,242.9653,15.5521,1.2624,0.9003,0.9422,0.9422,20
732,-10.6709,-9.0721,-4.4122,2.2189,193.1077,31.3119,196.6017,15.8776,191.7455,-2.2179,-13.3736,-13.5227,-13.3581,-13.3467,20
733,6.452,6.9224,14.3364,24.976,261.6193,54.5067,272.5562,50.0881,268.6445,23.661,4.0909,4.5112,4.4246,4.4246,10
734,7.8815,9.2329,15.892,30.9078,276.7504,77.4035,295.2275,44.5214,280.6465,21.1452,8.9028,7.8815,7.8815,7.8815,30
735,-12.0442,-9.0968,-3.8739,2.4489,189.5055,30.5258,203.4651,17.8082,183.7133,-1.0917,-12.3395,-12.8813,-13.0442,-12.9481,30
736,9.2041,12.8892,16.0155,25.4371,255.2078,52.8378,270.8635,45.1525,270.13,23.6251,6.8973,5.4943,6.4294,6.0488,20
737,8.22,11.6938,17.6496,28.1978,245.2964,53.0455,259.5046,45.986,252.6317,19.7339,7.2153,7.4049,7.0743,6.2401,40
738,-2.2651,0.137,6.0719,18.9389,222.6166,44.1522,224.1298,29.0426,221.7308,10.4412,-3.4692,-4.7318,-5.0084,-5.0084,30
739,-8.2381,-4.2868,3.9448,13.1439,208.2964,49.0939,220.3576,24.7713,216.6204,4.4652,-10.6801,-10.6231,-10.6145,-10.6145,10
740,9.8899,14.4128,24.0226,32.3728,285.1426,69.9966,286.9437,47.5729,276.2193,31.0093,7.9,8.0231,8.4399,8.1232,10
741,1.7914,3.4439,10.9449,20.8917,242.6776,43.3469,255.2214,29.2852,244.2181,12.8374,0.3084,-1.2767,-1.9011,-1.5836,30
742,13.1251,14.9374,21.7678,42.5605,275.3826,76.7062,278.2763,50.1834,256.6282,27.861,11.7437,9.8437,9.8437,9.8437,20
743,1.8328,4.4188,9.8749,17.6669,221.263,43.2781,224.9217,31.4144,212.6972,17.5839,-0.6921,-0.8694,-1.4855,-1.6823,40
744,29.2154,30.4396,38.6389,51.8194,329.4747,87.1256,337.1684,76.7416,318.1865,47.9501,27.0136,26.2904,26.6645,26.6492,20
745,-0.5847,0.8113,6.0028,15.5888,220.0621,42.1628,246.381,30.5726,236.8982,11.0207,-3.3261,-3.9203,-3.9203,-3.9203,30
746,21.6728,23.3329,24.7732,37.1785,285.7529,96.5451,312.868,60.9447,304.41,40.1107,20.144,18.9317,18.9935,18.5917,40
747,-0.7807,3.3445,6.6412,14.1972,235.6812,41.7368,241.8296,34.6268,235.3771,13.3726,-1.2142,-1.2021,-1.2021,-1.2021,10
748,-3.4144,-3.4144,2.547,14.1541,231.3589,49.3792,269.2327,32.5845,236.004,4.8875,-2.4165,-3.739,-3.4194,-3.8867,40
749,2.1699,3.7046,8.2328,20.5487,276.1117,49.0398,278.672,47.9951,276.3637,20.4295,-0.4908,-0.2654,0.0808,-0.7227,40
750,6.4886,8.6635,15.3516,22.501,250.4563,56.9298,272.5859,47.4633,265.3068,21.8359,5.2197,5.0671,4.8182,4.7371,40
751,4.3677,5.8084,7.685,25.2611,257.5897,62.6411,271.1217,38.4153,253.4935,18.9347,1.3253,0.6511,0.9232,0.7791,20
752,2.0802,4.3741,11.6058,23.9132,251.1913,53.3247,265.1962,33.9768,252.885,17.6136,1.0613,-0.0342,-0.0342,0.1927,20
753,13.8296,15.7387,23.1288,35.6544,289.2933,61.9045,295.7761,60.0988,281.4005,30.6895,12.3825,10.888,10.888,10.888,20
754,-1.934,-0.1901,3.2343,17.4961,192.0126,36.9491,214.0039,31.0641,199.714,10.5016,-4.5194,-4.5405,-4.7317,-4.7498,40
755,18.3134,20.0781,26.9338,37.7773,285.228,55.3624,293.8078,50.897,282.7073,28.1014,18.0645,16.3095,15.432,15.9296,30
756,2.6454,5.1838,10.2472,16.7015,244.9021,49.2562,266.173,34.3642,259.2503,9.5309,-0.7539,-0.3555,-0.4129,-0.4129,10
757,-6.8294,-4.5266,1.5235,10.0713,224.8682,47.9484,237.2871,20.8652,227.3099,-0.5985,-8.1165,-8.9809,-8.95,-9.8017,40
758,2.9496,5.7938,13.424,28.1693,266.4582,66.3,272.9155,41.8503,260.9991,16.8664,4.8825,2.8841,2.8841,2.3232,40
759,7.249,10.0686,12.1741,20.6418,246.0196,44.4127,280.5509,41.8947,268.303,15.233,5.4559,4.6429,4.9072,4.9072,20
760,5.3267,5.7884,10.3573,21.1755,243.6157,45.6899,248.8322,33.5114,240.0821,16.3646,5.7143,3.5664,3.5664,3.5416,40
761,-5.2029,-3.3311,3.9508,12.1254,206.2053,39.337,226.2976,24.0148,206.8397,8.461,-8.2507,-8.4746,-8.7746,-8.2546,30
762,-8.6916,-7.7987,-2.1147,0.5757,198.2379,31.095,212.5804,19.6907,204.0644,-0.114,-10.1143,-10.1072,-10.8876,-10.8876,30
763,13.7901,17.7424,17.8905,29.6132,289.0199,66.1753,299.5682,59.3041,301.501,29.9194,11.5405,10.9528,10.9528,10.9528,20
764,-0.9547,2.9941,4.3807,14.4903,211.8869,39.9209,231.9914,32.974,215.4692,10.926,-2.5555,-2.5553,-2.625,-2.625,30
765,6.9974,12.4349,17.192,24.3083,264.8849,61.4774,277.2973,41.7558,256.8357,18.0615,6.6666,6.9881,6.2561,6.5051,30
766,-9.1672,-6.8839,-1.9193,7.7272,223.2411,25.984,224.1839,19.198,218.0304,2.9122,-13.4621,-13.8522,-13.8522,-13.8522,30
767,3.1168,5.0921,10.5467,18.1173,246.2707,49.9757,258.3422,32.4648,242.4141,15.9349,1.0907,0.884,0.841,1.2046,30
768,8.0343,10.2914,12.7781,24.8346,250.7372,66.364,260.5748,46.4814,248.2964,16.8971,4.4054,3.7567,3.9197,3.9197,20
769,-3.6777,-2.0377,0.2111,10.6171,230.3547,38.6674,245.5555,26.5465,229.1745,6.3021,-4.3267,-4.6948,-4.6948,-4.5385,30
770,-14.5914,-13.9307,-10.548,-2.5367,167.6757,17.9949,175.1654,11.74,165.3665,-4.2147,-17.0292,-17.7103,-17.7103,-17.8553,40
771,-10.7544,-9.5178,-4.5146,8.3882,205.4159,29.4382,227.3399,10.6647,209.4017,1.4567,-12.6102,-13.0262,-13.7623,-13.7727,40
772,11.3549,11.9493,16.5173,31.858,273.5305,57.507,307.6057,46.9003,277.3307,26.4152,9.1988,8.1442,8.4253,8.4253,20
773,-5.2279,-3.576,2.7665,12.0108,219.9426,32.2909,240.0426,29.621,224.4387,5.3872,-7.981,-9.0292,-9.0292,-8.6965,20
774,2.8268,2.9251,7.7336,19.0682,247.2692,38.7445,250.6593,40.7151,237.2323,16.0032,1.7881,0.2815,0.7545,0.6927,20
775,12.4854,13.5921,18.6945,28.6192,259.2665,58.3249,286.8558,52.1704,275.0425,21.7123,11.3356,10.8695,10.9331,10.9331,20
776,12.3885,17.6427,22.1035,32.3043,275.4278,68.1153,290.5595,64.94,281.3676,26.9192,11.0867,10.5643,10.475,10.475,30
777,2.0717,5.0154,9.4685,21.8492,256.7153,57.7309,271.9929,34.2574,259.0615,12.1383,1.7571,1.0633,0.6904,0.6904,30
778,-0.576,0.5171,3.6455,25.9057,213.6859,45.6278,230.8718,31.1069,220.3442,11.0523,-3.3858,-5.137,-5.1896,-5.1896,30
779,10.4864,13.793,21.686,34.0131,276.7807,67.4273,288.6695,63.6577,276.449,27.6964,9.7144,8.0937,7.4835,7.4836,30
780,-7.5244,-4.7558,-2.85,6.6885,199.9447,34.3242,215.3667,32.9336,208.4844,6.5142,-7.9239,-9.1776,-9.2465,-8.6688,30
781,7.6585,8.1552,15.2676,27.0906,262.7825,65.431,271.0619,51.5027,256.6115,25.5714,6.6508,6.5029,5.9876,6.1577,30
782,26.8482,25.1605,30.9954,49.5138,307.3235,78.9149,322.3088,72.6502,303.7046,36.781,22.6909,22.9496,22.9496,22.9496,10
783,-8.0163,-4.5513,-1.0713,8.0562,210.2186,31.3523,215.5999,19.0397,206.5127,3.6443,-9.6718,-10.5349,-10.7483,-10.67,30
784,17.2503,17.5535,20.9183,36.7983,285.1256,60.3685,294.2999,59.7092,282.3211,36.8194,15.1113,14.7871,14.8413,14.8412,20
785,7.4152,9.6832,9.8145,22.2622,267.0531,62.7432,281.3594,35.2388,259.1139,16.4921,3.9879,3.4956,3.6724,4.3233,20
786,0.6354,4.1919,7.3632,17.7653,243.7261,42.0321,245.2926,34.5117,239.5438,16.8291,-2.7871,-3.0387,-3.1876,-3.1876,30
787,-0.4418,2.4504,5.6124,16.5246,247.2084,53.1809,256.7955,33.4216,244.859,13.8696,-1.1202,-1.9373,-1.9373,-1.9373,20
788,-0.4137,0.3884,1.7469,19.0631,224.8735,35.2237,240.9294,29.8264,230.8777,10.0579,-3.4331,-3.4395,-3.6965,-3.7722,40
789,10.9041,15.235,19.9726,24.1521,254.2484,50.0594,267.618,45.1237,256.3417,24.1744,8.8972,8.6832,8.1558,8.1558,30
790,11.1849,13.4789,16.5779,30.8218,292.1452,69.9947,299.0917,50.9898,289.7928,21.6272,7.2727,8.0755,7.9813,7.9155,10
791,13.9392,15.0747,22.3187,29.6583,273.0672,60.1608,289.5973,50.632,273.0412,24.6909,12.1463,11.426,11.4634,11.7402,20
792,-5.776,-4.0814,1.1973,9.9098,207.6178,35.6396,233.1098,22.3879,218.8682,2.7698,-6.431,-6.5965,-6.3307,-6.7408,40
793,13.9419,18.9294,24.5655,29.7843,293.4703,62.6507,302.3177,45.2175,289.3436,25.1674,13.624,12.3975,12.3975,12.3975,30
794,-14.5653,-12.1463,-4.5409,1.1631,183.4628,24.6599,188.7488,15.2815,182.1989,-3.8684,-15.6723,-15.6851,-15.6851,-15.6851,20
795,14.0745,18.2531,20.4177,32.8546,248.3439,56.2651,270.9248,57.1141,272.8551,24.9331,10.413,10.3832,10.3832,10.3832,20
796,19.9838,23.4595,29.3038,40.8432,336.9237,76.6747,343.4034,61.8154,331.2894,37.521,18.0777,17.3054,17.521,17.521,20
797,-5.6525,-2.319,-0.6874,7.0001,192.4429,34.6517,226.8371,22.8416,215.667,7.4205,-8.0612,-8.2493,-8.0828,-8.4479,40
798,-8.0808,-6.1502,1.0441,7.3215,199.1136,31.1461,216.4266,30.3968,206.624,3.9843,-10.1373,-10.8813,-10.3816,-10.0766,20
799,-17.7128,-15.8553,-12.5609,0.6956,180.4703,23.745,188.663,11.6341,183.4333,-3.6582,-17.3641,-18.4932,-18.4932,-18.5603,40
800,3.5256,5.307,11.5693,17.9997,232.1775,42.4777,251.7961,37.8582,247.2329,17.5835,1.9454,-0.4577,-0.4577,-0.3937,20
801,2.8178,3.7819,7.9613,19.7137,250.462,49.0985,266.3528,40.1054,253.6189,15.6201,0.1884,-0.2291,0.1194,0.1194,20
802,24.3974,28.1022,37.1671,51.7075,314.408,94.9501,336.5579,62.7136,319.8059,40.5912,21.6861,20.8874,21.1904,21.5148,20
803,-5.6194,-1.3077,6.2674,17.1729,224.033,47.997,243.7882,27.414,233.2794,4.7689,-5.733,-7.0701,-7.0701,-6.7217,20
804,-11.9604,-11.9356,-5.7875,3.1243,203.8139,26.5762,212.6988,21.9784,209.7145,-4.0666,-13.9328,-14.0145,-13.7542,-13.9123,20
805,-2.2858,3.1384,5.2367,12.0867,239.9164,42.5458,246.3123,23.2696,224.6631,9.3166,-7.633,-8.2384,-8.5248,-8.2384,30
806,2.7801,4.6142,10.9848,20.8602,276.7623,64.9877,280.9472,39.3026,248.5953,16.0635,-0.3161,-0.852,-0.852,-0.852,20
807,-1.2928,0.5457,4.3417,12.2942,229.7227,46.8783,243.9426,27.0486,229.0406,8.9084,-3.301,-3.377,-3.6469,-3.6469,30
808,9.4315,12.621,16.1312,25.8238,278.1206,58.6047,288.0944,47.9093,266.0575,21.9018,9.0318,7.5402,7.0504,7.0504,30
809,10.2114,11.5548,22.2855,33.1811,275.6827,71.1566,288.5946,48.4552,285.2637,26.4323,8.4293,7.6194,7.6194,7.6194,30
810,1.7516,3.5503,8.6444,16.617,241.3673,49.8737,242.7202,35.2626,223.6672,8.6853,-0.6794,-0.442,-0.8924,-0.8924,30
811,23.9584,25.6783,26.0005,43.3276,299.9026,69.0165,307.0979,63.7734,305.8505,36.7345,22.6973,22.7326,20.97,20.97,30
812,5.7508,10.5409,14.2386,26.2846,284.1447,64.5619,301.5596,38.6314,270.5647,19.4701,3.2894,3.2889,3.1312,2.3179,40
813,-3.031,-1.8895,5.4323,19.1643,225.0201,48.3226,230.8073,28.4575,218.577,8.2199,-4.4228,-4.2392,-4.1856,-4.1856,10
814,6.1669,8.0014,12.3297,25.8731,268.2291,70.1508,272.915,37.2377,253.7215,22.3097,1.5469,1.7504,2.947,2.1552,10
815,7.5999,9.3843,13.6252,23.7993,257.7546,60.6584,268.8074,46.7373,252.642,20.0603,4.5913,3.7829,3.8329,4.0015,20
816,10.025,11.3948,15.8265,30.0812,245.1833,50.9582,250.9479,39.2853,242.49,23.6476,8.4542,8.4803,8.1092,8.4666,30
817,-1.103,2.3039,5.8747,23.5448,226.251,52.4542,237.0348,36.9435,225.7076,13.8945,-2.102,-1.6529,-2.6111,-2.7065,40
818,-16.7095,-16.9413,-11.959,-5.8461,173.426,19.5013,184.6717,7.8414,181.9997,-11.17,-19.906,-20.0168,-19.4771,-19.3232,20
819,-4.1824,-2.2152,3.4748,15.6548,218.1802,29.2489,229.9744,27.3917,218.2463,3.7046,-5.7697,-6.4486,-6.4486,-6.4486,20
820,1.8883,8.2115,11.7603,23.9485,237.2434,49.3088,252.8825,48.5807,244.7835,24.9713,0.4564,0.7017,0.0034,0.0034,40
821,24.8658,30.9746,35.3175,43.4818,296.0823,88.1983,309.239,65.0107,308.1601,37.8929,24.9028,24.9028,24.9354,24.9354,-40
822,10.5931,11.0834,16.1942,30.2054,259.9494,70.3907,274.7183,48.2801,263.2864,21.4288,9.9669,8.5271,9.0446,9.2401,20
823,34.3504,34.6253,38.0349,53.1285,316.9362,91.1299,324.4202,74.5417,312.707,48.8209,29.4925,27.6856,27.1666,27.3639,30
824,-3.7081,1.0772,5.212,11.8243,219.5991,43.297,242.5435,29.2029,223.3068,9.9656,-5.8167,-6.3228,-6.6321,-6.7694,40
825,21.4751,22.4622,32.4075,37.1562,284.6214,62.9719,314.1677,54.9669,295.3867,31.725,18.4273,16.7227,16.3235,15.9358,40
826,-5.965,-7.4579,-0.638,9.9949,202.2689,39.7256,227.8628,27.3558,214.0376,1.4886,-9.9215,-9.503,-10.4183,-10.4183,30
827,13.5217,15.1729,22.1169,31.206,275.7949,62.4927,285.7222,44.9974,267.2344,26.1499,11.9355,10.4498,10.4498,10.4498,40
828,8.9043,9.9275,13.8091,28.6586,247.6561,59.4133,254.9816,50.9494,243.2818,23.7049,7.9262,6.4745,6.3633,6.3633,30
829,11.3477,13.8913,17.8169,26.3912,265.7246,51.1947,287.9544,43.8424,266.7982,20.125,10.5287,7.9715,7.9715,7.9715,20
830,-8.9581,-5.7771,-0.56,4.6941,199.6504,44.4931,222.1657,24.4037,211.1876,3.5444,-10.4088,-11.8411,-11.8411,-11.8411,20
831,18.4189,23.8078,33.2492,49.8221,279.2697,80.9923,300.6652,65.115,283.08,35.1366,17.3517,16.7375,16.7909,16.4735,40
832,10.6128,13.2728,19.9806,32.1718,250.1266,50.1858,257.9539,50.8896,250.441,24.1898,9.309,8.0995,7.9419,7.9867,30
833,-10.4248,-9.5869,-7.0903,2.0333,204.8694,30.1179,210.9297,23.6174,198.8494,-0.6224,-12.2628,-12.2523,-11.7808,-12.0476,10
834,-0.0158,3.8888,6.732,20.7282,240.8796,47.5246,247.0901,36.3041,242.7059,12.3699,-1.559,-1.6949,-1.2088,-1.4337,20
835,35.3757,39.197,46.3215,65.7518,360.3642,104.1434,370.0591,85.1251,356.2416,60.1593,34.7983,33.9965,33.9965,33.9965,30
836,-0.1912,5.9087,8.6006,18.0122,228.485,47.7084,235.2019,23.9904,230.9573,8.7961,-2.3771,-2.9692,-3.2583,-3.2583,30
837,10.6541,15.2414,18.7216,32.6317,243.2359,56.4959,245.8829,46.3355,234.0592,29.9958,7.6989,7.4429,6.5598,7.068,30
838,-6.5356,-5.7616,-1.4682,5.9506,204.5816,30.7969,219.9166,20.594,200.7994,6.2286,-8.065,-8.8197,-9.2484,-9.0943,30
839,-4.6403,-2.0147,-0.5928,10.6743,210.0683,41.8012,230.5145,23.2556,227.3238,6.8208,-6.3793,-6.7225,-6.7755,-6.8028,40
840,9.226,18.3686,21.6365,29.5265,260.2112,65.5153,260.8907,41.2459,258.3943,24.2397,6.8208,6.516,6.1038,6.4809,30
841,15.8248,17.7993,26.3605,38.3925,269.1107,60.5343,276.6197,48.6144,262.2357,28.6734,13.9231,13.8004,13.8921,13.8921,20
842,-8.1672,-7.259,-3.0522,11.2478,201.9962,32.4169,212.7287,27.22,213.6154,2.5005,-9.3406,-9.5801,-9.5532,-9.5532,20
843,4.147,5.4221,6.4231,20.628,247.2816,49.1462,265.0337,43.4416,261.7623,19.0312,0.6829,0.8818,0.2562,0.6804,30
844,12.5681,15.7259,19.3715,28.5619,287.5235,79.7832,292.5327,49.5448,274.1477,24.2845,11.3243,10.1647,10.2104,10.2104,20
845,3.4563,7.5749,10.4722,24.6067,246.6617,54.1359,264.7815,37.7855,250.3054,17.7608,3.4755,3.1899,2.9686,2.9686,30
846,16.1787,16.9886,22.2314,32.1707,251.7362,59.2915,288.0833,45.286,272.3796,25.3162,10.9666,9.5871,9.6551,9.9092,20
847,-3.8371,-2.4597,3.6871,15.7217,226.1812,38.3603,232.5474,33.0611,220.364,12.2616,-3.5286,-4.7877,-4.7105,-4.6795,20
848,12.4452,14.4355,19.8349,30.4818,262.5732,66.6938,274.0733,44.3153,263.8546,22.3044,10.976,9.4493,9.2675,9.2675,30
849,-2.8411,1.765,1.3149,14.4926,233.4235,44.2912,240.5723,32.7042,220.974,7.7965,-4.8015,-5.2854,-5.2854,-5.2854,20
850,18.3136,20.9364,27.5809,41.5219,290.7439,68.1824,299.9211,56.1966,303.6092,29.9982,14.7256,14.2655,14.2655,14.3245,20
851,-5.282,-3.3407,-0.469,7.3591,200.5903,31.7651,233.5578,25.7479,221.8324,7.8281,-9.3255,-9.3892,-9.4492,-9.7329,40
852,8.3788,9.4488,12.0825,24.2418,271.3085,54.2553,282.0811,49.5297,276.3849,16.2618,6.3336,6.4668,6.0374,5.975,40
853,37.9352,40.3143,45.6859,68.1988,333.903,106.2345,344.7113,80.4361,324.1359,49.5103,31.2678,29.9212,29.8886,30.0208,30
854,11.3232,14.0779,22.2817,30.6338,266.0323,55.7827,273.3989,46.9559,265.4922,21.092,5.6023,5.7234,5.5648,5.5648,30
855,16.2797,21.3561,23.3259,32.2227,287.8403,66.4359,316.6518,58.2911,310.2757,31.6056,15.2421,14.4337,14.3256,14.3256,30
856,-3.867,-2.6733,5.719,16.9166,227.958,53.0654,238.2906,30.975,222.6429,13.9104,-3.2111,-4.2778,-4.5787,-4.9373,40
857,15.3117,18.7133,29.4061,35.2774,301.6541,75.7545,303.6867,47.3311,278.0724,36.5649,13.592,13.0766,12.9046,13.2011,30
858,21.2042,21.6908,26.0287,43.0444,278.0654,68.0757,289.0633,57.9507,271.3476,33.4304,19.7535,18.823,18.6943,18.6405,40
859,-1.5774,2.3847,3.9455,18.9739,218.3568,44.5988,232.3649,29.7916,222.3535,7.7059,-2.2261,-2.9704,-2.9704,-2.9704,20
860,5.6258,6.665,12.2987,21.1089,246.368,40.5183,277.2803,30.9998,254.5585,17.0681,4.2477,3.8717,3.8717,3.8717,40
861,10.0857,12.6289,19.7797,27.9604,275.4388,54.3657,284.4746,44.5895,266.7117,21.5523,9.0151,7.8828,8.0583,8.0583,20
862,-8.3143,-7.1545,-5.1833,2.4418,205.3665,23.3844,218.1781,17.0903,203.4014,1.3308,-9.1619,-9.8048,-9.8048,-9.8048,20
863,0.0726,2.5745,8.5198,14.7817,232.0018,42.3037,262.532,36.488,243.4954,10.0743,-2.2371,-2.9782,-2.7749,-1.8704,20
864,-3.4757,-2.3825,1.4602,11.1915,223.9697,32.9406,241.5887,24.2107,222.9464,9.6238,-5.6564,-5.7206,-5.6149,-5.9059,40
865,16.5898,20.3509,26.3118,40.2476,282.0976,57.5668,299.8369,58.3426,287.1277,28.1191,17.0045,15.9231,15.9231,15.8,40
866,10.1187,12.2557,17.5562,30.9005,272.0161,65.468,279.2046,42.7833,271.3576,20.0494,7.4446,6.0972,7.2329,6.6595,20
867,-3.3728,-1.9179,2.1914,13.947,216.3546,41.7899,219.4221,21.8205,220.044,3.3862,-4.6314,-5.5739,-5.5739,-5.5104,20
868,-5.8029,-3.5093,1.2526,10.5514,204.0682,38.2743,215.291,18.2211,199.4251,6.1069,-8.2795,-8.2798,-8.8817,-8.6908,30
869,4.9302,8.9272,13.0495,24.2322,240.3583,53.2631,247.1529,42.7979,240.4044,17.555,5.5109,5.163,4.8315,4.7972,40
870,29.7601,30.1441,41.9264,50.1279,313.9361,93.4188,351.2841,76.2334,324.2692,44.0201,27.0547,26.532,25.9696,26.414,30
871,8.1899,11.4061,16.636,24.8884,270.9822,63.0039,278.7165,46.6628,260.7113,19.3001,6.1071,5.6223,5.6223,5.6223,20
872,1.1639,1.7529,10.9777,14.7774,228.9688,47.7183,247.5456,33.9747,247.0618,13.0578,0.7659,0.2204,0.2204,0.2204,20
873,5.5527,7.3059,13.6972,23.7755,253.354,45.7695,268.2002,46.4349,256.2141,20.9253,4.041,4.041,4.041,4.041,20
874,0.7509,2.5543,9.6301,16.8418,252.6172,48.2824,269.2628,45.5517,244.7279,12.4071,-2.6927,-2.6351,-2.4541,-2.7018,40
875,6.7715,7.4266,10.3394,22.5525,249.6573,63.4593,284.0769,47.9742,270.3817,16.9222,5.0949,4.2253,3.4234,3.7588,30
876,-5.0475,-3.3772,4.6428,8.4727,191.923,37.5707,199.1191,20.9959,192.3634,5.7701,-9.1748,-9.4735,-9.4538,-9.1772,20
877,-4.3715,-3.6881,0.9397,12.0375,225.2467,41.3115,242.4545,38.3821,235.7852,6.9433,-5.7324,-5.7324,-5.7324,-5.7324,20
878,3.9728,4.4341,4.399,16.4333,239.9555,47.7817,249.0893,37.9025,240.3015,10.6119,3.2192,2.0975,1.5425,1.5425,30
879,-10.7812,-9.2093,-5.5586,6.6283,203.9986,28.6392,222.7524,21.8011,212.8308,4.3686,-11.9491,-12.1594,-11.5882,-11.5882,20
880,8.2561,10.5635,13.2546,27.6037,261.7373,58.0286,262.4663,42.3065,257.3087,23.3378,6.1392,5.4806,5.3504,5.4806,30
881,4.2675,6.4869,9.2991,18.0495,215.3846,51.8389,222.8385,38.4476,220.9675,9.6518,2.1077,0.3969,1.2244,0.4096,20
882,-7.5596,-5.7594,-4.8248,7.3642,207.2843,49.9882,228.1024,17.6596,215.4316,0.4174,-9.4671,-9.4342,-10.0375,-10.0375,30
883,0.2238,4.0728,6.7959,22.8641,237.0066,46.2428,277.136,36.2242,253.0311,8.0044,-0.8148,-1.2732,-1.3733,-1.3733,30
884,3.085,3.8575,10.7753,17.6939,243.7645,53.451,256.7326,30.6848,233.7838,15.3451,2.666,2.7893,2.4908,2.4908,30
885,0.9776,1.7943,9.1081,19.1093,235.181,49.6808,241.2588,43.3361,236.5277,14.1024,0.0568,-0.9659,-0.9659,-0.8471,20
886,3.5442,5.5597,9.2244,18.7445,232.809,41.7607,254.793,43.3434,241.5339,14.7849,1.6373,0.6223,0.6223,0.4131,40
887,12.5646,12.8713,16.0581,32.218,272.644,64.0771,289.3021,50.1557,274.0929,27.9833,11.0805,10.5712,10.5858,10.5733,20
888,-12.502,-11.0558,-6.0421,5.7795,173.6091,26.8333,186.243,17.5837,178.5157,-2.4022,-13.5178,-14.0753,-13.8925,-13.8925,20
889,-8.6884,-7.5371,-1.548,15.7789,207.8815,39.1483,218.7086,34.2359,216.1741,5.8483,-9.5487,-11.8463,-11.8463,-11.8463,20
890,25.6055,29.7819,35.3054,52.4345,330.1586,84.44,329.9657,71.7286,325.7939,44.9484,20.3948,20.3948,20.3349,20.6272,30
891,0.4923,2.6355,9.6215,18.536,233.5308,45.5545,238.9414,34.023,234.7297,17.0779,0.882,-0.3742,-0.3742,-0.4033,40
892,-2.6556,-0.2947,2.3528,9.3431,225.7469,29.5203,231.1037,26.6873,227.4788,7.3996,-4.6546,-5.254,-5.8182,-5.8182,30
893,-3.5867,-2.6926,2.4463,13.5178,207.8837,35.7511,232.4815,33.912,219.0897,6.3705,-3.6319,-3.9868,-3.9868,-3.9868,30
894,17.0041,19.0196,28.1352,41.9191,310.7075,71.6546,323.0846,58.3049,312.4617,33.6779,15.8674,15.6838,15.7492,15.501,40
895,-7.5098,-5.4649,-1.7435,7.086,197.3658,38.638,221.8654,20.1648,214.1169,1.9407,-8.9376,-8.9891,-8.8017,-9.1654,40
896,6.2925,7.1496,13.3216,22.9558,257.219,43.6351,259.0278,37.691,242.865,19.5452,3.1814,2.7846,2.9306,2.5682,40
897,1.5648,3.566,9.4488,20.4839,237.7039,48.1162,245.9969,38.5945,232.0922,13.6608,-0.3254,-2.0262,-2.0262,-1.9843,20
898,4.8922,7.1845,13.8071,28.0069,247.0241,50.0014,252.9835,37.9555,229.1704,21.7344,4.3284,3.4377,3.8238,3.492,20
899,-2.6371,-3.3142,3.1138,5.4066,222.454,40.6,248.7843,26.1866,229.6908,8.2981,-5.2591,-6.4737,-6.4929,-6.7738,40
900,0.8534,3.4783,8.9397,16.328,241.6389,44.35,256.6472,28.6386,241.0192,11.3789,-0.6184,-0.7221,-1.0496,-1.0897,40
901,12.1776,13.9748,19.6046,34.8406,257.4472,59.0077,280.022,47.6645,271.5989,21.818,11.6328,10.0846,11.0008,10.7406,20
902,-3.9537,0.236,4.9871,16.8512,222.3909,45.9236,226.1355,29.1705,212.3935,12.9105,-4.9248,-5.0823,-5.1644,-5.1544,30
903,15.434,18.0768,23.2548,38.0894,290.0002,63.2773,303.1283,52.8599,287.8172,30.2022,13.2604,14.1443,13.3977,13.8572,10
904,15.1578,16.6208,22.833,35.5653,270.0502,61.4888,282.9684,53.6979,269.4016,28.308,12.524,12.4536,12.4536,12.4536,20
905,3.6054,5.2654,11.1625,23.2713,259.1612,55.0906,274.9798,39.1832,256.6065,13.0578,2.921,2.4935,2.1454,2.1454,40
906,-5.0429,-2.5652,-0.5113,10.4464,224.597,44.4884,236.392,18.7333,229.1653,7.2776,-7.3565,-7.8675,-7.3376,-7.3376,20
907,-2.2059,-0.4202,4.5361,12.1883,255.66,42.4808,263.2724,24.0365,237.9039,8.923,-4.5129,-5.8555,-5.8555,-5.8555,20
908,15.4249,20.0241,25.1337,35.9525,311.4287,87.8331,321.592,65.5092,296.7671,29.7586,14.2063,14.3999,14.0316,14.0316,30
909,23.6786,27.6377,37.0873,42.8558,312.654,68.6765,312.9021,57.4419,292.2623,39.146,22.6645,21.5831,20.5353,21.4272,30
910,-0.5789,1.1373,-0.2349,13.8908,238.1256,51.5071,264.6442,34.331,252.6426,10.7024,-3.9069,-4.2192,-4.573,-4.573,30
911,1.1884,5.5029,10.3964,20.9588,243.4866,51.8899,248.3171,34.6235,241.2179,11.9011,-0.4375,-1.921,-1.7365,-1.6688,20
912,11.4856,14.2635,20.1104,33.4598,262.8883,60.0374,262.0106,45.631,250.3672,25.6417,10.4844,9.5976,9.5976,9.5976,30
913,16.4854,20.0113,24.9946,41.8581,293.5682,77.946,298.166,52.4638,284.6828,30.941,14.7335,14.0762,14.0762,14.0762,20
914,-7.1021,-1.464,-0.3109,9.7326,207.358,34.1534,225.638,24.4533,218.9971,8.655,-7.4544,-8.333,-8.6629,-8.6629,30
915,26.2084,29.9667,34.0875,58.2032,321.1897,94.1212,327.6944,81.8677,316.3622,43.8916,25.1913,24.7726,24.69,24.69,30
916,11.2133,13.1241,18.7411,33.6708,254.5984,62.1037,263.406,51.8087,256.8729,29.5191,8.6079,8.0266,7.5207,7.1043,40
917,-6.4894,-5.9805,0.9943,12.7293,212.7069,44.8312,228.6579,23.2118,221.0952,9.9952,-7.769,-8.4356,-8.4356,-8.4669,40
918,-6.2461,-5.7157,2.062,10.8156,218.4282,41.0716,232.0995,29.2297,214.583,9.7932,-7.531,-8.4022,-8.4022,-8.4022,20
919,23.7681,29.0426,35.0595,42.0947,301.4736,70.344,326.7958,56.8305,325.9638,39.7605,21.2335,20.5712,20.5712,20.5712,20
920,-3.0383,0.4628,8.7763,19.644,231.2611,57.9375,240.4942,35.8928,221.9235,10.1798,-5.6786,-5.3055,-5.6339,-6.4336,40
921,1.2704,2.5627,11.3855,14.4803,213.8931,48.5103,241.8971,41.2803,235.778,12.3982,-3.5005,-2.9632,-2.9632,-2.9632,10
922,11.3722,11.8907,12.9913,22.1537,257.7667,51.5264,269.7593,38.8037,266.7049,20.3429,7.5112,6.2363,6.2363,6.2937,20
923,-4.3342,-0.9552,6.2562,18.7533,206.4729,46.2097,212.6685,32.6402,207.29,8.5412,-5.2861,-5.4432,-5.4432,-5.4432,40
924,7.2504,11.0147,16.1477,28.843,276.7689,62.1087,280.1439,44.1983,262.9513,20.2046,5.9225,5.5029,4.8216,4.8216,40
925,-7.3177,-5.3626,1.3072,7.5833,200.0906,33.5739,210.4268,25.4812,200.702,5.9061,-8.655,-9.1995,-9.1995,-9.1995,20
926,7.3959,10.6159,11.5898,21.0088,244.9087,51.9533,248.8322,36.1959,242.2656,19.6881,4.623,3.1369,2.3411,2.3411,30
927,17.9292,18.7526,20.9089,34.0627,287.9707,63.6039,324.4327,64.5563,308.833,29.9929,15.7792,15.5611,15.6864,15.6864,20
928,3.667,7.1004,12.3058,24.9254,250.0063,60.1218,262.2863,34.1209,254.9185,10.3942,0.2752,-0.7185,-0.7185,-0.3563,20
929,-5.464,-2.6616,1.3788,10.6723,215.3092,36.0493,225.0694,19.4137,218.8765,3.5145,-7.5608,-8.0658,-8.3937,-8.5972,40
930,6.6574,8.7332,12.4793,23.8836,244.8685,46.8272,247.0887,37.3483,239.948,15.5316,4.7551,4.0743,3.8124,4.2157,30
931,1.9448,2.4339,8.8659,20.3035,231.1735,48.3718,252.5519,31.542,239.4892,15.6395,0.8023,0.1007,-0.046,-0.046,30
932,24.2657,25.7016,32.7505,45.053,306.6675,75.2631,312.9168,58.9452,299.1601,36.9103,23.4885,22.4242,22.4242,22.4242,20
933,-16.4274,-14.8802,-8.6012,3.5807,195.1179,24.2046,197.7205,10.4876,185.5287,-5.8281,-18.621,-18.621,-18.6459,-18.5281,30
934,1.8704,5.2246,7.2163,19.801,242.8464,48.5633,266.7148,37.0826,251.3379,11.3738,-0.6098,-1.6191,-2.2311,-2.2311,30
935,15.2047,22.3254,29.6223,39.054,311.1875,64.989,309.9528,55.0391,289.8872,28.5816,13.7267,13.3589,13.3589,13.3589,20
936,-5.251,-3.0855,-0.165,12.7648,205.1006,36.7591,226.6842,26.4644,222.6314,5.1646,-5.7477,-6.2133,-6.2338,-6.2338,40
937,-13.8433,-10.6983,-3.7973,-1.0744,204.6284,26.7441,226.1179,16.2837,209.1061,-5.2335,-14.6009,-14.9536,-14.9536,-15.0277,40
938,6.3991,7.175,9.8408,22.5707,227.4809,56.701,235.8021,38.8597,229.7496,16.0855,5.1293,4.1554,4.1265,4.3885,30
939,-2.1429,-0.1243,5.1933,19.1864,218.1415,44.0954,235.8316,36.3946,223.7044,11.0681,-4.528,-4.8185,-5.0039,-5.0039,40
940,5.6612,10.6183,12.7114,20.4135,240.9011,47.9024,254.16,44.5608,250.67,16.805,4.51,4.3298,4.5643,4.5643,20
941,-3.3179,1.4196,5.5529,9.5938,213.3236,45.0284,240.9334,30.9315,228.3441,9.2433,-4.8549,-5.6317,-5.0669,-5.5916,20
942,-2.5172,-1.1305,3.242,18.3381,226.4962,40.3721,232.8699,39.2621,219.8968,9.1851,-3.5826,-3.93,-4.3635,-4.0494,30
943,19.4088,22.4092,29.8248,44.3276,290.0859,73.1583,304.6214,52.4789,297.533,33.9373,17.6354,17.6354,18.0108,17.1739,40
944,5.0305,9.2474,12.3425,28.3455,246.8616,52.9443,260.7406,41.8483,256.9693,20.2319,2.2147,0.7156,0.7156,0.7156,20
945,11.8062,14.9478,22.3145,35.4399,275.9612,64.5084,300.5483,58.837,271.3829,25.4921,9.5651,8.7348,8.7348,8.3512,40
946,2.733,4.9474,10.6032,24.395,226.4189,55.0724,234.9481,34.8302,225.1731,17.5929,1.1526,2.5107,0.9802,0.6131,40
947,15.3003,16.0383,20.0641,36.9781,275.3503,66.7749,279.315,53.9693,260.8806,30.9305,13.967,11.7365,11.9706,11.7618,20
948,-12.3733,-11.6911,-9.4389,2.4452,193.4347,22.2988,207.4219,17.9748,201.0091,-3.5391,-15.1631,-14.9839,-14.5314,-14.6335,10
949,6.589,8.4868,13.5391,24.0575,284.3197,59.2874,298.7344,42.8489,273.9919,17.4771,6.0801,6.0797,6.1019,6.1019,20
950,-5.4627,-3.1265,2.8442,15.6808,230.6618,40.3567,228.9413,28.8873,215.1971,3.8278,-7.8377,-7.6576,-7.7213,-7.854,40
951,14.3475,16.7887,21.376,29.8189,264.8147,56.8889,271.0803,55.4893,266.8655,32.4302,14.11,12.7152,12.7152,13.4018,20
952,7.2844,11.1905,15.5398,28.1547,243.8503,54.0029,256.4975,42.1503,253.8963,18.3634,5.8723,6.0264,5.6946,5.6946,40
953,7.1757,7.7096,10.6958,23.424,236.4752,49.7346,270.4172,36.8544,257.7468,18.4917,3.8179,3.159,2.6449,2.6449,30
954,12.2601,12.3494,19.7933,28.9898,274.1885,55.6567,276.8605,51.8005,265.4389,24.3626,7.889,8.2351,8.5923,8.7602,10
955,5.638,9.8111,12.3702,21.5009,253.8045,41.7157,257.3703,43.2437,248.1881,22.2793,5.2403,4.6454,4.6049,4.6321,30
956,20.3586,26.5385,33.153,46.6044,297.8003,76.0953,323.7744,70.3663,305.1789,40.3243,19.5105,19.5498,18.6046,18.6046,30
957,6.3161,7.3899,10.5777,31.3607,258.6627,60.5401,278.3805,46.1466,268.2494,20.8441,5.4427,4.7295,4.6256,4.6256,30
958,8.5825,9.2941,11.6385,17.1995,253.8545,46.1865,258.1951,47.977,245.0641,15.4334,6.1318,4.6498,4.6498,4.6498,20
959,14.2477,15.987,17.2316,30.5868,291.65,61.345,301.1083,42.1612,281.89,24.9303,8.457,8.1613,7.6504,7.6504,30
960,23.611,26.0552,30.6231,49.1787,301.8149,96.6225,330.6367,57.304,317.7296,35.9724,21.5825,21.2865,21.3353,21.3353,20
961,-10.2644,-8.7991,-7.524,0.7997,187.2473,32.1022,197.7571,18.9933,194.6532,-0.7193,-12.7498,-12.6622,-12.6467,-12.6467,10
962,8.7375,11.3489,20.5126,26.5311,261.595,61.9924,296.0377,46.957,279.96,24.2281,7.3543,7.0318,6.4717,6.4717,30
963,-3.2085,-2.8968,0.2202,10.4048,207.7073,40.885,220.5175,32.9888,214.4016,6.2516,-3.8207,-4.0713,-4.2872,-4.0974,30
964,-6.6515,-3.1157,-0.0586,11.8462,210.3384,35.2156,225.5215,25.1726,208.5394,6.2592,-7.8074,-8.4392,-8.3548,-8.3424,20
965,12.2465,17.6784,23.334,33.6926,263.1533,61.4959,284.1031,57.2971,262.3947,28.1132,7.7293,7.7203,7.4951,8.6394,30
966,5.823,10.9147,16.3643,21.7933,219.1412,47.4708,258.9848,43.0575,245.9638,15.2989,5.1924,3.5595,3.5595,3.6789,20
967,15.2215,17.8276,17.8352,28.4239,268.5208,62.986,289.1955,52.42,275.0777,25.2862,10.5964,10.3445,9.8563,9.8563,30
968,10.1586,10.7977,13.6002,33.4824,254.0314,58.2003,268.3034,43.5752,259.992,17.8627,6.8559,6.7294,6.2878,6.8372,30
969,3.4184,6.8084,12.1187,19.9827,231.238,48.5081,242.5991,35.9067,230.4152,14.2316,1.4979,0.5456,0.5841,0.644,20
970,-7.6627,-3.7452,1.5001,11.1085,221.2202,44.0324,234.3073,21.8759,221.122,6.2598,-9.1167,-9.3755,-9.2174,-9.1263,20
971,-16.738,-15.9307,-12.3076,-4.0541,181.814,17.7054,188.173,8.3601,178.4104,-7.9007,-16.6915,-17.4727,-17.7281,-17.6879,30
972,-7.3461,-6.0018,2.5779,11.815,230.0574,40.1871,236.4632,25.6251,232.3345,5.452,-8.3514,-8.4832,-8.4832,-8.4832,20
973,5.178,8.7728,13.7326,21.2999,245.9545,56.3127,254.3665,44.3426,254.2659,20.9544,4.7369,4.7096,4.7095,4.7095,30
974,-8.0972,-5.4315,-1.7191,9.3734,213.4423,27.1059,226.1247,21.7138,213.4171,2.8739,-8.4752,-9.6281,-9.6281,-9.7398,40
975,18.32,20.5555,27.9682,40.6271,310.3138,81.0088,331.9459,67.6554,307.9361,39.7864,17.9991,16.8888,16.3733,16.3733,40
976,5.8099,8.4402,14.6784,27.4434,259.6979,62.7239,277.4218,42.7498,263.3429,15.6845,3.9059,3.5552,3.5525,3.5525,30
977,6.7158,6.0085,8.3279,19.4141,231.4617,44.2075,242.8041,41.8464,230.7218,17.6366,2.6774,2.1362,2.0648,2.0648,30
978,-5.6171,-2.0234,5.2332,11.0478,217.0561,38.9492,225.4546,27.4993,222.4423,5.6294,-5.862,-6.9467,-6.952,-7.077,40
979,-4.8521,-3.4254,0.3524,12.8949,246.9903,39.3323,267.2792,21.6508,246.3485,5.3468,-5.6751,-6.3325,-6.3325,-6.3325,20
980,-0.2538,4.1108,8.48,15.1242,237.8271,48.9677,246.5837,39.3854,226.2543,6.0657,-0.8182,-0.6947,-1.2965,-1.2439,30
981,-4.1958,-1.5739,2.5839,10.5522,213.6459,36.0714,227.7237,23.518,212.4138,6.0724,-5.9801,-6.239,-6.0586,-6.239,20
982,-4.0506,0.342,1.0619,11.2651,225.6882,34.0449,226.0503,31.7296,221.997,9.8109,-5.8949,-5.3232,-5.1674,-5.0573,10
983,4.5061,7.5036,14.4407,30.8077,242.1669,63.0457,263.436,39.617,239.1432,16.6343,2.7074,0.5189,0.5189,0.5189,20
984,11.0958,13.2943,16.7038,33.4564,258.4715,61.0876,260.7812,43.9771,247.2034,22.8928,8.9164,8.1517,8.1866,8.4707,20
985,1.5664,1.8938,6.9212,24.6076,238.7614,47.6099,261.4295,37.8452,247.1651,16.5692,1.271,0.8238,0.6662,0.8191,30
986,17.5067,19.1379,24.2798,35.4223,265.0696,61.3901,299.6567,59.0761,293.4444,37.2579,17.5,17.1575,16.2645,16.2645,30
987,12.5739,15.7173,22.4063,33.1391,260.648,59.9666,267.9864,51.8617,261.125,25.6295,11.5352,9.9738,9.9738,9.9738,20
988,14.3613,17.56,20.9881,34.3927,266.7422,70.5548,290.0544,48.6959,277.4299,26.0139,12.9865,12.4478,12.4891,12.4891,20
989,13.2449,14.8038,17.1795,34.7047,296.0228,71.8262,322.3874,54.0257,291.6739,31.6028,12.0445,11.553,11.553,11.4533,40
990,31.9501,32.8002,36.0572,44.3606,297.8532,85.2632,336.7621,79.0793,319.5694,50.3354,27.5191,27.0081,27.0081,27.0081,20
991,-12.0583,-10.5397,-1.7492,1.8062,201.9033,23.6495,207.222,21.4451,191.1127,-3.0015,-13.8983,-14.4504,-14.5517,-14.5517,30
992,-1.4441,1.0989,6.3176,22.8313,242.5337,44.8263,254.345,34.157,253.0375,14.276,-1.4503,-3.0628,-3.0629,-3.0629,30
993,9.2076,11.7059,14.2816,21.717,260.4315,59.0904,264.803,41.3925,256.0617,25.3796,7.7268,7.754,7.6274,7.6274,30
994,13.8288,14.9131,22.9361,34.2759,272.5193,55.1694,289.0974,47.8881,286.7727,23.3793,8.6578,8.6578,8.6578,8.6578,20
995,13.7903,17.0869,24.4305,32.2027,273.6232,66.7129,283.0715,55.1646,276.7174,27.1243,13.8076,13.8005,13.4236,13.4236,30
996,13.4851,15.0695,20.8615,37.2879,284.6587,63.8686,290.1869,52.4343,279.1826,31.3537,10.1606,9.647,9.6983,9.6983,20
997,7.0189,9.7708,20.3362,31.3118,245.3294,48.6377,273.3662,37.7964,259.9327,20.2441,5.2833,4.0779,4.5242,4.1477,20
998,15.1201,18.6588,22.5391,33.6029,277.4129,66.6421,299.7846,59.2615,285.6816,28.1607,9.1951,8.4801,8.5391,8.112,40
999,-10.3941,-5.6661,-1.7613,7.7196,206.9514,29.7042,220.0047,29.9529,215.4077,4.9424,-11.2446,-11.8009,-11.6881,-11.8008,20
