instance,-40,-30,-20,-10,-5,-2,-1,1,2,5,10,20,30,40,lkh_cost,best_k
0,1.650392,1.691043,1.700998,1.970921,5.460968,2.330883,5.669674,2.267573,5.513144,1.883484,1.638403,1.618528,1.612648,1.612648,1.716446,30
1,1.600526,1.620449,1.655922,1.826395,5.023818,2.126863,5.211545,2.050153,5.137014,1.790004,1.555357,1.539054,1.537213,1.537213,1.588282,30
2,1.640511,1.670958,1.783305,1.92036,5.246072,2.492303,5.804364,2.406719,5.751654,1.962676,1.635837,1.627117,1.623116,1.628033,1.740016,30
3,1.578983,1.697156,1.816734,1.964612,5.435554,2.417185,5.582197,2.218202,5.259368,1.872418,1.544921,1.544921,1.544921,1.544921,1.602808,20
4,1.646204,1.683493,1.723891,1.872736,5.556451,2.293482,5.690984,2.090232,5.445037,1.864571,1.62344,1.623046,1.620488,1.618512,1.514777,40
5,1.544259,1.580499,1.672495,1.833544,5.207229,2.320329,5.262244,2.053383,5.110331,1.709596,1.518831,1.518831,1.518831,1.518831,1.540912,20
6,1.672181,1.709698,1.753944,1.934836,5.825484,2.211152,5.865204,2.203852,5.646613,1.909768,1.617155,1.597562,1.597562,1.597562,1.597726,20
7,1.639544,1.700068,1.820995,1.921932,5.558444,2.304545,5.665066,2.107844,5.384069,1.843707,1.61929,1.6109,1.60213,1.60213,1.290063,30
8,1.737115,1.781226,1.878114,2.251944,5.382745,2.715508,6.30529,2.446163,5.919918,1.948738,1.704965,1.695935,1.682853,1.687436,1.594377,30
9,1.622493,1.632592,1.696644,1.878751,5.572696,2.399763,5.881384,2.09601,5.585088,1.801446,1.589216,1.586366,1.586366,1.586366,1.583613,20
10,1.65539,1.680889,1.808496,2.074721,5.420833,2.528222,5.764732,2.199705,5.581618,1.902877,1.622099,1.610815,1.597606,1.598789,1.610598,30
11,1.744236,1.756237,1.891026,2.017851,5.486353,2.456589,5.871565,2.253656,5.573465,1.884197,1.719823,1.710823,1.713894,1.704471,1.303332,40
12,1.484585,1.539254,1.588558,1.747086,5.120514,2.176861,5.296746,1.993948,5.150646,1.606585,1.473065,1.461765,1.448182,1.448182,1.492725,30
13,1.643262,1.722583,1.883167,2.026025,5.29156,2.507047,5.641284,2.086044,5.505517,1.835545,1.604382,1.597913,1.592793,1.592793,1.606047,30
14,1.529685,1.564039,1.684426,1.807646,5.396581,2.476401,5.610322,2.07684,5.352934,1.713603,1.508898,1.508353,1.508353,1.508353,1.199281,40
15,1.642976,1.714388,1.728,1.898128,5.72125,2.66903,5.898366,2.232055,5.463806,1.870124,1.577515,1.573524,1.557389,1.570481,1.573446,30
16,1.584519,1.6038,1.690656,1.807509,5.167094,2.301322,5.522645,2.074729,5.286131,1.777415,1.527714,1.523316,1.506993,1.506993,1.659711,40
17,1.62091,1.690562,1.795252,1.888247,5.195668,2.254444,5.287304,2.016182,5.106515,1.794017,1.606185,1.606035,1.606035,1.606035,1.616187,20
18,1.549378,1.583616,1.664875,1.829961,5.315703,2.215205,5.410226,2.103527,5.252979,1.754687,1.512013,1.505519,1.511932,1.510509,1.425818,20
19,1.645227,1.669321,1.813008,1.903509,5.40947,2.340586,5.54474,2.254848,5.335806,1.811302,1.620924,1.613407,1.609745,1.609745,1.631681,30
20,1.522214,1.583036,1.597322,1.679862,5.214626,2.013585,5.327029,2.071076,5.28418,1.71242,1.51163,1.491902,1.489487,1.496289,1.589277,30
21,1.52377,1.554493,1.671959,1.759281,4.909593,2.382128,5.09266,2.08675,4.824124,1.733818,1.504956,1.4868,1.4868,1.485401,1.487003,40
22,1.61904,1.660012,1.70333,1.880088,5.274238,2.317921,5.373322,2.079531,5.281214,1.811039,1.572019,1.569322,1.569322,1.569322,1.839002,30
23,1.683048,1.739954,1.846101,2.007676,5.598684,2.384028,5.725736,2.187172,5.320261,1.944993,1.679739,1.665181,1.665181,1.665181,1.541306,40
24,1.62855,1.649634,1.690878,1.947103,5.319854,2.268686,5.34264,2.063256,5.197808,1.787902,1.550282,1.556603,1.553559,1.547932,1.494457,40
25,1.702222,1.736371,1.838789,2.058576,5.524015,2.489026,5.913916,2.515347,5.60633,1.869312,1.645738,1.652855,1.653286,1.652069,1.46785,10
26,1.654635,1.658092,1.748549,1.971511,5.423073,2.541054,5.791295,2.241313,5.654388,1.829848,1.6519,1.610538,1.590197,1.592985,1.524776,30
27,1.642049,1.724772,1.830393,1.960255,5.64569,2.422788,5.70092,2.235633,5.677408,1.776342,1.626593,1.614738,1.614738,1.614738,1.589871,20
28,1.811696,1.845789,1.941317,2.107968,5.881826,2.618678,5.992974,2.408294,5.747096,2.058189,1.771264,1.764848,1.764418,1.760103,1.448748,40
29,1.74187,1.83984,1.888231,2.042483,5.54308,2.576033,5.711508,2.245175,5.518627,1.893834,1.714958,1.699845,1.699845,1.694565,1.655441,40
30,1.608938,1.616341,1.679614,1.828641,5.34282,2.22079,5.823051,2.167849,5.574352,1.715955,1.562249,1.551958,1.551883,1.551486,1.64834,40
31,1.589603,1.602765,1.658962,1.793163,5.319272,2.129064,5.361139,2.148387,5.139692,1.735392,1.558142,1.558142,1.558142,1.558142,1.468076,20
32,1.631218,1.66467,1.727074,1.914755,5.220784,2.288998,5.440738,2.164248,5.267794,1.813516,1.573059,1.56554,1.56554,1.56554,1.406913,30
33,1.65402,1.682263,1.732202,1.892867,5.497863,2.434803,5.573724,2.210233,5.540514,1.869438,1.612479,1.618547,1.61799,1.615958,1.633133,10
34,1.596924,1.660006,1.735384,1.942802,5.133951,2.402762,5.593299,2.140072,5.407154,1.886849,1.577839,1.577272,1.577272,1.57632,1.538275,40
35,1.481321,1.522536,1.584848,1.782381,4.940779,2.087133,5.440817,1.894235,5.447856,1.56183,1.472147,1.461632,1.458808,1.461106,1.466283,30
36,1.523768,1.547906,1.632601,1.754441,4.988549,2.203348,5.100872,2.024724,4.971799,1.62182,1.487603,1.468706,1.469375,1.469375,1.450387,20
37,1.601063,1.647481,1.699395,1.810467,5.301609,2.268179,5.417856,2.062398,5.27983,1.796287,1.564241,1.546808,1.540385,1.541077,1.699609,30
38,1.727358,1.74147,1.857455,2.12347,5.67821,2.583495,5.87384,2.429427,5.527374,1.965971,1.682003,1.678665,1.679975,1.678642,1.669138,40
39,1.711568,1.801553,1.799855,1.973977,5.569255,2.436563,5.64117,2.25561,5.464501,1.916711,1.65734,1.647934,1.647158,1.647158,1.448369,30
40,1.635735,1.672885,1.773722,1.981711,5.3168,2.291419,5.519758,2.098334,5.374172,1.816881,1.631708,1.625562,1.611253,1.611253,1.559309,30
41,1.592687,1.605079,1.709513,1.925516,5.468418,2.386557,5.711704,2.082807,5.472795,1.793044,1.58226,1.573117,1.573024,1.573024,1.667575,30
42,1.706486,1.703542,1.782823,1.933587,5.286248,2.351789,5.750584,2.13041,5.630528,1.82569,1.633795,1.633292,1.628999,1.628502,1.67424,40
43,1.513621,1.549533,1.617024,1.814998,5.113513,2.119653,5.432985,2.159639,5.203273,1.739935,1.503561,1.488604,1.488604,1.488604,1.289835,40
44,1.600974,1.636803,1.705479,1.850366,5.21757,2.350938,5.223295,2.184694,5.297359,1.792827,1.599516,1.589641,1.589641,1.589641,1.604553,20
45,1.492041,1.549175,1.575261,1.65845,4.947172,2.145934,5.201421,1.981546,5.066717,1.653065,1.46767,1.46341,1.46341,1.462182,1.438523,40
46,1.603,1.615745,1.695953,1.893778,5.339514,2.358372,5.374089,2.103271,5.21796,1.775675,1.561965,1.553551,1.553627,1.548789,1.48142,40
47,1.700088,1.743104,1.877443,2.105133,5.635346,2.487855,5.671101,2.233759,5.454516,1.90359,1.661468,1.661344,1.664417,1.663504,1.479081,20
48,1.7643,1.786269,1.915237,2.01204,5.38966,2.533854,6.087579,2.415592,5.772565,2.000037,1.723371,1.699545,1.704513,1.706962,1.559953,20
49,1.397305,1.459636,1.51078,1.707642,4.902882,2.246317,5.16269,1.861037,4.977628,1.564204,1.386206,1.386971,1.386971,1.386971,1.614693,10
50,1.678218,1.725865,1.86294,1.95904,5.838029,2.574009,6.042738,2.310124,5.798758,1.917898,1.666284,1.656032,1.665826,1.660056,1.475457,20
51,1.654079,1.687881,1.770981,2.018116,5.371526,2.484205,5.554012,2.237683,5.450966,1.911329,1.64538,1.641968,1.642437,1.637125,1.455286,40
52,1.681974,1.731627,1.758945,1.947278,5.423424,2.448448,5.537236,2.215562,5.47779,1.865599,1.65088,1.640296,1.639591,1.639591,1.640097,30
53,1.609862,1.627252,1.67826,1.860046,5.271612,2.467084,5.428186,2.124953,5.355527,1.755816,1.57164,1.553227,1.54873,1.550982,1.534369,30
54,1.613712,1.67976,1.727272,1.829493,5.507037,2.32189,5.700445,2.273325,5.463742,1.792078,1.572449,1.564474,1.564474,1.570051,1.645952,20
55,1.764112,1.783768,1.89192,1.964452,5.604223,2.455896,5.801385,2.303526,5.576734,1.902873,1.751194,1.726933,1.722958,1.722958,1.606644,30
56,1.609243,1.670642,1.71674,1.846705,5.437795,2.437352,6.027976,2.13229,5.815722,1.864393,1.597137,1.58189,1.590878,1.58809,1.511484,20
57,1.71899,1.724363,1.815224,1.929769,5.583162,2.4823,5.662526,2.418922,5.607937,1.871005,1.706465,1.68249,1.68249,1.68249,1.449749,20
58,1.55179,1.562338,1.631179,1.877108,5.32418,2.274359,5.489126,2.06696,5.364054,1.740736,1.507656,1.496854,1.49497,1.49497,1.75353,30
59,1.73234,1.782044,1.828623,2.018756,5.836552,2.312591,6.002966,2.328846,5.868899,1.909649,1.701402,1.700697,1.694543,1.694543,1.826848,30
60,1.541797,1.547797,1.680733,1.842247,5.125602,2.196382,5.679973,2.120965,5.337743,1.763151,1.500247,1.495797,1.49586,1.49586,1.508706,20
61,1.685622,1.728219,1.786869,1.96912,5.733741,2.339376,5.847296,2.334995,5.761842,1.91352,1.677901,1.651539,1.651539,1.651539,1.598453,20
62,1.486765,1.531327,1.633775,1.728581,5.343661,2.235041,5.393471,1.951965,5.058178,1.69952,1.469484,1.459429,1.471772,1.459429,1.708095,20
63,1.719841,1.779887,1.89096,1.968101,5.615865,2.498825,5.6779,2.387866,5.555363,2.031084,1.724518,1.722535,1.705639,1.708584,1.605281,30
64,1.625793,1.699271,1.787666,1.958359,5.828744,2.378782,5.800435,2.324044,5.818074,1.893591,1.615769,1.600662,1.597355,1.597141,1.463867,40
65,1.628864,1.64488,1.735881,1.893103,5.586931,2.259457,6.029298,2.21513,5.830404,1.827562,1.599293,1.593781,1.594831,1.594831,1.437965,20
66,1.80113,1.80336,1.945983,2.227367,5.826815,2.669232,5.946906,2.436795,5.754291,2.051997,1.775038,1.765337,1.765337,1.763784,1.500991,40
67,1.665727,1.692175,1.795724,2.04273,5.887708,2.732384,6.011944,2.298232,5.709753,1.833474,1.645546,1.642355,1.642355,1.651034,1.674682,20
68,1.725732,1.766487,1.832501,2.039579,5.427455,2.38205,5.564852,2.137737,5.374155,1.879749,1.70688,1.701125,1.694983,1.694427,1.565612,40
69,1.544594,1.580828,1.673514,1.86121,5.225536,2.347178,5.656824,2.012324,5.238862,1.658438,1.488043,1.475313,1.474199,1.474199,1.560713,40
70,1.573543,1.624651,1.632093,1.895607,4.893666,2.287496,5.27613,2.061856,5.246939,1.721936,1.51073,1.505756,1.505832,1.506633,1.553231,20
71,1.618923,1.638309,1.766897,1.876182,5.471137,2.34833,5.894108,2.180342,5.566462,1.835382,1.599689,1.588804,1.588804,1.588804,1.391738,20
72,1.704736,1.728052,1.816817,1.966474,5.61972,2.264914,5.73945,2.279314,5.733308,1.899489,1.628884,1.623065,1.623065,1.622716,1.486791,40
73,1.67046,1.728474,1.774715,1.972092,5.712421,2.553003,6.150502,2.267317,5.915708,1.879183,1.616208,1.616546,1.608667,1.612904,1.359965,30
74,1.642292,1.699484,1.766744,1.794957,5.619659,2.584822,5.82681,2.235864,5.641242,1.860123,1.63639,1.626493,1.609223,1.622823,1.646921,30
75,1.458133,1.501348,1.544873,1.639165,4.578538,2.063651,4.934399,1.848529,4.810586,1.576523,1.443109,1.437327,1.437327,1.437327,1.384089,20
76,1.654265,1.690349,1.755021,1.928925,4.904608,2.337694,5.277036,2.277329,5.185325,1.826826,1.628736,1.623285,1.619947,1.615306,1.83487,40
77,1.90816,1.924758,1.95624,2.120872,5.94952,2.585732,6.145339,2.557755,5.891803,2.122747,1.857563,1.841188,1.848074,1.842847,1.679253,20
78,1.576045,1.6062,1.621919,1.876147,5.256634,2.426156,5.394895,2.174701,5.245806,1.757453,1.556714,1.550753,1.547011,1.550529,1.586533,30
79,1.651222,1.701862,1.738016,1.878974,5.95435,2.592144,6.122378,2.280948,5.907897,1.837915,1.677261,1.63012,1.62559,1.639725,1.601727,30
80,1.669286,1.762148,1.801278,1.895275,5.443536,2.464576,5.838107,2.258705,5.698748,1.81753,1.640306,1.62474,1.612147,1.612147,1.748996,30
81,1.816799,1.881565,1.929864,2.158887,5.749006,2.547749,6.040683,2.499514,5.911887,2.035634,1.787943,1.776944,1.783919,1.778938,1.751961,20
82,1.510142,1.555116,1.628919,1.756086,5.020023,2.092517,5.377445,2.047558,5.199057,1.661313,1.462343,1.454728,1.454728,1.454662,1.578169,40
83,1.481834,1.526458,1.602641,1.716989,5.205294,2.006632,5.313921,1.952543,5.213525,1.733722,1.470447,1.471598,1.471543,1.471543,1.47706,10
84,1.622911,1.661369,1.73015,1.926213,5.552359,2.301792,5.60406,2.099635,5.454416,1.856829,1.59966,1.594375,1.592039,1.585465,1.633095,40
85,1.52468,1.559241,1.599845,1.814604,5.297441,2.242039,5.508499,2.111928,5.410072,1.726949,1.498423,1.489909,1.488831,1.498364,1.632717,30
86,1.597886,1.667985,1.761754,1.95648,5.530416,2.401914,5.675794,2.237232,5.588298,1.857305,1.576451,1.565545,1.565545,1.565545,1.76538,40
87,1.584487,1.638663,1.708683,1.8611,5.079047,2.325243,5.215092,2.039899,5.065662,1.75339,1.552998,1.55631,1.55631,1.55631,1.439613,10
88,1.707564,1.800758,1.850404,2.086815,5.718784,2.670478,6.006964,2.267127,5.82175,1.919976,1.67224,1.656891,1.655422,1.655422,1.318148,30
89,1.447155,1.455727,1.529532,1.694579,5.20401,2.007063,5.413786,1.982548,5.22811,1.618037,1.410953,1.407886,1.402089,1.402089,1.763132,30
90,1.661172,1.725047,1.770201,1.965576,5.354183,2.350507,5.511839,2.279293,5.395212,1.846935,1.673856,1.658089,1.658089,1.658089,1.441722,20
91,1.487529,1.507242,1.591594,1.755639,4.893701,2.147916,5.110781,2.0456,4.953974,1.691397,1.477814,1.446858,1.446858,1.446858,1.390324,20
92,1.685003,1.707405,1.79099,1.981526,5.398587,2.445836,5.707894,2.209255,5.672386,1.850792,1.629511,1.618331,1.618331,1.624489,1.608157,20
93,1.677613,1.748681,1.832918,1.959379,5.515238,2.380738,6.002419,2.304287,5.858256,1.907355,1.650991,1.638884,1.638062,1.635057,1.727899,40
94,1.685087,1.678856,1.832399,2.048274,5.657305,2.361832,5.859484,2.324385,5.727477,1.908886,1.659441,1.65774,1.661107,1.654899,1.650138,40
95,1.483409,1.50407,1.577848,1.802749,4.84101,2.161057,5.14614,1.982133,5.031227,1.621817,1.453753,1.453753,1.453753,1.455861,1.256754,20
96,1.646223,1.731024,1.81421,2.071222,5.456539,2.352314,5.675459,2.251252,5.527806,1.933487,1.605136,1.604448,1.604448,1.593678,1.494027,40
97,1.702891,1.759836,1.855718,2.022503,5.933254,2.234756,6.194209,2.17377,5.871198,1.866058,1.653259,1.649993,1.633742,1.623385,1.526378,40
98,1.676742,1.67316,1.758117,1.927629,5.467547,2.359532,5.66388,2.201889,5.402744,1.899805,1.632681,1.621103,1.621103,1.614789,1.412274,40
99,1.448886,1.477495,1.519157,1.651335,4.949978,1.90755,5.259574,1.91817,5.065453,1.624922,1.428454,1.41723,1.421349,1.420854,1.530669,20
100,1.501764,1.549874,1.591705,1.745144,5.112879,2.136165,5.115049,2.012532,4.831628,1.664469,1.479582,1.463373,1.458444,1.459083,1.333909,30
101,1.453262,1.460113,1.593981,1.69834,5.246161,2.075861,5.354167,1.945549,5.116326,1.647346,1.442861,1.431573,1.421404,1.439143,1.653851,30
102,1.474551,1.537792,1.601291,1.746054,5.346417,2.170247,5.391516,1.966418,5.135587,1.741091,1.475502,1.458432,1.458432,1.458432,1.546678,20
103,1.72242,1.740888,1.761544,1.866294,5.84043,2.251946,6.04971,2.267713,5.808144,1.835353,1.623981,1.62956,1.622531,1.628298,1.573856,30
104,1.488246,1.509116,1.597359,1.762624,5.122038,2.253032,5.248752,1.981873,5.087507,1.725932,1.465304,1.470482,1.468293,1.468293,1.357715,10
105,1.509713,1.541149,1.552279,1.720027,5.062516,1.98168,5.28501,1.978224,5.098862,1.617411,1.504869,1.498183,1.498005,1.497073,1.768689,40
106,1.592662,1.656043,1.793814,1.913878,5.503995,2.473341,5.723704,2.147515,5.5983,1.813325,1.584081,1.575505,1.572,1.571797,1.505069,40
107,1.558764,1.578095,1.691864,1.828701,5.43942,2.32478,5.810206,2.113973,5.526376,1.806512,1.561209,1.551389,1.552725,1.556952,1.564414,20
108,1.571649,1.610286,1.67073,1.809228,4.990163,2.329892,5.079382,2.086576,5.028109,1.778826,1.532368,1.535482,1.531722,1.524621,1.490494,40
109,1.602392,1.605025,1.730616,1.992868,5.506745,2.327047,5.844208,2.261415,5.672233,1.831446,1.559765,1.550288,1.553054,1.553054,1.531725,20
110,1.598888,1.619599,1.698115,1.841686,5.32119,2.429453,5.465873,2.13183,5.2126,1.747168,1.562442,1.561541,1.561123,1.556267,1.443446,40
111,1.524569,1.569039,1.672614,1.918162,5.34112,2.279039,5.428179,2.215735,5.104457,1.690097,1.467177,1.460178,1.460178,1.460178,1.414333,20
112,1.574021,1.607998,1.710409,1.8476,5.105017,2.339011,5.197884,2.069598,5.130193,1.695615,1.534805,1.531811,1.528024,1.531754,1.613908,30
113,1.573743,1.604713,1.664385,1.827595,5.357278,2.42303,5.522279,2.068178,5.28232,1.733033,1.533047,1.533047,1.533047,1.533047,1.637132,30
114,1.564032,1.661935,1.704021,1.837817,5.2404,2.259466,5.539428,1.89842,5.313511,1.750086,1.533871,1.536099,1.536099,1.536099,1.60072,10
115,1.669718,1.690065,1.765817,1.875148,5.502424,2.304869,5.61164,2.247563,5.565388,1.746637,1.630204,1.616235,1.616235,1.616235,1.606617,20
116,1.644998,1.693598,1.753364,1.88367,5.402863,2.31957,5.836313,2.19551,5.684081,1.873347,1.590477,1.59039,1.589433,1.583749,1.726311,40
117,1.520979,1.554292,1.592917,1.749999,5.08836,2.146259,5.354183,1.929962,4.897707,1.717354,1.45407,1.456083,1.456474,1.454682,1.500773,10
118,1.52271,1.561685,1.620598,1.710055,5.017502,2.25248,5.74719,1.997304,5.330538,1.741922,1.499487,1.475914,1.475615,1.484113,1.463223,30
119,1.70822,1.707892,1.742771,1.958597,5.669662,2.487104,5.864122,2.108518,5.620985,1.840767,1.624699,1.63283,1.616727,1.612017,1.726029,40
120,1.571022,1.598618,1.696778,1.809169,5.504865,2.433162,5.555656,2.104359,5.268168,1.770187,1.557092,1.545658,1.540629,1.544935,1.638642,30
121,1.545631,1.570808,1.669344,1.814797,5.012443,2.309729,5.330272,2.026845,5.270366,1.710493,1.544403,1.559919,1.529602,1.529602,1.457939,30
122,1.677049,1.708356,1.781778,1.984364,5.484593,2.415943,5.593712,2.296443,5.445386,1.887199,1.671999,1.658002,1.659487,1.659487,1.52891,20
123,1.546387,1.577121,1.653117,1.730247,5.392037,2.212257,5.677642,2.088714,5.362129,1.739246,1.539409,1.520837,1.520837,1.520837,1.488307,30
124,1.526943,1.563159,1.631033,1.712846,5.34873,2.351592,5.528578,2.034773,5.18035,1.705512,1.49925,1.493967,1.496851,1.506583,1.821323,20
125,1.586011,1.612349,1.641942,1.809579,5.469592,2.231271,5.532995,2.02933,5.350051,1.714307,1.537485,1.544452,1.544452,1.544452,1.55154,10
126,1.643104,1.704553,1.799211,2.018539,5.691218,2.461888,5.848091,2.271948,5.643934,1.858431,1.640391,1.631144,1.629561,1.631944,1.593986,30
127,1.881884,1.909264,2.057081,2.199162,6.413204,2.857193,6.491029,2.674225,6.142102,2.169545,1.896499,1.877992,1.856403,1.856403,1.853119,30
128,1.758044,1.802102,1.807925,2.006915,5.448404,2.494362,5.610968,2.215736,5.461163,1.900642,1.73023,1.724236,1.727699,1.727699,1.597992,20
129,1.580308,1.586858,1.706676,1.85579,5.15638,2.147305,5.747156,2.059159,5.53516,1.783264,1.533078,1.516613,1.514101,1.502059,1.633166,40
130,1.697521,1.735393,1.815035,1.964185,5.577085,2.307453,5.864357,2.067471,5.642397,1.818237,1.624166,1.610851,1.610851,1.610851,1.649682,30
131,1.679318,1.731539,1.848106,2.014098,5.539567,2.452433,5.754535,2.262052,5.623444,1.925657,1.673085,1.663979,1.664224,1.660472,1.545731,40
132,1.540904,1.531313,1.613126,1.808707,4.810066,2.275663,5.130716,2.07964,5.079964,1.716263,1.531899,1.497541,1.497541,1.497541,1.694677,20
133,1.722676,1.749083,1.835263,1.994813,5.59053,2.392138,5.722216,2.328395,5.561969,1.945721,1.690726,1.677147,1.678297,1.671778,1.53177,40
134,1.651486,1.69428,1.742766,1.886191,5.609606,2.38075,5.734826,2.358504,5.415961,1.784355,1.633494,1.628598,1.626443,1.626443,1.531836,30
135,1.633026,1.680187,1.73424,1.904603,4.961033,2.423711,5.641204,2.203874,5.463333,1.84503,1.589334,1.584304,1.589193,1.588937,1.614311,20
136,1.611069,1.648745,1.700192,1.841227,5.240199,2.478919,5.583574,2.187321,5.48153,1.831133,1.558739,1.550697,1.55015,1.55015,1.641146,30
137,1.538195,1.597805,1.715922,1.893952,5.277354,2.631256,5.591428,2.055365,5.369635,1.689988,1.4878,1.480221,1.481718,1.481718,1.530335,20
138,1.59271,1.635804,1.731709,1.810137,5.209398,2.197224,5.324946,2.187311,5.064817,1.726193,1.558998,1.563855,1.573324,1.565605,1.493824,10
139,1.472064,1.488667,1.504496,1.628063,4.717018,2.056582,4.938171,1.85368,4.732583,1.634841,1.430372,1.420093,1.419812,1.419087,1.414595,40
140,1.536563,1.580136,1.65746,1.81897,5.285808,2.140491,5.58247,1.997937,5.130613,1.70327,1.498278,1.491205,1.482364,1.488286,1.404595,30
141,1.612201,1.667885,1.691301,1.815637,4.819919,2.076273,5.43734,2.049153,5.282302,1.726357,1.570705,1.561044,1.559968,1.559576,1.561791,40
142,1.666946,1.717749,1.802831,1.99287,5.275905,2.274213,5.508669,1.963032,5.38168,1.750089,1.634034,1.6166,1.599021,1.598401,1.647722,40
143,1.679429,1.712252,1.833275,2.032361,5.677522,2.479258,5.869349,2.227837,5.660747,1.804681,1.692988,1.661517,1.66075,1.654273,1.457335,40
144,1.644403,1.662984,1.750767,1.89435,5.394713,2.350977,5.677773,2.231699,5.311246,1.946311,1.61261,1.60387,1.61154,1.6,1.580576,40
145,1.615006,1.622817,1.683226,1.807367,5.557082,2.27485,5.696721,2.153827,5.612436,1.72553,1.581286,1.56588,1.56588,1.56588,1.468856,30
146,1.592524,1.617421,1.737455,1.879435,5.103051,2.355415,5.345584,2.157089,5.296632,1.809209,1.577239,1.568985,1.565222,1.565222,1.515312,30
147,1.667068,1.692251,1.794154,2.027159,5.59888,2.506684,5.823252,2.288893,5.6372,1.850836,1.6366,1.626044,1.628827,1.623611,1.540379,40
148,1.546233,1.57488,1.688588,1.905929,5.387123,2.424149,5.514226,2.058431,5.37055,1.765864,1.533443,1.507585,1.507585,1.507585,1.752876,20
149,1.525033,1.556785,1.629961,1.714426,5.051089,2.213655,5.457856,1.970146,5.208569,1.659661,1.513483,1.482151,1.482151,1.482151,1.588637,20
150,1.576403,1.646796,1.695544,1.861129,5.368832,2.401928,5.63933,2.093015,5.29257,1.778028,1.56113,1.550779,1.546038,1.546038,1.622211,30
151,1.688894,1.732767,1.82485,1.970623,5.549042,2.335142,5.741874,2.261873,5.658596,2.012054,1.636636,1.612107,1.612941,1.623409,1.533955,20
152,1.782063,1.845142,1.968419,2.195996,5.752454,2.75828,6.265738,2.444558,6.128858,2.079343,1.773309,1.750504,1.743956,1.729507,1.564579,40
153,1.554709,1.560527,1.588637,1.783105,5.311941,2.223015,5.374687,2.028125,5.063878,1.615657,1.513251,1.507672,1.507672,1.507672,1.534128,30
154,1.646999,1.659084,1.766344,1.980692,5.545433,2.32426,5.74962,2.085501,5.730249,1.871036,1.623521,1.600582,1.600582,1.600582,1.553226,20
155,1.572519,1.620142,1.646141,1.711875,5.166803,2.224083,5.244445,2.049283,5.11314,1.765311,1.532645,1.517155,1.519628,1.518774,1.640296,20
156,1.529404,1.589387,1.688528,1.801554,5.364336,2.191011,5.376316,1.966746,5.144204,1.715564,1.527886,1.492019,1.482656,1.482656,1.767165,40
157,1.657221,1.760616,1.786563,1.903285,5.526764,2.355515,5.839037,2.196712,5.633759,1.841143,1.616439,1.610915,1.6079,1.605858,1.644238,40
158,1.49218,1.526617,1.634945,1.760301,5.361347,2.346673,5.453656,2.050204,5.26878,1.623369,1.481776,1.476132,1.476132,1.476132,1.794211,20
159,1.753602,1.801129,1.869566,2.008288,5.841708,2.804142,6.15901,2.356636,5.856601,2.020983,1.736985,1.732586,1.732586,1.731895,1.67907,40
160,1.709938,1.703717,1.819788,1.976328,5.373262,2.404303,5.598031,2.25489,5.560982,1.931979,1.667581,1.660882,1.663984,1.656191,1.432411,40
161,1.709548,1.762049,1.88204,2.041539,5.712265,2.479059,5.880132,2.374542,5.762123,1.96255,1.659144,1.649184,1.652007,1.651515,1.495324,20
162,1.737241,1.804651,1.835913,1.97031,5.794047,2.514069,6.018032,2.217713,5.871024,1.939493,1.706432,1.679881,1.673467,1.673467,1.684509,30
163,1.509325,1.542418,1.592,1.703321,5.203995,2.265133,5.394712,2.016154,5.286372,1.666524,1.50865,1.500076,1.494451,1.500076,1.675696,30
164,1.556919,1.569841,1.627564,1.801276,5.321047,2.291062,5.588885,2.039782,5.286696,1.767422,1.521606,1.50781,1.50781,1.50781,1.498703,20
165,1.67679,1.691083,1.835545,1.89913,5.396558,2.449479,5.817588,2.152495,5.587088,1.843619,1.6472,1.625759,1.615966,1.615966,1.758811,30
166,1.660526,1.720937,1.842231,1.9338,5.609592,2.553949,5.722708,2.224788,5.612554,1.896237,1.648684,1.643067,1.643067,1.643067,1.823342,20
167,1.630842,1.682472,1.770544,1.949738,5.501525,2.548747,5.87203,2.1654,5.710079,1.852358,1.561221,1.557767,1.562226,1.561221,1.556963,20
168,1.686197,1.716475,1.827645,1.982421,5.699042,2.596299,5.808256,2.35047,5.702363,1.883791,1.68023,1.67323,1.67323,1.670975,1.784771,40
169,1.575995,1.575636,1.652351,1.742257,5.795274,2.392748,5.778776,2.146849,5.733586,1.759182,1.562722,1.562722,1.561432,1.561432,1.394048,40
170,1.509487,1.559304,1.62807,1.786634,5.223154,2.178774,5.308494,1.968107,5.159729,1.633723,1.460835,1.462759,1.453728,1.449096,1.643384,40
171,1.791421,1.819445,1.908415,2.150944,5.78179,2.581546,6.146843,2.469877,5.968731,2.00501,1.784079,1.773621,1.762738,1.768891,1.617862,30
172,1.579504,1.579714,1.637269,1.763133,5.12651,2.238134,5.41211,2.026523,5.157015,1.700667,1.528674,1.540203,1.528674,1.528674,1.655998,10
173,1.48772,1.508488,1.574079,1.798591,5.253693,2.241302,5.306726,1.979598,5.102668,1.704184,1.474217,1.467027,1.466586,1.466586,1.226319,30
174,1.54599,1.547742,1.607595,1.816494,5.143564,2.156549,5.358159,2.120629,4.949521,1.693032,1.509265,1.509265,1.508129,1.509336,1.599637,30
175,1.695497,1.733261,1.755435,1.823575,4.984856,2.322538,5.577798,2.139269,5.355106,1.799587,1.628406,1.62122,1.620707,1.613909,1.514615,40
176,1.563022,1.575073,1.644793,1.811118,5.374278,2.438132,5.577955,2.130576,5.50423,1.79969,1.570031,1.536081,1.539747,1.539747,1.523176,20
177,1.61456,1.701625,1.779281,1.908409,5.500214,2.371042,5.878643,2.244979,5.445924,1.906317,1.601311,1.573109,1.577389,1.577389,1.613337,20
178,1.644879,1.689035,1.767199,1.86048,5.719098,2.456493,5.844851,2.150214,5.39915,1.837087,1.587609,1.586747,1.586747,1.586747,1.33919,20
179,1.698218,1.749976,1.815928,1.935391,5.181769,2.498762,5.557186,2.255911,5.398436,1.863647,1.668929,1.672607,1.667993,1.661939,1.462719,40
180,1.617874,1.674633,1.76792,1.972568,5.38102,2.358679,5.653738,2.134951,5.465437,1.779986,1.603289,1.585117,1.575325,1.575325,1.646833,30
181,1.700419,1.730818,1.808377,2.005879,5.600859,2.445043,5.789466,2.327258,5.677719,1.921639,1.657055,1.648873,1.651697,1.651697,1.739241,20
182,1.717523,1.716776,1.811856,1.922854,5.675274,2.434883,5.744446,2.343072,5.721284,1.930336,1.699995,1.685891,1.676684,1.676684,1.771602,30
183,1.690152,1.751498,1.834833,2.011949,5.646874,2.440788,5.756915,2.395471,5.6943,1.864605,1.662549,1.647381,1.647381,1.647381,1.597909,20
184,1.552176,1.652987,1.708813,1.809067,5.066762,2.263991,5.374872,2.069733,5.340809,1.817629,1.5531,1.538594,1.538115,1.539151,1.783598,30
185,1.659895,1.697599,1.818436,1.939492,5.540139,2.452917,5.788564,2.167888,5.439914,1.901498,1.650316,1.629258,1.627681,1.623265,1.532771,40
186,1.559471,1.561294,1.684251,1.884447,5.426853,2.403471,5.556649,2.117578,5.309176,1.763538,1.529507,1.525648,1.525648,1.525648,1.52498,20
187,1.547708,1.573962,1.611755,1.796076,4.719153,2.130348,5.051813,1.972998,4.81862,1.701706,1.514005,1.510116,1.503653,1.503653,1.295295,30
188,1.633664,1.658035,1.713493,1.91828,5.694494,2.397811,5.846715,2.140038,5.645925,1.908092,1.576672,1.593004,1.5906,1.586009,1.290261,10
189,1.67675,1.689841,1.797923,1.982729,5.341761,2.42354,5.504022,2.147382,5.341686,1.913534,1.626593,1.619966,1.608001,1.608001,1.56576,40
190,1.567026,1.605443,1.657973,1.751519,5.282791,2.137593,5.427065,2.094491,5.252369,1.716623,1.552925,1.54345,1.545485,1.54251,1.473455,40
191,1.575061,1.626491,1.695536,1.833761,5.195229,2.12148,5.392216,1.991575,5.140044,1.691029,1.51429,1.494275,1.496535,1.496535,1.816534,20
192,1.660024,1.754609,1.843855,1.947915,5.788726,2.394559,5.863271,2.320843,5.670723,1.938051,1.64197,1.63382,1.639921,1.631278,1.514116,40
193,1.600998,1.666169,1.722165,1.910987,5.281704,2.190349,5.446319,1.969564,5.442745,1.797278,1.575591,1.563228,1.554054,1.545349,1.476717,40
194,1.632555,1.691615,1.715222,1.90776,5.38434,2.365097,5.559739,2.23149,5.545426,1.83399,1.636666,1.619095,1.619095,1.619095,1.653009,40
195,1.741651,1.800202,1.891306,2.241255,5.79063,2.664959,5.914182,2.322994,5.766674,1.901342,1.717374,1.709527,1.709981,1.702594,1.701878,40
196,1.7165,1.733186,1.849839,2.060808,5.853666,2.683605,5.971286,2.206708,5.734074,1.940799,1.702396,1.688848,1.684202,1.684202,1.454125,30
197,1.604294,1.614117,1.786781,1.910259,5.052606,2.33022,5.28108,2.094695,5.159315,1.757872,1.570091,1.568586,1.575239,1.568719,1.744662,20
198,1.623985,1.677499,1.754078,2.079305,5.507721,2.515282,5.631855,2.09504,5.569959,1.783345,1.616899,1.6032,1.603902,1.60951,1.531384,20
199,1.652038,1.657196,1.7692,1.94303,5.974772,2.595425,6.164184,2.099515,5.91084,1.818848,1.644944,1.625269,1.627664,1.627664,1.609202,20
200,1.706666,1.721031,1.817493,1.994121,5.530448,2.507244,6.057147,2.247961,5.748928,1.877736,1.694167,1.694247,1.694129,1.694069,1.662216,40
201,1.490564,1.527288,1.631781,1.737555,5.176541,2.179634,5.416822,1.983096,5.091264,1.677025,1.479979,1.481447,1.47822,1.47822,1.531262,30
202,1.67733,1.71539,1.829381,2.022168,5.521298,2.482136,5.812388,2.19599,5.476948,1.893952,1.642226,1.619632,1.63144,1.636072,1.572011,20
203,1.583506,1.659304,1.685269,1.790947,4.905424,2.31193,5.113907,2.060199,5.046439,1.773193,1.569116,1.556964,1.555472,1.548043,1.617312,40
204,1.581047,1.633082,1.756021,1.895444,5.266538,2.45939,5.802316,2.162671,5.586592,1.789894,1.547297,1.543558,1.543558,1.543558,1.344884,20
205,1.791706,1.798261,1.888938,2.106382,5.611404,2.429616,5.929265,2.314695,5.763254,1.938324,1.760883,1.732975,1.732405,1.732405,1.868103,30
206,1.592858,1.624225,1.747372,1.871721,5.478258,2.330697,5.671742,2.24319,5.449205,1.841767,1.57492,1.559774,1.559774,1.559774,1.48394,20
207,1.585401,1.628466,1.711352,1.862793,4.853433,2.238228,5.291451,2.038661,5.301052,1.745963,1.550202,1.531041,1.530919,1.530919,1.580589,30
208,1.531185,1.552389,1.639579,1.844164,5.001434,2.287263,5.170014,1.866707,4.995421,1.620703,1.489515,1.489166,1.489166,1.489166,1.492948,40
209,1.496677,1.506479,1.610535,1.80005,5.579494,2.179815,5.617229,2.045883,5.276446,1.737692,1.465514,1.465514,1.465514,1.462895,1.509828,40
210,1.665119,1.681787,1.803565,1.949228,5.300184,2.380343,5.770656,2.164494,5.66332,1.918787,1.610694,1.611396,1.599121,1.60201,1.551349,30
211,1.524171,1.620131,1.668081,1.817267,5.229296,2.400611,5.324073,2.025514,5.213224,1.67975,1.484684,1.472169,1.475606,1.475606,1.537451,20
212,1.730456,1.774045,1.814631,2.101456,5.73178,2.685534,5.822247,2.197197,5.71263,1.888575,1.693695,1.685087,1.686138,1.68354,1.543228,40
213,1.687492,1.699313,1.7903,1.946647,5.037827,2.368184,5.480423,2.336775,5.245205,1.904315,1.677443,1.65896,1.65896,1.655032,1.61577,40
214,1.605451,1.658888,1.706274,1.863509,5.715699,2.515959,5.868405,2.178199,5.461362,1.86506,1.579903,1.564972,1.564256,1.564256,1.469848,30
215,1.378582,1.381314,1.431032,1.624435,4.526758,1.919718,5.229099,1.851901,5.138164,1.464033,1.362023,1.349259,1.352572,1.353419,1.558277,20
216,1.509536,1.542389,1.582221,1.757191,5.318889,2.311238,5.774349,1.885347,5.465807,1.658472,1.483944,1.475024,1.471277,1.471426,1.732139,30
217,1.677673,1.69984,1.726876,1.888589,5.433704,2.477794,5.667767,2.218596,5.488489,1.785215,1.660566,1.647557,1.637291,1.637291,1.291814,30
218,1.500574,1.540087,1.624672,1.752171,5.189064,2.109981,5.305732,2.056288,5.13681,1.687335,1.492011,1.487289,1.490992,1.487067,1.348464,40
219,1.756946,1.785721,1.811615,2.024628,5.754524,2.529765,5.989054,2.303992,5.892489,1.9245,1.703075,1.680828,1.699824,1.685529,1.809699,20
220,1.664988,1.695223,1.70879,1.989052,5.470678,2.41604,5.852465,2.306066,5.802522,1.85892,1.628882,1.628218,1.617501,1.614817,1.471148,40
221,1.605361,1.610961,1.669219,1.914309,5.376224,2.210207,5.362929,2.344489,5.255858,1.813726,1.584602,1.578701,1.578701,1.581506,1.374403,20
222,1.661376,1.707541,1.819577,2.030428,5.420665,2.326813,5.807564,2.255295,5.732522,1.903205,1.624134,1.623019,1.620765,1.618839,1.586455,40
223,1.671187,1.714364,1.828161,1.958792,5.453645,2.531835,5.557125,2.173958,5.474271,1.838293,1.641348,1.644849,1.644874,1.644874,1.665982,10
224,1.73805,1.753616,1.854694,1.991523,5.602362,2.590002,5.941334,2.467511,5.375604,1.90365,1.67091,1.662468,1.662468,1.662468,1.606919,20
225,1.718585,1.713191,1.789168,1.97957,5.367098,2.593317,5.657072,2.348164,5.401599,1.85437,1.679004,1.668384,1.66775,1.667152,1.530672,40
226,1.624408,1.672152,1.714372,1.842807,5.254211,2.378346,5.549578,2.19086,5.332121,1.843824,1.584801,1.558799,1.556705,1.556705,1.647999,30
227,1.565723,1.597291,1.623549,1.768173,4.911042,2.195361,5.563726,2.160983,5.37456,1.726966,1.534798,1.525505,1.522332,1.52591,1.841032,30
228,1.674219,1.747049,1.792182,2.011572,5.463953,2.402431,5.65584,2.244658,5.529228,1.915408,1.631212,1.61857,1.617748,1.61857,1.639561,30
229,1.468456,1.537983,1.603126,1.698306,5.123518,2.333631,5.36577,1.991709,5.101747,1.647472,1.471035,1.453143,1.445921,1.445921,1.672032,30
230,1.553476,1.604543,1.685602,1.837008,5.577479,2.344022,5.654342,2.201521,5.554608,1.800613,1.539021,1.542023,1.538073,1.54166,1.67465,30
231,1.670347,1.679248,1.724838,1.881692,5.53286,2.291028,5.639424,2.064092,5.525826,1.765926,1.599535,1.600224,1.595492,1.595492,1.664225,30
232,1.649463,1.673914,1.764745,1.950511,5.67628,2.449827,5.722104,2.250039,5.536162,1.824928,1.648283,1.649463,1.649463,1.649463,1.582682,10
233,1.640693,1.703236,1.793071,2.025874,5.949722,2.473145,6.059788,2.16299,5.823066,1.894157,1.627165,1.627165,1.627165,1.627165,1.452025,20
234,1.57567,1.589423,1.649613,1.768368,4.865249,2.133833,5.026091,2.115319,4.88915,1.784223,1.568588,1.546945,1.546023,1.546023,1.524561,30
235,1.579801,1.603581,1.614502,1.883919,5.556915,2.341658,5.586361,2.120018,5.336802,1.752466,1.564112,1.561881,1.566966,1.5553,1.526731,40
236,1.704486,1.735616,1.783971,1.9952,5.638561,2.437831,5.776391,2.293586,5.582602,1.86397,1.68905,1.671232,1.668652,1.668652,1.668186,30
237,1.607033,1.613963,1.694947,1.85544,4.993444,2.453695,5.424429,2.136525,5.200874,1.813608,1.586665,1.584682,1.59013,1.59013,1.599324,20
238,1.819464,1.812131,1.943721,2.132704,6.051038,2.602972,6.113812,2.306586,6.089759,2.021148,1.772249,1.751758,1.749339,1.751758,1.797252,30
239,1.415883,1.443248,1.545691,1.734118,5.071817,2.004734,5.171101,1.847048,5.010587,1.566258,1.392714,1.37931,1.37931,1.37931,1.475609,20
240,1.602106,1.655772,1.692857,1.920234,5.750512,2.421789,5.793953,2.086057,5.53243,1.83118,1.576147,1.568601,1.567407,1.565345,1.543114,40
241,1.731854,1.740472,1.8472,2.11898,5.592291,2.632343,5.656898,2.310719,5.516127,2.009614,1.700028,1.684707,1.686172,1.682984,1.71414,40
242,1.538819,1.565349,1.604871,1.698486,4.90476,2.059236,5.119809,2.06001,5.038607,1.742011,1.505215,1.49582,1.493929,1.49582,1.430957,30
243,1.570621,1.644194,1.710921,1.936407,5.486013,2.479412,5.665326,2.110118,5.411928,1.765383,1.536806,1.523052,1.523052,1.523052,1.555896,20
244,1.723548,1.750695,1.851106,2.027954,5.882801,2.417255,6.163862,2.407131,5.933744,1.946316,1.656747,1.656999,1.665774,1.653456,1.603416,40
245,1.802189,1.790927,1.853761,2.133365,5.835805,2.654073,6.34225,2.315821,6.066021,1.931517,1.704865,1.694398,1.69985,1.697332,1.439066,20
246,1.558357,1.569891,1.660524,1.851432,5.374032,2.225889,5.367568,1.958665,5.29637,1.715614,1.520162,1.518975,1.515162,1.514386,1.32496,40
247,1.755678,1.817149,1.880207,2.094125,5.587657,2.722732,6.112129,2.386952,5.90718,1.998454,1.740001,1.725854,1.725854,1.720196,1.656579,40
248,1.595153,1.618825,1.68233,1.813942,4.793174,2.207721,5.40555,2.051134,5.2358,1.749115,1.528985,1.520876,1.521338,1.522147,1.57248,20
249,1.588823,1.603497,1.696193,1.853476,5.196623,2.235051,5.267147,2.141657,5.155469,1.809788,1.5728,1.564123,1.56026,1.560622,1.420607,30
250,1.796572,1.818502,1.996809,2.239458,5.679018,2.658035,5.826284,2.329605,5.597113,1.981843,1.746001,1.734687,1.735549,1.735549,1.433954,20
251,1.512681,1.625184,1.697098,1.793865,5.350959,2.155186,5.489023,1.966954,5.32438,1.688009,1.50391,1.481967,1.480473,1.479583,1.618757,40
252,1.712768,1.718755,1.797412,1.986897,5.336418,2.365471,5.628658,2.125659,5.572316,1.861574,1.665029,1.671973,1.657355,1.655528,1.668878,40
253,1.484928,1.485199,1.55268,1.773332,5.022236,2.111058,5.219017,1.929261,4.968141,1.615545,1.453174,1.44791,1.444568,1.447267,1.42661,30
254,1.679722,1.724404,1.795542,1.963937,5.416886,2.360326,5.552957,2.332404,5.596545,1.878481,1.679658,1.665634,1.665634,1.665634,1.76665,20
255,1.689176,1.69601,1.761951,1.979627,5.63042,2.313754,5.631684,2.288199,5.396049,1.976439,1.640846,1.628681,1.629666,1.628868,1.777324,20
256,1.603372,1.610123,1.68497,1.849819,5.650971,2.261006,5.706311,2.1096,5.388,1.735245,1.572969,1.561377,1.562147,1.56234,1.412396,20
257,1.560694,1.643729,1.677836,1.897938,5.470373,2.447942,5.623602,1.98158,5.432165,1.733795,1.533312,1.53145,1.53145,1.52922,1.81816,40
258,1.649274,1.66036,1.703881,1.911584,5.385802,2.221382,5.592742,2.219071,5.573878,1.757171,1.624579,1.620377,1.62255,1.62255,1.610013,20
259,1.509551,1.565119,1.629728,1.734381,5.086649,2.326547,5.19296,1.926243,5.119152,1.730864,1.505873,1.506665,1.507189,1.505873,1.537847,10
260,1.504495,1.531873,1.641063,1.875525,5.178878,2.154493,5.376948,1.99502,5.137624,1.652906,1.477463,1.465643,1.461085,1.461085,1.468405,40
261,1.694293,1.763148,1.870098,2.04511,5.680271,2.426913,5.882736,2.28038,5.562193,1.919021,1.618517,1.605171,1.604718,1.604718,1.72164,30
262,1.690976,1.703307,1.780383,1.913165,5.190062,2.338833,5.55366,2.164159,5.359,1.869423,1.619446,1.595767,1.585107,1.585316,1.704468,30
263,1.783388,1.807401,1.870594,2.058682,5.195577,2.536413,5.94311,2.329549,5.650927,1.991665,1.764719,1.723896,1.723896,1.723896,1.384232,20
264,1.760511,1.802574,1.862577,2.030294,5.230366,2.525318,5.523628,2.340651,5.463841,1.976114,1.717197,1.717197,1.711005,1.7186,1.601752,30
265,1.691895,1.742838,1.900897,2.107721,5.683772,2.555349,5.794246,2.392855,5.535407,1.917542,1.663358,1.642082,1.642533,1.642533,1.571913,20
266,1.769037,1.809815,1.974533,2.026519,5.51137,2.508706,6.205132,2.419451,6.042715,2.013547,1.705091,1.713714,1.706773,1.706773,1.449628,10
267,1.566583,1.59971,1.745768,1.887078,5.339035,2.250661,5.361947,2.166003,5.201014,1.73477,1.587221,1.576931,1.559875,1.562883,1.404737,30
268,1.409588,1.441391,1.528617,1.688679,5.113933,2.218958,5.311449,1.937091,5.221675,1.564912,1.405992,1.399741,1.399741,1.404798,1.761628,20
269,1.609793,1.657974,1.712787,1.873055,5.307004,2.268071,5.607366,2.019804,5.458822,1.804816,1.589343,1.583506,1.583506,1.583506,1.503959,20
270,1.61452,1.627889,1.736343,1.915497,5.406197,2.282442,5.540032,2.078543,5.206768,1.7981,1.562971,1.558028,1.556798,1.556798,1.334462,30
271,1.627708,1.655865,1.758029,1.881099,5.604762,2.289491,5.599484,2.109414,5.383346,1.839124,1.612143,1.566013,1.565282,1.554693,1.615083,40
272,1.760569,1.774518,1.840558,1.996659,5.41589,2.338039,5.586677,2.244572,5.497738,2.00646,1.730278,1.723717,1.716341,1.71324,1.40726,40
273,1.617455,1.633023,1.713318,1.834792,5.795492,2.484511,5.946219,2.115713,5.702006,1.793575,1.589537,1.592449,1.583971,1.583971,1.549949,30
274,1.649138,1.705603,1.78432,1.949445,5.441174,2.40431,5.544376,2.143746,5.333852,1.909331,1.634417,1.632693,1.622394,1.622394,1.642165,30
275,1.616111,1.649107,1.708164,1.848483,5.123992,2.250113,5.285174,2.092118,5.199568,1.77756,1.610157,1.590681,1.592448,1.592448,1.518368,20
276,1.513008,1.530494,1.702661,1.830146,5.366506,2.238054,5.488044,2.072472,5.204842,1.759089,1.500152,1.476445,1.479374,1.476445,1.361926,20
277,1.795226,1.828421,1.959403,2.114636,6.401376,2.667722,6.536562,2.405791,6.233031,2.08065,1.799249,1.774413,1.77675,1.781535,1.254697,20
278,1.660441,1.671152,1.732924,1.983852,5.470323,2.390014,5.516849,2.197461,5.320531,1.797539,1.637046,1.632308,1.632308,1.632308,1.617681,30
279,1.685769,1.738758,1.760966,1.921747,5.489501,2.326401,5.669994,2.263444,5.381354,1.820016,1.593161,1.590264,1.585276,1.585276,1.470686,30
280,1.502204,1.523484,1.651605,1.829131,5.17307,2.215115,5.625132,1.977214,5.388233,1.70001,1.504969,1.463197,1.462909,1.462909,1.367582,30
281,1.737072,1.79961,1.870748,2.125812,5.698587,2.567352,5.983544,2.303884,5.72366,1.961716,1.675712,1.67456,1.678103,1.681026,1.616931,20
282,1.607957,1.650749,1.754385,1.946576,5.198123,2.482629,5.270508,2.222262,5.127895,1.879619,1.577108,1.571024,1.571024,1.571024,1.408603,20
283,1.803658,1.864658,1.929481,2.063765,5.676304,2.56796,5.808096,2.507774,5.716082,2.013453,1.758275,1.752392,1.747725,1.747725,1.581753,30
284,1.739872,1.819236,1.91399,2.060407,5.805929,2.530254,5.932763,2.358081,5.552898,1.965132,1.705103,1.690808,1.693345,1.693345,1.676959,20
285,1.616117,1.643156,1.732592,1.913859,5.454034,2.368873,5.811742,2.099668,5.504668,1.829396,1.565596,1.565596,1.560877,1.560877,1.670196,30
286,1.71039,1.752553,1.819668,1.970994,5.228321,2.450244,5.586341,2.282864,5.398212,1.937093,1.683506,1.684116,1.681178,1.681178,1.501378,40
287,1.593647,1.628126,1.713596,1.870048,5.218198,2.151799,5.303594,2.181978,5.270845,1.780957,1.577011,1.584496,1.582385,1.578957,1.465052,10
288,1.818076,1.87372,1.928024,2.101473,5.795871,2.329403,6.039946,2.378089,6.026604,1.975098,1.751371,1.742055,1.757516,1.764624,1.762772,20
289,1.538842,1.541591,1.620518,1.879067,4.980262,2.360651,5.416262,2.040478,5.361782,1.756992,1.536785,1.531,1.529659,1.533559,1.412663,30
290,1.63255,1.641048,1.680933,1.880372,5.134003,2.267424,5.330227,2.14767,5.204443,1.794011,1.590526,1.569523,1.569972,1.569972,1.734495,20
291,1.645842,1.682516,1.743945,1.945947,5.5191,2.466952,5.582946,2.138959,5.451339,1.870685,1.624005,1.619186,1.619186,1.619186,1.485915,30
292,1.438168,1.466794,1.53091,1.639555,4.679364,2.061645,5.315172,1.761651,5.09848,1.592749,1.416064,1.417053,1.417053,1.414313,1.374694,40
293,1.625081,1.679521,1.724741,1.904073,5.760861,2.487864,5.656292,2.124296,5.502514,1.75572,1.577821,1.577821,1.570016,1.566623,1.472525,40
294,1.645899,1.723245,1.839206,1.959162,5.280925,2.450901,5.659544,2.408107,5.492561,1.920658,1.632714,1.61781,1.61781,1.623484,1.488254,20
295,1.613982,1.617023,1.743477,1.96198,5.464811,2.172311,5.932404,2.185563,5.793728,1.791022,1.573325,1.552189,1.552189,1.552189,1.729679,20
296,1.632928,1.66503,1.722879,1.97061,5.727537,2.49013,5.984072,2.208422,5.842098,1.885214,1.616857,1.60874,1.60874,1.611368,1.59966,20
297,1.763923,1.755793,1.857987,2.074784,5.90373,2.613865,6.125508,2.318054,5.845408,1.87799,1.701831,1.683509,1.682279,1.683509,1.574215,30
298,1.625681,1.648358,1.737574,1.913749,5.304766,2.278578,5.467546,2.141908,5.443296,1.782542,1.604807,1.596315,1.596315,1.594189,1.563058,40
299,1.6301,1.664907,1.729509,1.8792,5.0451,2.1745,5.285594,2.165976,5.103593,1.83274,1.592922,1.57864,1.57813,1.57864,1.412106,30
300,1.714461,1.721055,1.807964,2.004879,5.696058,2.438327,5.780161,2.371759,5.582281,1.882366,1.694731,1.685919,1.685919,1.685919,1.633497,30
301,1.547338,1.593158,1.659285,1.827462,4.99676,2.338567,5.43699,2.096263,5.308815,1.752407,1.500366,1.489306,1.490218,1.488833,1.706549,40
302,1.506078,1.568237,1.60925,1.708657,5.12202,2.069722,5.340673,1.975401,5.130738,1.67669,1.458397,1.456451,1.449553,1.449553,1.66992,30
303,1.755802,1.809658,1.835192,2.056434,5.718599,2.352896,6.057477,2.326607,5.758505,1.923451,1.699583,1.698779,1.701132,1.699583,1.732083,20
304,1.699231,1.729612,1.804999,1.964636,5.41346,2.365616,5.533225,2.280335,5.404958,1.945946,1.686592,1.678257,1.677025,1.677025,1.247418,40
305,1.543369,1.560033,1.646553,1.748433,5.321589,2.217412,5.404566,1.993413,5.233235,1.734482,1.526099,1.510892,1.517046,1.510892,1.354231,20
306,1.466215,1.519092,1.64779,1.750253,4.960535,2.183413,5.05369,2.065784,4.910207,1.649456,1.435804,1.426738,1.427559,1.435469,1.647979,20
307,1.696449,1.748991,1.820087,1.917967,5.565822,2.290445,5.649474,2.238664,5.48207,1.892105,1.664144,1.663641,1.666362,1.66461,1.762625,20
308,1.60188,1.639083,1.675287,1.862709,5.567428,2.323253,5.530336,2.021168,5.307008,1.776518,1.593762,1.577519,1.572704,1.572704,1.516468,30
309,1.411926,1.478661,1.590652,1.689087,5.067652,2.061717,5.152649,1.834561,5.074804,1.620477,1.405783,1.399626,1.394356,1.394356,1.489113,30
310,1.590852,1.608756,1.701148,1.77517,5.65958,2.240217,5.781684,2.107287,5.645632,1.728731,1.538948,1.536867,1.522743,1.522743,1.793835,30
311,1.758251,1.81538,1.905736,2.013311,5.661094,2.458519,5.75426,2.290277,5.728946,2.017072,1.726277,1.734921,1.734921,1.735946,1.612634,10
312,1.571642,1.58081,1.665766,1.763011,5.390037,2.169554,5.534791,2.161039,5.310731,1.751345,1.548612,1.538015,1.538015,1.53489,1.579211,40
313,1.752605,1.799053,1.845676,2.073865,5.529661,2.385296,5.547035,2.388599,5.479374,1.9836,1.686874,1.680309,1.681792,1.681792,1.629226,20
314,1.526352,1.54012,1.678716,1.716138,5.008139,2.178584,5.113603,2.047802,4.887462,1.691269,1.518441,1.487624,1.491278,1.498668,1.521953,20
315,1.589163,1.601845,1.659512,1.894871,5.238782,2.372208,5.42471,2.082682,5.235249,1.779178,1.569442,1.555853,1.554424,1.550947,1.407469,40
316,1.675945,1.688889,1.716348,1.95973,5.459822,2.42928,5.723355,2.213009,5.292017,1.80251,1.619453,1.6148,1.613399,1.613399,1.601098,30
317,1.605454,1.666619,1.714,1.977283,5.360412,2.426874,5.630019,2.114708,5.514894,1.788271,1.600581,1.579373,1.579441,1.57133,1.574772,40
318,1.649989,1.692303,1.800747,1.888184,5.626624,2.220281,5.960095,2.246017,5.771575,1.844574,1.606655,1.604153,1.602819,1.602492,1.758555,40
319,1.656226,1.711578,1.73477,1.978212,5.333413,2.392406,5.556998,2.161733,5.462582,1.84685,1.619813,1.593231,1.592317,1.59184,1.598535,40
320,1.734477,1.818245,1.874528,1.996451,5.519376,2.466646,5.645544,2.383873,5.491973,1.902753,1.734822,1.726676,1.719945,1.719945,1.483258,30
321,1.676905,1.688018,1.749839,1.949318,5.425983,2.397973,5.620359,2.257498,5.525542,1.901945,1.640428,1.643596,1.635402,1.632231,1.411632,40
322,1.622837,1.640637,1.707886,1.877838,5.455591,2.514496,5.980432,2.12148,5.894628,1.795338,1.594242,1.585583,1.593113,1.603648,1.62949,20
323,1.582762,1.622218,1.715738,1.915583,5.306173,2.454371,5.590047,2.120782,5.374908,1.815301,1.545905,1.545526,1.548301,1.546748,1.388214,20
324,1.641404,1.670754,1.754829,1.997408,5.786992,2.324523,5.919201,2.188801,5.635184,1.904733,1.585557,1.599467,1.580822,1.569132,1.527652,40
325,1.537876,1.582588,1.632407,1.817319,5.184567,2.105489,5.272888,2.079161,5.115164,1.712361,1.521124,1.515336,1.515111,1.515111,1.742282,30
326,1.41077,1.460536,1.549126,1.700699,4.44073,2.152484,5.185211,1.973718,4.989186,1.621763,1.398097,1.392188,1.390948,1.384138,1.531679,40
327,1.590894,1.616973,1.674,1.746872,4.730765,2.245701,4.975184,2.061885,4.838816,1.680228,1.557682,1.537186,1.536376,1.536157,1.429848,40
328,1.617477,1.675766,1.710772,1.847069,5.369724,2.25699,5.401358,2.014625,5.302168,1.715451,1.583464,1.574063,1.572689,1.575629,1.416411,30
329,1.583262,1.597094,1.654358,1.77645,4.918052,2.280496,5.211961,1.980082,5.187166,1.729298,1.559746,1.548306,1.545216,1.545216,1.452886,40
330,1.785067,1.817224,1.932296,2.066185,6.195128,2.649291,6.305282,2.396029,5.870558,1.989521,1.768086,1.744942,1.744942,1.743213,1.57085,40
331,1.716456,1.720255,1.832024,1.979289,5.342384,2.587812,5.539572,2.123564,5.48783,1.866614,1.657705,1.640968,1.640968,1.639234,1.713262,40
332,1.537754,1.580705,1.652957,1.858647,5.420748,2.175595,5.415852,2.031028,5.270902,1.767263,1.50031,1.498063,1.496362,1.49516,1.611602,40
333,1.556268,1.596163,1.679533,1.821095,5.239824,2.403226,5.379442,2.038582,5.187108,1.653175,1.538867,1.52054,1.524099,1.524099,1.775695,20
334,1.59916,1.614955,1.781934,2.027082,5.155547,2.340498,5.697475,2.326777,5.509217,1.780318,1.543164,1.541623,1.539493,1.539825,1.555105,30
335,1.757361,1.773438,1.856149,2.073514,5.78783,2.525005,5.920622,2.375079,5.624416,1.934154,1.681023,1.686453,1.664671,1.67326,1.375893,30
336,1.6693,1.697342,1.853673,2.065679,5.775324,2.517515,5.867162,2.237677,5.718,1.912593,1.646919,1.641231,1.641231,1.641231,1.68743,30
337,1.728024,1.767785,1.892995,2.079214,5.682233,2.544447,5.738618,2.2728,5.678234,1.989359,1.709311,1.712182,1.705652,1.69812,1.534462,40
338,1.681483,1.67633,1.773379,2.032932,5.633958,2.533008,5.81786,2.178142,5.606336,1.955685,1.655316,1.640154,1.644955,1.647644,1.633995,20
339,1.503406,1.532308,1.583488,1.687161,5.090766,2.147925,5.239721,1.950246,5.041399,1.649135,1.454321,1.454321,1.446059,1.446059,1.614013,30
340,1.664295,1.708196,1.789082,1.904628,5.283294,2.563119,5.659972,2.290843,5.491074,1.903429,1.605842,1.605842,1.605842,1.605842,1.869118,20
341,1.674269,1.71631,1.77567,1.933295,5.032811,2.267525,5.431446,2.281285,5.248659,1.869612,1.641026,1.619464,1.619189,1.621423,2.086207,30
342,1.472243,1.486931,1.576438,1.672953,4.814375,1.935187,5.18682,1.831441,4.911643,1.598438,1.444022,1.442533,1.442533,1.442533,1.411405,30
343,1.561188,1.584839,1.694188,1.864262,5.28812,2.275191,5.557087,2.126624,5.494388,1.809193,1.546481,1.547371,1.551123,1.544872,1.549049,40
344,1.691384,1.716296,1.785184,1.998809,5.32977,2.465169,5.370778,2.162827,5.156472,1.924079,1.668555,1.656112,1.658665,1.658952,1.593194,20
345,1.569299,1.609836,1.669642,1.750441,5.199185,2.311307,5.423579,2.022032,5.219732,1.667424,1.531122,1.528212,1.531492,1.528947,1.563674,20
346,1.647152,1.719963,1.799847,1.963619,5.347554,2.399473,5.618108,2.250782,5.35289,1.881643,1.641773,1.627487,1.619459,1.625573,1.739885,30
347,1.44555,1.461953,1.58423,1.766072,5.183516,2.222137,5.34605,1.950699,5.137154,1.60129,1.433637,1.43095,1.430525,1.430525,1.405354,30
348,1.785449,1.801419,1.895621,2.00478,5.574997,2.630081,5.929227,2.287171,5.775022,1.940277,1.748407,1.739711,1.739697,1.739697,1.469474,40
349,1.61835,1.655538,1.73164,1.996245,5.370708,2.573143,5.585748,2.01024,5.420104,1.813393,1.566688,1.559829,1.562072,1.557302,1.485208,40
350,1.662648,1.678635,1.781137,2.015247,5.335288,2.510299,5.671552,2.406884,5.515952,1.961203,1.623659,1.62421,1.621617,1.632418,1.465119,30
351,1.676562,1.703588,1.77644,1.937272,5.329294,2.326568,5.63536,2.088578,5.621186,1.843023,1.681242,1.666735,1.662868,1.663197,1.543738,30
352,1.469902,1.54155,1.57335,1.815815,5.044568,2.266837,5.184989,1.905636,4.957167,1.666938,1.470503,1.446759,1.448389,1.438685,1.6471,40
353,1.565172,1.592142,1.66085,1.793917,5.07585,2.25004,5.339196,2.158464,5.229302,1.772651,1.575102,1.545473,1.539998,1.539998,1.552626,30
354,1.649259,1.679822,1.72421,1.951393,5.696378,2.497358,5.768374,2.277523,5.535412,1.813804,1.605354,1.57121,1.565061,1.565061,1.454949,30
355,1.64217,1.720806,1.765283,1.939646,5.881558,2.3939,5.992337,2.15522,5.745266,1.84582,1.611339,1.590819,1.595471,1.595471,1.60979,20
356,1.465751,1.475563,1.609999,1.774351,5.123896,2.154455,5.297846,1.992501,5.221444,1.617344,1.432846,1.435465,1.435465,1.432846,1.52688,10
357,1.644669,1.646225,1.806028,1.95059,5.575532,2.510374,5.788517,2.183136,5.46125,1.875743,1.622676,1.609516,1.599668,1.599668,1.523844,40
358,1.461412,1.525329,1.550175,1.675085,5.05928,2.061499,5.198373,1.9462,5.045406,1.641044,1.438768,1.43005,1.43005,1.43005,1.532233,20
359,1.51146,1.520029,1.578851,1.77842,4.63292,2.037694,4.88797,1.99153,4.838112,1.635587,1.46893,1.46096,1.463179,1.463179,1.400874,20
360,1.764085,1.824936,1.915665,2.113174,5.928384,2.921764,6.066262,2.42409,5.991504,1.985333,1.736487,1.715701,1.707585,1.707585,1.549968,40
361,1.728523,1.747666,1.80663,2.044673,5.377496,2.304947,5.810232,2.257529,5.439191,1.901334,1.714523,1.697268,1.696414,1.696414,1.32999,30
362,1.580442,1.586018,1.729202,1.937052,5.256824,2.361313,5.604581,2.046353,5.437715,1.729987,1.562911,1.534186,1.534186,1.534186,1.808964,20
363,1.576055,1.603448,1.654374,1.949445,5.168272,2.457552,5.734029,2.227855,5.450741,1.775044,1.559951,1.548687,1.54466,1.54466,1.751243,30
364,1.684167,1.742397,1.880368,2.071766,5.506866,2.554992,5.979352,2.280433,5.784439,1.993309,1.660381,1.663303,1.663303,1.656941,1.482336,40
365,1.601451,1.614395,1.702699,1.819497,5.157845,2.20489,5.257858,2.036529,5.231179,1.796291,1.556844,1.525716,1.526893,1.526893,1.653874,20
366,1.592874,1.642641,1.718428,1.878562,5.441998,2.379904,5.438534,2.278465,5.282317,1.856638,1.542168,1.546609,1.539947,1.543146,1.783851,30
367,1.772271,1.809572,1.82958,2.083357,5.688572,2.602895,5.859736,2.546309,5.680875,1.980501,1.721441,1.705017,1.700323,1.7011,1.729686,30
368,1.500534,1.512801,1.70585,1.810901,5.012696,2.191056,5.282073,1.974963,5.14275,1.717118,1.486816,1.498407,1.496919,1.499731,1.499362,10
369,1.677191,1.706023,1.799643,1.954106,5.509227,2.358078,5.641081,2.246616,5.52082,1.847595,1.623767,1.598783,1.598141,1.589764,1.729766,40
370,1.641633,1.702039,1.770681,2.004581,5.4772,2.423162,5.734574,2.255466,5.531275,1.901792,1.633456,1.617353,1.617353,1.617353,1.615797,20
371,1.665483,1.688169,1.789092,2.046631,5.968756,2.364436,6.112742,2.317667,5.76913,1.830235,1.613644,1.607274,1.607274,1.597516,1.555517,40
372,1.712826,1.722555,1.768227,1.94101,5.46736,2.534465,6.022992,2.264294,5.869277,1.849285,1.667146,1.662596,1.662596,1.664766,1.487414,20
373,1.55369,1.580399,1.638906,1.843287,5.328324,2.307604,5.537308,1.970398,5.23926,1.707058,1.54556,1.537821,1.545937,1.545937,1.555994,20
374,1.644842,1.653091,1.701187,1.912125,5.424586,2.360353,5.579103,2.161224,5.353839,1.758421,1.642983,1.631749,1.634975,1.630149,1.772233,40
375,1.662551,1.709014,1.790186,1.980796,5.496473,2.502108,5.85684,2.180137,5.673413,1.82699,1.611856,1.611856,1.611856,1.611856,1.404527,20
376,1.682442,1.710573,1.797664,2.036144,5.967838,2.43632,6.205763,2.257684,5.936812,1.901873,1.676606,1.655427,1.655427,1.655427,1.479945,20
377,1.507885,1.517127,1.604999,1.809522,5.011499,2.226735,5.39249,1.981517,5.25635,1.696394,1.483201,1.472359,1.472637,1.470486,1.44717,40
378,1.65919,1.720706,1.799049,2.032545,5.412621,2.306751,5.51233,2.133356,5.457677,1.853676,1.657358,1.6458,1.640591,1.640591,1.409147,30
379,1.789451,1.802302,1.942325,2.110552,6.02207,2.730154,6.343274,2.447714,6.08102,2.006957,1.710397,1.712711,1.695178,1.695178,1.582294,40
380,1.524741,1.552346,1.632263,1.755169,4.847349,2.186226,5.05702,1.916682,4.832192,1.652966,1.496334,1.490372,1.488868,1.488868,1.518216,30
381,1.640053,1.711308,1.781261,2.010519,5.175186,2.403879,5.466241,2.154612,5.417847,1.874324,1.648498,1.638361,1.623896,1.624143,1.617788,30
382,1.55393,1.612136,1.655563,1.841692,5.217905,2.280295,5.337639,2.052436,5.180772,1.740732,1.562685,1.539537,1.53163,1.53163,1.403636,30
383,1.508646,1.521699,1.543771,1.681371,5.393966,1.979764,5.424779,1.922987,5.404174,1.698422,1.497008,1.49037,1.487256,1.487256,1.822357,30
384,1.688387,1.723044,1.802733,1.949494,5.379866,2.384763,5.586128,2.190134,5.47972,1.865863,1.640515,1.637031,1.638681,1.634059,1.519232,40
385,1.603072,1.633729,1.733682,1.882582,5.275772,2.469285,5.68246,2.255606,5.413528,1.840443,1.599408,1.585477,1.585477,1.585477,1.844673,20
386,1.557903,1.596639,1.662581,1.784579,5.321676,2.34455,5.454268,2.050065,5.398328,1.7499,1.514398,1.51033,1.508881,1.508881,1.271834,30
387,1.776794,1.810642,1.91159,2.090056,5.637966,2.556838,6.029508,2.382086,5.851329,2.027974,1.747551,1.736715,1.734186,1.734186,1.869957,30
388,1.692634,1.728635,1.780878,1.971334,5.549988,2.638927,5.622796,2.353948,5.536577,1.903924,1.689726,1.652806,1.657675,1.651916,1.421835,40
389,1.689774,1.725839,1.863569,2.033032,5.828914,2.433978,5.937326,2.231528,5.748164,1.981766,1.681549,1.671534,1.665289,1.650773,1.715567,40
390,1.625582,1.637243,1.775395,1.907218,4.995888,2.405154,5.314739,2.168599,5.0453,1.764637,1.59074,1.569203,1.569203,1.569203,1.635457,20
391,1.649944,1.687312,1.783114,1.956086,5.380981,2.439682,5.492592,2.14571,5.365402,1.839432,1.640137,1.621645,1.624718,1.624718,1.46883,20
392,1.622908,1.655942,1.783819,1.927211,5.668605,2.443027,5.968379,2.128138,5.678076,1.880079,1.589795,1.589795,1.589795,1.589795,1.481776,20
393,1.61563,1.679777,1.725788,1.947314,5.237834,2.347664,5.640372,2.257467,5.404134,1.914994,1.632618,1.61597,1.631413,1.61597,1.357747,-40
394,2.013439,2.02799,2.083071,2.246289,5.894688,2.787842,6.146402,2.402893,6.076672,2.224568,1.944237,1.947965,1.944227,1.944227,1.434253,30
395,1.591843,1.631719,1.69531,1.912633,5.571654,2.318477,5.860414,2.084024,5.621326,1.816984,1.545479,1.54592,1.538479,1.538479,1.403491,30
396,1.587305,1.640415,1.728954,1.904613,5.425673,2.45964,5.542867,2.210785,5.450327,1.74538,1.555177,1.537704,1.538761,1.538761,1.476072,20
397,1.45314,1.508154,1.608347,1.788684,4.9431,2.159403,5.245446,1.917824,5.028963,1.593674,1.438821,1.433321,1.428134,1.427532,1.496229,40
398,1.632569,1.637438,1.718109,1.936502,5.482983,2.477946,5.603225,2.277857,5.440904,1.864513,1.636444,1.616909,1.604138,1.604138,1.547487,30
399,1.7869,1.821851,1.945479,2.288305,6.116154,2.775405,6.126714,2.411197,5.861199,2.059246,1.754454,1.761441,1.751629,1.753059,1.468966,30
400,1.775536,1.853836,1.894857,2.051944,5.749547,2.577337,6.009688,2.227945,5.814048,1.99587,1.755903,1.750215,1.743984,1.739457,1.685072,40
401,1.698668,1.691512,1.769418,2.058977,5.707458,2.610624,5.83534,2.295029,5.675289,1.811731,1.650669,1.64887,1.647032,1.647032,1.678946,30
402,1.427076,1.466153,1.586113,1.721061,5.08696,1.982403,5.119066,1.849839,4.838041,1.63069,1.391874,1.391874,1.391874,1.39323,1.553652,10
403,1.559203,1.59783,1.724824,1.84965,5.387768,2.189915,5.533845,2.027266,5.295136,1.752405,1.520927,1.516566,1.519549,1.515254,1.703779,40
404,1.665961,1.675402,1.781668,1.947259,5.482061,2.371284,5.731443,2.161006,5.559604,1.797996,1.633429,1.627141,1.61381,1.618864,1.674238,30
405,1.577531,1.616598,1.708191,1.861968,5.374971,2.38412,5.646413,2.193826,5.333774,1.77324,1.551234,1.548657,1.547803,1.554183,1.278051,30
406,1.568893,1.595032,1.686682,1.867303,5.513046,2.168458,5.643342,2.175976,5.494194,1.802322,1.518414,1.542722,1.519465,1.512704,1.567756,40
407,1.729585,1.771425,1.842452,1.950312,5.688424,2.371041,5.77722,2.268048,5.430452,1.890497,1.710424,1.679786,1.679786,1.691463,1.472069,20
408,1.726198,1.763251,1.887042,2.049156,5.545747,2.497611,5.591555,2.341442,5.582073,1.936266,1.681576,1.667137,1.667137,1.667137,1.476912,20
409,1.678436,1.695996,1.801171,1.933035,5.599318,2.467733,5.806815,2.212584,5.555257,1.835555,1.638779,1.621294,1.636556,1.630537,1.460187,20
410,1.635825,1.669912,1.812517,2.000311,5.610738,2.368342,5.891062,2.163944,5.649238,1.85393,1.610332,1.605095,1.605095,1.604995,1.761709,40
411,1.799765,1.806399,1.875406,2.01778,5.517828,2.41061,5.735828,2.23888,5.674967,1.940157,1.737893,1.739297,1.739297,1.739297,1.568881,10
412,1.660885,1.717163,1.838284,2.025615,5.523448,2.305338,5.497723,2.203022,5.365782,1.892045,1.629332,1.625586,1.621271,1.621271,1.373639,30
413,1.587127,1.617657,1.670481,1.911641,5.072334,2.252995,5.218171,2.101563,5.129864,1.780684,1.551561,1.554393,1.529135,1.537344,1.529514,30
414,1.628431,1.640263,1.728964,1.781106,5.440814,2.253524,5.520814,2.067297,5.160858,1.756237,1.594023,1.580886,1.580886,1.581506,1.242891,20
415,1.497059,1.555304,1.584281,1.78326,4.948982,2.257358,5.334351,1.97103,5.104492,1.650684,1.50914,1.487912,1.487748,1.487912,1.450501,30
416,1.651716,1.682692,1.776897,2.020247,5.371408,2.528484,5.472065,2.197013,5.246993,1.891005,1.615478,1.593552,1.59755,1.591579,1.324741,40
417,1.519243,1.564279,1.644305,1.810776,5.07703,2.059999,5.273352,1.980498,5.068342,1.716766,1.487999,1.481917,1.489194,1.492895,1.610236,20
418,1.769764,1.807185,1.850743,2.158066,5.831124,2.833945,6.007472,2.326481,5.854182,2.005348,1.746973,1.746396,1.746396,1.746396,1.498589,30
419,1.738716,1.747276,1.816717,2.022838,5.631166,2.516506,5.876649,2.314494,5.784776,1.969462,1.675706,1.665981,1.665981,1.665981,1.391658,20
420,1.624014,1.690139,1.749057,1.926233,5.400891,2.515404,5.610868,2.260289,5.465046,1.965787,1.616524,1.591439,1.591439,1.591439,1.468393,20
421,1.552848,1.585784,1.659008,1.813581,5.200496,2.22076,5.454244,2.074288,5.252421,1.747302,1.53208,1.525512,1.521597,1.521597,1.395453,30
422,1.578121,1.644221,1.646185,1.843179,5.36255,2.227394,5.665808,1.958304,5.386347,1.667349,1.534008,1.524113,1.520489,1.518781,1.493036,40
423,1.453584,1.477696,1.581527,1.723167,4.790015,2.096984,4.956962,1.921438,4.924896,1.641131,1.432219,1.4273,1.4273,1.4273,1.565632,30
424,1.513723,1.577615,1.699649,1.849708,5.342231,2.306281,5.570502,1.945732,5.260446,1.706936,1.500988,1.504037,1.504037,1.504037,1.473785,10
425,1.579082,1.62727,1.673142,1.881267,5.462794,2.407179,5.887527,2.121407,5.592668,1.724448,1.553888,1.542797,1.545923,1.542797,1.584732,40
426,1.610923,1.628916,1.678742,1.819566,5.182611,2.441922,5.553799,2.104376,5.428593,1.743637,1.55079,1.547427,1.544905,1.54232,1.418512,40
427,1.515595,1.548054,1.591696,1.746743,4.749858,2.118897,5.090359,1.93699,4.95855,1.668514,1.473723,1.467175,1.471213,1.46712,1.613586,40
428,1.541676,1.560964,1.61489,1.817337,4.968135,2.149341,5.155587,1.981612,4.975678,1.73545,1.511,1.501103,1.49403,1.495918,1.709972,30
429,1.724508,1.747939,1.822019,2.097352,5.775871,2.467496,5.841729,2.426561,5.667598,1.918834,1.67063,1.67654,1.659334,1.659334,1.733312,30
430,1.464078,1.499433,1.571958,1.810996,5.114828,2.11122,5.232891,1.96521,5.240945,1.67482,1.47317,1.456739,1.449834,1.449834,1.901354,30
431,1.552392,1.59834,1.638279,1.725875,5.102267,2.151824,5.325818,2.01803,5.116091,1.752904,1.549696,1.53386,1.533041,1.533041,1.864427,30
432,1.530981,1.598499,1.664031,1.831413,5.008271,2.259937,5.454836,2.011711,5.16793,1.753522,1.500546,1.495646,1.494146,1.494146,1.285829,30
433,1.709174,1.751316,1.834957,2.003734,5.586848,2.498107,5.803047,2.427607,5.56354,1.901025,1.682951,1.670592,1.67373,1.682296,1.449137,20
434,1.676481,1.704787,1.774747,1.895058,5.628478,2.420947,5.814999,2.071638,5.510716,1.807832,1.586549,1.582606,1.582606,1.581418,1.590117,40
435,1.431478,1.477597,1.547583,1.616116,4.778044,1.973104,5.061164,1.924235,4.980778,1.608459,1.395388,1.396625,1.391528,1.391528,1.761123,30
436,1.553823,1.57295,1.652491,1.802056,5.471148,2.232701,5.483789,2.060115,5.285253,1.671008,1.531878,1.535974,1.531475,1.525599,1.573305,40
437,1.518206,1.540138,1.594187,1.743182,5.07148,2.103147,5.264914,1.961656,5.171159,1.691088,1.498791,1.463491,1.461098,1.463868,1.555055,30
438,1.471373,1.490068,1.537609,1.621576,5.137335,2.201482,5.291284,1.919588,5.188793,1.596355,1.451652,1.455082,1.455082,1.455082,1.663074,10
439,1.816263,1.791648,1.907495,2.103827,5.946282,2.558672,6.014102,2.308729,6.07536,2.081635,1.76311,1.739632,1.74155,1.739485,1.723258,40
440,1.574591,1.5855,1.686386,1.948913,5.258414,2.249374,5.447718,2.154196,5.307204,1.804724,1.570352,1.567363,1.57074,1.57074,1.426939,20
441,1.559965,1.610176,1.651083,1.806439,4.890179,2.180264,5.311045,1.881513,5.146815,1.690474,1.507418,1.500858,1.502015,1.502015,1.46253,20
442,1.447325,1.478433,1.527431,1.669251,4.937226,2.022221,5.135466,1.973268,5.0201,1.619762,1.412016,1.399557,1.399557,1.398628,1.496137,40
443,1.771109,1.814114,1.916706,2.014142,5.505354,2.600345,5.7889,2.361801,5.574002,1.97679,1.75174,1.707686,1.706251,1.706251,1.578787,40
444,1.662018,1.679087,1.732444,1.890858,5.839149,2.293817,5.891918,2.095923,5.688199,1.858394,1.653843,1.639838,1.639293,1.642586,1.577394,30
445,1.902444,1.929008,2.049141,2.186917,6.066029,2.586958,6.175623,2.602684,6.128262,2.177071,1.859076,1.849128,1.849128,1.849128,1.424596,20
446,1.654286,1.670905,1.787238,1.988064,5.69081,2.560755,5.759957,2.199751,5.604569,1.819038,1.613408,1.59757,1.59757,1.59757,1.618279,20
447,1.60514,1.6461,1.714707,1.929033,5.465002,2.287266,5.534282,2.138748,5.502849,1.893011,1.565284,1.572104,1.570199,1.565284,1.633994,10
448,1.517572,1.559587,1.632324,1.885106,5.126634,2.126483,5.682606,2.142725,5.479231,1.807956,1.502316,1.495925,1.499061,1.489554,1.446571,40
449,1.688694,1.697148,1.798535,1.963396,5.290176,2.358186,5.421329,2.216933,5.309025,1.898488,1.626089,1.609556,1.616995,1.609556,1.846879,20
450,1.593731,1.630525,1.71632,1.969,5.178778,2.239994,5.853731,2.277425,5.618164,1.810061,1.574599,1.579781,1.572587,1.572587,1.573065,30
451,1.60262,1.646749,1.698396,1.873007,5.530554,2.251761,5.640596,2.120607,5.439859,1.801867,1.570517,1.565774,1.565774,1.565774,2.022019,30
452,1.640224,1.652848,1.682484,1.950776,5.465576,2.601981,5.806103,2.287605,5.62515,1.860033,1.622706,1.619019,1.614297,1.614297,1.842547,30
453,1.680371,1.706521,1.847602,1.94747,5.480816,2.460971,5.830646,2.308921,5.548408,1.968564,1.646378,1.641185,1.63701,1.636541,1.285869,40
454,1.597172,1.615484,1.6932,1.802784,5.599621,2.191863,5.715104,2.17708,5.474692,1.784057,1.557429,1.562853,1.562853,1.562853,1.779686,10
455,1.629533,1.665791,1.751738,1.953283,5.639661,2.477176,6.207599,2.222199,5.799086,1.817097,1.628666,1.619674,1.614439,1.614439,1.645404,40
456,1.388984,1.44041,1.555457,1.629045,4.395498,2.094101,4.899666,1.823806,4.742113,1.533235,1.354229,1.350425,1.341939,1.341939,1.780452,30
457,1.565323,1.561497,1.636176,1.910047,5.49573,2.349338,5.521216,2.072383,5.342812,1.701701,1.51802,1.515824,1.51227,1.515824,1.6938,30
458,1.780434,1.841078,1.877192,2.018114,5.904051,2.522371,6.014046,2.281386,5.760072,1.903338,1.704756,1.674349,1.671973,1.668572,1.728113,40
459,1.632099,1.665552,1.719385,1.926296,5.380296,2.481641,5.871385,2.30675,5.504583,1.826098,1.600783,1.599419,1.599419,1.599001,1.578618,40
460,1.692404,1.721942,1.772369,1.942034,5.298244,2.342423,5.524143,2.345538,5.384475,1.909865,1.683762,1.66443,1.665445,1.665445,1.512522,20
461,1.568093,1.586632,1.6434,1.757952,5.603169,2.231361,5.681216,2.054966,5.398566,1.753557,1.564254,1.545345,1.545864,1.545345,1.719256,20
462,1.696936,1.699067,1.814371,1.92229,5.804658,2.38434,6.028388,2.181957,5.754273,1.849022,1.613073,1.624196,1.631177,1.639001,1.509689,10
463,1.545687,1.562886,1.633804,1.774629,4.967606,2.19859,5.423676,2.076515,5.385162,1.67403,1.491053,1.486257,1.478182,1.487075,1.613082,30
464,1.744891,1.766427,1.811248,2.013192,5.845718,2.614192,5.91799,2.332943,5.745701,1.965324,1.745454,1.745454,1.744891,1.740305,1.670286,40
465,1.554512,1.570777,1.677409,1.847593,5.432304,2.090471,5.50363,2.032992,5.232458,1.788692,1.526021,1.512408,1.511364,1.50899,1.590873,40
466,1.652926,1.673524,1.755126,1.950066,5.187423,2.307094,5.368168,2.260958,5.222411,1.83411,1.653432,1.635986,1.62832,1.62832,1.628697,30
467,1.44652,1.478567,1.55945,1.720016,4.811788,2.0768,4.912864,2.010367,4.814979,1.614849,1.440921,1.431804,1.430725,1.42847,1.692196,40
468,1.627294,1.642175,1.735724,1.977671,5.455334,2.374099,5.60862,2.227219,5.421374,1.872263,1.611299,1.590036,1.578381,1.570957,1.745076,40
469,1.637913,1.661132,1.805293,2.018119,5.685742,2.569559,5.822853,2.196822,5.719016,1.852573,1.633054,1.614609,1.614609,1.614609,1.555458,30
470,1.452718,1.46962,1.497942,1.609882,4.660461,1.974569,5.117344,1.870437,5.025981,1.601903,1.448955,1.444335,1.443271,1.443271,1.727995,30
471,1.904021,1.925346,2.063211,2.165566,5.668344,2.645408,5.859376,2.604202,5.7151,2.231519,1.867653,1.851349,1.85557,1.846891,1.589184,40
472,1.57028,1.626737,1.648297,1.72332,5.034113,2.178005,5.43863,1.975428,5.258662,1.726011,1.507482,1.515746,1.513855,1.513773,1.479164,10
473,1.710901,1.727754,1.827848,1.907957,5.817912,2.344841,5.902032,2.141814,5.908059,1.933163,1.690371,1.67677,1.679181,1.676261,1.571045,40
474,1.805247,1.817057,1.930107,2.038456,5.723284,2.613565,5.991329,2.363659,5.708222,1.969945,1.752419,1.748,1.748128,1.741043,1.511002,40
475,1.533715,1.563976,1.651166,1.734299,5.077175,2.172461,5.505628,1.950244,5.141917,1.644324,1.512035,1.492989,1.492989,1.492989,1.499221,30
476,1.422159,1.486455,1.529992,1.720105,4.733896,2.023685,4.977107,1.859157,4.806115,1.589523,1.396531,1.396531,1.396531,1.396531,1.305148,30
477,1.695013,1.700398,1.784838,1.95253,5.571373,2.494349,5.702854,2.221492,5.582294,1.851618,1.634882,1.637315,1.628043,1.628043,1.560111,40
478,1.457119,1.487006,1.503116,1.742967,5.04157,2.208879,5.244851,2.020621,5.003793,1.619304,1.440058,1.43444,1.428186,1.428186,1.474369,30
479,1.84603,1.870285,1.89785,2.19281,5.646042,2.670713,6.105418,2.442941,5.980939,2.041571,1.76831,1.761041,1.761041,1.761041,1.454724,30
480,1.638825,1.703359,1.734601,1.898231,5.907726,2.490669,6.105521,2.217554,5.745276,1.863777,1.635143,1.611523,1.611523,1.611523,1.461689,20
481,1.611382,1.635455,1.734437,1.899472,5.186486,2.180851,5.190869,2.198665,5.122689,1.824709,1.609505,1.59879,1.602132,1.597052,1.45398,40
482,1.5898,1.638084,1.667835,1.828019,5.062969,2.165454,5.410322,2.012039,5.17818,1.763376,1.569046,1.545202,1.54356,1.54356,1.674524,30
483,1.522818,1.548247,1.603284,1.802813,5.235684,2.351007,5.278107,2.001618,5.217722,1.699227,1.506433,1.495362,1.495362,1.495362,1.661651,20
484,1.533445,1.619234,1.709517,1.890788,5.126238,2.364405,5.500471,2.02752,5.221328,1.72438,1.506365,1.493954,1.49699,1.495131,1.535283,20
485,1.715308,1.728361,1.803047,1.99436,5.34292,2.632238,5.742388,2.321528,5.512524,1.914187,1.687625,1.671552,1.666254,1.666254,1.711335,30
486,1.598421,1.601746,1.663962,1.858513,5.465666,2.409667,5.591126,2.133275,5.443978,1.79757,1.57315,1.572274,1.56757,1.568339,1.481438,30
487,1.596285,1.621283,1.645677,1.833316,5.148728,2.257188,5.335408,1.987101,5.079744,1.786536,1.5803,1.574546,1.561431,1.561431,1.581687,40
488,1.719157,1.730699,1.789141,2.019737,5.650398,2.363723,5.754876,2.322633,5.578104,1.974514,1.711551,1.704813,1.704813,1.707862,1.598851,20
489,1.699955,1.729939,1.785855,1.948389,5.24592,2.521915,5.491953,2.299561,5.518224,1.893513,1.686943,1.66427,1.65786,1.650285,1.693882,40
490,1.731094,1.753259,1.798289,1.960286,5.567051,2.636098,5.658644,2.477708,5.514909,1.939643,1.701204,1.689915,1.689915,1.692708,1.767135,20
491,1.607746,1.643228,1.729735,1.892617,4.877488,2.235169,5.273245,2.033017,5.209957,1.751328,1.566276,1.557567,1.550815,1.552898,1.562851,30
492,1.57215,1.602694,1.677542,1.889034,5.614264,2.209361,5.818798,2.151909,5.647808,1.804094,1.536257,1.523664,1.522094,1.522094,1.617212,30
493,1.716282,1.796455,1.899552,2.016887,5.824239,2.481237,5.837551,2.274285,5.706437,1.936591,1.686496,1.685247,1.685247,1.685247,1.667046,20
494,1.606053,1.617918,1.705056,1.862426,5.359228,2.287493,5.449932,2.126148,5.184912,1.79118,1.586416,1.568765,1.562773,1.562773,1.634387,30
495,1.704931,1.744726,1.856021,2.018608,6.071391,2.574251,6.311719,2.335513,6.12793,1.970628,1.651051,1.651391,1.651391,1.651391,1.59809,10
496,1.841976,1.855993,1.997185,2.183224,5.529345,2.749857,5.717998,2.655838,5.688287,2.115193,1.836382,1.818909,1.824882,1.824882,1.663119,20
497,1.713667,1.73141,1.782991,1.996668,6.05506,2.646391,6.075877,2.428359,5.668278,1.865017,1.64927,1.638494,1.626137,1.63266,1.639754,30
498,1.688969,1.775038,1.826451,2.083802,5.867289,2.581211,5.932749,2.290527,5.796038,1.848801,1.681619,1.679603,1.676245,1.676461,1.407072,30
499,1.573739,1.599838,1.704115,1.815275,5.494951,2.312808,5.519377,2.081006,5.534568,1.674074,1.567182,1.557022,1.557022,1.557022,1.444398,30
500,1.672219,1.671775,1.71141,1.882687,5.510134,2.192533,5.535576,2.17067,5.489294,1.873167,1.647308,1.640183,1.642515,1.640183,1.629946,40
501,1.626548,1.657054,1.713132,1.919255,5.716254,2.348418,5.89946,2.440041,5.680343,1.885739,1.626575,1.604919,1.604919,1.608737,1.649139,30
502,1.554929,1.58523,1.647068,1.824054,5.322782,2.226595,5.493784,2.064175,5.154402,1.746269,1.523621,1.517258,1.517258,1.514007,1.421229,40
503,1.551775,1.580151,1.661482,1.851156,4.98081,2.197153,5.650746,2.207025,5.420149,1.812079,1.528663,1.527916,1.530394,1.530394,1.517565,20
504,1.457673,1.478426,1.534731,1.685619,5.035717,2.182637,5.104226,2.062243,4.822446,1.691241,1.437796,1.430317,1.430317,1.427988,1.508403,40
505,1.423737,1.452272,1.527154,1.653212,4.664277,1.958224,5.199419,1.799571,4.970166,1.6489,1.373374,1.373206,1.3773,1.3773,1.382741,20
506,1.699654,1.727506,1.807224,2.067663,5.643762,2.442442,5.742449,2.253661,5.57748,1.883482,1.665833,1.65543,1.661443,1.655124,1.669105,40
507,1.66593,1.666874,1.714004,1.820227,5.225721,2.428242,5.611325,2.319301,5.612393,1.778517,1.617908,1.607359,1.609311,1.613287,1.696487,20
508,1.853445,1.88929,1.937787,2.049848,6.197488,2.618585,6.336091,2.423038,6.12945,2.035922,1.815103,1.799113,1.799113,1.799113,1.608279,20
509,1.573135,1.586431,1.635056,1.832594,5.049253,2.17623,5.331174,2.068323,5.132169,1.680437,1.527839,1.516361,1.519594,1.519594,1.678998,20
510,1.775031,1.831004,1.892375,2.069714,5.682905,2.560457,5.915488,2.389971,5.633988,2.032707,1.732097,1.74032,1.741406,1.741342,1.448125,10
511,1.639917,1.650901,1.708663,1.934883,5.662196,2.499048,5.809601,2.263088,5.673272,1.92955,1.627145,1.610536,1.610536,1.610536,1.529603,30
512,1.705584,1.749554,1.767429,1.938257,5.526411,2.372151,5.825261,2.193472,5.465011,1.878246,1.661932,1.647789,1.653965,1.648559,1.631498,20
513,1.577966,1.635907,1.652557,1.814378,5.312458,2.456113,5.519092,1.993469,5.213353,1.761333,1.544163,1.530379,1.530379,1.530379,1.954752,30
514,1.634801,1.640137,1.747942,1.867089,5.639152,2.267481,5.859763,2.109028,5.599723,1.78007,1.615067,1.617392,1.617392,1.617392,1.415782,10
515,1.585025,1.65165,1.732201,1.947115,5.605885,2.464159,5.715168,2.260397,5.550768,1.801132,1.561122,1.553073,1.549583,1.548113,1.540157,40
516,1.605403,1.611653,1.712117,1.922375,5.656624,2.312263,5.72594,2.11655,5.595976,1.829378,1.584721,1.577926,1.580252,1.577926,1.403575,20
517,1.641143,1.649044,1.706007,1.895461,5.38627,2.371366,5.597978,2.124883,5.286723,1.783133,1.615893,1.613448,1.610289,1.610289,1.537989,30
518,1.629569,1.666264,1.727929,1.990613,5.410146,2.34555,5.650643,2.177663,5.477386,1.833666,1.587929,1.581204,1.581204,1.581204,1.342976,20
519,1.654434,1.699163,1.789643,2.007421,5.409622,2.365702,5.515014,2.208926,5.438899,1.880191,1.659513,1.634415,1.6175,1.626073,1.873056,30
520,1.510426,1.531136,1.575443,1.759926,5.021366,1.984677,5.372699,1.963534,5.11863,1.647898,1.486553,1.486553,1.484738,1.484738,1.674079,40
521,1.824416,1.870138,1.967662,2.181113,6.31089,2.647471,6.503195,2.47571,6.314522,2.118157,1.80327,1.791595,1.791369,1.791369,1.500606,30
522,1.545169,1.56039,1.598634,1.749108,4.912962,2.132127,4.943598,2.109456,4.811795,1.828043,1.508494,1.515343,1.508253,1.508253,1.477536,40
523,1.580251,1.609896,1.714514,1.923174,5.054653,2.326207,5.389028,2.106164,5.217437,1.766144,1.54374,1.530433,1.530433,1.5374,1.41999,20
524,1.686637,1.702872,1.82539,2.060365,5.336836,2.491101,5.372553,2.116022,5.206466,1.862445,1.678013,1.64564,1.643496,1.647066,1.486593,30
525,1.707105,1.746574,1.821238,1.986138,5.581424,2.625275,5.609865,2.424941,5.479538,1.932908,1.674548,1.674383,1.673963,1.673146,1.397854,40
526,1.587938,1.621433,1.708436,1.955761,5.387252,2.326771,5.522543,2.220762,5.344846,1.840603,1.575652,1.574727,1.586006,1.584899,1.722135,20
527,1.540306,1.570821,1.670228,1.933796,5.215565,2.30466,5.260914,2.072515,5.159031,1.756181,1.519344,1.521511,1.525971,1.515645,1.514607,40
528,1.781366,1.851194,1.934766,2.216907,5.726673,2.705516,5.906399,2.45268,5.806675,1.994239,1.705776,1.702913,1.706958,1.706958,1.333334,20
529,1.653902,1.678832,1.757056,2.077949,5.595223,2.466423,5.76249,2.184291,5.663048,1.83595,1.639911,1.631556,1.629019,1.629019,1.750264,30
530,1.39142,1.411659,1.467793,1.636725,4.91643,1.987178,4.97387,1.839391,4.787852,1.484914,1.371302,1.375877,1.366861,1.366861,1.635442,40
531,1.77977,1.808951,1.872922,2.069841,5.287715,2.563369,5.42827,2.287245,5.30083,1.991641,1.74531,1.723781,1.723303,1.715321,1.464086,40
532,1.697232,1.74678,1.804537,2.04788,5.880002,2.702898,5.826457,2.447751,5.696928,1.919325,1.691195,1.665368,1.666653,1.666653,1.595965,20
533,1.571295,1.574082,1.6459,1.857903,5.063946,2.20908,5.189599,2.096967,5.062455,1.772865,1.542674,1.529236,1.529236,1.529236,1.420419,30
534,1.587921,1.621508,1.636375,1.812246,5.58973,2.194346,5.605186,2.058055,5.578283,1.738503,1.570559,1.57319,1.561678,1.561678,1.469695,30
535,1.438053,1.485415,1.554769,1.671639,5.17696,2.071338,5.308684,1.857405,5.03074,1.602532,1.414049,1.401562,1.401562,1.401562,1.719678,20
536,1.72427,1.808223,1.889861,2.114596,5.39588,2.604444,6.365032,2.402024,6.106786,2.000434,1.700493,1.703601,1.70313,1.6957,1.599974,40
537,1.587204,1.634658,1.641171,1.827965,5.444388,2.311769,5.675061,2.082673,5.382128,1.803553,1.53896,1.530449,1.533198,1.533198,1.80687,20
538,1.472923,1.484853,1.57561,1.778584,4.902056,2.138852,5.307525,1.97385,4.936172,1.645905,1.429566,1.423527,1.423527,1.423527,1.478205,20
539,1.529773,1.557137,1.619181,1.707519,5.361147,2.058227,5.52651,2.186556,5.242478,1.680844,1.485926,1.489131,1.488041,1.484451,1.684511,40
540,1.528393,1.578248,1.623885,1.933535,5.066878,2.38951,5.38814,2.066157,5.215939,1.782386,1.504066,1.512807,1.512807,1.512807,1.603491,10
541,1.529206,1.535727,1.630235,1.861363,5.32871,2.261763,5.709872,2.004324,5.340284,1.765254,1.514405,1.511436,1.509421,1.515711,1.505452,30
542,1.751127,1.797463,1.873519,2.031965,5.459685,2.485419,5.614558,2.262038,5.448294,1.968869,1.708676,1.712097,1.715467,1.711399,1.603414,10
543,1.696205,1.741032,1.848325,1.981593,5.219483,2.523504,5.676618,2.328562,5.413734,1.910284,1.691342,1.664585,1.664585,1.664585,1.822489,20
544,1.566796,1.603989,1.716655,1.961762,5.255352,2.282896,5.520933,2.171618,5.227038,1.786803,1.556257,1.556257,1.551911,1.551911,1.689455,30
545,1.575905,1.602408,1.724699,1.923311,5.767699,2.325533,5.836717,2.158926,5.615468,1.803848,1.563439,1.537183,1.532901,1.533029,1.546257,30
546,1.646306,1.659877,1.771375,1.963308,5.526804,2.603416,5.622693,2.155545,5.356108,1.832851,1.60679,1.601693,1.605269,1.596945,1.722923,40
547,1.541595,1.587492,1.667013,1.944675,5.30595,2.304401,5.481236,2.132411,4.957778,1.771478,1.499625,1.477733,1.477733,1.477733,1.623874,20
548,1.781216,1.760282,1.878761,2.047125,5.610473,2.38312,5.841899,2.380107,5.684559,2.004363,1.752046,1.730737,1.717949,1.721413,1.448396,30
549,1.743921,1.76342,1.838267,1.951981,5.647828,2.499156,5.783214,2.23267,5.530433,1.922181,1.697177,1.684232,1.68673,1.686251,1.623684,20
550,1.670434,1.707661,1.830729,2.031063,5.594491,2.480357,5.677662,2.242174,5.465247,1.820052,1.648836,1.640234,1.640234,1.638327,1.649683,40
551,1.609345,1.613424,1.657311,1.851967,5.188129,2.393358,5.58133,2.2781,5.284262,1.820721,1.588796,1.585639,1.584394,1.584394,1.885401,30
552,1.662536,1.68684,1.758154,1.956325,5.208275,2.416353,5.416196,2.212634,5.266303,1.837793,1.632376,1.60962,1.624292,1.618322,1.510019,20
553,1.726599,1.732468,1.816112,2.007554,5.949846,2.760537,6.046512,2.231353,5.85268,1.90531,1.714244,1.716742,1.699439,1.692818,1.624527,40
554,1.767828,1.831374,1.856765,2.031623,5.715206,2.450373,5.935891,2.557589,5.789859,1.979262,1.756027,1.738323,1.733692,1.733692,1.622066,30
555,1.589442,1.619499,1.739176,1.968726,5.521878,2.447436,5.631844,2.033984,5.380684,1.722727,1.560184,1.55018,1.534504,1.54879,1.789145,30
556,1.564033,1.604706,1.702391,1.909379,5.231092,2.309385,5.51076,2.184038,5.352512,1.772758,1.548082,1.533417,1.533417,1.533417,1.592915,30
557,1.637802,1.647585,1.764872,2.008444,5.651218,2.526708,5.82023,2.291432,5.670993,1.823974,1.598111,1.583738,1.58643,1.580849,1.440877,40
558,1.634519,1.646207,1.747008,1.886556,5.538349,2.329843,5.728341,2.194331,5.511186,1.839476,1.613563,1.602816,1.590778,1.597788,1.688301,30
559,1.761992,1.790079,1.870436,2.050746,5.836736,2.30424,6.039312,2.284194,5.90704,1.986241,1.703434,1.691975,1.683383,1.687851,1.547929,30
560,1.710745,1.769001,1.855855,2.006712,5.257448,2.23529,5.361147,2.277034,5.313581,1.955044,1.689,1.686826,1.694073,1.687602,1.67947,20
561,1.624204,1.661695,1.780261,1.852069,5.350096,2.388635,5.530147,2.200235,5.390565,1.865931,1.578019,1.571696,1.576865,1.58421,1.663557,20
562,1.925505,1.968177,2.061308,2.25077,6.10894,2.858995,6.201016,2.543917,6.200697,2.109825,1.914193,1.888713,1.890048,1.886503,1.601935,40
563,1.628825,1.681306,1.794645,1.922783,5.571609,2.392161,5.767861,2.290758,5.455553,1.825765,1.600017,1.594376,1.587937,1.592845,1.495264,30
564,1.528486,1.603567,1.641463,1.886559,5.373641,2.246277,5.567134,2.068732,5.28694,1.715621,1.489416,1.504391,1.503994,1.506209,1.53093,10
565,1.66269,1.735735,1.795902,1.808305,5.385604,2.350076,5.620396,2.260754,5.532891,1.873383,1.669785,1.640214,1.640214,1.632722,1.706775,40
566,1.524173,1.58381,1.68919,1.779159,5.15151,2.30355,5.384366,2.12894,5.293942,1.72712,1.48945,1.487834,1.487791,1.487791,1.744943,40
567,1.816057,1.852039,1.917798,2.186499,6.070394,2.762375,5.99393,2.440619,5.787299,1.98104,1.794257,1.79049,1.80352,1.80352,1.26392,20
568,1.680172,1.695212,1.820232,1.94152,5.204334,2.336601,5.439504,2.179896,5.396213,1.829995,1.62658,1.615635,1.622254,1.61509,1.49242,40
569,1.618827,1.656379,1.745237,1.927399,5.058257,2.286237,5.328208,2.180038,5.090433,1.788799,1.605223,1.604161,1.59749,1.59749,1.60014,30
570,1.754239,1.77776,1.79537,2.011286,5.589362,2.43912,5.823386,2.40025,5.68976,1.91183,1.723392,1.693475,1.692763,1.688653,1.595157,40
571,1.521348,1.55465,1.645963,1.793141,4.924449,2.181833,5.102618,1.939719,5.012464,1.718104,1.469494,1.463908,1.463908,1.460188,1.557479,40
572,1.631887,1.673296,1.795262,1.922097,5.32743,2.32524,5.808671,2.262526,5.467096,1.857399,1.613882,1.608318,1.608318,1.609286,1.429331,20
573,1.649292,1.65871,1.749565,1.88532,5.36768,2.160482,5.507669,2.192007,5.328754,1.827973,1.60037,1.57962,1.582362,1.582362,1.617695,20
574,1.627866,1.645799,1.648123,1.846841,5.294063,2.494954,5.500666,2.164235,5.258672,1.820711,1.595429,1.587664,1.588947,1.590726,1.433788,20
575,1.804595,1.849878,1.949005,2.247359,5.824687,2.641652,6.05578,2.615552,5.911472,2.077031,1.785176,1.767409,1.767703,1.7645,1.436768,40
576,1.582617,1.640902,1.652249,1.818197,5.229331,2.282829,5.307278,2.167064,4.922701,1.761945,1.540494,1.54356,1.539558,1.543253,1.591076,30
577,1.682518,1.726682,1.809798,2.038201,5.866072,2.462118,5.776233,2.40244,5.646918,1.978803,1.652858,1.643606,1.643606,1.643606,1.63529,20
578,1.646934,1.651775,1.782345,1.93837,5.634412,2.425886,5.746867,2.241609,5.63893,1.860139,1.62175,1.615574,1.610715,1.610715,2.042889,30
579,1.577286,1.574703,1.688654,1.880643,4.944559,2.237137,5.114909,1.986472,5.066586,1.650328,1.546994,1.54035,1.534931,1.535376,1.372146,30
580,1.503368,1.536614,1.613266,1.826183,5.464011,2.30076,5.705166,2.05368,5.455664,1.572091,1.462847,1.454771,1.454771,1.454771,1.417152,20
581,1.709476,1.765208,1.812961,2.155988,5.477107,2.589505,5.783932,2.279248,5.577035,1.896491,1.7002,1.687618,1.688005,1.688005,1.9313,20
582,1.782397,1.821215,1.879041,2.102106,5.935246,2.54863,6.218574,2.450271,6.001088,2.065516,1.753649,1.761123,1.748937,1.748937,1.385049,30
583,1.686519,1.700907,1.74282,1.881729,5.347203,2.462668,5.675504,2.252956,5.421207,1.877135,1.620258,1.619077,1.621356,1.618041,1.533652,40
584,1.554766,1.54922,1.619193,1.760438,4.76547,2.212497,5.042903,2.094559,4.894736,1.777303,1.519223,1.513001,1.502062,1.496814,1.673627,40
585,1.573151,1.605589,1.673395,1.860854,5.364217,2.388702,5.347885,2.012839,5.263729,1.691905,1.540571,1.533285,1.527669,1.530814,1.412449,30
586,1.536942,1.604927,1.707132,1.907014,4.546954,2.304612,5.454784,2.163991,5.191057,1.785876,1.516037,1.506786,1.506786,1.506786,1.554527,20
587,1.645062,1.638018,1.710115,1.900769,5.498566,2.361123,5.722333,2.15089,5.5788,1.84069,1.58608,1.598843,1.588651,1.588507,1.921236,10
588,1.645769,1.68046,1.75641,1.884345,5.223202,2.421838,5.379987,2.260779,5.263041,1.860907,1.64017,1.637134,1.635836,1.642954,1.27086,30
589,1.604254,1.667844,1.737362,1.914792,5.258827,2.341456,5.428828,2.075104,5.322684,1.825277,1.570493,1.567492,1.567492,1.567492,1.350315,20
590,1.500989,1.539602,1.619608,1.786857,5.151096,2.154876,5.366038,2.044519,5.158371,1.762965,1.516636,1.491641,1.4886,1.4886,1.249832,40
591,1.621217,1.624313,1.677796,1.804149,5.436796,2.168334,5.81237,2.137161,5.330862,1.735067,1.606633,1.582809,1.58441,1.580242,1.583546,40
592,1.432037,1.455726,1.512756,1.612281,4.697123,2.022975,4.836677,1.823696,4.733441,1.589341,1.431115,1.424643,1.434067,1.428714,1.728154,20
593,1.560195,1.590999,1.722134,1.810954,5.59497,2.234701,5.552957,2.243774,5.347812,1.769421,1.587053,1.556778,1.555522,1.555522,1.434078,30
594,1.565329,1.651834,1.73479,1.843988,5.193558,2.434862,5.464392,2.085513,4.895806,1.701768,1.514566,1.512092,1.508325,1.508325,1.497317,30
595,1.762143,1.780545,1.878,2.09554,5.33853,2.661474,5.836784,2.417996,5.707625,1.995233,1.75118,1.732214,1.722966,1.722966,1.546256,30
596,1.597313,1.609452,1.647124,1.805872,5.267845,2.254951,5.452416,2.007785,5.228614,1.735027,1.548071,1.543406,1.543043,1.543378,1.693638,30
597,1.695795,1.747301,1.780336,1.987923,5.758975,2.41469,5.878221,2.334105,5.565474,1.956933,1.629128,1.618524,1.617899,1.617899,1.13434,30
598,1.770387,1.798343,1.871093,2.068485,5.516142,2.427756,5.653977,2.311221,5.563947,1.962072,1.752634,1.74915,1.748648,1.743151,1.492467,40
599,1.55209,1.598835,1.727595,1.857224,5.098303,2.177753,5.55324,1.974442,5.372698,1.722961,1.588003,1.544359,1.550786,1.550786,1.648016,20
600,1.610631,1.670963,1.742136,1.9213,5.423598,2.364474,5.75614,2.27973,5.475784,1.866965,1.60413,1.567729,1.570057,1.570057,1.633864,20
601,1.605307,1.638551,1.707155,1.956006,5.346205,2.19674,5.522776,2.102514,5.374496,1.770942,1.611507,1.592656,1.588749,1.585449,1.671893,40
602,1.707867,1.732337,1.812432,1.923185,5.712786,2.385548,5.929724,2.345655,5.831623,1.898622,1.681246,1.676311,1.674956,1.674956,1.695633,30
603,1.705488,1.770513,1.896579,2.028767,5.620461,2.53144,5.758942,2.326715,5.605042,1.921785,1.646374,1.648151,1.648151,1.648272,1.498759,10
604,1.513919,1.546693,1.659349,1.810302,4.971499,2.168598,5.084804,1.988573,5.024874,1.680324,1.495777,1.491587,1.487228,1.491587,1.545762,30
605,1.511043,1.512804,1.608537,1.825643,5.545998,2.271333,5.537994,1.997416,5.22317,1.759198,1.490853,1.483784,1.494513,1.474969,1.469299,40
606,1.723934,1.78062,1.816682,1.993603,5.645137,2.502274,6.078918,2.161499,5.797825,1.864801,1.669355,1.661364,1.651497,1.64959,1.757631,40
607,1.618393,1.667484,1.73905,2.010993,5.488206,2.389638,5.698524,2.284109,5.448176,1.866874,1.618629,1.618629,1.619822,1.617748,1.618813,40
608,1.735406,1.763649,1.842891,1.99881,5.798463,2.494194,6.07986,2.35516,5.698705,1.936855,1.682829,1.680822,1.687291,1.687291,1.385687,20
609,1.36784,1.397461,1.445412,1.61127,4.237843,1.935208,4.355527,1.800664,4.21254,1.490651,1.354953,1.348532,1.348532,1.348532,1.604572,30
610,1.376685,1.414155,1.497135,1.624982,4.818092,2.022376,4.90363,1.843909,4.562104,1.514933,1.342886,1.339249,1.339249,1.339249,1.482823,20
611,1.641186,1.654462,1.80356,1.951305,5.666756,2.446455,5.742855,2.222692,5.477309,1.828839,1.626335,1.625742,1.625742,1.625742,1.491427,20
612,1.583538,1.602997,1.65077,1.864933,5.270378,2.346906,5.597208,2.075041,5.319349,1.755802,1.518162,1.517688,1.514549,1.506654,1.469527,40
613,1.589679,1.597763,1.724888,1.881484,5.588494,2.443478,5.625515,2.226913,5.301164,1.770255,1.577134,1.558222,1.558241,1.559892,1.339552,20
614,1.504283,1.523004,1.565405,1.678236,5.343782,2.240002,5.539255,1.939633,5.146864,1.668036,1.47828,1.477604,1.469302,1.469302,1.723284,40
615,1.497585,1.526526,1.618619,1.880026,5.296299,2.252005,5.398646,1.986803,5.167813,1.714957,1.464575,1.476199,1.458698,1.474043,1.314516,30
616,1.57791,1.625837,1.673288,1.853793,5.528746,2.394928,5.987467,2.306015,5.686024,1.770957,1.592426,1.553166,1.544676,1.544676,1.662426,40
617,1.733222,1.769642,1.848895,2.099601,5.864053,2.481078,5.81918,2.353797,5.516114,1.917394,1.779792,1.728259,1.728259,1.728259,1.670011,30
618,1.67407,1.680427,1.716378,1.895235,5.36383,2.263689,5.452353,2.207488,5.306876,1.824465,1.657877,1.639146,1.636763,1.636763,1.503587,30
619,1.639744,1.680894,1.750196,1.906703,5.216252,2.330255,5.615084,2.063118,5.355696,1.789168,1.584627,1.565854,1.565854,1.571487,1.556656,20
620,1.587877,1.611712,1.734215,1.834798,5.059494,2.353396,5.568133,2.2156,5.238687,1.80617,1.55378,1.549133,1.544467,1.541985,1.514412,40
621,1.738373,1.775164,1.860789,2.011038,5.536094,2.522643,5.550513,2.36051,5.405381,1.878528,1.748494,1.7077,1.708531,1.711944,1.543478,20
622,1.584885,1.615175,1.701692,1.960179,5.389181,2.371898,5.602755,2.037537,5.396262,1.711092,1.587252,1.556653,1.555904,1.555904,1.79558,30
623,1.681078,1.736414,1.828314,1.923081,5.326244,2.29355,5.384388,2.312016,5.228149,1.875703,1.651962,1.653698,1.656607,1.654315,1.411068,10
624,1.526603,1.589247,1.657792,1.685466,5.203127,2.083278,5.50067,1.939032,5.375006,1.705397,1.52622,1.523695,1.523695,1.520497,1.504431,40
625,1.724221,1.776816,1.927935,2.130977,5.658372,2.57155,5.972247,2.28742,5.799109,1.881473,1.732159,1.710281,1.711036,1.705054,1.64206,40
626,1.533505,1.564113,1.664279,1.840435,5.121464,2.199657,5.254333,2.099827,5.083134,1.729444,1.529918,1.542437,1.534313,1.535218,1.540621,10
627,1.646442,1.670093,1.765665,1.929505,5.211051,2.257272,5.46662,2.172085,5.386181,1.808221,1.614971,1.606248,1.604866,1.606248,1.557384,30
628,1.676148,1.707978,1.75997,1.982084,5.504057,2.383938,5.741676,2.267627,5.631111,1.852645,1.65132,1.647703,1.652243,1.645766,1.382326,40
629,1.632464,1.652765,1.765066,1.992457,5.487316,2.274168,5.731176,2.24583,5.323158,1.819555,1.586329,1.586345,1.586345,1.586345,1.695561,10
630,1.592608,1.602669,1.696853,1.862501,5.251041,2.280679,5.376216,2.170777,5.33708,1.788145,1.550295,1.544645,1.544645,1.544645,1.842943,30
631,1.553197,1.589781,1.659213,1.827982,4.948233,2.328473,5.151442,1.954627,4.955244,1.712366,1.521622,1.510737,1.50947,1.50947,1.557885,30
632,1.692711,1.706035,1.791141,1.969421,5.650694,2.455827,5.81582,2.234732,5.68428,1.84381,1.66306,1.638194,1.638194,1.638194,1.441387,20
633,1.656391,1.722558,1.802489,1.995605,5.435474,2.385148,5.544058,2.135069,5.343946,1.890249,1.655411,1.644743,1.642849,1.642849,1.927035,30
634,1.594901,1.671892,1.804931,1.94881,5.201592,2.484544,5.409924,2.019615,5.187436,1.798473,1.5866,1.57247,1.57247,1.57247,1.459185,20
635,1.824701,1.873847,1.924964,2.220288,5.966543,2.679024,6.06011,2.458204,6.012264,2.077587,1.786559,1.776795,1.78291,1.78291,1.612355,20
636,1.526949,1.552072,1.593882,1.799502,5.440961,2.12601,5.548687,2.035442,5.187155,1.660651,1.522378,1.518588,1.507545,1.506912,1.599162,40
637,1.620178,1.64929,1.698043,1.845651,5.525282,2.338283,5.620289,2.012564,5.305155,1.746069,1.596672,1.602592,1.586307,1.585304,1.607004,40
638,1.543012,1.571184,1.641796,1.815032,5.294015,2.139496,5.507237,2.170505,5.204728,1.753838,1.542018,1.520343,1.520304,1.520304,1.561416,30
639,1.699473,1.692064,1.777663,2.055966,5.443403,2.476556,5.777059,2.40019,5.532751,1.910686,1.677087,1.669579,1.667753,1.664607,1.50762,40
640,1.461079,1.483056,1.546315,1.781559,4.979986,2.328229,5.160863,1.898937,4.929894,1.652762,1.438069,1.429223,1.429896,1.429349,1.620056,20
641,1.55396,1.575372,1.689193,1.766364,5.450645,2.348355,5.666938,2.039307,5.403335,1.730293,1.518121,1.510949,1.510949,1.510949,1.580046,30
642,1.672881,1.744684,1.788801,1.915025,5.136056,2.2827,5.701506,2.076688,5.547385,1.771332,1.610701,1.618161,1.616151,1.620292,1.788483,10
643,1.473289,1.503245,1.516855,1.712584,4.676936,2.022481,4.875004,1.901663,4.588828,1.647142,1.457953,1.442731,1.442731,1.442731,1.581237,20
644,1.678275,1.70432,1.776586,1.972896,5.617409,2.334318,5.636724,2.152434,5.520683,1.969111,1.653582,1.657988,1.658293,1.658199,1.592394,10
645,1.62404,1.676466,1.701453,1.955666,4.972899,2.354974,5.33472,2.225546,5.188865,1.833525,1.592863,1.593204,1.581412,1.581412,1.53902,30
646,1.621833,1.670929,1.788386,1.894851,5.360847,2.347277,5.483858,2.120745,5.338406,1.829745,1.577873,1.565753,1.570004,1.570004,1.623835,20
647,1.603665,1.654435,1.709591,1.855984,5.412508,2.242079,5.535727,2.028437,5.262834,1.758385,1.528855,1.530135,1.53104,1.53518,1.472904,10
648,1.59351,1.604166,1.673724,1.873107,5.126706,2.213743,5.485348,2.075376,5.381725,1.772991,1.547311,1.543679,1.543679,1.543679,1.644095,20
649,1.547918,1.593569,1.694432,1.835578,5.269559,2.308282,5.222209,1.959516,5.154686,1.640572,1.486765,1.473753,1.476024,1.462559,1.404315,40
650,1.611021,1.639319,1.733305,1.896696,5.156956,2.444522,5.436443,2.049004,5.312176,1.743201,1.576304,1.57846,1.57846,1.57846,1.472088,10
651,1.780048,1.821181,1.924497,2.114487,5.604867,2.513854,5.999543,2.36609,5.789864,2.01832,1.725255,1.717545,1.717545,1.717545,1.814312,40
652,1.562578,1.577948,1.647741,1.893628,5.131682,2.24232,5.259506,2.096416,5.078274,1.8202,1.534358,1.542136,1.542976,1.540632,1.543281,10
653,1.827319,1.842034,1.88456,2.139297,6.045005,2.778859,6.364956,2.411024,5.992282,2.02774,1.79835,1.760049,1.758971,1.757484,1.56072,40
654,1.502193,1.498929,1.585748,1.793723,5.095003,2.052906,5.220669,1.914923,5.031902,1.695907,1.478051,1.46603,1.46417,1.459268,1.490334,40
655,1.686218,1.716347,1.753806,1.938375,5.135388,2.491835,5.660089,2.210072,5.517535,1.829969,1.679423,1.659044,1.657778,1.651409,1.844514,40
656,1.597369,1.647188,1.725701,2.011524,5.698372,2.665026,5.879678,2.127663,5.747455,1.741949,1.601813,1.589263,1.589263,1.589263,1.680123,20
657,1.473255,1.49893,1.557776,1.675126,4.947346,2.094716,5.001114,1.910096,4.935327,1.590491,1.488757,1.479239,1.476986,1.476986,1.626016,-40
658,1.526228,1.519845,1.670627,1.82229,4.992783,2.21072,5.163223,1.957387,5.063797,1.695757,1.46781,1.464948,1.46232,1.46232,1.579587,30
659,1.569097,1.627392,1.803282,1.938381,5.131486,2.280368,5.390393,2.207813,4.962471,1.808159,1.507959,1.501315,1.498333,1.498333,1.47969,40
660,1.849433,1.930465,2.00061,2.179856,6.114825,2.642251,6.202502,2.457275,5.910998,2.088087,1.844722,1.828922,1.827364,1.829273,1.490715,30
661,1.633796,1.675904,1.767935,1.878029,5.249773,2.339454,5.60206,2.220928,5.645113,1.838928,1.621754,1.61664,1.613208,1.611856,1.549015,40
662,1.452261,1.459277,1.517351,1.654865,5.124634,2.081511,5.426526,1.829396,5.320549,1.59539,1.408631,1.412272,1.410604,1.413389,1.695592,10
663,1.515646,1.530977,1.60701,1.682131,4.763927,1.982063,4.865772,1.920277,4.719965,1.652279,1.468828,1.464605,1.463408,1.465369,1.44854,30
664,1.826413,1.905067,2.045808,2.24897,6.175164,2.736699,6.288906,2.536514,6.305523,2.117338,1.770181,1.78174,1.775705,1.775705,1.863044,10
665,1.849159,1.888059,1.985853,2.168307,5.866069,2.733827,5.790236,2.301334,5.732562,2.016381,1.829084,1.808272,1.803613,1.801587,1.492156,40
666,1.637634,1.698506,1.791057,1.894416,5.621251,2.652009,5.662058,2.260104,5.561002,1.889675,1.637668,1.615898,1.612805,1.612805,1.610903,30
667,1.818184,1.884868,1.963695,2.092527,6.188998,2.924544,6.263132,2.406958,6.049831,2.009977,1.788692,1.786034,1.786203,1.785344,1.652219,40
668,1.826771,1.879026,1.94062,2.214942,5.728119,2.560331,5.766834,2.495662,5.582422,2.13919,1.759913,1.748506,1.743794,1.7466,1.699375,30
669,1.750039,1.766648,1.8169,2.015185,5.782838,2.364148,5.928712,2.214301,5.607511,1.858678,1.706553,1.690106,1.69008,1.701547,1.532421,30
670,1.562657,1.616104,1.696354,1.920836,5.328609,2.366814,5.576683,2.105128,5.391747,1.839187,1.541771,1.51488,1.512528,1.512565,1.420723,30
671,1.657128,1.666176,1.750216,1.910526,5.631819,2.60484,5.804162,2.276413,5.611195,1.836419,1.610161,1.61087,1.599714,1.61824,1.654405,30
672,1.683051,1.732907,1.798205,1.9683,6.02014,2.580599,6.175319,2.190817,6.040496,1.836937,1.668006,1.652181,1.652181,1.652181,1.351509,20
673,1.652355,1.696008,1.767402,1.88769,5.428069,2.230419,5.503278,2.202815,5.166424,1.757719,1.603207,1.601959,1.601959,1.601164,1.428044,40
674,1.774722,1.790195,1.887258,2.117824,5.70167,2.597751,6.036333,2.375672,5.811941,2.021398,1.743045,1.710127,1.693554,1.69942,1.397602,30
675,1.506026,1.542079,1.59433,1.747005,4.97208,2.033368,5.382778,2.015647,5.268627,1.690233,1.493969,1.491766,1.486815,1.486815,1.758014,30
676,1.636911,1.714984,1.723934,2.017588,5.573859,2.380193,5.607237,2.081838,5.485106,1.896991,1.62581,1.627253,1.622872,1.625047,1.659543,30
677,1.601839,1.647156,1.71997,1.913797,5.40504,2.300625,5.56371,2.244583,5.295225,1.894223,1.593837,1.572851,1.57168,1.57902,1.51243,30
678,1.682127,1.779142,1.817837,2.044814,5.623869,2.600953,5.876734,2.323679,5.692936,1.919466,1.659277,1.638008,1.639641,1.639641,1.479942,20
679,1.718052,1.769535,1.782215,2.010067,5.618841,2.60312,5.982376,2.385365,5.804981,1.957866,1.716795,1.68551,1.68551,1.68551,1.555901,20
680,1.637724,1.670433,1.739968,1.797876,5.617908,2.171475,5.779223,2.000612,5.484912,1.747384,1.59918,1.585475,1.585565,1.585565,1.578886,20
681,1.54238,1.54494,1.629367,1.830844,4.887136,2.197055,5.098818,1.982015,4.867562,1.72743,1.498181,1.481319,1.481319,1.481319,1.750418,20
682,1.545046,1.558449,1.586719,1.745592,4.921568,2.246486,5.193296,2.055841,4.988044,1.721352,1.523941,1.479792,1.483995,1.483995,1.501967,20
683,1.72534,1.768685,1.834924,1.996602,5.664402,2.483834,5.724103,2.372982,5.60101,1.948186,1.710157,1.708413,1.710732,1.694756,1.492942,40
684,1.595019,1.642307,1.69642,1.872401,5.439864,2.254178,5.831311,2.133065,5.31101,1.854388,1.55275,1.559301,1.552551,1.552551,1.747138,30
685,1.577797,1.629338,1.684899,1.837578,5.365568,2.308589,5.415688,2.232591,5.405678,1.797965,1.543189,1.537345,1.537345,1.534983,1.670728,40
686,1.571956,1.622403,1.68844,1.872622,5.133162,2.324471,5.410032,2.145065,5.28795,1.742943,1.577224,1.549455,1.543598,1.546934,1.355056,30
687,1.612509,1.62259,1.687313,1.814942,4.95098,2.271713,5.368536,2.02329,5.193872,1.754353,1.58756,1.569896,1.571837,1.571837,1.51791,20
688,1.637177,1.641014,1.667316,1.914966,5.540711,2.335085,5.589986,2.185566,5.533124,1.739428,1.607754,1.593103,1.593103,1.593103,1.59644,20
689,1.71843,1.749906,1.906082,1.98819,5.320616,2.452104,5.536568,2.395606,5.48509,1.876378,1.711075,1.697876,1.696461,1.696461,1.577074,30
690,1.626543,1.674779,1.775027,1.903274,5.258234,2.441913,5.513483,2.115411,5.539132,1.842232,1.623627,1.609943,1.604864,1.604864,1.460783,30
691,1.495591,1.530787,1.63031,1.810017,4.836642,2.106765,5.169619,2.005891,5.032594,1.678142,1.486345,1.49439,1.498085,1.490325,1.556537,10
692,1.64368,1.658585,1.755481,1.955443,5.295474,2.389347,5.373708,2.079476,5.282319,1.780988,1.585079,1.577195,1.57253,1.57253,1.785885,30
693,1.494822,1.555005,1.610759,1.646664,4.958302,2.233738,5.08967,2.022785,4.817556,1.658742,1.443937,1.446891,1.438416,1.438416,1.414363,30
694,1.659308,1.689814,1.732206,1.90295,5.540579,2.44054,5.829301,2.391769,5.542694,1.83173,1.629528,1.616474,1.616474,1.616474,1.472402,20
695,1.819915,1.824927,1.914734,2.113552,5.757763,2.53527,5.687954,2.266436,5.501246,1.979865,1.751788,1.741846,1.738365,1.738365,1.546131,40
696,1.746046,1.791344,1.893068,1.975915,5.482642,2.431143,5.742012,2.232836,5.54516,1.934049,1.735405,1.717962,1.710833,1.710833,1.655806,30
697,1.58221,1.603587,1.664312,1.822782,5.268789,2.342715,5.70247,2.068988,5.31074,1.709467,1.553584,1.555575,1.554599,1.555575,1.491452,10
698,1.329126,1.357559,1.39365,1.518972,4.772797,1.998117,4.871904,1.820735,4.796699,1.496559,1.305905,1.299885,1.297428,1.308731,1.568397,30
699,1.741078,1.756678,1.793672,1.931115,5.651216,2.591579,5.960909,2.348477,5.821918,1.918974,1.731315,1.713841,1.714515,1.714515,1.613135,20
700,1.803007,1.860379,2.007169,2.147512,6.17322,2.80597,6.427968,2.562689,6.060444,2.120751,1.775299,1.775299,1.775299,1.775299,1.485813,20
701,1.653132,1.69064,1.735464,1.890847,5.510057,2.314087,5.633902,2.144334,5.646546,1.867133,1.623461,1.618715,1.608374,1.609992,1.637063,30
702,1.757561,1.782548,1.892601,2.011334,5.890934,2.555563,5.840083,2.434787,5.689114,1.940572,1.759826,1.739764,1.734742,1.734742,1.519489,30
703,1.505588,1.537898,1.634696,1.834952,4.873072,2.227281,5.049684,2.080282,4.914096,1.715226,1.4894,1.47999,1.47999,1.47999,1.281541,20
704,1.663274,1.677071,1.74693,1.905366,5.807614,2.454813,6.108308,2.149294,5.86699,1.80412,1.647134,1.625799,1.62792,1.611063,1.524926,40
705,1.61488,1.680914,1.769804,1.953412,5.441124,2.347567,5.892384,2.098883,5.66937,1.779331,1.535243,1.484973,1.484973,1.47955,1.558419,40
706,1.691436,1.698656,1.791464,1.966629,5.377203,2.370073,5.757432,2.140295,5.697154,1.882872,1.646918,1.633061,1.637698,1.634274,1.368293,20
707,1.788642,1.816169,1.929352,2.20838,5.904489,2.691019,5.957778,2.301949,5.796412,1.984936,1.797368,1.7549,1.74259,1.74259,1.675637,30
708,1.634469,1.683304,1.715449,1.780017,5.506494,2.209707,5.750444,2.237036,5.480033,1.771132,1.571642,1.553271,1.553271,1.553662,1.521334,20
709,1.459698,1.491466,1.563638,1.726117,4.724502,2.024742,4.984008,1.810262,4.741162,1.619933,1.431306,1.414004,1.413854,1.410104,1.520264,40
710,1.632038,1.664882,1.693149,1.896528,5.337867,2.40483,5.415051,2.190358,5.286159,1.792536,1.573408,1.567462,1.570593,1.580345,1.745643,20
711,1.599785,1.612136,1.708157,1.800944,5.283348,2.274064,5.380196,2.029812,5.223843,1.722581,1.561763,1.547781,1.550391,1.553881,1.530153,20
712,1.642363,1.69849,1.746155,1.913054,5.450811,2.430152,5.479125,2.017992,5.34983,1.761545,1.614073,1.601726,1.600791,1.597747,1.526736,40
713,1.52667,1.551023,1.624828,1.750689,4.679364,2.28416,5.428423,2.033665,5.278144,1.672681,1.52907,1.488701,1.48928,1.489375,1.610192,20
714,1.779098,1.818221,1.967714,2.094561,5.726067,2.463322,5.84588,2.351643,5.664235,1.944926,1.740874,1.738124,1.737301,1.737301,1.789861,30
715,1.723823,1.767142,1.837218,2.019215,5.626836,2.598658,6.07223,2.372472,5.881724,1.937827,1.691588,1.682383,1.681874,1.68226,1.24185,30
716,1.662383,1.711562,1.81334,1.916787,5.758267,2.439886,6.126208,2.225553,5.71765,1.874136,1.60418,1.598596,1.600317,1.59194,1.625655,40
717,1.5046,1.538692,1.622427,1.727926,4.698514,2.138525,5.171663,1.8659,5.036031,1.65654,1.466036,1.460296,1.458192,1.464018,1.457411,30
718,1.571051,1.584254,1.641768,1.862982,5.343384,2.346869,5.654237,2.212358,5.437527,1.751499,1.537755,1.524818,1.524818,1.525982,1.531046,20
719,1.644066,1.682284,1.778676,1.991802,5.537492,2.342295,5.557275,2.270243,5.392596,1.865497,1.613049,1.608165,1.602423,1.602833,1.80634,30
720,1.821167,1.856066,1.968235,2.209119,6.080715,2.697541,6.26604,2.440593,6.06395,1.96526,1.781155,1.778448,1.77352,1.77352,1.564166,30
721,1.603169,1.650114,1.751312,1.96741,5.557649,2.331434,5.744538,2.227045,5.637283,1.870134,1.568408,1.565987,1.569629,1.570487,1.705721,20
722,1.514059,1.53093,1.585522,1.844066,4.828716,2.241883,5.591866,1.997825,5.3039,1.791481,1.488421,1.482671,1.483436,1.483436,1.44002,20
723,1.583542,1.598515,1.681456,1.8231,5.112578,2.135724,5.359252,2.136765,5.08873,1.787044,1.569116,1.559919,1.563362,1.559919,1.430585,40
724,1.808744,1.808263,1.977516,2.162407,5.784709,2.704028,5.812372,2.408192,5.599603,2.01438,1.747906,1.734664,1.730449,1.72792,1.325523,40
725,1.620866,1.684863,1.729604,1.925503,5.382051,2.294352,5.50255,2.129569,5.3148,1.857912,1.627029,1.60249,1.599671,1.599671,1.586417,40
726,1.695363,1.713934,1.820679,2.176931,6.027103,2.843092,6.049134,2.22733,5.873495,1.891955,1.659608,1.660483,1.654669,1.654669,1.595037,30
727,1.664588,1.676738,1.732237,1.945143,5.516844,2.561093,5.581951,2.210309,5.408962,1.806558,1.60544,1.607206,1.608729,1.602861,1.522786,40
728,1.588298,1.653156,1.731335,1.86667,5.48486,2.485897,5.63971,2.131665,5.392864,1.811329,1.553125,1.532024,1.551812,1.54584,1.464978,20
729,1.776875,1.828035,1.931797,2.117378,5.544336,2.500575,5.750226,2.245171,5.573311,1.999674,1.765736,1.741129,1.741959,1.741506,1.293068,20
730,1.592851,1.594402,1.703797,1.841949,5.198476,2.230405,5.348371,2.073038,5.22622,1.807046,1.578485,1.570456,1.570456,1.570456,1.63619,20
731,1.63738,1.681379,1.752871,1.874135,5.529295,2.223488,5.625112,2.231711,5.367326,1.808362,1.584733,1.579066,1.579722,1.579722,1.564976,20
732,1.492639,1.519355,1.597218,1.70802,4.897666,2.194149,4.956048,1.936249,4.874903,1.633884,1.447478,1.444987,1.447737,1.447928,1.670944,20
733,1.556575,1.563454,1.671864,1.827439,5.287713,2.259246,5.447636,2.194636,5.390437,1.80821,1.522051,1.528196,1.52693,1.52693,1.462232,10
734,1.612542,1.632741,1.732277,1.956723,5.631416,2.651711,5.9076,2.160211,5.689653,1.810799,1.627807,1.612542,1.612541,1.612541,1.494734,30
735,1.577379,1.630238,1.723904,1.837296,5.191926,2.340819,5.442273,2.112745,5.088049,1.773799,1.572083,1.562366,1.559446,1.561169,1.793377,30
736,1.682422,1.739195,1.78736,1.932511,5.47241,2.354653,5.713604,2.236252,5.702304,1.904596,1.646883,1.625269,1.639675,1.633811,1.540622,20
737,1.649964,1.702927,1.793732,1.954553,5.264523,2.333392,5.481148,2.225759,5.37636,1.82551,1.634647,1.637537,1.632497,1.619778,1.524639,40
738,1.466327,1.502366,1.591408,1.784453,4.840252,2.162731,4.862955,1.93604,4.826963,1.656962,1.448262,1.42932,1.42517,1.42517,1.500311,30
739,1.488464,1.552557,1.686081,1.835299,5.000854,2.418441,5.196499,2.023907,5.135876,1.694522,1.448852,1.449777,1.449916,1.449916,1.622093,10
740,1.58917,1.654579,1.793551,1.914307,5.569732,2.458403,5.595778,2.134122,5.440688,1.894588,1.560394,1.562174,1.568202,1.563622,1.446148,10
741,1.55184,1.577034,1.691389,1.84303,5.224222,2.185366,5.415457,1.970992,5.247708,1.72024,1.529232,1.505067,1.495547,1.500387,1.52453,30
742,1.681465,1.708403,1.809929,2.118987,5.5796,2.62652,5.622612,2.232291,5.30084,1.900497,1.660932,1.632691,1.632691,1.632691,1.486377,20
743,1.571968,1.611888,1.696112,1.816395,4.95926,2.21175,5.015739,2.028612,4.827032,1.815115,1.532993,1.530256,1.520745,1.517707,1.543676,40
744,1.858041,1.875645,1.993546,2.183074,6.175593,2.690756,6.286224,2.54144,6.013275,2.127435,1.826381,1.815981,1.821361,1.821141,1.437941,20
745,1.472344,1.493019,1.569904,1.711873,4.740129,2.105436,5.129914,1.933784,4.989473,1.64422,1.431744,1.422944,1.422944,1.422944,1.481003,30
746,1.723964,1.747485,1.767893,1.943662,5.465676,2.784818,5.849865,2.280401,5.730024,1.985207,1.702303,1.685125,1.686001,1.680308,1.416885,40
747,1.667334,1.736657,1.792057,1.919032,5.640969,2.381821,5.74429,2.262341,5.635858,1.905175,1.66005,1.660254,1.660254,1.660254,1.680454,10
748,1.473487,1.473487,1.564432,1.741507,5.055132,2.278894,5.632925,2.022678,5.125997,1.600138,1.48871,1.468534,1.473411,1.466281,1.525576,40
749,1.689609,1.714988,1.789871,1.993543,6.21985,2.464707,6.26219,2.447431,6.224016,1.991571,1.645608,1.649335,1.655061,1.641773,1.653724,40
750,1.505259,1.536002,1.630541,1.7316,4.95384,2.218265,5.266651,2.084453,5.163758,1.722199,1.487322,1.485165,1.481647,1.480501,1.41354,40
751,1.52946,1.550573,1.578073,1.835643,5.240309,2.383429,5.438614,2.028411,5.18028,1.742932,1.484874,1.474994,1.478982,1.476871,1.465453,20
752,1.631824,1.668493,1.784097,1.980839,5.614039,2.451002,5.837916,2.141713,5.641114,1.880136,1.615536,1.598024,1.598024,1.601651,1.59857,20
753,1.615742,1.64284,1.747738,1.925532,5.52578,2.298135,5.6178,2.272505,5.413747,1.855057,1.595201,1.573988,1.573988,1.573988,1.419439,20
754,1.665668,1.695289,1.753453,1.995693,4.959887,2.326105,5.333413,2.226147,5.090697,1.87689,1.621756,1.621397,1.618149,1.617841,1.698518,40
755,1.635382,1.659774,1.754537,1.904421,5.324799,2.147491,5.443393,2.085768,5.289956,1.770677,1.631942,1.607683,1.595555,1.602433,1.382246,30
756,1.597118,1.636614,1.715399,1.815825,5.366528,2.322362,5.697495,2.090649,5.58978,1.704253,1.544226,1.550425,1.549532,1.549532,1.555957,10
757,1.391627,1.426022,1.516389,1.644061,4.85234,2.209807,5.037832,1.805282,4.888809,1.484694,1.372402,1.359492,1.359953,1.347231,1.493633,40
758,1.574449,1.617947,1.734638,1.960144,5.604392,2.543293,5.703146,2.169373,5.520903,1.787285,1.60401,1.573448,1.573448,1.564869,1.52934,40
759,1.622019,1.664662,1.696506,1.824569,5.233152,2.184078,5.755398,2.145996,5.570162,1.742768,1.594901,1.582605,1.586602,1.586602,1.512386,20
760,1.633868,1.64103,1.711905,1.879721,5.330297,2.259997,5.411216,2.07108,5.275482,1.805091,1.639881,1.606561,1.606561,1.606176,1.551238,40
761,1.487324,1.516691,1.630941,1.759197,4.804223,2.186135,5.119463,1.945736,4.814177,1.701704,1.439505,1.435993,1.431285,1.439444,1.568955,30
762,1.558091,1.573327,1.67032,1.716229,5.089146,2.237012,5.333887,2.042408,5.188571,1.704459,1.533815,1.533935,1.520618,1.520618,1.706405,30
763,1.704422,1.763622,1.76584,1.941431,5.826992,2.489081,5.984992,2.38616,6.013942,1.946017,1.670726,1.661923,1.661923,1.661923,1.497865,20
764,1.577307,1.640191,1.662273,1.823269,4.96683,2.228254,5.286996,2.117625,5.023878,1.766508,1.551813,1.551816,1.550706,1.550706,1.59251,30
765,1.505972,1.582503,1.649459,1.74962,5.135697,2.272769,5.3104,1.99519,5.022406,1.661697,1.501315,1.505841,1.495537,1.499042,1.407484,30
766,1.5031,1.540883,1.623038,1.782667,5.348987,2.08478,5.364589,1.972486,5.26276,1.702989,1.432027,1.425572,1.425572,1.425572,1.654798,30
767,1.603382,1.634097,1.718912,1.836629,5.38423,2.332,5.571931,2.059721,5.324262,1.802694,1.571878,1.568664,1.567996,1.573649,1.554919,30
768,1.638142,1.672367,1.710074,1.892888,5.318288,2.522606,5.467457,2.221122,5.281277,1.772531,1.583117,1.573281,1.575752,1.575752,1.516317,20
769,1.425973,1.450253,1.483544,1.637597,4.890634,2.052858,5.115669,1.873418,4.873162,1.573716,1.416365,1.410917,1.410917,1.413231,1.480419,30
770,1.456371,1.467638,1.525318,1.661926,4.564355,2.012026,4.692068,1.90537,4.524978,1.633312,1.414802,1.403189,1.403189,1.400716,1.705181,40
771,1.534542,1.555805,1.641833,1.863692,5.251505,2.225638,5.628479,1.902836,5.320038,1.744508,1.502632,1.49548,1.482822,1.482644,1.71946,40
772,1.616721,1.62535,1.691672,1.914398,5.423152,2.286786,5.917876,2.132791,5.478325,1.835376,1.585417,1.570106,1.574187,1.574187,1.451863,20
773,1.564285,1.591552,1.69624,1.848824,5.280896,2.183562,5.612662,2.139493,5.355108,1.739495,1.518844,1.501542,1.501542,1.507033,1.650576,20
774,1.525432,1.52689,1.598224,1.766372,5.151725,2.058269,5.202016,2.087503,5.002828,1.720903,1.510022,1.487672,1.494689,1.493772,1.483496,20
775,1.628084,1.644103,1.717954,1.861601,5.19993,2.291553,5.59925,2.202474,5.428268,1.761632,1.611443,1.604696,1.605617,1.605617,1.447374,20
776,1.665865,1.743745,1.809865,1.961064,5.564734,2.491869,5.789021,2.444804,5.652776,1.881244,1.646569,1.638826,1.637502,1.637502,1.482238,30
777,1.610882,1.657339,1.727618,1.923008,5.629634,2.489288,5.870744,2.118833,5.666662,1.769752,1.605917,1.594968,1.589083,1.589083,1.578187,30
778,1.553044,1.570119,1.618986,1.9667,4.899905,2.274767,5.168357,2.047944,5.003911,1.734684,1.509155,1.4818,1.480979,1.480979,1.562042,30
779,1.711091,1.762301,1.884539,2.075448,5.835165,2.59293,6.019286,2.534551,5.830028,1.977621,1.699136,1.674036,1.664587,1.664587,1.54869,30
780,1.618281,1.66673,1.700082,1.867001,5.248896,2.350613,5.518775,2.326278,5.398338,1.86395,1.61129,1.589352,1.588146,1.598255,1.749955,30
781,1.549616,1.556765,1.65914,1.829318,5.221822,2.381182,5.340994,2.180701,5.132998,1.807451,1.535112,1.532983,1.525565,1.528014,1.439381,30
782,1.797971,1.774048,1.856754,2.119237,5.77348,2.535974,5.985886,2.447176,5.722186,1.93876,1.739044,1.742711,1.742711,1.742711,1.417419,10
783,1.655126,1.717473,1.780092,1.944329,5.581974,2.363512,5.678804,2.141962,5.515292,1.864942,1.625336,1.609806,1.605966,1.607376,1.799368,30
784,1.563421,1.567465,1.612331,1.824075,5.135284,2.138362,5.257615,2.129571,5.097889,1.824357,1.5349,1.530577,1.531299,1.531299,1.333405,20
785,1.522142,1.554281,1.556142,1.732534,5.201377,2.306175,5.404106,1.91642,5.088874,1.650767,1.473575,1.466599,1.469104,1.478328,1.417064,20
786,1.74698,1.80872,1.863771,2.044346,5.966913,2.465606,5.994107,2.335056,5.89431,2.028095,1.687567,1.683199,1.680615,1.680615,1.73595,30
787,1.527617,1.571995,1.620513,1.787948,5.327552,2.350402,5.474656,2.047216,5.291503,1.74721,1.517208,1.504671,1.504671,1.504671,1.534396,20
788,1.64559,1.658845,1.681294,1.96743,5.368297,2.234473,5.63361,2.145287,5.467512,1.818627,1.595697,1.595592,1.591345,1.590094,1.652427,40
789,1.541059,1.601239,1.66707,1.725145,4.92243,2.085138,5.108206,2.016555,4.951517,1.725456,1.513172,1.510199,1.502871,1.502871,1.389542,30
790,1.606661,1.639809,1.684592,1.890421,5.666636,2.456483,5.767014,2.181855,5.632642,1.757555,1.550128,1.561729,1.560368,1.559416,1.445035,10
791,1.487077,1.501897,1.596442,1.692236,4.869086,2.090339,5.08483,1.965973,4.868747,1.627403,1.463678,1.454276,1.454765,1.458377,1.30515,20
792,1.487868,1.514627,1.597983,1.735559,4.857519,2.141852,5.260058,1.932598,5.035172,1.622814,1.477526,1.474912,1.479109,1.472634,1.579076,40
793,1.65335,1.72572,1.807502,1.88323,5.709436,2.360136,5.837816,2.107172,5.649555,1.816237,1.648737,1.630939,1.630939,1.630939,1.451046,30
794,1.575876,1.620494,1.76078,1.865992,5.228578,2.2994,5.326082,2.126412,5.205266,1.773184,1.555456,1.55522,1.55522,1.55522,1.844538,20
795,1.77668,1.841761,1.875474,2.069176,5.425365,2.433788,5.777056,2.447012,5.807122,1.9458,1.719654,1.719189,1.719189,1.719189,1.557474,20
796,1.573974,1.619569,1.696236,1.847612,5.731662,2.317658,5.816664,2.12273,5.657749,1.804031,1.548969,1.538838,1.541667,1.541667,1.311822,20
797,1.463838,1.515558,1.540872,1.660147,4.537362,2.089173,5.071001,1.905934,4.897693,1.666669,1.426466,1.423547,1.426131,1.420465,1.551538,40
798,1.537353,1.569642,1.689966,1.794956,5.002687,2.193424,5.292247,2.180892,5.128299,1.739142,1.502957,1.490514,1.498871,1.503972,1.672504,20
799,1.465942,1.499034,1.557723,1.793887,4.996564,2.204511,5.142517,1.988756,5.04935,1.716324,1.472155,1.45204,1.45204,1.450845,1.781495,40
800,1.590815,1.61819,1.714418,1.813231,5.104373,2.18937,5.40584,2.118385,5.33572,1.806835,1.566533,1.529607,1.529607,1.530591,1.53664,20
801,1.654766,1.670283,1.737547,1.926691,5.640391,2.399615,5.896141,2.254878,5.6912,1.860808,1.612448,1.605729,1.611338,1.611338,1.609416,20
802,1.637967,1.686748,1.806108,1.997565,5.456597,2.566949,5.748249,2.142484,5.527672,1.851194,1.602267,1.59175,1.59574,1.600011,1.316721,20
803,1.49531,1.563623,1.683638,1.856419,5.133787,2.344777,5.446778,2.018673,5.280282,1.659897,1.49351,1.472327,1.472327,1.477847,1.584341,20
804,1.455421,1.455831,1.557468,1.704793,5.022481,2.092487,5.169362,2.016478,5.120026,1.585918,1.422815,1.421465,1.425767,1.423153,1.653144,20
805,1.538395,1.623792,1.656828,1.764673,5.351583,2.244215,5.452279,1.940735,5.111438,1.721061,1.45421,1.444678,1.440169,1.444678,1.574382,30
806,1.629482,1.65856,1.75956,1.916125,5.973212,2.615725,6.03956,2.208512,5.526652,1.840077,1.580395,1.571899,1.571899,1.571899,1.585406,20
807,1.695506,1.727086,1.792291,1.928892,5.66369,2.522947,5.907947,2.182331,5.651974,1.870734,1.661012,1.659706,1.65507,1.65507,1.717713,30
808,1.577297,1.62327,1.673864,1.813569,5.450064,2.286059,5.593821,2.1319,5.276192,1.757039,1.571536,1.550037,1.542977,1.542977,1.441356,30
809,1.590699,1.610088,1.764966,1.922224,5.422288,2.470331,5.608648,2.142678,5.560573,1.824818,1.564978,1.553288,1.553288,1.553288,1.443316,30
810,1.636844,1.665779,1.747725,1.875978,5.49146,2.410968,5.513224,2.175923,5.206723,1.748383,1.597737,1.601555,1.59431,1.59431,1.608666,30
811,1.731684,1.755711,1.760212,2.00227,5.586592,2.361141,5.687109,2.287895,5.669683,1.910165,1.714067,1.71456,1.689937,1.689937,1.396988,30
812,1.406759,1.47048,1.519669,1.679912,5.110119,2.189099,5.341783,1.844156,4.92947,1.589262,1.374017,1.37401,1.371912,1.361093,1.330259,40
813,1.651686,1.671129,1.795843,2.029742,5.536113,2.526399,5.634687,2.188035,5.426368,1.843325,1.62798,1.631107,1.63202,1.63202,1.703314,10
814,1.785153,1.815999,1.888778,2.116505,6.191622,2.861016,6.270412,2.307595,5.947682,2.056588,1.70747,1.710891,1.731012,1.717698,1.681459,10
815,1.782441,1.812001,1.882252,2.050791,5.926367,2.661379,6.10946,2.43077,5.841674,1.988853,1.732602,1.71921,1.720039,1.722831,1.656545,20
816,1.740677,1.762348,1.832461,2.057981,5.461055,2.388271,5.552256,2.203596,5.418444,1.956197,1.715826,1.716238,1.710368,1.716022,1.582074,30
817,1.668453,1.72593,1.786171,2.084277,5.504054,2.571995,5.685982,2.31032,5.494886,1.92147,1.651599,1.659175,1.64301,1.6414,1.687061,40
818,1.548921,1.544611,1.637265,1.750943,5.084797,2.222319,5.293929,2.005484,5.244238,1.651937,1.489477,1.487416,1.497453,1.500315,1.859661,20
819,1.530361,1.56178,1.652659,1.847193,5.08185,2.064314,5.270222,2.034651,5.082906,1.656329,1.50501,1.494166,1.494166,1.494166,1.597161,20
820,1.726183,1.83331,1.893434,2.099925,5.713551,2.529577,5.978508,2.517242,5.841294,2.117254,1.701925,1.706081,1.69425,1.69425,1.694192,40
821,1.693421,1.776269,1.835167,1.94589,5.37164,2.552332,5.55007,2.237863,5.535439,1.870093,1.693923,1.693923,1.694365,1.694365,1.356193,-40
822,1.636419,1.643673,1.719297,1.926617,5.326082,2.521228,5.544614,2.194063,5.375458,1.796752,1.627153,1.605848,1.613505,1.616398,1.479675,20
823,1.728227,1.731763,1.775623,1.969781,5.363292,2.458615,5.459564,2.245231,5.308889,1.914369,1.665737,1.642494,1.635818,1.638356,1.286358,30
824,1.452222,1.524391,1.586749,1.686472,4.820018,2.161126,5.166053,1.948567,4.875935,1.65844,1.420421,1.412788,1.408124,1.406052,1.508145,40
825,1.69429,1.708057,1.846771,1.913004,5.364556,2.273072,5.776658,2.161421,5.514707,1.837251,1.65178,1.628005,1.622437,1.617029,1.394763,40
826,1.626688,1.600862,1.718839,1.902775,5.228874,2.417079,5.671616,2.203096,5.432458,1.755626,1.558246,1.565485,1.549652,1.549652,1.729875,30
827,1.763265,1.788912,1.896769,2.037944,5.836997,2.523901,5.991192,2.252158,5.704032,1.95941,1.738627,1.71555,1.71555,1.71555,1.55324,40
828,1.772414,1.789066,1.852239,2.093914,5.658092,2.594447,5.777314,2.456697,5.5869,2.013294,1.756495,1.732869,1.73106,1.73106,1.627497,30
829,1.594642,1.631069,1.687289,1.810084,5.237644,2.165302,5.556004,2.060007,5.253019,1.720344,1.582912,1.54629,1.54629,1.54629,1.432128,20
830,1.560472,1.614995,1.704416,1.794472,5.136052,2.476633,5.521968,2.132298,5.333802,1.774766,1.535607,1.511056,1.511056,1.511056,1.714015,20
831,1.731417,1.810209,1.948252,2.190567,5.545347,2.64631,5.858174,2.414166,5.601059,1.975849,1.715813,1.706833,1.707614,1.702973,1.462112,40
832,1.751865,1.793994,1.900231,2.093313,5.545242,2.378616,5.669209,2.389763,5.550221,1.966895,1.731217,1.712061,1.709564,1.710274,1.583782,30
833,1.597278,1.61222,1.656737,1.819427,5.43634,2.320224,5.544405,2.204309,5.328993,1.772072,1.564503,1.564691,1.573099,1.56834,1.78317,10
834,1.567251,1.628456,1.673023,1.892414,5.343284,2.312447,5.440634,2.136565,5.371911,1.761397,1.543061,1.540932,1.548551,1.545026,1.567499,20
835,1.756708,1.806296,1.898747,2.150885,5.973934,2.649075,6.09974,2.402283,5.920438,2.078313,1.749216,1.738811,1.738811,1.738811,1.297654,30
836,1.54475,1.639158,1.680821,1.826485,5.083992,2.286096,5.187949,1.919011,5.122256,1.683847,1.510919,1.501754,1.49728,1.49728,1.547709,30
837,1.690063,1.760127,1.813281,2.025735,5.242376,2.390223,5.282804,2.235039,5.102216,1.985477,1.644928,1.641017,1.627529,1.635291,1.527339,30
838,1.460408,1.472502,1.539588,1.655508,4.759176,2.043739,4.998789,1.884316,4.700078,1.659853,1.436511,1.424719,1.41802,1.420428,1.562529,30
839,1.606744,1.650983,1.674941,1.864783,5.22443,2.389249,5.568936,2.07677,5.515174,1.799854,1.577443,1.571659,1.570766,1.570306,1.684929,40
840,1.855744,2.011076,2.066597,2.200647,6.119966,2.812095,6.131511,2.399759,6.089097,2.110825,1.814879,1.809701,1.802697,1.809105,1.698994,30
841,1.596965,1.62419,1.74223,1.908124,5.089214,2.21341,5.192746,2.049062,4.994423,1.774119,1.570746,1.569054,1.570318,1.570318,1.378777,20
842,1.519324,1.534349,1.603949,1.840534,4.996364,2.190766,5.173928,2.104787,5.188598,1.695816,1.499911,1.495948,1.496393,1.496393,1.654446,20
843,1.585504,1.604915,1.620154,1.836406,5.286915,2.270559,5.557167,2.183713,5.507365,1.812097,1.532767,1.535796,1.526272,1.53273,1.522371,30
844,1.612145,1.657369,1.70958,1.841201,5.549922,2.574767,5.62166,2.141707,5.35836,1.779942,1.594332,1.577725,1.578379,1.578379,1.432151,20
845,1.643557,1.708988,1.755016,1.979563,5.507237,2.448678,5.795098,2.188928,5.565123,1.870806,1.643863,1.639325,1.635809,1.635809,1.588649,30
846,1.693815,1.705623,1.78206,1.92697,5.128103,2.322374,5.658022,2.118182,5.429071,1.827035,1.617826,1.597714,1.598705,1.60241,1.45794,20
847,1.68089,1.704967,1.81241,2.02277,5.701521,2.418485,5.8128,2.325856,5.599838,1.962289,1.686283,1.664274,1.665623,1.666165,1.747961,20
848,1.635572,1.664521,1.743058,1.897923,5.273809,2.424645,5.441084,2.099138,5.292447,1.778978,1.614202,1.591995,1.58935,1.58935,1.45455,30
849,1.561347,1.635366,1.628134,1.839899,5.358126,2.318764,5.473006,2.132561,5.158062,1.732293,1.529843,1.522066,1.522066,1.522066,1.607003,20
850,1.581114,1.616165,1.70496,1.891265,5.221808,2.247549,5.344449,2.087374,5.393736,1.737265,1.533166,1.527017,1.527017,1.527805,1.336376,20
851,1.643844,1.677536,1.727375,1.863232,5.216788,2.286802,5.788942,2.182373,5.585447,1.871371,1.573669,1.572563,1.571521,1.566598,1.735514,40
852,1.549323,1.564619,1.602268,1.776091,5.308018,2.205147,5.462018,2.137593,5.380587,1.662013,1.520086,1.52199,1.515851,1.51496,1.429544,40
853,1.985066,2.019305,2.096609,2.4206,6.244428,2.967983,6.399974,2.59671,6.103866,2.151648,1.889114,1.869735,1.869266,1.871168,1.43913,30
854,1.771546,1.815383,1.945935,2.078846,5.82487,2.479055,5.942098,2.338589,5.816274,1.927002,1.680507,1.682433,1.679909,1.679909,1.591354,30
855,1.647511,1.719437,1.747345,1.8734,5.495123,2.35815,5.90334,2.242751,5.813,1.864656,1.63281,1.621356,1.619825,1.619825,1.416852,30
856,1.546829,1.566037,1.701074,1.881249,5.277015,2.462901,5.443272,2.107456,5.191491,1.832877,1.557383,1.54022,1.535379,1.529608,1.609052,40
857,1.745746,1.797243,1.959126,2.048013,6.080786,2.66081,6.111558,2.230499,5.723775,2.067506,1.719711,1.711907,1.709304,1.713792,1.513936,30
858,1.699937,1.706761,1.767602,2.006254,5.302514,2.357327,5.456765,2.21532,5.208295,1.871414,1.67959,1.666539,1.664734,1.663979,1.402539,40
859,1.601266,1.665727,1.69112,1.935622,5.179443,2.352521,5.407344,2.111618,5.244466,1.7523,1.590713,1.578604,1.578604,1.578604,1.62693,20
860,1.483415,1.49801,1.57713,1.70086,4.864412,1.973448,5.298547,1.839769,4.97944,1.644112,1.464061,1.458781,1.458781,1.458781,1.404406,40
861,1.559964,1.596002,1.697332,1.813257,5.320136,2.187432,5.448178,2.048899,5.19647,1.722451,1.544793,1.528748,1.531234,1.531234,1.417045,20
862,1.544439,1.563975,1.59718,1.725625,5.143878,2.078401,5.359687,1.972378,5.110775,1.706911,1.530161,1.519332,1.519332,1.519332,1.684493,20
863,1.591656,1.63145,1.726009,1.825606,5.280496,2.263343,5.766079,2.170844,5.463302,1.750734,1.554921,1.543134,1.546368,1.560753,1.590502,20
864,1.656966,1.675732,1.741697,1.908748,5.561364,2.2821,5.863818,2.13224,5.543798,1.881837,1.619531,1.618429,1.620244,1.615248,1.716631,40
865,1.614085,1.666153,1.748677,1.941606,5.289808,2.181375,5.535394,2.192116,5.359446,1.773697,1.619826,1.604855,1.604855,1.60315,1.384413,40
866,1.74418,1.778029,1.861984,2.073345,5.892396,2.620862,6.006256,2.261558,5.881966,1.901473,1.701824,1.680483,1.698471,1.689389,1.583909,20
867,1.556173,1.579604,1.645784,1.835107,5.094862,2.283514,5.144264,1.961908,5.15428,1.665025,1.535903,1.520724,1.520724,1.521747,1.610491,20
868,1.623068,1.662588,1.744639,1.904863,5.239266,2.382544,5.432641,2.037015,5.159262,1.828282,1.580396,1.58039,1.570019,1.573308,1.723056,30
869,1.732992,1.799004,1.867087,2.051777,5.621242,2.531241,5.733459,2.358401,5.622004,1.941499,1.742582,1.736836,1.731361,1.730795,1.651566,40
870,1.623384,1.628189,1.775593,1.878199,5.178613,2.419797,5.645862,2.204796,5.307887,1.801787,1.589538,1.582999,1.575963,1.581523,1.251066,30
871,1.707118,1.757865,1.840388,1.970601,5.85369,2.572022,5.97573,2.314178,5.691627,1.882424,1.674254,1.666604,1.666604,1.666604,1.57789,20
872,1.591023,1.600287,1.745366,1.805125,5.173752,2.323192,5.465913,2.107044,5.458304,1.77808,1.584764,1.576184,1.576184,1.576184,1.572718,20
873,1.598462,1.625012,1.7218,1.874423,5.351098,2.207494,5.575924,2.217571,5.39441,1.83126,1.575569,1.575569,1.575569,1.575569,1.514373,20
874,1.438414,1.46416,1.565182,1.668142,5.034292,2.117018,5.271939,2.078032,4.921656,1.604828,1.389249,1.390072,1.392656,1.389119,1.427693,40
875,1.716769,1.727302,1.774136,1.970509,5.622104,2.628245,6.175534,2.379263,5.95533,1.87998,1.68981,1.675828,1.662935,1.668328,1.60789,30
876,1.732255,1.762727,1.909039,1.978909,5.325666,2.509755,5.456946,2.207376,5.3337,1.929605,1.65696,1.651511,1.65187,1.656916,1.824339,20
877,1.601949,1.613397,1.69092,1.876828,5.448464,2.367221,5.736726,2.318148,5.625003,1.791491,1.579151,1.579151,1.579151,1.579151,1.675179,20
878,1.606094,1.613219,1.612677,1.798574,5.251377,2.282821,5.39247,2.130215,5.256722,1.70865,1.594453,1.577126,1.568553,1.568553,1.544725,30
879,1.419284,1.44429,1.502365,1.696232,4.83598,2.046379,5.134314,1.937599,4.976482,1.660285,1.400705,1.397359,1.406446,1.406446,1.59079,20
880,1.794914,1.833171,1.87779,2.115703,5.997699,2.620155,6.009786,2.359478,5.92427,2.044973,1.759816,1.748896,1.746737,1.748896,1.658026,30
881,1.763646,1.801186,1.848753,1.996762,5.33461,2.568297,5.46069,2.341789,5.429044,1.854719,1.727113,1.698175,1.712172,1.698391,1.691462,20
882,1.558813,1.589168,1.604929,1.810471,5.181701,2.529235,5.532754,1.984081,5.319089,1.693328,1.526646,1.527201,1.517028,1.517028,1.686289,30
883,1.457107,1.513067,1.552656,1.786264,4.899584,2.126157,5.483006,1.980501,5.132557,1.570226,1.442008,1.435343,1.433889,1.433889,1.453854,30
884,1.654818,1.66722,1.77827,1.889334,5.518434,2.463341,5.726611,2.097877,5.358215,1.851629,1.648092,1.650071,1.64528,1.64528,1.605295,30
885,1.705306,1.719098,1.842614,2.011513,5.660524,2.527803,5.763166,2.420655,5.683266,1.926956,1.689755,1.672484,1.672484,1.674491,1.688796,20
886,1.553826,1.584071,1.639065,1.781928,4.994266,2.127318,5.324166,2.151068,5.125195,1.722508,1.52521,1.509978,1.509978,1.506839,1.50064,40
887,1.605756,1.61013,1.655591,1.886115,5.315838,2.340591,5.553468,2.141999,5.336507,1.825706,1.584584,1.577319,1.577527,1.577349,1.426519,20
888,1.542726,1.568224,1.656624,1.865057,4.824152,2.236267,5.046907,2.073182,4.910664,1.7208,1.524816,1.514985,1.518208,1.518208,1.763155,20
889,1.647279,1.668049,1.776094,2.088674,5.554243,2.510263,5.749567,2.421642,5.703844,1.909524,1.631759,1.590311,1.590311,1.590311,1.80402,20
890,1.764393,1.82306,1.900648,2.141263,6.042482,2.590847,6.039771,2.412289,5.981169,2.036104,1.691198,1.691198,1.690356,1.694463,1.40471,30
891,1.662168,1.697618,1.813168,1.960617,5.516686,2.407509,5.606179,2.216776,5.536517,1.936499,1.668615,1.647837,1.647837,1.647356,1.654026,40
892,1.684307,1.725156,1.770966,1.891915,5.636254,2.241033,5.728941,2.192014,5.666222,1.858288,1.64972,1.639349,1.629586,1.629586,1.730256,30
893,1.634428,1.649584,1.7367,1.924388,5.219336,2.301294,5.636327,2.270116,5.409304,1.803224,1.633661,1.627645,1.627645,1.627645,1.69523,30
894,1.64282,1.671119,1.799109,1.992645,5.766625,2.410153,5.940408,2.222713,5.791255,1.876933,1.62686,1.624282,1.625201,1.621716,1.404071,40
895,1.513824,1.547293,1.608204,1.75272,4.867106,2.269143,5.2681,1.966785,5.141278,1.668505,1.490454,1.489612,1.492679,1.486726,1.63674,40
896,1.662661,1.676069,1.772613,1.923314,5.587734,2.246786,5.616028,2.153807,5.363204,1.869965,1.613997,1.60779,1.610074,1.604404,1.564232,40
897,1.671361,1.704294,1.801102,1.982697,5.557293,2.437417,5.693764,2.280726,5.464946,1.870415,1.640256,1.612268,1.612268,1.612958,1.645611,20
898,1.584278,1.6189,1.718928,1.933399,5.241406,2.265602,5.331417,2.083662,4.971747,1.838661,1.575763,1.562309,1.568141,1.563129,1.510387,20
899,1.685398,1.673678,1.78495,1.824639,5.581834,2.433854,6.037624,2.184351,5.707106,1.874693,1.640011,1.618985,1.618652,1.61379,1.731048,40
900,1.532962,1.57286,1.655873,1.768174,5.192877,2.194106,5.421002,1.955294,5.183458,1.692949,1.51059,1.509014,1.504036,1.503426,1.51999,40
901,1.718208,1.745736,1.831967,2.065334,5.474969,2.435498,5.820743,2.261756,5.691728,1.865869,1.709864,1.68615,1.700184,1.696198,1.531686,20
902,1.645265,1.717035,1.79842,2.001652,5.52253,2.49966,5.586674,2.21268,5.351275,1.934148,1.628631,1.625932,1.624526,1.624698,1.712992,30
903,1.746627,1.786616,1.864963,2.089425,5.901078,2.470543,6.099718,2.312917,5.868046,1.970084,1.713739,1.727112,1.715816,1.722769,1.513096,10
904,1.793817,1.816607,1.913374,2.111706,5.764287,2.515517,5.965513,2.394158,5.754183,1.998659,1.752791,1.751694,1.751694,1.751694,1.557704,20
905,1.477617,1.501292,1.585397,1.758092,5.122347,2.211897,5.347951,1.985027,5.085911,1.612427,1.467857,1.461759,1.456795,1.456795,1.426197,40
906,1.553234,1.593762,1.627359,1.806596,5.309505,2.363428,5.502438,1.942147,5.384228,1.754763,1.51539,1.507031,1.5157,1.5157,1.635722,20
907,1.547283,1.575536,1.653953,1.775026,5.627196,2.254308,5.747638,1.962485,5.346262,1.723362,1.510782,1.489539,1.489539,1.489539,1.582184,20
908,1.570435,1.63301,1.702531,1.849727,5.59777,2.555599,5.73605,2.251867,5.39829,1.765455,1.553856,1.556489,1.551479,1.551479,1.360569,30
909,1.781745,1.83878,1.974914,2.058017,5.944797,2.429996,5.948371,2.268148,5.651028,2.004572,1.767135,1.751556,1.736462,1.749311,1.440625,30
910,1.558273,1.585171,1.563665,1.785063,5.299598,2.37464,5.715236,2.105432,5.527129,1.735089,1.506112,1.501217,1.495672,1.495672,1.567346,30
911,1.747417,1.821925,1.90643,2.088832,5.931652,2.622979,6.015071,2.324807,5.892475,1.932415,1.719339,1.693722,1.696907,1.698076,1.726895,20
912,1.709737,1.752338,1.842006,2.046732,5.565233,2.454324,5.551773,2.233389,5.373211,1.926833,1.694383,1.680782,1.680782,1.680782,1.533594,30
913,1.775658,1.829406,1.905369,2.162429,5.9994,2.712539,6.069487,2.324099,5.863955,1.996013,1.748953,1.738933,1.738933,1.738933,1.524361,20
914,1.529794,1.62264,1.641628,1.807019,5.061411,2.209169,5.362436,2.049432,5.253078,1.789274,1.523992,1.509524,1.504092,1.504092,1.646748,30
915,1.746212,1.798211,1.855227,2.18889,5.827555,2.68585,5.917554,2.516311,5.760762,1.990876,1.732139,1.726346,1.725203,1.725203,1.383594,30
916,1.712738,1.742165,1.82867,2.058595,5.460985,2.496475,5.596627,2.337927,5.496014,1.994656,1.672614,1.663662,1.65587,1.649458,1.540048,40
917,1.583881,1.592501,1.710641,1.909407,5.296627,2.453149,5.566805,2.08696,5.438707,1.863097,1.562207,1.550917,1.550917,1.550387,1.693799,40
918,1.614859,1.623995,1.757961,1.908736,5.484748,2.429879,5.720228,2.225909,5.418516,1.891127,1.592727,1.577721,1.577721,1.577721,1.722444,20
919,1.688743,1.76071,1.842807,1.938798,5.47787,2.324243,5.823376,2.13986,5.812025,1.906949,1.65416,1.645123,1.645123,1.645123,1.364441,20
920,1.544638,1.600413,1.73285,1.905977,5.277121,2.516007,5.424208,2.164826,5.12837,1.755208,1.502578,1.508521,1.503289,1.49055,1.59304,40
921,1.662936,1.684156,1.829034,1.879853,5.15436,2.43865,5.614206,2.319929,5.513726,1.845663,1.584594,1.593417,1.593417,1.593417,1.642075,10
922,1.672403,1.680188,1.696716,1.834302,5.372347,2.275372,5.552431,2.084324,5.506566,1.80711,1.614424,1.59528,1.59528,1.596142,1.501634,20
923,1.625032,1.68243,1.804926,2.017209,5.205917,2.483598,5.311159,2.253099,5.219796,1.84374,1.608863,1.606194,1.606194,1.606194,1.698655,40
924,1.580959,1.636448,1.712113,1.899252,5.553882,2.389615,5.603633,2.125601,5.3502,1.771915,1.561385,1.5552,1.545156,1.545156,1.474082,40
925,1.545369,1.577968,1.689179,1.793826,5.00366,2.227188,5.176004,2.092252,5.013854,1.765861,1.523071,1.513992,1.513992,1.513992,1.667383,20
926,1.790826,1.844519,1.860759,2.01782,5.75135,2.533819,5.816773,2.271066,5.707276,1.995798,1.744587,1.719806,1.706537,1.706537,1.667499,30
927,1.532142,1.54284,1.570854,1.741749,5.040534,2.12555,5.51425,2.137923,5.311579,1.688874,1.504209,1.501376,1.503004,1.503004,1.299205,20
928,1.58151,1.633888,1.7133,1.90582,5.339581,2.442766,5.52692,2.046104,5.41452,1.684137,1.529766,1.514606,1.514606,1.520131,1.525567,20
929,1.555875,1.601997,1.668494,1.821445,5.189361,2.239101,5.349996,1.965312,5.248072,1.703642,1.521365,1.513054,1.507657,1.504309,1.645801,40
930,1.85584,1.891959,1.957141,2.155575,6.000716,2.554794,6.039346,2.389862,5.915099,2.01025,1.822739,1.810894,1.806336,1.813355,1.740001,30
931,1.544185,1.551594,1.649021,1.82227,5.016374,2.247427,5.340199,1.992502,5.142334,1.751623,1.52688,1.516252,1.514031,1.514031,1.514727,30
932,1.853828,1.87525,1.980406,2.163938,6.066772,2.614621,6.16,2.371186,5.954774,2.042464,1.842233,1.826356,1.826356,1.826356,1.491826,20
933,1.462502,1.489577,1.599458,1.812639,5.164496,2.173552,5.210041,1.933508,4.996687,1.647986,1.424113,1.424113,1.423678,1.42574,1.749977,30
934,1.52842,1.578745,1.608627,1.797443,5.14392,2.22898,5.502032,2.056728,5.271323,1.671004,1.491208,1.476065,1.466883,1.466883,1.500357,30
935,1.629792,1.730528,1.833756,1.967186,5.817036,2.334087,5.79957,2.193326,5.515703,1.819033,1.608883,1.60368,1.60368,1.60368,1.414692,20
936,1.55979,1.595438,1.643516,1.856372,5.022667,2.251373,5.377983,2.081898,5.311264,1.731254,1.551612,1.543947,1.54361,1.54361,1.646233,40
937,1.520614,1.576122,1.69792,1.745977,5.376508,2.236957,5.755785,2.052338,5.455537,1.672572,1.507243,1.501018,1.501018,1.49971,1.76494,40
938,1.69352,1.70587,1.7483,1.950918,5.212406,2.494159,5.344851,2.210184,5.248516,1.847695,1.673308,1.657807,1.657347,1.661517,1.591667,30
939,1.672551,1.707053,1.797939,2.037106,5.437601,2.462846,5.739957,2.331226,5.532682,1.89835,1.631785,1.62682,1.623651,1.623651,1.709177,40
940,1.62282,1.698954,1.731102,1.849396,5.235802,2.27159,5.439441,2.220268,5.385839,1.793974,1.605138,1.602372,1.605973,1.605973,1.535871,20
941,1.618411,1.697714,1.766903,1.834547,5.244883,2.427705,5.707059,2.19173,5.496319,1.828679,1.592683,1.579679,1.589133,1.580351,1.673951,20
942,1.561053,1.583259,1.653279,1.895023,5.22839,2.247867,5.330455,2.230092,5.122708,1.74845,1.543992,1.53843,1.531488,1.536518,1.601363,30
943,1.642486,1.683757,1.785759,1.985248,5.36569,2.381819,5.565628,2.09737,5.468126,1.842328,1.618092,1.618092,1.623257,1.611745,1.375515,40
944,1.733608,1.803212,1.854298,2.11844,5.725214,2.524462,5.954298,2.341314,5.892049,1.984519,1.687132,1.662388,1.662388,1.662388,1.650576,20
945,1.655384,1.701897,1.810968,2.0053,5.566416,2.435684,5.93045,2.351714,5.498632,1.858015,1.622203,1.609909,1.609909,1.60423,1.480583,40
946,1.738517,1.775991,1.871702,2.105096,5.523879,2.624239,5.668216,2.281687,5.502797,1.989985,1.711772,1.734755,1.708855,1.702643,1.692267,40
947,1.750871,1.762078,1.823211,2.080055,5.699811,2.532528,5.760015,2.338072,5.480084,1.988221,1.730624,1.696753,1.700309,1.697138,1.518531,20
948,1.376964,1.387685,1.423075,1.609821,4.611028,1.921801,4.830821,1.853853,4.730051,1.515784,1.333125,1.335941,1.343052,1.341447,1.571398,10
949,1.564177,1.592026,1.666168,1.820524,5.63983,2.337517,5.851364,2.096285,5.488272,1.723958,1.556709,1.556702,1.557029,1.557029,1.467484,20
950,1.597273,1.636745,1.737625,1.954508,5.586762,2.371425,5.557694,2.177641,5.325475,1.754243,1.557146,1.56019,1.559114,1.556872,1.68957,40
951,1.7556,1.793081,1.86351,1.993136,5.601074,2.408746,5.697271,2.387259,5.63256,2.033227,1.751953,1.730539,1.730539,1.74108,1.53532,20
952,1.725876,1.788714,1.85868,2.061615,5.531495,2.477433,5.734951,2.286762,5.693105,1.904104,1.70316,1.70564,1.700301,1.700301,1.608693,40
953,1.501954,1.509436,1.551284,1.729656,4.715344,2.098371,5.191004,1.91787,5.013442,1.660535,1.454898,1.445664,1.438459,1.438459,1.401394,30
954,1.720354,1.721723,1.835799,1.976732,5.734334,2.385396,5.775282,2.3263,5.60025,1.905822,1.653368,1.658672,1.664146,1.666719,1.532472,10
955,1.749148,1.818247,1.86062,2.011805,5.858278,2.346521,5.917319,2.371822,5.76528,2.024694,1.742563,1.732713,1.732043,1.732493,1.655795,30
956,1.614853,1.697768,1.786515,1.966993,5.337291,2.362672,5.685786,2.285806,5.43629,1.882732,1.603474,1.604001,1.591319,1.591319,1.341701,30
957,1.520223,1.535578,1.58116,1.878339,5.12855,2.295578,5.410496,2.089763,5.265632,1.727961,1.507734,1.497536,1.496051,1.496051,1.429909,30
958,1.640063,1.650811,1.686221,1.770217,5.344724,2.208044,5.410286,2.235089,5.211952,1.743541,1.603047,1.580662,1.580662,1.580662,1.51043,20
959,1.531331,1.554643,1.571325,1.750333,5.24952,2.162604,5.376295,1.905472,5.118701,1.674516,1.453714,1.449751,1.442903,1.442903,1.34036,30
960,1.843397,1.879848,1.947968,2.224686,5.992222,2.93221,6.422037,2.345858,6.229556,2.027742,1.813146,1.808733,1.80946,1.80946,1.491289,20
961,1.696833,1.724541,1.748652,1.906047,5.431634,2.497955,5.630366,2.250075,5.571674,1.877325,1.649836,1.651493,1.651786,1.651786,1.890926,10
962,1.635895,1.675182,1.813044,1.90359,5.439995,2.437084,5.958166,2.210886,5.716286,1.868942,1.615086,1.610234,1.601807,1.601807,1.504444,30
963,1.460099,1.464801,1.51182,1.665455,4.641762,2.125249,4.835003,2.006135,4.742745,1.602805,1.450864,1.447083,1.443826,1.44669,1.508499,30
964,1.52554,1.583324,1.633285,1.827838,5.071681,2.20975,5.319809,2.045623,5.04228,1.736533,1.506651,1.496325,1.497705,1.497907,1.634242,20
965,1.696182,1.778265,1.863729,2.020259,5.487693,2.440402,5.80427,2.376952,5.47623,1.935948,1.627922,1.627786,1.624383,1.641675,1.511123,30
966,1.696386,1.778008,1.865367,1.952397,5.115964,2.364017,5.754673,2.29327,5.545942,1.848288,1.686277,1.660101,1.660101,1.662015,1.603041,20
967,1.70315,1.741672,1.741785,1.898301,5.447302,2.409182,5.752905,2.253001,5.544222,1.851922,1.634784,1.63106,1.623845,1.623845,1.478153,30
968,1.695509,1.705345,1.748479,2.054497,5.449081,2.434943,5.668749,2.209841,5.540824,1.814086,1.644674,1.642728,1.635931,1.644387,1.539152,30
969,1.634558,1.688138,1.772068,1.896361,5.235313,2.347214,5.414878,2.148045,5.222307,1.805463,1.604203,1.589153,1.589761,1.590708,1.580529,20
970,1.553172,1.619068,1.707297,1.868916,5.40313,2.422717,5.623264,2.05003,5.401478,1.787358,1.528715,1.524362,1.527021,1.528554,1.682064,20
971,1.500703,1.515255,1.580556,1.729316,5.079379,2.121507,5.193992,1.953068,5.018032,1.659986,1.501542,1.487461,1.482858,1.483582,1.802387,30
972,1.596916,1.620086,1.767958,1.927163,5.688632,2.416164,5.799038,2.165184,5.727878,1.817494,1.579589,1.577317,1.577317,1.577317,1.723528,20
973,1.574471,1.628283,1.702529,1.815809,5.178794,2.339936,5.304717,2.160748,5.303212,1.810637,1.567867,1.567458,1.567458,1.567458,1.496958,30
974,1.535514,1.580052,1.642079,1.827413,5.237,2.123688,5.448898,2.033597,5.23658,1.718819,1.529198,1.509935,1.509935,1.50807,1.670802,40
975,1.57845,1.608273,1.707162,1.876038,5.473799,2.414751,5.762382,2.23661,5.44208,1.864823,1.574169,1.559357,1.55248,1.55248,1.334052,40
976,1.575113,1.614269,1.707133,1.897156,5.354557,2.422351,5.618399,2.125011,5.408818,1.72211,1.54677,1.541549,1.541509,1.541509,1.488626,30
977,1.676006,1.664897,1.701325,1.875437,5.205712,2.264825,5.383848,2.227743,5.194092,1.84752,1.612581,1.604082,1.602961,1.602961,1.570532,30
978,1.603795,1.664862,1.788169,1.886973,5.387557,2.361086,5.530268,2.166525,5.479081,1.794902,1.599634,1.581203,1.581112,1.578989,1.699244,40
979,1.585329,1.6091,1.672045,1.881026,5.781462,2.321519,6.119511,2.026914,5.770769,1.755261,1.571617,1.560664,1.560664,1.560664,1.666174,20
980,1.752777,1.829474,1.90625,2.023005,5.936422,2.617715,6.090298,2.449331,5.733061,1.863825,1.74286,1.745029,1.734455,1.735379,1.757237,30
981,1.494948,1.535861,1.60074,1.725078,4.894193,2.123285,5.113866,1.9274,4.874967,1.655175,1.467106,1.463065,1.46588,1.463065,1.56042,20
982,1.468722,1.535961,1.546981,1.703164,4.985394,2.05186,4.990937,2.01642,4.928892,1.680904,1.440492,1.449242,1.451627,1.453312,1.530726,10
983,1.727294,1.776837,1.891496,2.162012,5.655393,2.694847,6.006932,2.307613,5.605417,1.927752,1.697565,1.661393,1.661393,1.661393,1.652817,20
984,1.709229,1.743054,1.795508,2.053251,5.515149,2.478362,5.550683,2.215114,5.341786,1.890728,1.675699,1.663934,1.66447,1.668841,1.538518,20
985,1.668322,1.6737,1.75628,2.046796,5.564471,2.42463,5.936816,2.264235,5.70251,1.914758,1.663471,1.656125,1.653536,1.656048,1.642593,30
986,1.574964,1.596827,1.665745,1.81509,4.893093,2.163141,5.35667,2.132125,5.273406,1.839692,1.574874,1.570283,1.558314,1.558314,1.340318,30
987,1.610279,1.655243,1.750924,1.904449,5.158781,2.288194,5.263751,2.17226,5.165605,1.79703,1.595422,1.573088,1.573088,1.573088,1.43042,20
988,1.704437,1.75211,1.803203,2.002984,5.465914,2.541944,5.813358,2.216159,5.625204,1.878107,1.683947,1.675919,1.676534,1.676534,1.490397,20
989,1.548692,1.570011,1.6025,1.842168,5.41585,2.349826,5.776401,2.106394,5.356376,1.799748,1.532276,1.525555,1.525555,1.524191,1.36756,40
990,1.758072,1.769398,1.812794,1.923426,5.3009,2.468402,5.819314,2.38601,5.590242,2.003033,1.699034,1.692226,1.692226,1.692226,1.332376,20
991,1.537849,1.564404,1.718125,1.780299,5.279425,2.162276,5.372433,2.123728,5.090728,1.696227,1.505672,1.496018,1.494247,1.494247,1.748714,30
992,1.527324,1.566733,1.647607,1.90352,5.308255,2.244378,5.491296,2.079035,5.471033,1.770938,1.527228,1.502238,1.502238,1.502238,1.549703,30
993,1.598464,1.635032,1.672732,1.781563,5.275611,2.328595,5.339596,2.069552,5.211651,1.835173,1.57679,1.577188,1.575335,1.575335,1.463693,30
994,1.705372,1.721617,1.841817,2.011708,5.581047,2.324733,5.829418,2.215645,5.79459,1.848457,1.627901,1.627901,1.627901,1.627901,1.49819,20
995,1.519927,1.56396,1.66205,1.765866,4.990582,2.226828,5.116786,2.072574,5.031912,1.698032,1.520158,1.520063,1.515028,1.515028,1.335726,30
996,1.651094,1.674145,1.758412,1.9974,5.596395,2.384123,5.676825,2.217765,5.516724,1.911064,1.602725,1.595253,1.595999,1.595999,1.454899,20
997,1.619189,1.660826,1.82068,1.98674,5.224814,2.248879,5.649008,2.084851,5.44576,1.819286,1.59293,1.574692,1.581445,1.575748,1.512994,20
998,1.766264,1.820558,1.880093,2.049842,5.79057,2.556756,6.133814,2.443517,5.917435,1.966344,1.675358,1.664389,1.665294,1.65874,1.53428,40
999,1.446872,1.523215,1.586266,1.739355,4.956362,2.094341,5.167135,2.098358,5.092908,1.694512,1.433139,1.424157,1.425978,1.424157,1.614706,20
