instance,-40,-30,-20,-10,-5,-2,-1,1,2,5,10,20,30,40,best_k
0,0.4628,3.4014,2.8317,6.5153,185.8145,26.1063,194.6373,27.4392,182.6535,9.0738,0.9916,0.7525,0.5956,0.5956,-40
1,3.5288,4.482,8.7731,13.2992,194.4659,42.107,211.791,33.0941,176.1905,12.2415,0.4692,0.3222,0.3222,0.0886,40
2,1.0363,2.2224,3.5697,12.3071,188.6048,35.9733,218.1092,28.1238,208.1037,12.1109,0.2341,0.834,1.0229,0.7063,10
3,2.3651,4.4652,4.713,13.1525,188.0189,32.5299,202.3327,23.5979,167.609,11.598,0.2576,1.0965,0.7556,0.4928,10
4,2.4989,7.0621,5.7312,16.2815,183.1345,34.3251,199.3327,32.9665,201.5392,9.762,0.9741,0.0578,0.0578,0.0578,20
5,0.6912,0.6912,4.4514,11.8038,165.8838,28.3399,198.1621,22.1884,181.0078,6.9747,0.8691,1.2029,0.9801,1.4553,-40
6,1.6,4.0615,5.9615,15.6357,188.5837,38.3636,217.1782,27.3007,208.265,14.1904,0.6216,0.571,0.571,0.571,20
7,1.3781,1.3781,4.8046,8.7717,177.9431,31.804,245.6434,23.4527,219.1045,11.3417,0.4601,1.3226,1.3781,1.3781,10
8,0.6722,1.7618,9.1714,14.7557,148.777,35.2432,202.4167,33.7145,178.0277,13.8204,0.0108,0.0108,0.0108,-0.0,40
9,1.9075,1.016,3.746,13.8016,206.32,33.0149,222.6609,33.0124,168.9419,8.1644,0.2746,0.2746,0.2746,0.2746,20
10,0.3465,0.6791,6.8335,11.1892,184.8203,38.0835,196.573,28.8326,169.2987,13.2566,0.5447,0.8602,0.5568,0.2223,40
11,1.1501,3.6077,6.8885,14.4588,182.068,34.9147,227.4587,28.4894,203.9456,10.5817,0.2734,0.0,0.0,0.0,20
12,2.2408,1.8907,5.766,11.0641,156.1172,30.2587,219.5531,31.7907,201.4096,8.2347,0.6071,0.1742,0.1742,0.1742,20
13,1.7932,1.9691,5.2815,11.5211,164.1254,32.438,212.2981,23.7145,184.1742,3.5666,0.5979,0.4108,0.4108,0.4108,20
14,2.0215,4.404,4.9581,14.62,156.5004,24.0879,211.9136,21.5297,195.8733,7.4744,0.4574,0.7565,1.8579,0.6325,10
15,0.0971,3.7785,5.9383,13.6917,189.9688,35.1903,221.3987,27.3354,177.031,15.6827,0.0971,0.0971,0.0971,0.0971,20
16,2.7918,1.6756,5.1269,10.689,156.4351,34.1942,185.0721,20.1027,169.42,13.5848,0.0215,0.1629,0.7271,0.5696,10
17,2.6209,2.9588,7.5336,7.787,190.1563,22.5998,201.1087,18.5685,173.5127,7.028,0.0819,0.0512,0.0512,0.0512,20
18,2.5218,3.3463,6.6219,12.955,204.0965,31.5872,230.5299,17.3665,197.29,6.5723,1.044,1.044,1.044,1.044,20
19,0.7862,0.9939,3.5299,8.8829,159.2463,34.3549,189.436,22.3652,174.2168,7.549,0.5854,0.0415,0.0415,0.0415,30
20,0.5492,1.9001,5.6241,9.4857,155.4478,25.5935,197.4132,15.4823,178.1908,8.8172,0.0729,0.0729,0.2899,0.2899,20
21,3.176,5.0399,6.2514,11.6443,189.6236,28.5326,203.0829,20.1237,182.114,12.6939,3.9904,2.9179,3.6536,3.5758,20
22,1.0072,1.8769,6.4637,11.8601,166.354,25.1201,171.3472,23.7957,150.3773,6.4061,1.0506,1.1775,1.2003,0.4758,40
23,3.7865,3.5856,5.4398,13.4995,209.2506,31.6308,203.473,15.8883,184.1029,12.2385,1.4624,0.3515,0.9182,0.6594,20
24,1.6203,2.5101,2.7856,11.6597,150.0534,30.7341,224.0889,17.7169,196.1367,11.4853,0.8147,0.9437,0.3357,1.2794,30
25,1.9506,1.7588,6.051,14.7625,199.6022,38.3876,216.2603,28.3447,201.2054,13.0783,1.8723,1.8723,0.0,0.0,30
26,1.8749,4.1969,6.4481,14.1711,173.6267,30.0548,214.5377,17.9148,196.0733,7.034,1.0597,0.2869,0.2532,0.2532,30
27,0.7434,1.2348,4.7575,9.3806,193.0328,41.9737,207.6839,24.5675,189.3628,11.1425,0.7122,0.4627,0.7434,0.7434,20
28,2.5617,4.8436,5.0722,10.1775,195.9476,19.9034,216.9295,15.793,196.2892,8.623,0.5062,0.5062,0.5062,-0.0,40
29,2.3945,6.6706,9.0558,19.8638,185.2734,37.7223,211.8322,32.4113,197.1599,20.821,0.3079,0.2943,0.2943,0.2943,20
30,0.9325,3.0672,5.2238,12.3819,157.7696,28.5399,200.9853,28.2039,169.6994,10.1273,0.0,-0.0,-0.0,-0.0,20
31,0.0822,1.4628,3.1165,5.0179,176.4738,34.2796,192.2575,21.5477,174.3268,4.578,0.0,0.0,0.0,0.0,20
32,2.0825,3.7579,6.2024,4.461,154.1208,28.2488,197.355,21.3622,181.7639,7.7227,0.3715,1.064,0.6719,0.676,10
33,2.3112,3.9364,9.4758,17.6481,203.8342,37.2575,233.6932,31.7349,199.9197,8.2658,0.9659,1.1695,0.6842,0.6842,30
34,1.4608,1.9376,6.7385,20.143,152.8696,29.3412,201.7654,29.1785,188.6821,7.8301,0.4185,1.012,1.012,1.012,10
35,2.1157,3.1058,5.9297,12.1362,202.7279,35.4912,220.4832,31.2181,211.6429,14.7086,1.2764,1.4625,0.8759,1.354,30
36,2.005,2.1079,4.5375,11.3043,163.49,30.8366,197.633,23.2861,189.8199,10.7993,1.199,0.7227,0.7227,0.6578,40
37,0.4826,2.9846,5.8999,15.2882,177.0228,39.3625,204.0354,35.0957,183.2454,7.7126,0.0389,0.2779,0.562,0.2779,10
38,2.1228,4.8521,5.7345,10.4037,175.2141,34.6276,201.3523,21.822,181.598,11.9549,0.494,0.494,0.494,0.494,20
39,1.1294,1.7823,4.5135,9.1091,133.4637,26.5172,204.5405,24.069,188.6103,9.3529,0.4219,0.4219,0.5309,0.5324,20
40,1.646,1.646,6.8784,12.106,150.0025,28.9112,202.5529,20.9944,172.8795,10.2332,1.5831,0.1435,0.1435,0.1435,20
41,2.2731,4.1696,7.3615,14.5106,170.1433,34.3734,226.0092,23.5779,190.101,12.4592,1.6278,-0.0,-0.0,-0.0,20
42,2.0789,1.6439,4.4459,9.3213,176.6871,25.9025,201.6453,29.9197,190.3971,6.8871,0.4188,0.3159,0.4109,0.4188,20
43,1.1431,4.9395,12.1861,18.1334,168.8172,38.3548,208.7003,19.9153,171.9694,8.2384,0.014,1.1431,0.7807,0.7807,10
44,5.266,6.9737,8.0006,9.8312,199.9083,41.907,232.7842,25.0745,211.4925,7.4683,2.4834,1.3937,0.8125,0.4009,40
45,1.5118,4.1551,3.544,14.0247,196.5409,33.9231,217.8935,24.2939,184.72,8.1106,-0.0,-0.0,-0.0,-0.0,20
46,2.807,7.6041,10.8198,15.0248,192.8391,48.0446,220.1888,24.1764,197.2319,6.9937,1.1966,0.7506,0.7506,0.7506,30
47,1.8983,1.1439,1.2761,10.8532,184.3216,22.256,194.5955,17.7389,184.1702,9.4165,1.6969,0.677,0.8019,0.0,40
48,2.0676,3.5957,6.3104,13.4918,159.006,27.4616,188.3843,22.7933,168.2907,12.5069,0.9007,0.8824,0.8824,0.8824,30
49,2.4205,3.8351,7.0637,16.9392,169.0491,26.6321,197.7474,24.6919,193.3635,8.2865,0.587,0.4206,-0.0,0.3975,30
50,3.3462,3.4034,5.0259,17.6892,161.0619,36.2539,221.4776,35.2504,210.7145,9.9224,0.0344,0.9843,0.9843,0.9843,10
51,1.7469,2.9617,6.7752,10.5048,146.5882,33.3038,197.1515,33.0429,165.2115,10.6888,1.8854,1.2817,1.0855,1.2261,30
52,3.5047,5.775,7.2971,18.335,182.552,45.4241,234.8861,20.3987,211.0853,8.8992,0.4048,2.038,0.4048,0.4048,10
53,1.4361,1.4361,7.5065,15.856,168.0215,38.6851,223.1759,18.4563,197.3128,6.1203,0.046,0.4637,0.4637,0.4637,10
54,0.3053,1.3984,5.6051,14.371,158.6872,35.3372,170.873,17.4821,166.7758,3.9332,1.1506,0.3053,0.3053,0.3053,20
55,1.5644,4.0385,7.2845,13.8151,150.1014,34.1066,202.2946,31.612,173.1848,13.2217,1.5495,0.4045,0.4045,0.2236,40
56,0.9487,1.204,1.9944,8.4343,181.022,28.2366,194.012,15.2814,184.0731,8.755,0.0855,0.0855,0.0701,0.0701,40
57,2.237,5.8684,9.4981,13.3098,193.1651,34.927,224.1196,31.3903,193.1725,6.3092,1.7639,0.1391,0.1391,0.1391,20
58,1.2114,3.0479,4.8392,13.6217,178.6846,29.6892,211.367,27.7378,174.6086,8.5892,1.2114,0.9648,0.3519,0.3519,30
59,0.0731,2.0754,3.3107,4.4544,153.3786,23.1207,196.1172,11.8985,164.5909,7.1848,-0.0,-0.0,-0.0,-0.0,20
60,2.3408,4.5906,5.6904,10.8774,187.6006,40.4869,224.7005,28.9911,201.2706,8.2196,1.0315,1.0315,2.6335,2.6335,10
61,2.4881,2.2169,4.0496,12.9349,187.3315,32.9228,212.3499,24.2337,182.2252,10.7434,0.5373,0.0566,0.0565,0.0566,30
62,0.9908,1.6418,5.9958,10.2356,179.6806,29.2381,209.1707,28.9204,188.2115,9.3797,0.744,0.0745,0.0599,0.06,30
63,3.3095,2.9233,8.4436,13.3526,162.487,33.9714,212.1404,22.1825,198.29,9.2264,1.8452,1.6439,1.6439,1.6439,20
64,1.2214,2.0309,4.8434,7.4763,163.9819,22.593,200.5038,32.1477,182.7515,9.8636,1.7964,1.2053,1.2053,1.2154,20
65,1.2986,0.7077,4.1035,17.5136,145.1574,23.0111,232.9434,16.2332,200.5445,13.0569,0.7077,0.2303,0.2303,0.2303,20
66,0.592,3.119,7.9501,14.978,150.057,29.871,220.3153,30.2208,192.921,9.8956,0.8048,0.7938,0.7938,0.7938,-40
67,2.3099,3.7496,6.6748,21.7004,222.4715,37.5787,235.3374,39.3923,204.2523,10.7117,1.8278,0.9123,0.9123,0.9123,20
68,0.4314,0.7676,6.3244,10.9173,155.5277,32.0592,199.1488,21.6494,174.3615,12.4087,0.8404,1.0913,0.0,0.0,40
69,1.2305,1.888,2.2567,13.4904,158.6423,36.5068,211.815,32.7259,182.2822,6.9689,0.2032,0.4159,0.6173,0.6173,10
70,2.5797,5.2683,4.2328,11.6645,190.6772,21.8318,210.8996,22.4607,197.2589,9.6111,1.1097,0.9234,0.9267,0.8529,40
71,2.1607,3.0123,3.0318,10.2503,195.5716,27.6301,208.8386,12.4092,178.2451,4.45,0.896,0.94,0.6623,0.5343,40
72,1.2043,3.2905,5.7166,8.9837,154.4644,33.1676,211.2756,21.4485,176.1932,9.9138,1.5021,0.8786,0.8786,0.9304,20
73,0.0804,1.6205,5.1793,12.8295,195.3568,26.0796,222.882,29.1187,188.0371,9.9757,0.8606,0.3466,0.3466,0.3466,-40
74,2.3262,3.5633,6.1598,10.5194,179.8105,34.4015,198.0487,28.1619,175.5739,5.5732,0.2362,0.5808,0.1492,0.0,40
75,3.6881,3.9563,4.6755,11.5299,179.4141,34.2339,206.8224,22.4216,184.8016,8.4307,0.971,0.971,0.971,0.971,20
76,1.2671,7.0637,8.443,16.7403,155.9805,30.5375,190.3597,31.0866,174.0344,8.3656,0.9758,0.9572,1.4635,0.9572,20
77,1.5282,3.0156,4.3533,9.7199,193.0633,29.5953,192.3426,9.2286,171.3839,6.4907,1.1949,0.8828,0.8828,0.8828,30
78,3.3966,4.5796,7.6428,13.8742,174.7322,23.1721,200.2769,20.0673,182.996,5.6571,1.8593,1.6903,1.6904,1.6904,20
79,0.4096,2.0871,3.5597,9.7178,159.5621,34.447,223.9132,28.7266,206.8992,4.6414,0.2328,0.4096,0.2694,0.2694,10
80,3.1946,4.4602,8.45,14.2801,158.0015,41.0759,167.4035,24.8983,168.1653,9.8125,1.3295,0.3851,0.529,0.3851,20
81,2.1145,3.4499,1.9769,12.9809,180.8268,46.1536,195.2791,22.2696,186.3286,6.5246,0.9101,0.6234,0.6234,0.6234,20
82,1.1134,2.4769,4.5844,8.5164,174.5916,32.693,201.1074,24.9741,192.334,11.9406,0.9484,0.7938,0.2043,-0.0,40
83,4.0713,4.0713,5.6519,14.4001,192.094,48.5085,242.2929,35.4798,190.0942,10.6797,0.7019,1.213,1.448,0.8523,10
84,3.013,2.6885,7.5329,13.8444,158.2131,35.2935,234.005,40.3529,206.6474,12.7624,1.4416,1.2234,0.1105,0.1105,30
85,1.6398,5.0234,9.1035,16.1432,190.4151,27.8272,224.8793,34.8732,203.5351,14.2173,0.3083,0.6543,0.6543,0.6543,10
86,3.6049,5.8507,10.0952,16.8543,151.0378,34.318,211.6388,22.7095,187.8536,11.8215,1.9354,0.6583,0.382,-0.0,40
87,2.4566,3.0301,5.0536,8.392,200.7669,41.8963,208.15,19.9966,176.662,7.4537,0.6041,1.1982,1.0018,0.2006,40
88,1.4772,3.7913,5.399,16.2803,186.5769,32.8872,252.0601,30.5378,184.4016,16.7593,0.9698,0.7749,1.2156,0.6027,40
89,2.8981,2.7186,3.544,14.7452,203.4006,43.5355,216.6558,25.8222,180.9841,4.9881,2.1858,1.7928,0.7991,0.6217,40
90,1.5659,1.7317,3.2893,14.9355,182.8632,28.8913,212.2012,19.8072,192.8179,4.1269,0.2894,0.246,0.1044,0.356,30
91,2.1033,3.4718,5.6235,9.907,189.5444,21.1785,228.3865,28.273,196.2195,10.9651,1.0984,1.5366,1.0984,1.0984,30
92,2.2181,3.6701,8.148,10.2519,168.7973,34.8819,213.4367,33.1452,201.9227,9.8907,0.4141,0.2735,0.4141,0.4141,20
93,2.1498,3.0723,7.0609,17.3334,172.845,38.7068,218.4521,31.6234,180.5294,11.4533,0.8952,1.1725,1.1725,1.1725,10
94,3.8705,2.9913,8.3043,21.6061,174.0249,36.3142,225.4023,39.0401,197.7729,13.2617,0.4368,0.9705,0.1177,0.1177,30
95,2.0607,4.24,6.695,8.6466,122.3038,38.4349,240.1296,18.4435,218.9382,9.7718,0.8757,0.2523,0.2523,0.2523,20
96,1.5602,4.915,6.1878,14.4932,179.159,27.2778,206.9581,29.3294,172.2091,9.9629,1.0806,-0.0,-0.0,0.0,20
97,1.2184,4.4375,9.4066,12.7347,186.6357,44.835,221.3303,22.9188,188.8746,7.4742,0.8804,1.5994,1.9209,0.2745,40
98,1.1382,1.8938,2.6874,6.8936,181.2454,27.7401,204.8047,13.0828,184.2336,5.6116,0.9854,0.6218,0.4954,0.4954,40
99,1.0444,1.3868,7.2345,10.7296,177.5329,35.4747,209.9212,26.4527,186.8182,7.3262,1.3123,0.6058,0.7574,0.7574,20
100,2.6735,5.1812,6.2288,12.414,172.1698,27.3896,214.7715,28.4283,189.7916,6.666,1.3675,1.3047,1.3047,1.3047,20
101,3.4242,5.6261,9.8367,14.6526,175.1656,33.5202,223.7724,28.999,190.9711,15.0607,0.5985,0.0952,0.0952,0.0952,20
102,1.5572,1.7483,5.1632,10.6572,155.348,35.8637,204.7103,21.1548,201.9456,12.1456,0.387,0.387,0.387,0.387,20
103,4.682,5.8461,9.8977,14.8572,194.2312,31.7699,210.2262,23.9238,177.7042,16.7897,1.7971,1.6449,1.4818,1.306,40
104,1.1414,2.7218,3.0677,8.6221,163.6662,29.0351,223.3944,21.7293,195.9401,7.7575,0.4981,0.1615,0.1615,0.1615,20
105,1.1933,1.7615,5.7345,12.9204,151.5941,33.4104,164.3399,22.969,153.0336,10.7988,0.8403,0.7807,0.1926,0.1926,30
106,0.4351,0.4351,5.2016,8.7404,200.7847,43.3895,222.5226,21.5306,187.6847,4.1331,0.2436,0.4351,0.4351,0.4351,10
107,1.9312,1.3552,3.5401,9.1531,145.7213,29.1286,178.0185,12.5887,155.6079,5.6073,0.6374,0.0249,0.0249,0.3985,20
108,2.349,2.3449,4.1333,13.9459,172.811,34.0402,203.9388,18.3296,171.108,12.326,0.3381,0.2534,0.2534,0.2534,20
109,1.5402,1.6854,4.2119,8.9072,196.7295,24.7488,211.3729,22.9972,176.0096,6.4746,0.2443,0.5018,0.6927,0.6927,10
110,2.8602,2.4792,7.4609,15.9123,205.7214,35.9403,227.1549,18.8549,200.3045,3.8483,1.7845,0.7135,1.6407,1.5211,20
111,0.6385,4.6366,4.2713,8.7684,202.6629,30.0662,239.8873,23.7746,220.9254,8.8032,0.0515,0.0515,0.0515,0.0515,20
112,3.7091,4.6162,6.2215,16.5844,161.7556,27.8311,227.435,28.1481,184.147,12.7243,0.58,0.4045,0.6715,0.2664,40
113,1.5243,0.5332,3.6313,16.1859,190.1159,39.2997,210.183,25.6673,189.1003,10.505,0.131,0.4927,0.131,0.131,10
114,2.3158,3.1357,3.5786,14.1927,161.2137,39.2778,177.3078,31.5039,163.6979,10.6821,1.8469,0.496,0.496,0.496,20
115,1.7906,5.6684,12.2816,15.7948,173.0589,35.0037,216.7616,32.8197,201.8736,14.5171,0.0,0.0,0.0,0.0,20
116,0.7753,0.7753,2.8134,13.8325,202.7604,30.1619,216.7781,21.1742,188.0919,10.7394,0.3433,0.3686,0.3686,0.3686,10
117,1.8866,3.6243,6.5958,10.0875,169.5996,25.1701,188.5899,16.404,171.7738,9.7456,0.2454,0.2454,0.2454,0.2454,20
118,2.9149,4.0981,5.9664,9.7209,173.2206,41.8078,239.1864,26.5893,205.1213,12.6922,0.0478,0.0478,0.0478,0.0478,20
119,2.4378,4.4298,5.7332,10.5035,166.9875,17.6066,190.3213,20.9649,170.889,15.1606,1.8289,0.8883,0.5314,0.5314,30
120,1.9292,1.8061,4.5287,9.6206,183.0089,41.9407,206.0246,21.8256,186.5301,5.5443,1.4057,0.4232,0.4232,0.4232,20
121,1.4719,1.734,2.3031,10.0687,172.5926,24.6075,203.4029,26.3149,192.0042,2.8702,0.6596,0.7667,0.7667,0.7667,10
122,2.0088,2.4022,3.4048,5.0997,161.6703,23.9831,195.0513,18.991,167.9602,4.8519,0.0039,0.4439,0.4439,0.4439,10
123,1.4421,2.8867,2.9764,12.4724,193.4206,30.2409,212.8962,22.7147,176.9174,10.5531,0.1338,0.1963,1.694,1.0555,10
124,4.4892,5.6906,8.2379,16.4551,187.856,37.1277,212.2102,34.4495,187.135,11.721,0.9278,0.9647,0.0887,0.0887,30
125,1.2131,2.7899,4.4166,14.2846,186.1207,26.3391,216.5978,14.9778,195.1996,5.4273,1.2531,1.469,0.5661,0.5661,30
126,2.3538,4.2472,5.1852,6.8809,155.879,26.0823,210.5616,22.1305,189.1402,10.3126,2.1137,1.3279,0.7978,0.7978,30
127,4.2551,2.6789,6.6333,16.8584,148.8743,27.7029,192.1034,27.227,172.7368,8.1248,0.5831,0.5831,0.5831,0.5831,20
128,3.8003,3.8057,6.5064,14.9445,191.0725,40.2388,203.3101,15.4324,169.7065,6.6385,0.9896,1.2278,1.3744,2.0468,10
129,1.5435,2.1189,1.3239,6.5884,158.0262,37.5841,220.166,25.6111,189.4746,8.9557,1.4812,1.4812,1.338,1.4812,-20
130,0.6018,0.6018,7.3507,10.497,175.7919,30.939,200.3849,22.487,182.2447,8.1984,2.0583,0.4683,0.4683,0.1244,40
131,2.181,1.5773,5.341,18.0713,154.5607,33.532,194.0548,27.3827,170.6878,9.4035,0.2792,0.3632,0.084,0.084,30
132,3.5971,7.4951,7.7482,16.021,192.6851,27.2894,229.5371,26.5734,209.1847,10.3215,0.8442,2.0047,2.0556,0.8285,40
133,0.8207,2.7119,4.9559,9.1821,153.0998,24.7118,210.9966,16.0438,183.1492,4.484,1.5031,1.0535,0.0,0.0,30
134,1.277,5.4271,5.5509,15.0329,187.5216,40.3375,234.0247,27.3775,205.1152,5.4542,0.6439,1.2089,2.0669,3.0802,10
135,1.811,3.1968,5.2764,14.4572,187.7539,42.9537,205.7391,34.0522,203.7733,11.1648,1.3811,1.2239,1.7959,1.7959,20
136,4.6858,6.5708,11.414,13.2229,190.7718,30.1798,216.7586,33.3888,201.0348,12.459,1.2207,0.6603,0.6603,0.8425,20
137,2.2263,4.1596,10.7871,11.5476,170.7474,25.8787,192.3735,20.8235,181.3735,8.973,0.2716,0.5498,0.0399,0.0399,30
138,1.7756,2.2743,7.1075,8.3917,157.4812,19.1774,211.0352,17.5981,185.8073,10.6323,1.1414,1.2548,1.3292,1.3292,10
139,0.2512,0.2512,3.7182,6.3098,163.7715,30.8959,216.0404,21.4715,190.1479,3.7546,0.4063,0.2512,0.2512,0.2512,-40
140,3.8484,1.9496,6.1305,8.9294,169.5295,21.377,197.1175,26.9057,176.8187,7.5159,0.3891,0.4447,0.3891,0.4447,10
141,2.4477,2.3148,4.6678,18.8162,202.7844,36.4242,210.1941,24.0941,182.6012,15.4443,0.4524,0.7874,0.2985,0.2985,30
142,2.611,3.3717,7.1386,17.8891,176.2255,36.5219,199.1906,35.5072,169.439,8.1951,1.883,1.171,1.171,1.0669,40
143,1.4097,3.2006,4.5284,8.6276,159.1919,24.4759,173.9757,11.8731,173.8099,8.1786,0.2697,0.8526,0.6769,0.6769,10
144,0.4678,2.3407,11.8972,25.9657,199.0418,42.1378,216.745,29.3272,208.181,15.4923,0.4678,0.4678,0.4678,0.4678,20
145,1.5316,2.8995,11.8712,15.4073,179.1884,36.9862,215.697,25.2029,199.1529,9.164,0.746,0.6923,0.6923,0.6923,20
146,0.0,0.0,1.1571,22.3062,199.1495,28.2639,226.2374,24.9296,208.3622,11.5211,0.6368,0.0,0.0,0.0,20
147,3.3784,7.8333,10.6079,15.6175,201.9038,45.8509,223.8888,28.2225,178.166,9.7434,0.8214,1.2082,0.3906,0.3906,30
148,0.672,2.4032,6.3079,9.7123,156.075,24.6276,184.9622,17.3815,185.4884,9.9222,0.6714,0.6713,0.6713,0.6713,20
149,2.3463,3.647,7.9631,17.0068,147.1605,31.9118,196.7789,27.23,176.6023,10.4773,0.3949,0.5886,0.5886,0.5886,10
150,1.3902,3.6884,3.2646,11.7186,182.592,37.4491,209.5551,35.1903,193.2334,9.2804,0.7834,0.9881,0.9881,0.7135,40
151,1.3824,2.4586,4.6323,13.3886,169.18,34.4685,206.8408,24.6529,192.7671,14.248,0.9584,0.6443,0.1566,0.1566,30
152,3.7779,5.5064,10.1553,22.8428,187.4214,43.7834,193.929,33.4323,187.2063,11.6142,1.4937,0.1234,0.1234,0.1234,20
153,1.7415,1.5297,5.0927,11.3986,159.1575,17.7183,205.4775,20.9396,198.4844,10.9904,1.0929,0.5414,0.5414,0.8872,20
154,2.3754,2.3754,5.3365,16.4283,206.9274,30.3616,224.7384,29.2959,212.634,12.9574,0.6895,0.5495,0.5495,0.5495,20
155,5.4088,5.3237,12.6083,17.5298,182.3831,48.1233,215.2146,21.9763,188.4259,9.6954,0.4882,0.642,0.3309,0.3309,30
156,3.635,5.17,9.4153,14.2334,183.6251,27.2784,200.7119,31.2876,192.1341,9.0988,0.7575,0.5723,0.5723,0.0,40
157,1.2789,4.1065,9.3472,16.0115,163.3184,42.8027,217.2483,27.6874,187.6317,11.2297,0.0,0.8508,0.0,0.0,10
158,1.8696,5.9086,4.9575,10.9891,179.3729,34.6668,185.8755,23.2366,174.8828,10.7505,0.8193,0.5947,0.6515,0.1581,40
159,2.827,2.569,6.7154,8.0978,195.5926,31.9799,202.8462,25.818,182.6366,10.951,1.5922,1.1382,1.1382,2.5765,20
160,1.9164,5.2029,6.8684,6.2421,181.0551,36.7557,209.4556,25.8792,198.1406,7.3311,0.6346,0.6346,0.6346,0.6346,20
161,0.3237,3.0887,6.5753,11.0558,226.1123,30.2334,224.0484,20.2935,196.4438,9.0486,-0.0,0.1913,0.1913,0.1913,10
162,0.4767,1.2377,4.2497,9.0314,162.2821,16.4369,209.2406,37.3921,186.8992,10.1857,0.071,0.071,0.071,0.071,20
163,0.8569,1.8491,3.7896,16.632,204.5292,41.6557,207.3155,39.2562,179.6227,8.3271,1.851,1.6229,2.3387,1.9591,-40
164,0.0839,0.3912,3.8427,14.534,160.9528,43.2585,215.7904,37.3835,218.3198,11.7213,0.0611,0.0839,0.0839,0.0839,10
165,1.3183,2.107,6.5,15.0401,181.182,36.0505,208.6275,27.7732,162.2179,15.1248,0.0609,0.0,0.307,0.307,20
166,2.7556,6.799,8.1828,10.5742,182.2469,38.472,213.2648,30.7748,199.4115,12.6412,1.1547,0.4853,0.5727,0.5727,20
167,3.5237,3.7379,6.2019,8.4687,166.7675,27.2476,194.9698,20.3049,176.0568,8.975,1.7708,0.4849,0.3307,0.3307,30
168,1.912,4.6836,5.8062,14.3412,169.0636,52.2047,214.2204,23.4915,190.9468,10.3473,0.2944,0.2944,0.2944,0.2944,20
169,0.8148,2.7243,8.7002,16.0477,180.2195,28.0571,234.5957,27.0251,211.1563,13.3071,0.455,0.455,0.2614,0.2614,30
170,3.7796,3.4577,5.9698,7.1549,183.6287,34.2077,197.8735,18.4283,175.4645,12.9575,2.2334,0.7628,0.7628,0.7628,20
171,0.4631,2.349,2.4852,7.243,159.8628,33.4784,195.771,19.1693,177.6191,10.2932,0.409,0.409,0.409,0.2019,40
172,0.7142,0.9484,3.3346,8.0213,146.8784,26.8954,173.0625,20.1434,166.8706,6.9166,1.4074,0.5817,0.5817,0.5817,20
173,1.985,1.985,3.1533,12.6159,194.7257,31.3002,235.8685,28.7038,217.9912,13.9776,1.016,0.9811,0.6153,0.6153,40
174,0.7337,5.0293,8.22,10.8306,166.026,34.9183,187.8956,30.3359,171.6098,16.2996,2.5796,0.5157,0.2996,0.2996,30
175,2.2033,1.5644,4.2498,13.1643,192.0458,24.2585,212.9047,25.7883,193.2539,10.7032,0.3522,0.049,0.049,0.049,20
176,2.3451,3.1366,7.7929,15.0077,193.1135,30.5183,204.6286,24.3557,194.2522,10.3729,1.5269,0.7772,0.6387,0.6387,40
177,2.1776,5.7275,6.929,9.1414,175.754,35.3262,196.3831,28.8456,156.7375,7.8754,1.8176,0.0995,-0.0,-0.0,30
178,2.2075,3.283,6.1322,12.6647,165.1008,30.1555,201.6172,21.4308,190.5694,6.0622,0.0,0.5477,0.0,-0.0,40
179,3.5817,4.7935,8.7649,13.6316,179.5186,29.3863,207.1023,29.096,193.6485,14.6319,0.9665,0.9665,0.3759,0.3759,40
180,1.6535,5.3189,6.6992,12.031,198.4052,33.3479,216.1823,21.9076,179.1432,8.6459,1.6382,0.4257,0.4257,0.4257,20
181,1.2772,0.7574,9.5108,6.8363,166.5365,24.5692,206.3326,29.2187,171.3464,9.389,0.8025,0.175,0.175,0.175,30
182,0.9571,4.3079,5.852,9.882,164.4109,27.4312,170.4983,25.3141,156.5388,9.6004,0.5679,0.5679,0.5679,0.5679,20
183,2.433,2.1977,7.0388,12.3673,165.6553,31.2306,194.2094,22.4254,166.2063,11.4361,1.5391,0.8315,0.8315,0.8315,30
184,0.253,0.253,4.1957,11.4571,188.6048,31.6744,190.0623,15.1171,171.5172,7.8514,0.5962,0.253,0.253,0.253,20
185,0.7345,2.663,3.4521,9.1536,167.8787,29.9487,197.5506,24.9594,192.236,8.2804,0.6307,0.6307,0.6307,0.6307,20
186,5.0645,4.9153,12.8758,14.0916,202.7354,46.3866,224.1,21.1841,185.4062,10.5698,0.9655,0.1066,1.088,1.088,20
187,0.6464,1.8765,4.9326,8.7617,182.2,28.3362,197.2026,14.2401,188.0038,10.7502,0.7912,0.7063,0.4526,0.4526,30
188,1.6879,1.259,1.9391,5.0334,147.9336,30.2774,228.0659,20.8486,215.7695,6.2209,0.2086,0.1028,0.1028,0.1028,20
189,1.9956,2.4615,7.25,15.5402,203.0527,41.8127,206.0019,19.6885,200.3763,8.4972,1.2809,2.5483,1.2383,1.2383,30
190,3.7714,4.6439,6.3261,17.9298,204.5644,29.4388,227.2906,30.9114,190.2685,13.2216,0.3412,0.6182,0.6182,0.6182,10
191,0.7323,0.7323,3.3419,9.5969,158.3614,34.5191,188.5638,25.4958,165.0011,8.6857,1.5451,1.3728,0.972,0.972,-40
192,1.5077,2.7098,5.6015,14.5455,207.8444,38.483,211.9833,26.1342,173.3525,7.9339,1.1487,0.626,0.626,0.9205,30
193,0.6514,1.1347,2.8679,11.0549,197.4629,23.3319,217.0061,12.0526,191.1273,2.4278,0.6514,0.6514,0.6514,0.6514,20
194,3.0838,4.9518,4.2822,7.8143,150.2669,21.9227,216.6657,23.007,185.9016,8.9765,2.344,1.4506,2.548,1.4506,20
195,3.0763,2.4992,1.6187,6.9173,176.5677,39.7355,201.068,26.8882,170.4652,9.107,1.4151,0.9714,0.6778,0.6778,40
196,0.3205,1.3101,3.9558,9.71,182.4472,18.8288,194.8604,24.3373,187.5969,4.2715,-0.0,-0.0,-0.0,-0.0,20
197,1.7651,3.3111,6.3667,13.6471,176.519,39.0224,211.8062,29.0622,175.9105,14.5278,0.4869,0.1207,0.1207,0.1207,20
198,1.1452,0.9401,4.0024,12.8192,194.662,33.0594,204.6474,32.3153,184.6553,11.007,0.973,0.0753,0.0,0.0,30
199,1.3627,2.8495,3.524,10.8208,145.0371,32.7617,218.4257,25.797,199.5501,10.1254,1.5887,1.3198,1.3198,0.5508,40
200,0.893,2.0474,3.6193,13.1819,164.9995,31.2859,212.2674,27.5195,191.1361,10.4811,0.4727,1.1049,0.3075,0.3075,30
201,0.8375,0.8595,3.3773,11.8146,201.0303,21.6407,222.6702,20.0581,202.854,7.6374,0.9806,0.9806,0.8408,0.58,40
202,1.4299,1.9457,3.5851,10.6119,168.0685,30.452,195.7787,23.4151,184.7723,13.7307,1.4618,1.4618,1.4299,1.4299,30
203,2.5251,4.3052,7.8626,18.3004,130.7504,33.3712,212.0484,21.2355,190.6387,8.3399,1.1757,1.1162,1.1162,1.1162,20
204,1.543,3.2875,6.8276,9.7756,146.0956,36.0813,208.4198,23.7666,184.4975,9.1255,-0.0,-0.0,-0.0,-0.0,20
205,1.9912,4.4653,5.9853,23.1825,175.2642,34.0265,182.5972,22.1782,159.2573,12.0355,1.4149,1.3552,0.7402,0.7402,40
206,2.513,4.5569,3.3185,9.6558,168.5162,33.6206,220.3835,27.4811,182.1076,8.253,0.3925,0.033,0.033,0.033,20
207,2.9582,4.5553,6.95,13.8037,166.1873,32.2358,196.1846,29.3564,186.933,10.9059,0.374,0.6911,0.6911,0.6911,10
208,3.3124,3.4345,9.109,11.0621,172.1665,24.8051,187.1609,22.7974,171.8137,12.5579,0.204,0.204,0.204,0.204,20
209,4.9043,5.3856,9.0465,11.1878,174.4224,34.5245,221.5317,22.4643,183.3388,9.1553,0.5886,1.6295,1.3145,1.3145,10
210,2.3225,2.2422,4.5778,9.5349,196.0209,31.6849,202.2344,22.9232,200.1174,5.9275,1.274,1.1298,1.1298,1.1298,20
211,3.0187,6.4487,11.967,16.5499,200.1686,41.0223,211.8473,23.4225,193.0584,5.758,2.4749,0.3061,0.3061,0.3061,20
212,-0.0,-0.0,-0.0,5.7789,195.8958,36.5053,221.5144,30.1762,212.5057,0.1567,-0.0,-0.0,-0.0,-0.0,20
213,2.5998,2.5767,6.5975,10.3203,157.1865,28.9405,196.6218,24.3167,178.8258,11.256,0.9007,1.3388,0.9753,0.8096,40
214,3.1664,5.1455,9.3927,16.2681,206.9932,45.479,220.2985,23.9461,209.9188,15.7022,1.7298,0.34,0.8363,0.8363,20
215,2.7663,3.443,5.5115,16.3749,170.5626,32.8834,185.3827,17.8667,176.4444,9.171,1.3706,0.7291,0.7291,0.7291,20
216,0.3427,6.1825,4.0029,14.7727,179.5943,28.8576,210.0441,31.232,179.6315,11.1411,2.1121,0.7431,0.7431,0.7431,-40
217,2.7697,3.342,4.7964,9.229,187.7376,27.5762,209.8672,25.9623,192.6082,7.8582,1.5814,0.1023,0.1023,0.1023,20
218,0.354,3.8884,4.4132,2.8712,180.2527,35.0376,214.9191,20.6868,207.2455,8.6183,0.354,0.354,0.354,0.354,20
219,1.884,3.7012,4.2588,10.2531,177.1985,28.5309,185.335,33.8082,173.1385,5.9182,1.0672,0.1007,0.1007,0.1007,20
220,3.2829,3.7641,6.4017,14.6155,179.3872,37.1277,212.4431,33.675,139.07,15.4732,0.8336,1.8886,0.4636,0.7382,30
221,1.1672,5.1551,4.2057,13.5169,189.2318,38.6032,234.8067,26.6351,209.881,5.63,0.3577,0.3577,0.3577,0.3577,20
222,2.3433,3.2777,3.4825,13.0768,178.6062,40.2175,239.1095,33.7725,193.7242,8.1692,2.2173,1.3153,1.7042,0.3953,40
223,2.3416,4.7052,6.6987,16.4255,191.5281,32.5706,198.87,30.7671,192.46,10.4298,1.9114,1.3315,1.2766,1.2766,30
224,1.5869,1.9421,4.7797,12.7878,160.5594,39.9872,192.051,27.7142,170.8005,5.1007,0.8315,0.3647,0.3647,0.3647,20
225,0.1725,0.5994,5.1381,13.3296,195.7654,39.9289,225.5008,24.2293,213.5573,11.8298,0.0078,0.0078,0.0,0.8,30
226,-0.0,2.3481,3.3426,14.578,186.2149,35.5069,210.5949,28.4547,199.1373,13.4811,2.6188,-0.0,-0.0,-0.0,20
227,0.2576,0.4273,2.9435,11.632,174.7039,37.9345,182.4093,19.1524,175.9269,11.2911,0.2276,0.2276,0.2276,0.2276,20
228,2.4599,3.5015,6.4314,13.3994,159.3084,28.3287,198.7811,20.5399,162.3839,5.8607,1.5641,0.3054,0.3054,0.6659,20
229,2.5482,1.6073,7.3574,19.2234,122.8162,29.0429,191.4484,24.2326,180.674,13.2193,2.2719,1.123,1.123,1.123,20
230,0.6361,1.7976,3.3448,10.1062,173.6449,29.9166,194.0815,16.9225,180.698,4.2531,0.1112,0.1112,0.1112,0.1112,20
231,3.6828,8.3569,11.8812,11.1188,185.2819,38.5842,216.6843,21.3067,182.7701,11.1454,2.51,1.7624,1.6285,1.3826,40
232,4.9639,5.5593,10.2726,21.4797,178.5313,44.853,225.4759,34.0475,177.8091,13.0406,1.1648,0.7889,0.7889,0.7889,20
233,3.5559,5.3312,5.2795,12.7123,227.5434,34.3529,236.7171,29.2892,205.6861,5.5224,2.458,0.5664,0.9716,0.9716,20
234,0.5476,2.4702,9.9486,15.2326,193.5637,39.2014,225.5369,26.6667,202.0843,5.2857,1.2947,0.4592,0.6108,0.6108,20
235,2.4907,3.811,3.184,14.8411,164.6812,27.4759,221.4944,24.7259,173.8563,9.0066,0.8301,2.318,2.318,2.318,10
236,0.339,0.3743,4.8104,11.1166,150.9591,33.8981,202.0335,24.7611,176.3164,9.5512,0.0149,0.7683,0.6376,0.0258,10
237,1.2602,2.274,5.7018,12.0926,172.6333,27.8575,182.1144,22.7427,166.0079,9.5283,1.2777,0.3858,0.3856,0.3858,30
238,1.7327,4.2623,5.6682,12.727,185.2413,38.8045,196.9142,27.8022,189.5342,13.5833,0.633,0.633,0.633,0.633,20
239,1.8282,1.7986,3.0131,13.384,195.901,30.8031,219.5658,27.8673,186.8609,10.3944,0.6897,0.5443,0.637,0.6897,20
240,2.3713,3.1015,5.7144,11.7503,161.7333,38.1616,200.6839,22.7246,182.3523,4.9055,1.8686,0.4301,0.4301,0.362,40
241,0.1174,0.1174,2.2697,20.5191,171.1792,40.1662,202.0056,18.1514,173.4454,6.1944,0.1174,0.1174,0.1174,0.1174,20
242,1.5903,4.1159,7.8166,13.5271,184.3513,37.0117,223.4322,20.0868,206.0465,7.4934,1.63,1.3418,1.3418,1.3418,40
243,0.1841,1.3337,2.71,16.7858,126.8249,27.8003,191.1653,17.9148,172.8849,9.3387,0.7259,0.1841,0.1841,0.1841,20
244,1.1926,2.4049,4.8806,8.2822,165.1528,33.3684,209.9754,19.2023,181.8524,9.0058,0.5604,0.4452,0.4289,0.3245,40
245,1.3951,4.7373,4.8267,14.7013,188.9654,40.6631,191.4674,29.259,175.7644,8.4791,0.5118,0.5119,0.5446,0.5119,10
246,0.2157,1.302,1.302,16.0325,150.6645,33.6668,220.5622,27.9554,186.2459,4.8875,0.2157,0.424,0.3459,0.1315,40
247,3.0465,2.535,4.3921,14.7589,161.014,32.5045,181.8998,23.5582,173.7965,6.2725,1.8865,0.6757,0.6422,0.5717,40
248,0.8385,2.1128,4.6399,13.5162,185.9735,30.9598,224.2768,23.731,189.3154,7.5581,1.2312,1.2312,0.8385,0.8385,30
249,1.9897,4.8652,5.4605,14.8908,173.7779,16.0726,203.5911,22.2738,157.6616,9.98,0.7462,0.9693,0.8901,0.6994,40
250,0.0,2.8271,6.1738,17.9754,201.7176,38.3352,247.5152,29.7351,212.1446,10.4234,0.0,0.0,0.0,0.0,20
251,1.7415,2.6397,5.4654,11.4553,164.241,34.0959,215.006,25.6938,203.4615,10.9805,1.2014,0.1186,0.0,0.0,30
252,0.6872,2.7934,3.0834,9.0563,189.4457,27.8188,197.2788,21.3489,180.799,4.6606,0.985,0.5058,0.5058,0.5058,20
253,2.054,2.125,4.2717,4.4677,197.1996,37.8173,227.7655,23.1324,205.468,6.0856,1.22,0.4717,0.4717,0.6486,20
254,1.2602,4.2932,8.0321,15.7813,153.0079,33.3564,217.2547,27.1391,194.0769,15.0102,0.2941,0.0,0.0,0.0,20
255,3.1819,3.1819,4.8961,10.5609,141.4361,41.9324,219.4796,23.3217,181.6331,11.3243,0.6595,0.8845,0.8845,0.8845,10
256,1.8053,3.5222,5.1144,10.1074,152.757,22.4849,208.1341,23.2542,186.2904,8.4801,0.353,1.2503,0.9102,0.9102,10
257,0.297,3.8204,5.2418,19.5416,185.6613,39.3162,213.8505,36.2383,199.0031,20.9949,0.9019,0.2273,0.4823,0.4823,20
258,1.2141,3.8308,4.338,13.5331,173.6163,33.9667,202.2497,29.3003,187.8668,5.5648,1.1544,0.9415,1.4632,1.2838,20
259,1.6699,1.8995,5.8169,13.6305,187.9435,37.3486,213.0361,32.4714,199.2191,13.3104,0.399,0.8007,0.3385,0.3385,30
260,5.9885,5.4677,13.3454,13.4987,168.015,42.2973,206.9738,21.0383,178.3598,7.0878,1.656,0.5979,0.5979,1.0457,20
261,2.1217,4.4429,10.0755,7.5985,196.6996,39.9125,204.7107,23.9904,183.0267,11.5629,2.7634,0.7132,0.7132,0.7132,20
262,0.6123,3.5829,5.7539,12.1504,158.835,37.1624,199.0624,30.0056,184.3454,15.2513,0.167,0.4444,0.4444,0.3752,10
263,1.5356,1.6848,4.2595,13.8165,199.0717,32.6224,204.3672,17.4903,179.4709,5.6033,0.6244,1.3467,1.3467,1.3467,10
264,1.6978,4.3805,4.9292,16.4239,173.1953,38.5421,174.6261,22.8677,169.6094,13.1146,1.1073,0.2125,0.2125,0.2125,20
265,2.9443,3.0938,3.5473,10.2849,148.161,27.2542,202.4068,16.8528,177.3136,9.0708,0.3923,0.3121,0.3121,0.3121,20
266,2.7571,4.5115,7.4126,8.9386,161.3032,23.0285,188.9938,21.7116,176.4464,8.9402,0.979,1.1471,1.1471,1.147,10
267,1.5083,2.2121,1.6517,4.463,184.1495,43.5209,243.5579,35.3044,219.5059,8.3972,0.3574,0.3574,0.3574,0.3574,20
268,1.716,4.0338,7.684,8.9535,182.3798,36.5823,197.7419,24.4056,185.5081,13.5121,1.0914,1.4789,1.4789,1.4789,10
269,3.5875,5.0337,8.9554,13.0966,163.8569,40.5095,241.6331,26.6767,218.6165,11.217,0.7499,0.7499,0.9982,0.9982,10
270,2.2948,2.9727,2.9705,18.8558,196.1904,34.2027,200.5881,34.5304,170.1675,8.5988,1.6675,0.619,0.619,0.619,20
271,2.6752,2.9002,8.4817,19.3615,179.5954,43.0291,233.841,23.4911,205.8878,8.84,0.0712,0.0,0.2001,1.0365,20
272,4.8579,4.6282,3.9328,18.7703,206.9372,33.1802,221.7494,27.1634,191.9603,15.2681,0.6736,0.6736,0.6736,0.0,40
273,4.5963,5.1037,4.8748,16.8227,167.9991,26.5281,199.9322,26.2162,189.2249,9.8957,3.5117,0.5189,-0.0,-0.0,30
274,0.8604,2.9573,6.625,12.1217,204.7846,31.256,228.4444,29.4485,204.9738,11.7802,1.2641,0.8604,0.8604,0.8604,20
275,4.4086,2.594,3.3571,9.6085,230.3967,41.7216,252.7076,24.9276,213.3689,11.6754,1.7299,2.755,1.0627,1.0627,30
276,2.8963,3.5461,5.6603,13.127,196.4733,23.93,210.7304,25.1921,196.9741,9.9193,2.3503,1.5345,0.6616,0.7141,30
277,1.8189,2.839,7.8008,10.9745,185.9675,29.7788,215.6946,29.0602,187.0409,10.8872,0.6934,0.6934,0.6934,0.4978,40
278,3.8469,2.8255,5.455,12.6768,152.3915,36.3268,201.5684,15.8822,179.6051,6.4414,1.3045,1.7689,1.9784,1.019,40
279,5.4802,8.3237,9.2584,15.3454,183.3921,26.9517,192.6466,16.8883,178.959,8.9203,0.9217,0.5918,0.5918,0.5918,20
280,4.3231,5.6652,8.8915,15.255,133.5703,33.5664,229.9546,22.4952,183.4677,10.0472,1.9946,1.4086,1.4131,1.9053,20
281,4.0242,3.3912,4.5782,10.9388,161.6097,33.8673,211.6581,20.3399,161.1549,5.7051,0.2627,1.0941,1.0876,1.0876,10
282,1.2519,3.7329,4.679,11.2612,159.9025,24.8609,233.1994,27.1661,215.2165,13.503,0.0131,0.0131,0.0131,0.0131,20
283,2.1841,4.0644,4.8368,14.3254,158.6842,39.8775,205.1397,27.5537,190.1033,8.2742,0.0935,1.1148,0.8028,0.8028,10
284,1.1015,1.2236,5.4414,9.163,197.5248,36.8382,204.5979,31.3758,192.607,7.3834,0.0017,0.0,-0.0,-0.0,30
285,2.9547,2.8309,5.249,17.9154,174.7502,33.2867,211.1059,29.5987,199.6594,5.6762,2.0887,1.2967,0.5437,0.5437,30
286,2.2888,3.8023,2.9505,16.8343,166.3733,31.8939,207.1822,27.0855,177.0919,12.4213,1.0212,0.0677,0.0677,0.0677,20
287,2.1531,4.8561,8.3765,15.3758,182.3517,45.9668,210.9973,32.996,186.2131,14.4888,0.2933,0.5444,0.2216,0.2216,30
288,1.7282,2.8477,3.5282,11.3841,171.198,21.5608,185.8604,19.6779,176.0875,9.1084,0.8607,0.19,0.19,0.557,20
289,0.9934,2.1489,7.148,15.4398,195.5699,32.6415,218.5516,20.9772,191.5621,6.6653,2.8087,3.1183,1.7683,1.7533,-40
290,0.8623,1.5964,6.1725,13.8187,188.7337,32.8916,211.6666,31.4204,191.8734,6.707,0.6715,0.6715,0.812,0.812,20
291,3.66,2.718,8.447,7.693,213.1854,40.1579,230.3254,21.6541,204.2646,5.5101,2.57,1.189,1.129,0.8321,40
292,2.3388,4.5531,3.7723,14.0951,180.8858,33.8207,229.8442,27.6675,209.2124,8.0938,0.0,0.1295,0.2008,0.2008,10
293,0.9884,3.3409,6.3927,12.6477,208.2665,34.9868,215.6425,36.3406,200.6058,13.1907,0.8961,0.8961,0.8961,0.9884,20
294,1.7424,1.7424,4.8783,20.5842,176.8121,38.7772,233.068,43.7972,208.5038,12.1114,0.4478,0.0214,0.0214,0.0214,20
295,2.7957,5.5748,7.8663,19.2188,164.3833,29.3995,191.7813,35.2931,165.0215,16.909,0.3576,1.8267,0.0967,0.0967,30
296,4.4683,5.7457,6.5134,10.4705,161.6666,34.399,225.9208,28.7787,202.1192,18.2891,2.299,1.0636,1.2042,1.2042,20
297,2.4458,2.8785,6.6457,15.3752,183.0178,35.8178,196.1619,20.3776,188.3912,9.2574,0.4598,0.5889,0.5518,0.4122,40
298,0.9089,3.8009,9.2712,12.7995,201.3172,37.4605,209.1808,23.6152,195.7179,9.6109,0.9408,0.8612,0.6112,0.4682,40
299,1.1717,1.3598,4.1045,4.5649,189.3064,38.3244,222.7359,24.2292,202.6776,2.0049,0.5997,0.3428,0.5997,0.5997,20
300,3.1821,3.4481,6.7042,12.1049,184.2999,45.3686,207.1078,27.8857,196.6296,11.6021,1.5595,1.5594,0.7437,0.3759,40
301,2.4024,2.1971,5.4572,11.7769,166.1819,24.6577,184.6344,27.3004,171.4246,12.9338,1.0448,0.8686,1.174,1.174,20
302,4.7452,5.6722,10.4519,16.6689,150.4692,26.6387,219.7025,31.1634,202.2133,12.8409,1.3197,1.2355,1.2966,1.2966,20
303,2.9742,4.7411,10.1927,18.6344,165.1013,38.2547,193.9365,22.4274,173.9149,12.7844,1.5027,1.2267,1.6532,1.3818,20
304,1.1429,1.1429,3.5131,10.5976,196.9399,31.1294,231.5591,22.8467,209.0221,10.5887,0.2552,0.6159,0.2865,0.2865,10
305,2.3878,2.7811,3.7632,14.2402,194.7876,39.7367,215.3003,26.3718,205.2614,11.5847,1.9804,0.9896,0.7631,0.5639,40
306,1.7113,3.5745,12.5305,14.049,162.5472,27.7294,202.1836,26.9556,166.9251,13.8389,0.9097,0.9097,0.8073,0.5063,40
307,1.3035,2.4387,5.4828,8.6508,188.4543,20.9928,209.5283,21.8889,179.9026,2.6315,0.6882,0.6882,0.6882,0.6882,20
308,1.916,1.916,6.4156,10.58,198.7423,31.8145,211.6333,31.5888,197.8928,13.4278,1.1557,1.9888,1.9888,1.5963,10
309,2.1344,3.3018,6.1085,9.5782,167.6523,31.7277,201.893,26.3525,188.1276,8.2781,0.9331,0.7555,0.9331,0.9331,20
310,1.6306,2.482,3.2361,10.7241,166.7214,32.634,187.8193,30.1279,157.6761,13.8668,0.6194,0.4881,0.4881,0.4881,40
311,1.3027,3.6011,3.1359,10.2956,160.8792,33.1352,225.8488,24.2772,199.9415,6.5851,1.8616,1.8616,1.614,1.614,-40
312,3.8801,5.081,9.7575,14.4712,191.3611,32.3381,226.1474,26.3213,198.4471,10.0308,1.1193,1.1193,0.2868,0.2868,30
313,1.4571,1.545,7.1037,10.5168,127.6873,35.1985,232.8525,29.4295,173.6482,8.6807,0.402,0.7899,0.7899,1.0495,10
314,1.988,3.1487,6.414,12.5035,200.9706,42.1947,231.0168,36.1963,210.7454,8.7526,0.6557,0.6557,0.6557,0.6557,20
315,0.5928,2.2175,4.7377,11.4377,176.7393,38.511,210.7509,21.0925,204.4636,7.6646,0.1608,0.1608,0.1608,0.1608,30
316,0.3573,0.3573,7.3438,16.5945,172.9617,36.3081,205.7234,33.9396,174.9012,9.4392,0.5607,0.3573,0.3573,0.5607,20
317,1.8671,1.2381,3.5704,11.865,185.5813,27.5147,199.205,22.3667,177.6971,8.4065,1.2381,1.5799,1.5799,1.5799,-30
318,3.2261,3.3259,8.9767,17.8434,189.5637,28.4117,202.2074,20.1464,192.8022,13.6593,1.8922,2.0545,1.6689,1.6689,30
319,2.2688,4.3514,5.9298,13.5368,163.0436,32.0371,207.5354,24.9756,167.6118,10.6602,2.6046,0.9717,0.7724,0.7724,30
320,0.4606,1.5961,0.8299,4.6242,181.8662,25.9871,197.3733,23.9633,171.1822,6.3236,0.3918,0.4606,0.64,0.64,10
321,3.649,5.2633,10.7109,14.6958,164.9628,23.603,236.1506,28.4029,214.6432,7.3015,0.437,0.2626,0.4636,0.4636,20
322,0.7083,3.0656,4.9512,8.1935,178.242,37.8988,198.275,35.6546,181.9643,4.2762,0.9953,0.7083,0.7083,0.7083,20
323,3.9641,5.3856,7.1884,11.0788,145.8747,34.0307,233.4168,26.8193,181.8438,8.4527,3.5653,0.3893,0.3893,0.0854,40
324,1.3007,1.7027,5.3707,14.6151,150.8912,31.0905,211.1124,24.0063,196.0826,10.6681,1.2594,0.1236,0.1236,0.1236,20
325,3.6253,4.2798,5.8783,9.4674,177.5919,29.3001,195.4259,17.8119,185.0294,8.499,1.3401,1.4783,0.2327,0.2327,30
326,0.2399,1.557,3.2135,7.634,175.3794,22.08,219.9732,32.5691,190.6265,12.0991,0.2399,0.2399,0.2399,0.2399,-40
327,0.068,1.7724,7.1031,16.1095,203.9966,32.7234,217.4482,33.0085,194.2157,10.9054,0.3841,0.068,0.068,0.068,20
328,1.5343,4.6872,7.2166,25.0887,187.502,49.2308,234.5361,44.5923,225.3004,13.1962,1.1175,1.1056,0.0039,0.0039,40
329,0.852,3.1137,7.7054,14.5537,169.1983,26.3999,205.8225,25.6878,192.8173,14.9524,0.3986,0.8075,0.3783,0.7358,30
330,2.246,4.8804,10.8752,22.9818,164.86,32.4149,202.6525,20.547,190.7814,10.4736,1.5492,0.7302,1.1633,0.3365,40
331,0.0071,0.364,2.9497,7.4075,164.3981,27.4409,205.6642,19.4718,200.8873,5.8027,0.364,0.0071,0.0071,0.0071,20
332,6.3415,5.36,8.3652,20.1864,172.5491,32.4985,207.9336,18.1943,195.7007,10.8991,2.0025,2.5611,1.9312,0.9801,40
333,1.7557,3.9195,4.9089,13.875,160.661,34.0996,211.1301,19.7734,197.412,10.1418,0.7045,0.1231,0.1231,1.0359,20
334,2.2966,2.6081,4.1626,11.702,189.634,43.0352,221.6631,28.96,189.4978,9.1077,1.5516,1.301,1.4486,1.4486,20
335,0.1148,0.8208,3.5151,12.6764,186.3368,27.2238,225.9189,22.368,203.5596,10.3292,0.7109,0.8012,0.8012,0.4444,-40
336,0.6724,3.1058,6.8709,17.7277,164.6089,43.68,190.8056,28.8047,176.0453,10.6296,0.6406,0.5673,0.5673,0.5673,20
337,2.1774,2.5359,7.3952,10.9827,188.5268,28.5551,202.4643,28.3677,191.5609,14.9428,1.0716,0.6793,0.4832,0.6793,30
338,1.1015,3.6495,3.5513,10.5617,168.4577,29.1495,188.2689,26.4238,187.8205,4.9114,0.8679,0.2353,0.2353,0.2353,20
339,1.4066,3.1683,4.5869,4.7672,170.5182,26.0278,200.6243,19.1258,176.2834,6.6825,2.1783,0.3717,0.3717,0.3717,20
340,2.3397,4.4632,3.9539,3.5548,172.5677,32.8091,188.9307,22.6856,179.5827,9.7726,1.6819,0.6135,0.6681,0.6681,20
341,1.0059,1.4665,7.9287,11.8173,164.7649,38.0598,195.1249,27.6217,191.4876,6.0516,1.2155,0.5678,0.6193,0.6193,20
342,1.8042,5.0336,12.4878,18.776,167.6751,48.9092,219.9872,31.3395,197.5773,11.5872,1.6058,0.6199,1.4025,0.3166,40
343,0.5026,1.11,5.6511,8.7368,183.2289,21.9055,201.1851,20.4979,185.2669,7.8042,0.2579,0.4093,0.2579,0.1807,40
344,3.9357,4.6363,5.0296,12.6522,164.883,40.551,221.6342,25.2818,190.1773,14.1599,0.9372,0.9372,2.3077,2.3219,20
345,2.1103,3.0913,5.1493,17.0541,174.0997,35.8325,224.6922,28.1719,209.5891,10.5865,1.482,1.4027,1.4027,1.4027,20
346,3.9687,3.7352,8.6611,14.4955,184.0566,31.0318,212.9639,31.4979,194.6896,13.7883,1.9226,0.3979,0.216,0.216,30
347,0.5538,3.7897,10.0679,9.9365,131.1692,29.8908,236.0969,19.6946,217.4783,9.1684,0.4101,0.0,0.0,0.443,20
348,1.973,1.7248,3.676,11.0054,202.1705,34.5825,227.7621,24.3891,190.2527,10.2652,0.875,0.8227,0.8227,0.8227,20
349,2.6052,2.6052,4.4553,7.6753,151.6087,28.1787,222.0854,27.693,198.7713,8.8489,2.0684,1.7403,1.3864,1.614,30
350,1.7106,4.2538,7.7821,12.6813,169.1667,29.5154,212.5335,31.2287,175.9286,6.2889,0.5076,0.0685,0.0685,0.0685,20
351,2.0743,2.0743,4.7154,12.2556,175.9779,32.4732,238.0624,27.0661,177.0205,5.4113,0.5171,1.4453,0.5171,0.5171,10
352,2.3711,4.9536,4.4695,12.6173,125.3943,26.8922,206.0564,23.5533,171.9041,7.2254,0.126,0.027,0.027,0.027,20
353,1.4251,1.8377,6.0756,12.3698,199.8682,39.1594,211.203,23.951,171.4483,10.8841,0.3913,-0.0,-0.0,-0.0,20
354,3.3012,3.5978,5.7548,12.0651,157.2685,37.2382,230.829,21.311,179.0406,8.1045,2.1423,0.7899,0.7197,0.7197,30
355,0.7079,1.7305,1.8692,5.8179,164.5903,27.3386,195.0102,22.8548,182.0539,10.3249,1.2174,0.4207,0.4207,0.4207,20
356,1.3845,2.1448,4.2374,10.7649,162.5977,35.7079,194.2587,23.2773,177.7911,5.7231,2.4525,2.1624,2.8326,2.6798,-40
357,1.2896,2.1947,3.5957,13.3833,174.4185,34.8027,198.4269,25.6216,173.9955,13.2582,0.1479,0.1479,0.1479,0.1479,20
358,2.6606,5.3628,7.3127,20.9778,203.9185,38.9455,224.3162,39.7199,201.7869,15.4544,2.2031,0.0886,0.0886,0.0345,40
359,1.7342,2.0904,6.5163,7.2934,179.0596,17.8862,204.6756,23.0171,163.7962,8.6355,0.6842,0.5304,0.3503,0.6842,30
360,2.7661,3.3154,8.2767,14.2567,166.4155,36.9534,203.761,22.0741,188.6428,9.8609,2.4664,2.6088,0.962,0.962,30
361,0.2159,3.6089,7.6728,13.8909,173.7351,38.0802,240.439,25.9254,214.8476,6.1901,0.1238,0.1238,0.2785,0.2785,20
362,2.8777,5.606,9.7329,23.0957,199.9615,40.7291,212.9559,33.3177,185.8007,13.9865,1.7552,1.6179,1.4103,1.6048,30
363,1.1258,3.5242,8.7856,17.969,165.7462,39.3371,217.1337,20.9632,202.1506,9.5344,1.0345,-0.0,-0.0,-0.0,20
364,0.443,1.0577,3.2111,11.3718,200.6395,28.2189,204.5083,15.2788,176.7774,6.6857,3.0175,1.5941,0.443,0.408,40
365,3.3769,5.3248,14.9415,17.3869,184.4726,33.7516,193.6311,28.4909,165.0061,11.6203,0.8666,2.0569,2.3087,2.3087,10
366,1.8376,2.6491,7.7355,11.6064,169.7062,25.8584,194.5607,20.8606,192.1687,8.1562,0.58,0.6729,0.6729,0.6729,10
367,1.1814,1.1814,7.8092,8.0655,157.3747,22.6685,208.7602,25.2346,192.5095,6.261,0.6251,0.3637,0.2682,0.1678,40
368,1.4152,5.3019,8.0218,13.8542,158.8728,30.8857,193.67,31.2956,186.47,11.9526,0.4161,0.4161,0.4161,0.4161,20
369,2.2195,1.7956,6.8059,6.6527,164.5606,36.8153,207.9886,23.3294,185.4844,5.2385,1.6688,1.0274,0.2303,0.2303,30
370,0.9437,3.0408,7.3207,17.0151,169.6713,24.4868,206.395,22.2264,168.0801,9.9062,0.9437,0.5631,0.4617,0.4617,30
371,0.8283,2.7064,6.9461,14.3137,165.6834,31.4069,240.2444,22.7786,196.7144,6.565,0.441,0.62,0.62,0.62,10
372,2.1348,3.3722,3.4396,9.039,178.5703,28.3778,202.7109,26.322,186.7691,7.0571,0.1144,0.7288,-0.0,-0.0,30
373,0.19,0.9992,2.1526,8.174,153.212,26.2702,190.2291,15.9506,173.4171,6.1523,0.4632,0.1555,0.1555,0.1555,20
374,1.2716,1.2716,5.2966,12.5872,144.6007,33.65,200.3137,34.0378,182.8816,8.3768,0.0698,0.0035,0.0035,0.0035,20
375,3.242,4.7023,11.0044,19.6212,159.0961,42.4538,229.6743,25.1863,181.4958,9.0164,2.193,1.7792,0.5034,0.5034,30
376,2.052,2.9521,3.9213,5.9614,151.3383,41.6766,219.3258,35.9817,197.5406,6.6409,2.052,2.0587,2.0587,2.0587,-40
377,3.6705,4.6722,5.9021,12.4048,182.6424,41.6765,228.173,23.4342,197.283,8.8442,0.9789,0.7796,0.7796,0.7796,20
378,1.7159,2.883,8.9438,22.0848,153.7565,33.9996,228.0788,35.2148,212.8787,16.6589,1.0931,0.8111,0.8111,1.1685,20
379,0.3722,0.3722,6.6048,12.3439,177.0327,37.3927,204.5628,28.0909,188.9466,11.4326,0.3588,0.6674,0.6674,0.3722,10
380,1.7472,2.3565,2.6951,11.5296,193.2079,39.5402,205.9467,18.8102,180.804,9.8452,1.3056,0.6677,0.6934,0.205,40
381,2.382,5.9727,8.0972,14.4648,182.3076,31.1002,210.5337,23.083,192.1649,13.5385,3.073,2.6147,3.3267,2.3844,-40
382,1.4331,2.9666,3.4334,13.3298,201.1431,41.8058,248.0221,28.9367,225.4241,7.4737,1.5945,1.3631,1.5131,1.5131,20
383,1.3858,2.1733,4.9359,10.6367,172.4274,28.0019,205.8969,22.3648,185.9487,10.3265,1.4337,0.7874,0.7874,0.7874,20
384,2.6161,2.5959,6.8937,10.3731,195.7877,29.7177,215.0922,26.6851,185.9564,12.0847,2.5577,1.6777,1.5622,2.0498,30
385,0.4641,1.4703,2.7143,14.7688,192.2979,37.9508,203.1447,26.9257,185.6259,10.8595,0.1095,0.1096,0.1095,0.1095,10
386,0.6719,1.6938,4.797,7.5068,218.7775,22.6153,235.1906,17.8496,198.017,8.2461,-0.0,0.4956,0.4956,0.4956,10
387,2.7451,3.4006,7.2773,15.2228,184.557,32.5934,189.9145,22.1817,185.3411,13.2347,0.5934,0.1228,0.1228,0.1228,20
388,2.1137,4.7225,9.0081,14.0837,191.5823,41.6491,235.9584,33.9516,187.5139,15.7549,1.2397,1.1239,1.1239,1.1239,20
389,0.7293,0.7293,2.8551,12.3772,183.4306,26.4011,196.9521,30.349,185.8482,10.524,0.3711,0.0687,0.0687,0.0687,20
390,1.1581,1.9479,7.0523,7.9668,169.7416,31.956,205.3467,28.3952,189.8987,8.1542,1.6408,1.2374,1.2827,0.8934,40
391,1.9699,3.6963,5.0997,11.1406,153.1303,35.6491,214.6012,21.3622,177.8375,9.2934,0.2183,-0.0,-0.0,-0.0,20
392,0.5236,3.2843,9.0481,15.9654,180.0444,30.6087,207.6741,27.121,193.6066,10.7778,0.2421,0.0,-0.0,-0.0,30
393,3.5089,4.0558,6.9056,7.655,200.6771,22.8193,214.0879,28.0558,190.1992,9.2992,0.7008,0.5324,0.5324,0.5324,20
394,1.739,4.4122,3.9577,12.1094,186.5209,35.7636,225.8206,22.3408,196.706,8.37,0.045,0.3137,0.045,0.045,30
395,5.0529,5.7656,10.3119,25.2332,154.152,40.6811,237.8315,31.7107,190.1393,12.3007,1.5684,2.0099,2.0099,1.5684,40
396,0.3864,1.6688,2.5976,7.5946,155.3258,33.5494,184.3606,19.9375,175.1598,5.0922,1.5812,0.4632,0.4658,0.504,-40
397,1.0513,1.0513,2.6392,13.1581,160.8048,31.0764,207.2999,27.478,182.5751,8.9511,0.2285,0.2285,0.2285,0.2285,20
398,1.0419,1.8831,3.8398,12.2498,190.1283,27.6176,221.3966,16.8554,193.8316,6.4435,0.2914,0.5357,0.5357,0.5357,10
399,2.9896,2.0842,7.7012,16.1507,177.6373,34.8422,225.6438,29.8285,209.7701,8.9893,2.2674,1.8247,1.8247,1.5283,40
400,1.2379,2.2664,2.5197,10.1459,180.6918,27.876,199.4146,22.2882,185.7871,5.7167,0.0804,0.0804,0.0804,0.0804,20
401,0.1542,1.2944,7.8173,11.3275,190.5289,36.6001,216.5308,27.6459,200.0844,7.0585,0.1156,0.925,0.1156,0.1156,10
402,2.9504,4.5162,9.4643,16.9296,175.7467,39.0067,203.7929,29.4715,164.5105,10.6034,0.3657,0.387,0.3869,0.3869,10
403,2.1667,3.294,4.3216,11.3475,193.3032,29.2842,201.4674,30.5829,179.0602,10.2391,1.3662,0.3168,0.3168,0.3168,30
404,1.9231,2.6035,3.409,9.0941,196.8512,35.022,217.9675,16.0376,186.1747,10.2339,2.1907,1.6262,1.6305,1.5945,40
405,0.648,0.8116,4.6882,7.6107,204.9604,32.2882,214.9887,28.9519,198.8642,5.5399,0.311,1.1268,0.311,0.311,30
406,1.2089,2.2271,2.896,10.9224,170.4384,26.4866,197.669,24.9367,176.3817,10.1743,1.116,1.116,1.116,0.9052,40
407,4.2601,4.1874,10.3891,14.6966,206.9142,34.6318,241.5402,28.011,199.8239,10.8625,3.3403,1.5893,1.1427,2.1049,30
408,3.3988,4.26,7.6232,19.4945,168.6003,30.5718,201.8782,21.3935,175.5833,15.9278,0.6998,0.7494,0.2217,0.1895,40
409,1.0556,2.3305,3.9083,9.7337,196.3156,24.1425,212.3881,28.7284,184.0867,10.423,0.3809,0.2563,0.2563,0.2563,20
410,0.7861,3.2617,4.1686,9.6201,182.3067,27.6044,187.6017,19.0584,177.1437,8.5015,0.0818,0.1431,0.1432,0.1431,10
411,1.0309,2.3554,6.7066,13.4864,165.5631,28.4187,207.7633,22.248,201.081,6.8627,0.9957,-0.0,0.0321,0.0321,20
412,1.7002,5.1206,9.231,14.5496,191.3089,28.4572,229.9834,31.8156,195.9635,15.0462,0.7597,0.1241,0.9782,0.7784,20
413,0.8378,2.8002,4.9786,9.0575,196.9323,17.5266,219.0423,23.9171,190.8876,6.3784,0.3113,0.3071,0.3071,0.3071,20
414,3.7274,4.5432,6.28,15.9765,155.4439,33.8261,235.7056,21.7212,201.8084,9.4751,1.0022,1.277,1.1534,1.1003,10
415,0.9634,3.6368,5.8707,7.6065,204.1875,32.1503,232.988,26.9346,212.952,8.2327,0.5752,0.4812,0.4812,0.4812,30
416,0.8376,1.0989,2.6642,12.2986,168.7816,32.9256,214.2825,25.6929,207.3633,8.8869,0.8376,0.5247,0.5247,0.5247,20
417,0.5004,2.7608,9.6667,16.5556,191.2209,34.9491,238.3769,34.9767,202.969,8.5376,0.5004,-0.0,0.5004,0.5004,20
418,0.6918,2.2958,6.611,13.2412,205.5177,38.4338,220.9758,28.5028,202.3597,20.578,1.3276,1.1529,0.6704,0.6704,30
419,0.7899,2.9889,5.5739,11.8201,166.1367,29.7103,209.2463,21.046,188.7406,10.1125,0.7053,0.7472,0.7321,0.7321,10
420,1.2851,1.2851,2.3599,7.7248,187.9221,27.0825,196.803,23.432,173.2717,4.4086,0.0,0.0,0.7816,0.7816,20
421,1.3478,3.3935,6.748,13.9937,187.0332,31.8023,239.8431,24.3319,217.3519,8.589,0.0683,0.0683,0.0683,0.8539,20
422,2.4097,5.1297,4.4127,11.607,143.485,26.5349,242.6391,24.9477,193.6013,8.9915,1.335,1.1383,1.1383,1.1354,40
423,2.5263,4.7559,5.5332,16.2264,178.824,32.6581,195.0397,28.9577,170.7422,12.1845,0.5709,0.5709,0.5709,0.5709,20
424,0.7109,0.7109,1.817,7.9169,148.3845,20.4347,220.7586,26.5348,200.7075,9.1418,0.4104,0.188,0.188,0.188,20
425,1.8514,2.6111,5.4929,12.3445,167.3609,31.2204,190.5323,27.5542,179.7051,4.5178,0.6623,0.3345,0.3345,0.3345,20
426,4.4427,5.4339,6.7385,12.5687,193.3641,43.0935,239.0553,23.0886,207.998,6.5082,0.376,0.376,0.376,0.376,20
427,0.5537,4.0404,8.2329,16.5985,171.0218,39.3686,208.2086,14.3365,176.7803,8.834,0.5114,0.7499,0.7499,0.6235,10
428,0.151,1.5127,1.6954,13.3218,173.3798,40.599,212.7425,36.2379,188.7939,15.2793,1.3732,-0.0,-0.0,-0.0,20
429,1.9399,1.9399,3.8947,14.9365,166.282,42.5259,217.304,32.4202,181.429,6.3802,1.263,0.5022,0.5022,0.5022,40
430,0.9309,1.437,3.9603,6.2887,151.4925,36.938,189.5861,21.3549,170.0455,8.4845,1.0395,0.608,0.608,0.608,20
431,2.0687,3.1638,6.1214,10.7877,181.6677,29.0627,196.3226,28.7682,186.0177,8.2328,0.6248,0.9794,0.5668,0.9253,30
432,3.9113,3.8262,5.216,13.4664,208.4294,28.9522,225.0385,21.4495,198.4797,12.0868,0.4699,0.4699,0.0,0.0,30
433,2.6305,4.767,7.8998,16.5452,157.4519,34.1953,208.9509,29.9732,198.7712,7.1463,2.1801,1.6102,1.6102,0.9518,40
434,1.7175,3.4454,6.9297,15.6225,164.884,31.1151,203.1805,31.2352,169.7696,11.2521,0.4533,0.0,0.0,0.0,20
435,0.1966,1.4311,8.2333,15.5023,162.7154,30.646,203.9086,26.0841,175.2776,12.4314,0.47,0.0,0.2132,0.2132,20
436,1.6423,3.5967,8.9955,7.3006,154.4816,30.6337,193.4781,21.4091,176.8379,11.7181,0.724,0.588,0.7947,1.3496,20
437,2.1022,1.467,3.2821,13.1308,128.7183,31.8198,220.1685,24.6373,180.3019,11.5731,0.371,0.371,0.2686,0.2686,30
438,0.9815,0.8946,5.8669,16.3821,205.4337,29.775,227.2193,17.8266,204.9614,10.2661,0.8946,0.8946,0.8946,0.8946,20
439,2.0118,2.1442,2.0317,14.2293,194.3311,26.1753,195.0442,22.3008,176.3933,10.3265,1.3852,0.3331,0.3331,0.3331,20
440,1.3721,1.6873,5.355,11.2754,196.4534,25.5527,207.4851,17.8879,191.5655,5.5875,0.7083,0.6519,0.5939,0.5939,30
441,3.4885,3.9943,3.3291,15.8023,219.3482,38.4051,225.1915,25.6935,218.3081,12.5505,0.8837,1.0784,0.4463,0.4463,30
442,1.6957,2.3174,8.2357,14.3701,180.3195,33.3413,230.8541,19.6271,190.8484,8.916,0.3073,0.3073,0.3073,0.3073,20
443,3.4491,3.4432,5.1654,8.0096,177.0437,24.8871,200.9422,34.208,189.5082,11.5627,1.5677,1.7794,2.0646,2.081,10
444,1.8364,4.2171,5.0369,9.055,172.6985,19.6874,194.432,26.6682,176.4491,7.3595,1.409,1.271,1.409,1.4334,20
445,1.6511,3.5935,8.2874,16.8491,171.4125,29.5532,218.0445,24.406,201.5004,13.0532,0.5158,0.5158,0.5158,0.5158,20
446,3.5072,6.9371,7.0668,10.047,200.4764,24.7188,219.0019,24.8083,172.472,11.5468,1.6708,0.6318,0.7857,0.7857,20
447,0.5498,2.4094,6.7498,11.7556,168.5846,19.7883,201.6851,19.3816,193.5115,12.2776,1.4276,1.3788,0.2871,1.3788,30
448,1.4607,1.8851,7.3317,11.3876,150.2751,31.5825,194.405,25.4386,183.4308,10.7031,0.8656,1.1103,0.8656,0.8656,10
449,1.8242,1.2205,7.5124,12.8974,154.9235,29.5487,222.1732,22.457,194.1399,7.6457,0.7836,0.847,0.847,0.847,10
450,1.969,2.3054,3.6845,10.0216,191.4568,40.82,220.8023,22.6808,202.1269,7.7827,2.1742,2.1754,0.6292,0.6292,30
451,1.7888,2.4249,5.8218,17.8275,168.1861,39.5952,188.7807,27.3814,171.6815,9.4002,0.3356,0.2537,0.2537,0.0851,40
452,1.2326,2.5079,7.0854,10.4727,166.6814,25.6809,177.3239,29.048,164.8811,13.3067,1.511,0.7682,1.2199,1.2199,20
453,0.8018,9.142,6.8015,17.0602,181.532,31.9089,222.8565,24.9242,177.959,16.7003,-0.0,0.0,0.0,-0.0,10
454,0.6066,1.2453,5.8416,11.9278,166.7563,43.6338,186.036,29.1643,176.4375,11.8556,0.6066,0.5256,0.5256,0.5256,20
455,1.7748,2.287,6.4667,9.9225,166.0598,34.0664,212.2534,22.8596,170.1033,7.2528,1.6626,1.0308,2.3789,2.0737,20
456,5.2906,4.4645,9.3006,22.9621,147.5749,36.6179,210.8306,40.8553,180.1002,22.8441,1.5959,0.4262,0.4262,0.0218,40
457,1.4324,1.4756,4.2393,8.1914,149.3925,31.6116,187.0168,23.7337,165.6402,6.4074,0.6594,0.7252,0.7252,0.7252,10
458,1.8908,1.8908,2.7437,11.479,185.7042,28.1798,194.379,29.8166,173.7158,7.6638,1.6071,1.3202,0.9984,0.9984,30
459,4.5345,6.6423,7.4,21.7068,185.0948,45.8153,204.8041,28.7879,194.1272,13.3939,0.7847,0.4012,0.5153,0.5153,20
460,2.3467,3.111,4.9656,9.187,171.2332,22.8908,198.4712,12.9511,184.0281,7.8812,0.155,0.1922,0.4288,0.1922,10
461,1.3677,1.1202,5.4971,10.5645,178.9013,41.3516,245.4048,33.202,209.8234,6.0238,0.5802,0.5802,-0.0,-0.0,30
462,1.9009,3.3213,3.7312,11.3636,178.7741,39.0567,220.4693,24.2576,201.7213,3.4621,1.0022,0.507,0.507,0.507,20
463,1.8672,2.9724,4.6911,7.7493,168.7407,31.3615,198.4515,28.3051,170.4036,10.0635,0.9249,0.8931,0.8931,0.9249,20
464,1.1606,1.884,3.4111,13.9186,184.0188,28.6796,204.3956,31.0638,204.667,16.0989,1.2673,0.079,0.8167,0.9606,20
465,1.5478,4.1165,5.5977,14.9299,181.9175,42.1335,215.5586,24.9828,191.9689,13.0078,0.1901,0.1901,0.1901,0.1901,20
466,2.4365,3.6327,5.5381,9.117,208.7361,36.3401,218.2178,15.9296,183.102,7.7402,0.0829,0.6382,0.6382,0.6382,10
467,5.4634,5.3533,7.7397,16.4869,154.553,27.0231,202.4884,33.6194,177.9235,14.815,1.8555,0.8191,0.7871,0.7871,30
468,2.3471,2.7802,7.584,11.8181,173.1433,26.2995,190.275,19.3838,188.4959,7.8904,0.6558,0.5579,0.2443,0.2443,30
469,0.5785,3.3848,7.6864,12.0235,153.3045,24.5596,215.7043,23.7783,198.1099,12.8815,0.0,0.4024,0.4024,0.4024,10
470,0.3854,0.3176,0.3176,3.9369,171.0267,24.2383,180.6095,16.5463,176.6333,3.2311,0.3854,0.0666,0.0666,0.0666,20
471,0.422,2.3009,8.1044,14.356,147.5168,31.5872,237.0455,27.9041,212.7702,8.4338,0.3839,0.3839,0.3839,0.3839,20
472,2.8444,4.7098,9.3103,19.2853,154.7755,31.7651,214.1484,27.4946,182.6678,7.2241,1.1995,1.3602,1.3602,1.2107,10
473,1.5813,1.619,7.9355,12.8545,142.2091,32.9181,194.7144,20.1233,180.235,8.8822,1.4489,0.7492,0.7492,0.7492,20
474,0.5533,0.8124,3.184,7.2716,216.8678,34.9926,240.176,23.4101,202.3613,7.5513,0.5533,0.5533,0.5533,0.5533,20
475,3.0851,4.2487,4.4784,14.772,205.1979,34.1225,223.461,30.0031,189.6433,14.8861,1.5457,1.5457,1.2074,1.0149,40
476,3.7099,4.9251,12.1274,20.8432,198.8331,40.2684,217.2233,43.6278,197.2478,11.0737,0.5932,0.5932,0.5932,0.4032,40
477,1.2391,5.6755,5.7432,9.0223,192.0425,36.6835,204.8862,20.7858,195.9362,10.7504,0.4835,0.0748,0.0748,0.0748,40
478,5.3588,4.9535,8.4795,15.1449,179.3734,32.4938,215.1343,24.5757,197.5877,11.0368,3.5797,2.6394,1.4526,1.4526,30
479,0.3536,0.2948,2.8295,8.2641,177.0411,27.1314,180.8181,22.4082,171.3903,5.8729,0.2338,0.3027,0.2338,0.3027,10
480,2.4476,4.7936,7.8456,9.4502,138.7081,35.5985,214.4276,25.393,174.987,11.1983,0.6486,0.0222,0.0222,0.0222,20
481,3.5856,3.255,6.6864,10.8216,186.4358,36.224,205.84,24.4144,179.3016,11.9089,1.1324,1.2734,1.5969,1.2842,10
482,1.1142,3.2937,5.6941,17.6224,163.3977,31.7681,211.0225,25.5405,192.8036,5.4048,1.1464,0.4278,0.4278,0.4278,20
483,2.5903,3.8958,7.4648,17.4678,194.9272,37.3317,204.4592,29.7732,187.665,14.8902,1.5134,0.6268,0.6268,0.6268,20
484,1.6961,3.2948,7.2891,10.4223,191.1514,21.8286,216.2777,28.3384,193.1514,15.6523,0.0415,-0.0,1.4204,1.4204,20
485,0.8632,2.2849,6.3567,11.1756,163.9755,27.2387,200.9727,26.4335,181.4146,7.5746,1.4146,0.0361,0.0361,0.0361,20
486,2.9026,2.6939,11.247,20.9816,153.6192,38.333,206.7605,18.8367,160.9419,9.3847,1.4171,0.6304,0.549,0.5522,30
487,1.5781,1.9544,8.7848,14.1562,202.0369,33.7204,231.0627,23.5953,194.6211,9.808,0.4335,0.4478,0.4478,0.4478,10
488,0.7692,1.4109,1.7807,10.9339,135.2194,31.803,182.9958,22.2235,170.0583,6.6981,0.6082,0.6082,0.6082,0.6082,20
489,4.339,6.7323,8.569,14.3386,179.4691,34.6469,192.9876,32.4132,179.2748,13.7765,0.8337,0.5688,0.992,0.992,20
490,1.8441,4.6118,5.218,9.4088,162.5562,24.021,207.0816,20.2402,193.6836,8.6253,1.5647,1.082,1.082,1.082,20
491,2.2798,3.1721,9.7523,10.7544,151.8696,40.8406,190.7675,32.0542,171.2574,8.9476,0.5565,0.1647,0.1647,0.1647,20
492,2.5993,5.9035,9.2387,11.5224,187.4347,27.3921,203.2888,17.9129,184.9055,8.6094,0.7507,0.7507,0.7507,0.7507,20
493,2.6868,3.5697,7.1737,5.8447,166.912,34.3047,197.2566,22.875,174.9507,6.7492,1.8905,0.3057,0.3057,0.3057,20
494,0.0852,2.4057,6.0325,13.0121,177.4268,41.043,194.739,23.2198,178.1733,12.5399,0.0568,0.0568,0.0568,0.0568,20
495,0.1176,0.9363,2.2771,11.7129,160.666,25.1729,209.7939,20.3819,191.1682,5.295,0.5759,0.9363,0.1176,0.1176,-40
496,0.7511,1.7532,7.3455,12.8807,161.0816,34.5749,182.8669,31.8979,170.7517,13.1662,0.7088,0.7088,0.5758,0.0,40
497,1.0425,1.1713,6.0176,6.4848,198.7501,34.7562,211.9109,29.5261,179.7817,6.031,-0.0,0.0,0.041,0.041,10
498,0.4873,2.2728,3.017,10.0698,149.3253,39.2264,207.2991,24.0163,207.4062,8.4847,0.0836,0.0836,0.0836,0.0836,20
499,0.4527,0.8202,2.5117,12.4825,207.8216,37.7721,225.2018,31.6575,201.6417,12.7336,0.2876,0.2876,0.2876,0.2876,20
500,1.0414,1.0414,3.4425,23.4804,199.4957,40.9916,214.2104,26.1499,183.9409,13.6825,2.135,1.0414,1.945,0.9919,40
501,1.3158,2.664,1.954,6.4503,157.223,25.9138,183.7936,31.1704,176.6885,6.6491,0.7994,0.7933,0.7933,0.6568,40
502,2.3564,2.4184,2.914,10.7529,201.8807,25.3207,223.0344,25.6967,211.5782,6.8664,1.4316,0.4522,1.4953,1.5616,20
503,1.4042,3.384,3.9435,13.1664,162.9511,32.5526,229.7492,12.2232,211.8611,7.9676,1.1103,1.0501,0.9932,0.9932,30
504,4.079,8.5726,12.8082,16.7697,212.3325,36.9146,237.8835,27.8434,194.5299,14.7769,0.5112,1.7429,2.2554,1.3732,10
505,2.4731,4.4695,5.3204,12.5716,116.9793,22.0372,233.4421,30.7005,194.9575,8.6211,0.6635,0.5436,0.5436,0.6635,20
506,2.2983,3.9216,10.8218,12.936,174.881,30.1491,199.4942,36.1826,189.5216,19.2111,2.6618,1.5712,1.4384,0.7195,40
507,3.3831,2.9489,5.3004,9.3199,167.5651,34.2923,185.7307,16.2787,171.4663,4.7946,1.2489,0.5763,0.5763,0.5763,20
508,2.6542,4.0218,3.4849,11.4156,193.4912,36.8897,199.6932,28.8842,188.7673,8.3667,0.9225,0.307,0.2455,0.7422,30
509,2.7396,3.7752,5.6147,12.0182,171.0336,23.5006,199.8161,33.7414,179.6005,12.7796,0.7186,0.5481,0.108,0.108,30
510,0.4264,2.3409,5.3668,16.6231,151.94,23.0198,203.7209,21.7929,184.7934,7.897,0.4134,0.3558,0.3558,0.3558,20
511,0.8315,2.712,5.2783,9.8456,150.9649,36.8855,210.1934,21.3661,180.1948,7.8118,0.2361,-0.0,0.2361,0.2361,20
512,3.0722,2.8075,4.5334,12.1475,156.4967,34.5362,207.1635,30.3397,193.7465,11.1796,1.1088,0.056,0.056,0.056,20
513,2.5471,3.7942,6.4423,11.0685,187.2474,38.1268,191.1886,20.2067,169.0251,4.4732,0.5931,0.5158,0.5158,0.5158,20
514,2.2657,2.2657,3.8911,10.343,198.8747,20.56,241.099,18.1555,213.171,9.3062,0.9483,0.9483,0.9483,0.9483,20
515,3.3195,4.8929,5.3226,14.7638,163.4724,34.5351,196.6693,38.723,181.7501,10.9591,0.9461,0.9461,0.9996,0.9532,20
516,2.4916,7.1384,7.2972,13.3501,185.93,31.9511,242.7963,21.8588,218.4646,8.4869,1.3168,1.0301,1.0301,1.0301,20
517,1.757,3.3974,11.3719,28.1838,188.2606,51.5036,217.3394,33.0856,184.9677,18.1723,1.4789,0.378,0.378,0.378,20
518,2.1967,6.5779,6.7374,14.5029,184.1373,26.8502,212.2307,8.8482,192.4014,9.6375,0.0966,0.0966,0.0966,0.0966,20
519,0.3783,1.3781,4.5329,13.3668,170.9169,40.5607,183.7364,23.6173,174.3441,8.4658,0.7157,0.0078,0.0078,0.0078,30
520,1.5503,2.4364,5.6091,12.2004,154.6289,29.5901,198.5947,24.8573,173.991,9.5127,0.4164,0.4164,0.4164,0.4164,20
521,1.4486,3.8105,5.9029,8.3941,188.4374,33.2325,226.8603,22.7393,193.0553,7.0107,1.2518,0.9735,0.9735,0.9735,20
522,2.3846,5.1723,3.4949,8.4112,138.9907,39.7276,214.7162,32.6001,197.0147,9.2573,2.1126,1.4362,1.0065,0.6903,40
523,3.3123,2.4752,4.365,8.0534,170.6253,25.5675,224.4631,20.4223,181.7055,6.6437,1.2711,0.6259,1.1909,2.6098,20
524,1.6565,4.1695,10.8965,13.6306,198.2271,32.4486,222.857,29.2306,203.8049,14.3217,0.0,0.0,0.6351,0.6351,20
525,2.8868,5.34,10.8215,20.6308,188.305,39.7834,213.8178,22.1235,185.2037,14.3397,0.9859,0.7427,0.7427,0.7427,20
526,1.7017,1.8109,10.5993,17.8992,197.57,49.0632,213.6745,34.1462,189.31,8.8991,0.8286,0.0619,0.0619,0.0619,20
527,2.1036,3.1801,9.2448,13.899,187.5792,34.7146,215.4541,23.9432,201.0355,7.7247,1.465,1.3315,2.3736,2.4985,20
528,2.4245,4.0616,7.1952,13.1263,160.0694,24.069,218.1622,31.018,185.7626,12.1459,1.3443,0.9611,0.9611,0.9611,20
529,1.0177,2.0467,1.4412,7.9087,157.9839,22.7813,204.4257,12.7394,188.0453,8.6458,0.2164,0.576,0.576,0.6182,10
530,1.7967,6.5237,10.0317,16.9385,200.9265,34.9735,229.2625,29.697,203.2753,12.0792,2.0726,0.6504,0.6504,0.6504,20
531,1.8987,1.8998,6.9096,8.7847,220.9577,25.5152,222.035,21.2709,207.8924,8.7316,0.7123,0.4873,0.4873,0.4873,20
532,0.4024,1.5743,10.9293,14.3751,200.1564,37.5758,219.4295,26.4124,190.2564,12.6383,0.6944,0.6944,0.6944,0.6944,-40
533,1.1111,1.3515,5.6371,11.3019,148.074,35.5646,213.3256,34.2391,200.309,9.767,0.3762,0.3108,0.3108,0.3108,20
534,9.1353,8.7614,11.244,10.0712,201.2024,35.3716,228.1183,28.0336,195.7406,16.5215,3.4218,2.0538,2.2222,1.9614,40
535,1.7368,1.8985,6.0421,20.2635,136.6679,39.0023,221.1155,27.0066,207.9225,6.5423,0.0786,0.0786,0.0786,0.0786,20
536,1.5994,6.0893,10.8905,15.6805,132.1033,22.7725,179.5047,24.8863,174.7091,14.4132,2.8447,2.2568,2.2568,2.2568,-40
537,1.2725,6.6587,7.3483,16.9152,163.8536,33.0221,197.7489,30.4497,181.1917,12.2829,1.1768,0.3176,0.3176,0.3176,20
538,2.8021,6.5034,10.9258,21.0885,199.2877,42.3522,223.8586,27.4408,197.1407,10.9054,0.5737,1.1542,1.1138,0.9445,10
539,1.8675,5.8399,8.0664,11.0116,161.231,32.9213,181.4165,25.0879,168.0601,7.485,1.5064,0.1952,0.0367,0.0367,30
540,1.4099,4.1294,8.922,16.4714,154.3912,42.7519,198.9345,21.8302,189.3345,10.783,1.735,1.115,1.4321,1.4321,20
541,2.4761,4.0484,11.245,12.9752,189.5944,29.2109,209.781,30.6872,191.0639,11.7019,0.947,0.729,0.729,0.729,20
542,3.394,1.0781,9.736,18.7361,193.0214,33.8176,210.9633,22.2384,179.7771,9.4388,1.539,0.6775,0.5883,0.5883,30
543,2.3069,1.4244,1.6232,5.4491,164.26,38.6983,180.3751,18.1897,172.1465,6.415,0.479,0.3243,1.1479,1.4244,20
544,0.5697,3.3022,5.8045,18.5138,176.332,22.1423,184.5239,25.0358,155.7361,9.1405,0.6279,1.2281,1.0744,1.0744,-40
545,0.7276,1.2422,6.1432,12.1985,181.2363,29.6942,208.6331,18.5668,183.9775,3.2152,0.3519,0.0462,-0.0,0.2765,30
546,2.1887,2.331,6.5984,10.2075,152.5404,34.728,196.0642,24.3334,168.5728,5.7385,1.2097,1.1418,1.1418,1.4384,20
547,1.0182,0.5345,2.548,10.952,172.7703,37.5969,216.758,33.6976,185.425,12.0238,1.1167,0.532,0.532,0.532,20
548,1.3583,1.3583,1.9023,13.6953,165.5698,37.2991,216.2568,25.5621,206.6075,5.0404,1.0284,1.3583,1.3583,1.3583,10
549,0.2873,1.3169,4.1023,11.3624,184.5517,37.4134,223.1001,29.5819,184.6863,9.1353,0.1695,0.1695,0.1695,0.1695,20
550,2.3349,2.3125,4.5225,8.7955,125.012,26.9715,194.7633,21.7864,172.5595,3.9953,0.3125,0.0772,0.1237,0.1237,20
551,0.14,0.9036,8.7047,18.1697,164.923,32.9553,192.9592,27.1091,168.185,11.6198,0.713,0.026,0.026,0.026,20
552,3.1543,5.1177,5.9,8.1127,182.5849,26.208,211.1741,25.5791,195.7791,8.9115,1.1313,0.6456,0.0,0.0,30
553,2.6908,1.8262,7.9884,12.613,205.6175,44.2604,209.9713,24.762,195.6572,11.5418,0.9891,0.9891,0.9891,0.9891,20
554,2.7184,3.8441,5.3611,18.1277,206.8423,30.5893,216.7817,27.3867,198.5011,11.1682,0.62,0.9561,0.8874,0.605,40
555,1.2073,1.8009,7.1805,12.0076,164.3093,31.7551,190.7416,35.9024,175.6877,12.408,1.1235,1.2073,1.2073,1.2073,10
556,1.0763,4.7062,4.8752,8.0263,180.7029,38.8722,205.7075,21.664,181.112,6.6514,0.6771,0.6701,0.6771,0.4042,40
557,2.7859,4.8907,6.1624,9.2229,209.8558,30.0541,230.8355,22.6074,202.4421,8.1897,1.8618,0.9296,1.4515,1.4515,20
558,0.9926,2.7272,5.454,10.9367,190.829,29.7328,214.9337,26.8633,188.8606,11.1117,1.6935,0.4686,0.4686,0.4686,20
559,1.21,3.3059,6.7712,10.1877,157.4599,27.2438,202.0925,30.8566,176.2997,11.873,0.3313,0.1508,0.1508,0.1508,20
560,2.9652,4.4156,6.681,15.733,170.7536,35.7424,203.2876,29.4816,168.366,14.24,1.6608,1.2296,1.2296,1.9244,20
561,1.4841,1.4841,4.623,11.8649,187.8071,38.4562,197.9844,23.5698,170.3047,11.8801,1.1082,0.742,0.4764,0.4764,30
562,2.4273,5.396,9.4431,9.4001,211.109,34.4259,224.6228,14.7987,202.189,8.0467,0.5904,0.4251,0.4251,0.5904,20
563,3.4465,4.2032,5.4907,12.4575,209.9091,28.0051,226.1114,19.0235,180.0206,8.1832,0.6317,0.7754,0.7754,0.3595,40
564,1.0852,1.0852,7.186,10.8484,169.6987,30.3105,201.761,26.8139,188.5329,11.0539,2.2446,1.2614,0.3307,0.3307,30
565,1.603,1.8633,1.889,3.5411,196.6186,26.5415,206.6901,25.9437,188.2768,6.9422,0.3819,0.0399,0.0399,0.0,40
566,3.0161,2.5845,8.6633,15.8595,190.754,33.826,217.5729,28.035,175.3191,11.2183,1.4848,0.8702,0.9454,0.8702,20
567,1.721,4.1299,8.098,14.3262,195.0484,31.9993,253.372,17.6698,221.591,9.072,0.8202,0.9186,0.9186,0.9186,10
568,0.7192,3.3227,4.3658,5.7472,161.8875,21.2023,189.9856,23.6009,175.5236,7.8792,1.7973,0.7192,0.8398,0.8398,20
569,1.5279,2.1403,7.6669,12.5347,190.8517,32.3539,207.6124,27.2567,181.4114,14.2346,0.5651,-0.0,-0.0,-0.0,20
570,1.0657,2.7326,7.2802,14.0358,179.9494,46.0795,204.8774,38.2945,178.3207,14.9538,0.634,0.634,0.634,0.634,20
571,2.7845,2.2708,2.9769,17.8588,171.5858,46.2792,205.0451,29.2248,189.9944,10.1348,0.7378,0.376,0.1584,0.1584,30
572,2.0566,3.0489,5.4791,12.7837,191.2089,35.916,212.0712,34.3603,187.1337,10.5421,1.0444,1.3809,1.0444,1.0444,10
573,1.0638,4.5884,9.1826,18.3721,177.2808,35.3841,201.5483,25.4955,186.833,9.1908,1.143,1.0386,0.2481,0.2481,30
574,0.6702,2.3587,4.129,8.0488,162.7203,23.8443,179.3746,22.393,165.7812,4.2073,0.4813,0.3874,0.4813,0.4813,20
575,1.2314,1.2314,2.3582,2.859,162.4333,28.5475,207.3864,28.1679,204.9207,8.6669,0.9773,0.5406,0.5406,0.0265,40
576,2.4062,2.853,5.5885,9.4142,204.537,40.736,231.2525,37.5497,211.1508,9.6965,3.0545,3.6051,2.1641,1.7452,40
577,2.2967,5.4316,10.0605,14.7461,200.1969,39.6711,210.137,29.7333,168.5413,14.6841,1.1245,0.4863,0.3609,0.3609,30
578,2.5363,2.3879,5.2052,8.8328,170.3123,28.3386,181.3919,30.4278,175.5958,9.0682,0.0434,0.0434,0.0434,0.0434,30
579,1.6283,2.2529,5.5407,6.6489,177.9587,23.0841,214.285,20.8269,184.3734,11.9734,0.6817,-0.0,0.0533,0.0533,20
580,3.9482,5.3704,9.0535,15.7802,187.1123,31.9279,204.4899,29.27,176.4187,10.2573,1.0351,1.0351,1.0237,1.0351,30
581,3.4975,4.1158,7.3471,19.5148,183.6645,31.6371,206.0198,32.4203,173.5728,9.2761,1.766,1.6046,1.034,1.034,40
582,2.4021,2.4021,4.9834,12.8468,212.3799,39.4748,237.5386,21.3069,208.991,9.8637,0.8573,1.1861,0.8573,1.1861,30
583,4.2108,3.7541,2.8902,13.9264,161.5843,39.7224,203.7921,29.5536,186.2977,11.4789,1.2764,1.4424,0.3136,0.3136,30
584,1.2193,4.0836,6.7991,9.5159,162.7655,25.5741,180.3228,16.0179,166.2951,7.7863,0.6678,1.1126,1.2079,1.2079,10
585,1.6129,3.7931,5.6947,11.0273,190.3761,27.4556,202.5989,20.471,179.4726,4.1572,0.801,1.3706,1.1539,1.1372,10
586,4.1775,5.2305,13.3364,19.5605,183.8562,35.0709,212.9084,31.6144,195.5802,14.2132,1.4443,1.4653,0.7023,0.7023,30
587,3.3307,4.6263,7.8987,14.2253,175.8928,39.5983,184.6799,23.378,165.2887,9.9126,1.5697,1.1317,0.7127,0.7127,40
588,0.8457,3.0138,3.6976,12.5731,155.9354,35.7261,230.6335,34.7156,202.6344,16.0515,1.646,0.9249,0.9249,0.9249,-40
589,1.7192,2.4236,5.4744,15.7838,196.1002,29.8933,209.9681,23.3353,205.1867,10.7095,2.0201,0.3107,1.7838,1.7838,20
590,2.5747,4.6557,7.441,14.8795,181.4662,32.2474,205.3782,27.7348,187.1852,14.3475,0.0198,1.6881,2.2758,2.2819,10
591,2.052,2.6787,5.8995,7.1711,183.8305,27.0749,204.768,19.0358,173.6437,9.4397,0.4416,0.0923,0.0923,0.4154,20
592,1.7422,3.0262,3.1607,14.8239,169.5,38.9438,202.3857,29.3991,183.6325,7.2308,0.8131,0.1878,0.1878,0.1878,20
593,4.4853,5.2736,5.9809,12.3939,216.4986,42.086,221.1745,35.4893,198.6059,7.9859,1.4667,1.4667,0.2248,0.6564,30
594,1.0808,3.2864,3.9457,6.2904,186.5914,26.37,216.9427,25.4718,175.8559,6.2474,1.2327,0.1865,0.1865,0.1865,20
595,3.2132,2.1372,3.5482,13.6795,172.5572,29.9954,201.8594,21.5162,173.4912,5.588,0.113,0.113,0.113,0.113,20
596,4.9504,5.7388,6.8071,15.33,182.1755,32.2696,210.8715,22.3805,181.9059,12.8499,2.9594,1.8106,1.5579,1.4803,40
597,2.188,4.4703,5.3101,12.6928,174.123,31.6676,226.5021,22.6558,197.9913,10.6999,1.6809,1.8236,1.8236,1.8236,10
598,3.4777,4.4174,3.9889,21.5357,205.537,53.1251,229.1825,22.1596,203.3297,8.9039,0.6935,1.9642,1.7169,1.7169,10
599,4.6679,4.6679,8.9884,20.113,204.6817,31.7139,228.4504,33.3769,198.4879,12.1201,2.4054,1.7215,1.7215,1.7215,20
600,3.477,4.4152,3.7364,17.1437,183.2154,29.7271,212.7734,27.8095,182.331,8.1331,0.7096,1.0476,0.7096,0.7096,30
601,-0.0,1.2451,3.8307,19.9131,185.0937,26.622,212.8983,23.2191,180.8458,12.5933,0.03,-0.0,-0.0,-0.0,20
602,1.3743,2.1356,2.7477,9.3751,172.6322,26.7708,189.0357,18.691,172.8537,9.7076,0.6582,0.9434,0.9434,0.9434,10
603,2.6956,2.3056,6.6542,14.8518,178.971,40.787,209.9301,12.8575,192.295,14.5362,0.8493,0.3775,0.1946,0.1946,40
604,0.7821,1.9077,5.676,8.1617,180.4538,27.2931,210.1616,29.5619,179.1181,13.0448,1.6037,0.1754,0.1772,0.3526,20
605,2.6339,2.4915,5.4587,8.8317,190.1902,25.6335,198.0044,31.2376,179.4589,13.1689,2.0312,0.6225,1.6756,1.0047,20
606,2.0873,2.3248,2.6676,10.3808,183.7865,31.6836,200.3249,30.2102,177.3364,5.8842,0.6859,0.5811,0.9493,0.6867,20
607,5.1233,6.0935,6.9188,12.7632,181.4625,31.523,218.9516,27.2085,184.5707,13.2092,2.112,0.4586,0.5167,0.5167,20
608,1.2885,1.3141,1.2175,9.5416,209.2675,35.5817,245.6281,23.8385,210.0921,9.8017,0.324,0.324,0.324,0.324,20
609,3.3793,3.3135,4.2021,9.6087,132.8064,27.3892,168.5932,18.974,153.0526,13.5731,2.3642,1.9972,1.5549,1.8162,30
610,0.5547,0.6925,6.9696,12.6577,154.0938,34.3484,213.6349,17.4685,181.814,6.9906,0.6925,0.0412,0.0412,0.0412,20
611,0.4028,0.4028,1.762,6.2914,139.554,23.9898,223.4702,11.1387,198.1142,5.3111,0.2407,0.6473,1.0902,0.2407,10
612,1.4408,3.1198,3.5741,10.1505,139.4833,37.6603,210.1217,38.033,192.8894,6.5469,0.2955,0.2955,0.9093,0.9093,20
613,3.1216,5.8137,7.0546,15.0803,203.4848,37.9457,224.1849,18.5198,198.783,13.5545,1.2754,1.2924,1.2924,1.2924,10
614,5.4274,5.5303,7.8309,11.8622,184.501,39.2277,204.572,25.0504,198.6922,9.8638,2.2841,0.438,0.3547,0.3547,30
615,2.4763,3.8056,6.28,10.3935,163.4339,35.0458,260.5173,18.7406,189.0953,8.2776,0.1652,0.0567,0.0567,0.0567,20
616,1.5224,3.2199,4.0223,9.2559,196.6409,39.9842,206.3931,22.309,169.8939,9.3017,1.7908,0.0,0.3143,0.3143,20
617,3.1321,4.7094,6.7762,12.0146,175.0547,30.5138,197.994,26.7984,175.5819,10.7145,0.6815,0.4325,0.4325,0.4325,20
618,1.0839,1.0839,3.1096,9.7794,183.3097,39.9881,196.6546,21.1658,184.3197,5.8727,-0.0,-0.0,0.0,0.1685,20
619,3.148,4.7001,6.5917,22.3761,190.5722,52.7195,222.7946,33.9783,195.028,10.6429,0.5061,0.8489,0.5061,0.8489,10
620,5.171,6.3969,5.9366,9.5327,180.8367,33.4924,243.9446,24.4033,192.5419,11.275,1.2141,2.0846,0.9416,0.9416,30
621,1.8487,1.8171,4.6262,9.1367,137.5687,28.2314,184.419,23.2586,172.7147,9.1929,0.9382,0.7608,0.7608,0.7608,40
622,3.6085,4.5137,7.9471,21.3085,180.8363,29.2688,205.8602,32.4422,178.1558,14.4682,0.9589,2.7414,2.7414,2.7414,10
623,1.8018,4.5493,6.6996,11.5094,168.5305,33.2295,201.5283,29.1442,181.8851,6.9745,0.5937,0.5937,0.4977,0.4977,30
624,1.7527,4.5551,6.4279,10.9552,149.8899,37.8503,191.8316,26.4331,182.7611,7.8889,-0.0,-0.0,-0.0,-0.0,20
625,2.6507,3.2424,6.8714,17.7124,190.1609,27.6613,196.3786,16.2016,187.8586,6.9965,1.2717,0.0524,0.0524,-0.0,40
626,1.0705,1.8167,5.073,16.0449,169.3163,34.3556,208.0834,35.1716,194.7444,9.4398,0.3286,0.878,0.878,0.878,10
627,0.6569,0.8433,1.5877,7.7733,136.0665,55.2385,233.1583,18.6189,178.6582,8.3708,0.3031,-0.0,-0.0,-0.0,20
628,1.04,1.669,6.0686,14.0693,189.4701,24.2574,219.3964,27.0754,204.0004,13.0659,0.5367,0.0893,0.0893,0.0893,20
629,0.8683,3.5537,5.8643,5.7799,196.3295,32.1243,219.6622,18.2454,175.1394,7.493,0.8784,0.3734,0.8816,0.8778,20
630,0.6442,3.0398,4.3888,18.1299,173.2011,23.1473,189.0714,28.7293,167.2573,12.165,1.0479,0.2778,0.6006,0.5191,20
631,1.4773,4.7516,7.5534,21.5215,209.4624,39.7962,210.6831,32.5092,196.1664,11.3981,2.3407,3.9005,3.8469,3.8469,-40
632,1.6977,2.8832,6.6231,12.2673,175.3845,26.637,221.7196,20.4542,193.5013,8.5517,1.2571,0.8686,0.8686,0.8686,20
633,5.598,5.0698,6.8808,14.5472,186.6489,43.3101,198.0833,19.7564,165.8982,11.1948,1.3301,0.8116,0.5693,0.7021,30
634,1.8814,2.1742,4.3812,19.6592,197.5688,35.855,227.4679,27.2785,215.9752,10.5003,1.3332,1.2691,0.9892,0.9892,30
635,0.6438,1.8024,5.1581,9.5403,167.9973,31.6471,176.4239,14.6127,157.5047,11.0486,0.3687,0.1307,0.1307,0.1307,20
636,1.3224,2.3208,7.2266,13.0224,168.0333,34.7728,202.5634,21.3653,182.8495,10.4028,0.7476,-0.0,-0.0,-0.0,20
637,1.7011,4.8625,9.0702,11.5504,143.119,23.1105,214.5576,14.9859,209.0559,11.6025,0.5101,0.4694,0.6691,0.5101,20
638,0.0478,1.2804,5.3662,10.8206,180.7021,41.9048,225.0302,27.5962,200.5687,6.007,0.2253,0.2253,0.2253,0.0478,-40
639,1.3271,1.1336,1.6014,6.1181,162.4801,23.6913,171.5419,15.8267,151.1386,5.6774,0.9943,0.4213,0.4213,0.4213,30
640,0.7295,0.8535,5.1356,14.2452,158.5834,32.0949,217.1745,21.8859,204.9805,4.4874,0.4368,-0.0,0.0,-0.0,20
641,0.3284,1.5157,5.5541,10.9553,162.0606,25.2193,180.8603,29.2981,172.6183,7.4069,1.8825,0.4011,0.4011,0.4011,-40
642,2.0498,4.7602,6.9883,11.5786,152.062,30.5352,158.2559,24.6834,147.9891,14.1587,0.916,0.7512,0.8516,1.2141,20
643,1.2597,2.7426,3.464,13.3364,176.9093,37.4156,218.073,32.9858,203.5154,13.2951,1.0469,1.0469,0.0106,1.6598,30
644,2.769,4.6946,6.6006,11.6216,159.9053,35.6568,207.0408,25.7171,188.2712,14.959,3.1025,0.925,0.5261,1.3335,30
645,1.2784,5.7957,4.5007,11.1465,179.9883,29.8038,211.8371,29.7201,187.1513,15.3121,0.294,0.294,0.294,0.294,20
646,3.4534,4.5793,11.4958,18.3386,190.6462,38.1554,211.114,24.1919,188.5109,9.7009,1.3739,0.7908,0.7908,0.7908,20
647,0.4374,3.1117,7.1341,14.7842,210.3873,22.1055,210.645,24.51,197.5494,11.141,1.4653,0.8371,0.8371,0.8371,-40
648,2.5437,5.357,4.2273,12.3799,199.062,35.8229,218.2617,32.5085,177.5922,9.1395,1.3329,0.1508,0.1508,0.1508,20
649,2.1007,3.8165,8.7554,19.3608,222.1076,42.4439,231.3462,25.9414,211.0577,10.0591,3.4865,1.8116,2.6621,2.6621,20
650,1.869,3.3582,4.8056,17.1764,172.4845,35.3292,211.8193,14.6158,174.6824,10.0719,0.4646,1.1213,0.4646,0.4646,40
651,0.7079,1.5888,4.6313,14.184,151.2351,35.8597,194.9533,22.7046,177.1223,9.3578,1.4673,0.4322,0.4322,0.4322,30
652,1.4418,2.3981,5.1433,14.7143,169.6095,32.5991,206.7139,26.9234,191.9364,13.9992,2.4804,0.2075,0.1151,0.1151,30
653,3.9036,5.3403,6.9857,16.3751,193.3237,32.3262,211.3747,33.4369,182.0908,10.9458,0.6226,0.2423,0.2423,0.2423,20
654,2.285,2.7557,3.0495,9.1869,200.6968,32.8405,216.2822,20.2575,200.9303,11.3853,0.5821,0.5821,0.6747,0.6747,20
655,1.3762,2.9928,5.0974,11.0637,179.7999,28.3366,193.1618,20.4026,180.9259,6.3874,1.4994,0.455,0.9301,0.9301,20
656,1.1546,3.4924,7.7222,17.0956,168.7672,42.6164,188.1681,27.2546,175.9687,11.5002,0.1952,0.7818,0.7818,0.7818,10
657,1.3799,2.4627,3.3702,7.8032,181.3817,38.3714,202.5639,23.4461,172.1802,4.9284,1.5667,1.0703,1.1681,1.1681,20
658,0.8295,3.5549,5.4248,12.9771,203.5805,42.3578,226.7861,11.7053,200.4978,5.6515,0.1277,0.0,0.1277,0.2758,20
659,7.2219,7.6025,9.1109,20.6344,192.916,32.8582,218.3499,25.7626,197.4743,12.6837,1.7123,0.6735,0.6735,0.6735,20
660,0.497,2.2314,5.5494,14.4747,187.2556,31.0812,200.7981,14.8535,187.2363,6.9206,0.497,0.497,0.497,0.497,20
661,2.9393,3.9747,3.5987,6.0601,161.1928,30.1996,217.2029,20.0784,180.0831,7.464,1.4547,0.5454,0.5454,0.3687,40
662,1.4659,1.8734,5.7757,12.2975,180.5913,34.4993,218.5483,24.5601,209.5108,9.2855,0.9595,0.9595,0.9595,0.9595,20
663,0.9286,5.2882,6.9807,11.4749,185.0693,46.1809,213.7847,29.1928,181.3301,9.3509,0.7839,0.1401,0.1401,0.1401,20
664,1.7888,2.3425,3.2716,10.074,166.3289,29.5756,190.9658,23.5038,174.3829,9.3227,1.2288,0.6369,0.9738,0.9738,20
665,1.8507,5.0228,11.6538,10.8924,180.7355,29.8624,222.5929,20.3225,197.9866,9.4443,0.1976,0.1976,1.0971,1.0971,20
666,0.8644,0.8644,1.2877,12.2983,160.9286,30.0502,186.9049,20.3717,179.4474,5.3156,0.1076,0.2014,0.2014,0.2014,10
667,2.086,3.7899,6.4519,15.2118,172.4971,31.8155,192.4509,31.036,170.0349,13.2359,0.7004,0.4987,0.4987,0.5603,30
668,3.6247,3.4711,6.3673,11.1856,171.3837,34.4524,184.8828,20.3165,173.5612,9.8058,1.1096,0.7351,0.6994,0.6994,30
669,2.0787,3.1878,7.3671,13.4308,197.9818,42.7802,202.0019,30.8901,187.7672,8.9815,0.189,-0.0,0.5878,0.5878,20
670,1.3006,2.1881,6.0895,10.9634,139.8169,32.0914,205.2977,20.8146,189.6321,6.7894,1.5952,1.6079,1.6079,1.3469,-40
671,1.5253,6.5718,9.2972,16.537,154.3669,31.2652,216.829,30.5348,190.603,11.6403,0.6483,2.2435,2.2435,2.2435,10
672,2.8884,2.8884,3.6993,12.7662,216.1801,29.9863,220.717,23.9296,200.8039,6.8637,1.8639,0.919,0.919,0.919,20
673,1.3848,1.9092,4.6209,9.9975,180.7195,28.2402,200.6755,33.1648,185.8387,8.4622,1.1944,0.5146,0.6608,0.5146,20
674,1.2767,4.2707,7.6387,14.6381,189.8856,30.8939,216.0936,21.8531,185.8198,9.1904,0.5011,0.7888,0.7888,0.7888,10
675,2.0493,4.6227,7.0395,18.5348,165.0327,32.1329,218.0176,27.4228,210.1478,15.1233,1.2003,0.946,0.6688,0.6688,40
676,2.029,3.9498,5.7498,12.5964,190.964,24.7709,203.2594,29.3701,186.3201,12.166,0.8493,0.9918,0.9918,0.6203,40
677,4.3123,4.6431,8.8622,11.9209,198.2444,37.5632,210.3933,39.7519,181.4585,10.6466,1.7158,2.1625,1.275,1.6884,30
678,1.0499,1.0499,4.7258,14.3853,172.5316,28.7143,205.7299,23.9231,163.5304,7.1613,0.9414,1.0499,0.7661,0.7661,40
679,0.7131,1.2667,1.5284,10.1369,130.8708,30.7116,223.4343,31.5396,188.8522,15.0371,0.2245,0.2245,-0.0,-0.0,30
680,1.4178,1.4178,6.4224,8.1304,155.6599,31.882,243.9417,18.9404,231.549,9.6495,1.5523,1.5523,0.761,1.2015,30
681,2.3992,4.3554,7.359,19.3264,166.704,37.2591,207.2722,31.0527,186.1681,12.3046,0.1928,0.4876,0.2205,0.2205,10
682,3.8788,3.0558,2.0633,12.1835,162.82,32.6557,227.2104,25.1847,211.4272,5.885,0.2564,0.8394,0.0,0.0,30
683,0.878,1.7536,7.127,12.5792,196.1554,31.0965,209.9443,22.4171,192.2264,6.4859,1.0477,1.074,1.165,1.165,-40
684,0.0745,2.3315,8.6935,9.4718,200.3326,40.956,222.3318,27.0401,194.7158,4.2659,0.0745,0.0046,0.0046,0.0046,20
685,4.7299,6.2221,6.6126,13.1181,162.1572,36.7267,182.9145,21.6982,174.1467,10.4603,1.3055,0.7224,1.2383,0.2564,40
686,2.9678,5.9506,11.3521,13.3633,196.5988,38.4239,218.8246,14.7994,188.4215,7.4316,0.9355,0.7482,0.7482,0.7482,20
687,3.0568,5.5984,7.7099,12.7452,161.8452,29.1749,201.4287,21.5529,179.6878,11.5619,1.8267,1.0532,0.708,0.708,30
688,2.3242,2.8475,4.0502,4.7102,187.0677,24.2786,223.1214,28.3543,188.8088,8.2599,2.0995,1.4723,1.4723,1.4723,40
689,0.0288,1.0207,4.6473,13.0094,175.744,38.6339,216.041,26.5827,192.1023,11.2123,0.0288,0.0288,0.0288,0.0288,20
690,3.4588,3.7711,6.2207,15.4823,180.508,34.8417,198.806,18.1735,179.65,8.3433,0.0296,0.0,0.0,0.0,20
691,3.2903,4.6796,7.2016,8.6744,155.5668,19.008,199.0267,20.3461,180.1379,4.3579,1.3053,1.6208,1.0904,0.5158,40
692,1.3641,3.4272,7.4907,8.1507,197.6697,35.6109,208.2226,28.7792,191.1433,8.8772,0.5982,0.6152,1.8429,0.6212,10
693,1.3892,1.9609,6.0636,7.6411,164.0092,27.7815,200.7174,23.8948,175.057,9.4968,0.9269,0.6657,1.2512,1.2512,20
694,3.0583,2.1815,2.4194,9.9046,180.166,32.1814,192.5533,22.453,196.6012,9.5021,1.132,1.132,1.4993,1.4993,20
695,2.528,2.7102,6.0982,15.3164,188.2671,37.9577,246.4882,30.2155,203.4093,4.3582,0.2771,0.3715,0.0944,0.0944,30
696,1.5298,3.0859,4.1022,6.9216,184.9016,38.7138,205.0196,20.3845,182.3934,7.631,0.6551,0.4804,0.4804,0.4804,20
697,1.949,1.0957,2.6817,14.5692,172.6122,30.5067,221.061,21.8319,202.197,8.439,0.5097,0.2733,0.304,0.304,20
698,2.4969,4.2767,11.2769,15.1136,188.0057,34.3302,212.9638,28.4024,198.4775,10.3851,1.0995,1.4704,1.159,1.159,10
699,2.9206,3.1109,4.0261,11.8241,175.4857,30.8949,200.7282,19.3138,183.1057,7.237,2.4039,1.0653,0.8433,0.8433,30
700,0.4279,4.0521,10.9405,20.2236,177.4564,36.7076,229.185,25.4022,209.0775,11.7995,2.6225,1.8645,1.0838,1.0838,-40
701,1.5589,3.1054,7.4292,11.5969,189.2688,31.356,193.4353,24.155,184.7917,9.3028,1.1092,0.7443,0.7443,0.3839,40
702,3.1553,4.2316,5.9317,8.4485,151.3488,26.6088,194.1113,28.197,184.9294,9.0036,0.2542,0.8034,0.8034,0.8034,10
703,1.7605,3.6319,1.7605,11.3556,172.1665,33.1532,213.0694,24.2123,187.5135,10.1316,0.0716,0.7539,1.0538,1.0538,10
704,1.4249,3.2567,6.4672,16.9266,193.9684,37.9009,201.8689,39.3834,194.6045,11.5189,0.1061,0.6888,0.6888,0.6888,10
705,1.7632,2.1402,5.2479,13.0188,173.4366,23.0906,212.8522,18.9876,193.4492,11.3211,1.488,1.178,1.178,1.178,20
706,0.875,3.657,6.9014,11.4569,197.6296,39.7718,237.6611,27.1948,205.8789,7.6086,0.1462,0.0347,0.0347,0.0347,20
707,4.1252,6.0829,5.9974,13.2461,187.7216,44.2188,215.3689,30.795,195.0301,9.4673,3.664,1.9619,2.9987,2.9987,20
708,1.3871,5.8604,9.3941,9.5404,201.5569,30.3089,224.4382,22.2918,207.6811,9.2288,0.1522,0.1522,0.1522,0.1522,20
709,0.8725,1.0125,6.6546,9.7516,180.8537,23.3901,193.3297,35.8548,183.4958,10.289,0.1925,0.1475,0.1475,0.1475,20
710,0.928,1.4162,5.9487,13.172,183.032,34.4033,200.9737,24.0403,188.2191,10.6139,0.9303,0.2313,0.8706,0.2693,20
711,1.6702,1.7407,7.9037,19.3581,171.5915,38.3801,215.3711,23.0968,182.1208,11.2846,0.3235,0.3235,0.3235,0.0,40
712,0.6872,2.9994,6.7368,10.9099,169.2683,38.3645,208.9131,25.6987,175.1851,14.7681,0.4831,0.5432,0.3101,0.5432,30
713,1.9803,1.9819,4.1877,5.9731,171.2335,22.1769,218.853,18.9923,177.3903,7.4558,0.6505,0.6505,0.6505,0.6505,20
714,2.7493,2.5739,7.1117,14.9272,186.2586,28.8543,201.8629,36.7269,171.3592,11.1949,1.0587,0.7184,0.7184,0.7184,30
715,2.3111,3.7988,4.129,18.3925,195.5323,31.7072,240.9299,25.3312,197.0733,14.8608,-0.0,1.4975,1.521,1.521,10
716,3.3387,5.041,5.6161,17.7517,179.5506,34.1374,208.0253,27.9037,184.0803,9.4941,0.5024,0.3852,0.3852,0.6154,20
717,1.7176,6.0786,13.0889,14.5289,162.3433,26.0672,220.9602,28.2164,179.1072,15.5242,0.484,1.6568,1.579,0.5788,10
718,0.9228,0.9228,1.6213,8.5858,144.132,18.658,200.694,25.9376,171.4634,6.9642,0.4144,0.4781,0.4781,0.4781,10
719,3.3057,4.4684,8.6708,12.8813,170.9776,32.3183,189.6687,22.8969,180.9217,9.644,1.0394,0.8255,0.562,0.562,30
720,0.532,1.0858,5.6979,10.9269,176.6925,26.2347,207.6739,18.1806,205.4004,10.9928,0.5515,0.2947,0.2947,0.5515,20
721,2.4807,2.6439,9.4811,17.0358,155.4493,33.6852,211.4237,28.3505,170.6756,11.88,-0.0,0.5217,0.5217,0.5217,10
722,1.685,2.4241,3.7579,7.7016,178.9959,30.9384,216.3122,32.3783,189.7932,11.077,0.3575,1.0801,0.0622,0.0622,30
723,0.092,3.2236,5.3617,12.1764,180.1789,25.3131,208.359,32.5962,191.5239,8.594,0.092,0.092,0.092,0.092,20
724,1.1862,1.1862,3.3623,11.5575,175.9239,23.7575,196.8461,24.2287,188.793,6.4495,1.1862,0.7934,0.5309,0.5309,40
725,3.2436,4.3081,9.2174,19.0632,158.268,42.5415,213.3817,27.6518,191.5742,11.9129,1.3407,0.6671,0.0,0.0,30
726,0.6824,1.8074,5.7383,13.4223,184.4848,29.1533,206.6062,24.5819,179.822,8.8779,-0.0,1.4864,1.2745,0.403,10
727,2.7232,4.0173,5.2063,11.8274,171.3666,30.5255,199.6416,20.2818,182.1396,10.0796,0.854,0.237,1.2088,1.4723,20
728,0.2946,1.1415,2.3817,18.5978,184.4579,26.0211,205.4727,29.8678,190.5364,8.5036,0.8052,0.2945,0.2945,0.2945,20
729,1.9751,4.1059,10.1336,18.4067,148.17,34.4479,224.8683,19.5566,195.5353,6.8866,-0.0,-0.0,-0.0,-0.0,20
730,1.0791,5.0665,5.3229,11.7106,187.346,39.7487,203.8181,32.7948,189.9263,13.2831,0.8992,0.2899,0.2899,0.5902,20
731,2.6386,4.2226,9.0837,12.4344,198.6273,31.9454,212.7014,27.0627,194.3633,16.6626,0.8929,0.0786,0.0786,0.0786,40
732,4.9212,7.6887,7.6197,15.7797,168.2409,26.2798,201.1532,30.2704,182.1503,11.5127,1.8755,1.6312,0.3631,0.3631,30
733,0.7981,1.6674,1.6674,12.9676,172.8828,37.9728,216.4714,21.4342,192.0287,11.9,0.1158,0.1158,0.1158,0.1158,10
734,0.8752,1.275,2.9673,10.0823,209.5994,36.0698,226.8981,27.1824,189.1854,6.5481,0.5979,0.8752,0.5979,0.5979,10
735,0.7483,0.6639,2.0583,14.9401,191.2364,32.6659,212.1509,33.1974,185.1687,9.898,2.1957,1.627,0.8124,0.8124,-30
736,2.1797,4.7792,5.0002,13.5223,195.2948,29.5252,244.7635,36.0318,181.3427,5.6615,1.3826,1.0805,1.8851,0.7322,40
737,1.7345,4.772,5.9467,11.0322,160.204,30.9781,212.3464,33.7614,201.6,11.7858,1.5227,0.383,0.383,0.383,20
738,2.8669,2.4146,10.1098,18.9895,129.9602,33.0995,216.1209,19.1913,194.5731,11.4196,1.4059,1.201,1.3984,1.3984,20
739,1.4261,5.0263,8.7181,14.229,203.6697,46.5817,209.8012,28.7792,170.8391,9.8054,1.0171,0.9712,0.0558,0.0558,30
740,1.7488,1.87,2.4383,12.4966,228.3252,37.2984,239.118,19.5535,201.5622,3.0633,-0.0,-0.0,-0.0,-0.0,20
741,2.8054,3.6322,8.752,14.9378,179.7671,30.6599,222.1286,23.6486,179.0339,12.0806,1.5256,0.5913,0.5913,0.5913,20
742,1.104,3.5984,4.5205,9.0105,165.2399,30.6497,226.6628,20.1118,190.3952,7.5443,0.2524,0.2524,0.2524,0.2524,20
743,2.2136,2.2096,4.3972,14.854,165.1747,49.9784,218.5249,33.043,205.6083,9.3203,1.5185,1.032,1.5569,1.5569,20
744,2.315,3.2656,4.3712,9.8732,181.652,40.8326,225.7698,23.1322,197.7,7.497,1.8964,0.2803,0.2803,0.2803,20
745,5.4861,4.3035,11.9401,17.2291,181.4764,41.4875,208.5192,26.1669,179.9845,12.8988,1.4481,0.1077,0.1077,0.1077,20
746,1.9232,1.9232,4.9314,12.0698,176.2178,39.5018,223.0142,23.7386,197.1999,10.2086,1.123,1.123,1.123,1.123,20
747,2.4761,2.8328,3.3777,11.2448,178.3076,25.288,202.8092,20.9227,180.4181,6.2239,1.3899,1.0261,1.0261,1.0261,20
748,1.0644,1.6851,2.9281,11.1872,191.695,30.2048,222.9014,18.9587,204.8691,9.8723,0.5273,1.4117,0.7446,0.5836,10
749,2.8616,3.7936,6.9942,11.1389,186.7923,49.3145,213.4327,18.4407,187.5613,12.0309,2.4502,2.1046,0.259,0.259,30
750,2.2064,5.1948,8.9661,18.2401,171.0783,39.0285,178.3646,18.8112,166.963,8.9015,0.5689,0.5689,0.6051,0.6051,20
751,2.7133,3.019,5.0346,9.4668,161.4232,23.809,219.795,28.7439,205.6851,10.3106,3.1164,0.9118,0.8853,0.8853,30
752,1.6876,3.5167,4.8548,11.1308,134.8494,33.1788,205.7981,27.6839,167.7001,10.9872,1.1766,1.1766,1.1766,1.1766,20
753,1.4733,1.6033,5.2898,9.5557,193.3778,35.0786,224.338,28.8269,203.6826,7.9052,0.2057,0.2057,0.2057,0.2057,30
754,1.731,2.6196,6.4296,14.8674,185.5396,46.6365,205.9921,24.8445,202.2594,11.7194,1.5815,1.2287,1.2287,1.2287,20
755,1.5556,2.5864,4.8967,9.8114,200.7018,22.1453,218.9985,24.5587,189.72,8.0127,0.2078,0.1385,0.1385,0.1385,20
756,1.2755,4.3058,15.3533,15.9643,168.2587,29.4808,225.8919,24.7263,208.6699,7.6173,0.8978,0.7799,0.7799,0.7799,20
757,2.2218,6.1418,6.3879,13.7433,166.095,40.636,232.21,20.8474,202.1887,7.9311,1.2855,1.5213,1.5213,1.5213,10
758,0.976,1.7301,2.0009,7.0486,128.8693,19.6226,203.7057,17.415,176.0177,7.5064,0.5017,0.2714,0.2714,0.3741,20
759,0.6811,3.6493,8.2121,20.9214,173.2869,33.5065,226.7117,27.912,193.0082,16.8401,0.2965,0.2965,0.2965,0.2868,40
760,4.405,4.4296,7.0643,14.7172,156.5093,32.563,195.8971,30.9941,156.3547,13.5579,0.2401,0.0662,0.0662,0.0662,20
761,0.6995,3.3271,7.0933,16.1694,163.9154,41.1828,211.0983,21.0044,184.8845,12.02,0.3941,0.3941,0.3941,0.1011,40
762,0.128,0.4066,5.4894,12.9402,172.4116,28.7135,183.2023,20.8144,171.2899,9.3048,0.6354,0.7634,0.7693,0.5584,-40
763,3.636,4.627,11.6337,18.802,187.841,34.3797,236.0602,28.3921,205.7358,10.8386,1.2506,1.4606,0.737,0.6978,40
764,4.143,6.631,8.5536,8.4268,178.273,33.0287,228.4362,27.6293,196.789,13.7136,2.8355,0.9773,1.0671,1.0671,20
765,2.4157,1.0225,11.1679,15.96,200.0518,44.4536,224.9215,35.3668,210.4481,11.3261,0.7813,0.3175,0.3175,0.3175,20
766,0.684,1.3391,5.8791,12.5361,147.2961,27.9922,189.6174,22.6774,173.6458,12.6628,0.684,0.0545,0.0545,0.0545,20
767,2.1958,3.8572,5.1247,11.9501,195.0482,37.453,213.3864,32.431,186.8402,10.7296,1.4678,2.073,1.5978,1.5978,10
768,1.2897,1.9404,2.864,11.714,163.1413,30.0347,181.4829,25.0595,172.8217,11.4396,0.8197,0.567,0.2657,0.2657,30
769,2.8857,3.7418,7.0654,16.3584,142.1422,40.9085,239.6596,34.0861,217.977,9.1988,1.915,1.902,2.0618,2.2875,20
770,1.8906,3.0471,4.2079,8.0169,164.3487,31.9322,194.0874,21.2012,181.3541,5.5633,0.9895,0.9895,0.5778,0.5575,40
771,1.5993,2.9784,5.8355,16.7222,147.4048,37.0538,214.7967,28.7006,187.5466,12.4899,2.6366,0.1508,0.1508,0.1508,20
772,0.1207,2.5369,3.9982,13.4195,151.6532,23.3838,229.4136,21.4905,187.32,6.662,0.1207,0.1207,0.1207,0.1207,20
773,1.2437,2.8102,9.9974,15.2357,208.3015,37.8817,219.4083,32.8001,193.9196,10.4296,2.0447,0.4331,0.4331,0.4331,30
774,0.6957,0.6957,4.5796,12.2036,203.8165,27.8558,222.6037,27.81,193.6613,14.7553,0.0009,0.0,0.0,0.0,20
775,1.5369,4.8869,4.5986,17.9407,190.8587,29.8616,235.081,19.0077,202.3787,11.3072,1.7893,0.7369,0.7369,0.7369,20
776,1.4071,2.229,3.9347,15.3274,181.2056,29.8794,204.2948,14.9218,186.721,9.6091,0.7715,0.7715,0.6075,0.2742,40
777,1.6103,2.6793,7.6789,6.3247,192.0547,30.2396,204.9686,22.4718,187.9792,8.0492,0.7645,0.0,1.1122,1.1122,20
778,4.43,3.1474,7.0254,13.1273,178.7437,37.0011,186.5053,26.2994,179.0995,8.1499,2.7501,3.2881,4.1948,3.7391,10
779,0.3124,1.5101,3.8861,11.0361,179.9284,26.7233,197.0817,22.6845,179.1947,13.0624,0.4182,0.4182,0.1991,0.1991,40
780,0.4604,0.4603,6.8647,13.8431,195.2751,40.7358,205.3723,25.8508,173.6337,12.2216,0.0339,0.0339,0.0339,0.0339,10
781,0.842,2.081,1.037,10.976,195.9349,41.9509,199.1419,13.3896,191.3875,5.8952,0.3045,0.3045,0.0372,0.0372,30
782,3.6355,5.9602,9.7256,17.5284,221.8501,39.0597,248.027,20.3377,201.9454,14.1967,1.0394,0.4466,0.0,0.0,30
783,-0.0,2.148,6.5686,10.7697,195.0825,46.6555,205.4562,30.9444,191.607,11.8184,0.0233,-0.0,-0.0,-0.0,20
784,2.3119,2.5418,5.1828,7.3282,197.467,23.5247,239.7869,18.6071,198.9623,4.0412,1.0519,0.8817,0.8817,0.8817,20
785,2.5072,3.0821,7.2117,13.9967,191.0003,34.9514,224.9479,33.1658,195.1086,10.1245,0.855,0.855,0.855,0.855,20
786,1.8078,4.0583,6.9042,17.0366,169.4533,24.8798,199.9109,26.8543,171.047,11.6742,0.8445,0.6679,0.8873,0.24,40
787,1.7317,1.7317,5.5338,10.3943,171.4076,35.0637,206.055,18.7762,184.8893,4.7834,0.1754,0.4665,0.4665,0.1754,10
788,1.9284,1.9284,3.8109,11.7162,190.1925,39.1393,206.0872,29.6026,195.7481,2.5076,0.8223,0.6736,0.6736,0.6736,20
789,0.2695,0.8689,6.2656,9.2876,183.2121,28.6466,204.9922,32.5754,188.1424,10.0412,0.6894,0.0213,0.0213,0.0213,20
790,0.9349,3.5877,4.7103,9.5829,222.894,33.5024,222.0123,15.9652,211.8548,5.7979,0.7432,0.1868,0.1868,0.1868,30
791,2.3715,4.573,3.963,3.3835,188.8117,29.1783,239.633,17.5614,187.5926,10.1086,1.9028,1.9028,2.7984,2.7984,20
792,1.1765,3.6289,9.6069,16.4962,219.7971,36.2293,253.8474,19.8589,198.8711,5.7903,1.6577,1.9059,0.6975,0.6975,30
793,1.5241,2.2043,3.5753,7.1229,184.3673,21.0414,187.0285,29.3736,166.1796,9.9938,0.2373,0.7528,1.0426,1.0426,10
794,1.1013,5.5788,12.9585,21.5988,186.7486,45.9741,198.3371,27.8521,179.2524,14.1861,0.193,0.193,0.193,0.193,20
795,2.8381,4.2969,5.8482,8.549,142.6059,30.5257,189.5567,26.2036,163.7243,9.3451,1.2355,0.4125,0.0697,0.0697,30
796,0.5807,1.9786,5.0945,8.356,170.0872,24.7378,214.688,32.0437,198.4658,11.9947,0.9017,0.5648,0.5648,0.5648,20
797,1.556,3.3178,4.0027,11.1532,208.5694,38.3011,217.2644,24.4247,198.6126,11.7128,0.9876,2.1293,2.0378,2.0378,10
798,1.0623,3.2648,8.8159,9.9733,183.1648,30.9526,205.3866,31.1977,190.1947,8.8951,0.2895,0.3567,0.3122,0.3122,10
799,2.2417,2.0995,6.3757,12.5368,190.8859,29.9713,198.1681,34.4082,186.6197,6.7936,1.7915,1.207,1.1465,1.1465,30
800,3.0272,5.1727,5.5816,11.6075,177.6946,40.2781,200.4094,24.788,165.6326,9.6882,0.5382,0.8224,0.8224,0.8724,10
801,2.4384,5.4702,6.7221,16.8146,164.2202,26.2674,216.964,18.9799,173.6438,9.5052,1.4205,0.9487,0.9487,0.9487,20
802,1.0692,1.1453,7.4899,12.1179,147.0485,28.7841,198.7415,23.2937,180.6964,9.2865,1.5906,0.2756,0.2756,0.4996,30
803,1.6038,2.3468,4.7314,7.5757,193.4379,23.8829,198.2242,24.2279,186.2418,10.227,1.4208,0.6331,0.6331,0.6331,30
804,2.5874,7.3335,9.2454,19.8158,146.9718,28.7463,203.999,26.2183,169.5385,16.4248,1.7717,0.6128,1.5741,1.3708,20
805,1.5005,3.3203,3.5592,5.7926,176.6259,20.2957,205.4584,18.4498,193.9025,9.9045,0.3859,0.4387,0.3859,0.3859,10
806,4.6654,5.691,7.5309,14.0984,170.5285,28.9918,221.9281,26.4098,201.328,8.4188,1.175,0.8891,0.5326,0.5326,30
807,2.172,4.6858,4.8173,20.9734,196.8262,36.3319,208.3985,23.9173,185.7429,12.3693,1.2598,0.8971,0.8971,0.8971,20
808,3.2908,4.8463,4.1245,13.5138,209.5414,38.4126,233.1602,23.1567,199.1509,9.0205,1.1654,1.1597,0.5803,0.5803,30
809,5.4972,6.2219,9.9891,12.3473,192.883,42.8777,211.1504,23.2545,192.1492,8.4354,0.7396,1.0012,1.0012,0.7396,40
810,1.9652,1.9201,2.2241,9.5277,165.0217,35.5603,182.9229,22.3094,181.5326,5.9551,0.537,0.537,0.4919,0.4919,30
811,5.635,4.4057,15.5147,19.6044,192.4919,38.5164,224.5485,41.0347,190.3243,15.1235,3.5317,1.3233,1.3233,1.3233,30
812,1.7118,1.1118,3.9144,6.8339,162.1192,26.4156,221.205,26.1068,172.7436,3.7348,0.3535,0.5174,0.8396,0.9501,10
813,1.7589,3.857,4.8627,9.7245,184.9498,38.3189,191.0504,22.1496,170.0518,8.371,1.7156,0.6517,0.6517,1.0716,20
814,1.1901,1.7409,2.0626,15.4543,178.1077,25.9636,192.5011,15.8245,188.2867,8.7148,1.472,1.4351,0.9006,0.0125,40
815,0.503,3.7602,4.5437,16.1836,164.9056,41.7706,235.5616,27.0407,213.8897,13.4506,0.8412,0.8412,0.8412,0.8412,-40
816,2.9086,7.35,8.3016,13.4903,200.5031,35.0727,222.9215,29.0555,185.4014,6.7892,2.5277,1.3306,1.0137,0.5595,40
817,6.7914,4.2611,7.9838,14.5932,162.6281,40.2572,208.7123,32.9211,168.0236,9.9764,1.7618,2.3169,2.3169,2.3169,10
818,0.5778,2.9592,3.11,12.4951,163.6314,21.7356,178.4112,21.9924,161.2907,9.5044,1.8045,0.9336,0.6582,0.5778,-40
819,0.5098,1.6621,2.873,9.9393,178.436,32.1538,209.0011,20.565,180.671,4.8462,0.0846,0.0846,0.0846,0.0846,20
820,2.9434,4.9674,9.1448,21.5232,204.1979,41.3831,228.6487,21.7799,187.3895,12.508,0.1916,0.8389,0.8389,0.4067,10
821,2.7605,4.9466,14.2322,17.651,180.2613,41.5486,220.149,27.0657,193.7543,12.6738,1.7021,2.6112,2.6745,2.6745,10
822,0.5382,3.0788,6.764,9.9871,183.6466,35.5875,218.1441,24.3196,170.7424,12.2325,0.5381,0.5382,0.5382,0.5381,10
823,0.887,2.0498,5.9649,11.5353,189.4078,32.617,228.514,21.3655,209.4354,7.139,1.2937,1.2937,1.0357,1.0241,-40
824,1.1822,3.2439,4.6889,11.0051,149.6212,29.1263,219.3423,22.23,192.5714,9.8071,0.9799,0.156,0.156,0.156,20
825,3.0787,2.6329,6.8805,11.7846,192.7213,28.4183,220.2002,23.4832,205.7122,6.2394,0.4398,1.356,0.4398,0.4398,10
826,1.8113,2.2475,3.1455,12.438,176.6035,24.4835,198.0219,22.5367,172.1941,14.3769,0.9406,-0.0,-0.0,-0.0,20
827,1.3794,4.0239,3.9656,10.8087,173.3853,24.8178,208.1218,31.6793,187.215,9.854,0.7786,0.2689,0.7786,0.7424,20
828,1.8221,6.0129,9.8999,19.4404,200.2731,37.5492,221.6195,30.2933,203.8097,12.0126,3.0961,0.8036,0.8036,0.8036,20
829,2.9885,3.4605,6.4839,13.0375,175.5602,31.9102,206.7562,18.6385,198.482,9.3272,0.7081,0.0,0.0,0.0,20
830,0.8934,1.301,5.2491,13.6094,174.8523,30.8767,186.0542,22.5353,171.3238,8.8413,0.2192,0.2149,0.2192,0.2192,20
831,3.0178,4.3821,9.3552,12.118,145.453,21.237,198.0189,27.2585,177.867,10.522,0.7746,0.7441,0.7441,0.7441,20
832,2.6841,4.2764,6.27,10.4235,186.9068,52.1226,234.3659,28.9744,202.5045,9.9298,1.0639,1.0639,0.4183,0.4183,30
833,0.779,2.6123,7.0299,9.3846,201.9806,40.7418,205.5909,22.2591,192.3911,7.1145,0.8988,0.1796,0.1796,0.1796,20
834,1.8563,0.8619,1.5238,17.4896,190.8658,38.1966,197.5985,20.4649,184.2232,11.0704,1.5879,1.5614,0.3715,0.6405,30
835,5.4535,6.9287,13.71,18.5023,168.9371,38.3043,220.8133,33.0308,195.9201,14.8321,1.7439,0.7355,0.7355,0.7355,30
836,3.4806,2.6845,4.0044,8.1092,163.9224,34.3065,208.7817,21.6618,196.4267,18.5412,0.1546,0.3725,0.3725,0.3725,10
837,1.3325,5.0645,7.1662,22.6798,182.0674,39.502,216.3558,30.0091,211.1717,16.661,1.8321,0.8354,0.6569,0.6569,30
838,0.6977,0.6977,4.0999,13.5489,158.7061,29.6615,220.5665,30.2233,197.9729,8.294,0.0,0.0,-0.0,-0.0,30
839,0.5882,1.8735,5.5822,13.8559,158.1995,40.5456,202.194,30.8068,181.5976,10.9717,0.8056,0.0866,0.3309,0.2351,20
840,1.6915,1.7093,5.8735,11.6914,196.46,43.3141,211.2288,22.5134,177.7885,7.8027,1.4359,0.7859,1.4359,1.4359,20
841,2.3808,3.0777,5.0654,10.2808,166.7081,31.813,206.0532,19.5812,180.4749,9.2627,0.0,0.0751,0.0751,0.0751,10
842,3.087,3.8507,4.2572,18.3738,191.7654,38.4883,211.4707,14.8543,196.196,9.0381,0.5056,0.5056,0.5615,0.5056,40
843,1.8581,8.2332,8.1947,15.3085,161.3486,25.775,220.2269,21.1002,199.4209,13.5347,2.3926,0.8913,0.8913,0.1926,40
844,0.2016,2.0534,3.4187,11.145,193.6389,39.3211,226.7471,31.9218,179.2881,14.3906,0.5128,0.1729,0.1729,0.1729,20
845,2.3531,2.6526,5.0975,11.6634,174.868,32.5559,218.4718,37.4156,198.5194,15.4826,0.4318,0.627,0.627,0.0842,40
846,3.0651,5.0829,7.7321,11.5281,179.5551,23.83,211.411,20.7244,168.6721,8.0497,1.0932,0.443,0.4313,0.8047,30
847,1.7195,2.439,4.8319,15.069,160.1413,29.0635,195.4687,19.531,176.1283,8.8342,2.1554,0.9206,0.5078,0.5078,30
848,2.9076,4.6175,6.1335,19.9326,191.1553,42.1796,241.2129,28.1673,217.1447,10.6806,1.7542,1.3032,1.3032,1.3032,20
849,1.4644,1.8069,6.7286,13.3005,151.891,25.4046,202.9209,24.2411,189.7223,7.7211,1.5412,1.4,1.4737,1.4737,20
850,1.6742,5.4125,8.8907,14.4831,174.2026,25.5177,224.2799,27.6601,195.1307,10.7242,1.4577,1.2032,0.0,0.0,30
851,2.972,4.7955,4.3039,14.1856,188.2106,32.2628,208.0298,19.0209,182.1238,9.9492,1.459,1.4519,0.8129,0.3542,40
852,4.5813,3.8779,6.3294,13.0338,172.2088,32.1208,215.9116,22.2762,176.7272,12.0809,1.2144,0.8356,1.3406,1.4724,20
853,1.7354,1.8954,4.8557,13.5089,170.6337,24.3328,203.286,30.7136,174.218,8.4756,0.0968,0.9729,0.9729,0.9729,10
854,0.3004,1.0239,6.0426,7.9903,190.7876,35.5684,220.2899,25.9704,155.4146,8.7098,0.1371,-0.0,0.2285,0.2285,20
855,1.1371,1.4877,3.3551,7.9845,171.602,21.5041,205.2663,17.1621,168.0406,5.5407,0.0551,0.0551,0.0551,0.0551,20
856,2.4176,4.3948,7.5674,9.9351,195.6646,24.0683,207.0401,22.8117,177.6501,6.748,0.4014,1.1526,1.1526,1.1526,10
857,2.1275,6.0308,10.2,16.3715,205.7955,43.0374,215.621,29.7201,206.2359,15.4789,0.339,0.2662,0.2662,0.2662,20
858,0.7375,2.2685,4.8563,9.0853,181.9408,23.7712,182.1339,16.5753,175.46,8.0094,1.0674,0.6559,0.6559,0.6559,30
859,0.6161,1.5086,0.5496,7.8477,184.0686,27.2241,203.1087,25.2117,181.5666,5.5104,0.5892,1.0528,1.5711,0.6825,-20
860,1.2357,1.9548,6.7778,15.1217,190.3443,44.3109,241.8519,29.8154,203.9268,9.2584,0.3631,0.3072,0.3072,0.3072,20
861,1.273,1.273,6.8665,15.7927,197.2414,31.0674,215.988,27.5568,175.7375,12.7672,0.9877,0.0144,0.0144,0.0144,20
862,1.1058,1.9351,4.5955,9.2799,195.0727,30.4569,222.7031,25.969,190.402,5.2765,1.733,1.534,0.6396,1.2689,30
863,2.6846,2.6846,7.3465,9.0747,200.466,37.4563,230.8725,22.42,206.2884,10.1082,1.8457,1.8457,1.8457,1.8457,20
864,0.7565,1.6801,10.0655,12.5588,192.5701,33.8239,231.7967,25.4786,182.0927,9.8982,1.444,0.025,0.025,0.025,20
865,1.4751,2.6094,4.4142,16.4184,206.2391,43.6462,231.3995,29.9922,187.313,11.1731,0.7998,1.1446,0.8594,0.8594,10
866,1.1231,1.484,2.3575,5.2396,161.4312,25.4158,201.7467,19.3411,177.3864,8.8428,1.9632,0.1405,-0.0,-0.0,30
867,1.8502,2.6581,3.6237,12.3396,192.6249,31.0671,225.8414,26.0481,210.1718,12.7834,1.0969,0.2923,0.1077,0.1077,30
868,1.0482,7.1836,10.8604,24.0481,163.4065,31.8782,194.572,21.9597,179.4692,7.1884,0.961,0.8858,0.9021,0.2296,40
869,2.363,2.231,4.948,13.9558,149.5101,27.2902,185.5305,20.1326,180.5706,5.749,1.0006,0.8446,1.0006,1.0006,20
870,2.4164,5.0073,5.8899,13.366,179.7302,21.0505,176.7923,22.5192,164.7748,8.0704,0.2344,0.992,0.9789,1.829,10
871,2.0564,2.7375,5.3871,8.7997,173.1363,32.3361,213.9218,30.2488,200.1011,6.8665,0.9021,0.9103,0.9103,0.5828,40
872,0.0153,1.0524,1.6674,3.0944,167.6293,26.3676,218.9358,19.8882,181.8939,4.5356,0.0153,0.0153,0.0153,0.0153,20
873,0.7058,2.8327,5.586,11.7869,171.0756,33.4902,232.0748,30.0509,198.692,12.3895,0.2721,0.4823,0.4823,0.4823,10
874,0.8881,4.0568,7.3639,13.31,211.8182,28.0508,226.5858,26.0111,185.3844,9.4902,0.0071,0.0512,0.0512,0.0512,10
875,1.1013,1.1013,3.6493,11.4121,187.6145,27.66,207.5631,25.5117,173.445,7.1479,1.0479,0.7803,0.7803,0.7803,20
876,0.5265,3.6488,7.7328,10.4678,172.7705,24.5685,187.3448,32.9244,178.7294,9.2796,0.3676,0.7206,0.6709,0.6216,10
877,0.1615,3.476,2.135,6.1873,173.9613,26.161,201.2195,22.2038,193.6013,6.763,0.1615,0.1615,0.1615,0.1615,20
878,1.763,4.6149,8.0581,15.224,203.424,25.6753,223.219,27.8265,201.7562,14.3445,0.7801,0.8132,1.0153,1.0153,10
879,2.3557,2.9383,4.9895,14.0342,190.6257,33.5543,216.549,30.872,180.6749,5.8125,0.6551,0.6551,0.6551,0.6551,20
880,4.9206,7.2044,7.2716,14.3533,208.4866,35.2598,217.2686,26.8422,201.9731,11.4828,1.101,0.5739,0.2705,0.2546,40
881,2.2213,3.0141,5.1768,7.7358,177.6499,23.4081,178.3554,17.7787,170.316,3.696,0.5466,0.5466,0.1969,0.1969,40
882,1.5325,1.7593,6.6978,11.7434,173.8253,32.9746,211.47,19.4665,184.3014,11.4551,0.7906,0.7906,0.6599,0.1113,40
883,6.6842,7.381,7.8872,15.2274,206.266,34.632,233.8494,22.8506,208.3063,17.2661,1.5328,2.1105,2.1668,1.605,10
884,1.079,4.565,5.3335,12.6154,187.5924,31.4756,205.5534,33.7316,192.6186,16.7688,0.6328,0.1697,0.1697,0.1697,20
885,0.722,0.722,3.9749,9.2525,203.7398,27.0287,205.4619,30.4626,191.4272,7.285,0.722,0.722,0.1802,0.1802,30
886,1.8791,2.0908,4.2172,13.6107,173.2046,36.8299,206.526,23.8862,178.3667,8.9672,1.5904,0.8076,0.8076,0.8076,20
887,1.0172,2.1986,5.4022,17.5513,174.359,35.8779,193.7682,23.3577,187.6199,11.1293,0.2374,0.1461,0.1461,0.0705,40
888,1.9226,5.3787,8.4595,7.5961,185.9171,25.6922,199.5534,26.7887,162.7632,9.0265,0.1373,0.0842,0.1373,0.7817,20
889,2.3395,1.9436,5.1787,14.2903,178.3421,37.9072,197.4434,29.3023,175.5836,6.5061,1.3733,1.6422,1.6422,1.771,10
890,1.6607,4.8703,8.78,17.92,198.5376,54.063,230.6707,22.9469,204.4912,11.2741,0.6122,0.0,0.0,0.0,20
891,0.6648,1.7197,2.743,11.7079,126.9071,28.0761,177.9474,28.4663,164.5799,6.4143,0.5615,0.1225,0.1225,0.4311,20
892,1.7294,2.6748,7.4033,9.4255,187.8525,30.1043,189.0282,34.8789,172.8692,14.7579,1.2406,1.0942,1.0318,0.9197,40
893,1.9512,2.8043,10.527,15.304,180.3013,38.1154,198.3576,27.9318,188.1031,10.9186,0.5067,-0.0,-0.0,-0.0,20
894,3.6966,6.987,11.4316,15.0477,155.3116,29.4369,235.7226,20.9824,196.7689,13.5854,3.1597,2.0297,2.3851,2.3851,20
895,2.2137,1.5841,4.0326,12.8673,206.1481,35.8299,225.7949,20.604,192.6309,4.0624,0.1604,0.1604,0.1604,0.1604,20
896,1.1697,3.8442,9.0774,20.7781,212.5282,34.3679,225.2613,23.4842,209.8561,8.9723,0.7163,0.5878,0.5878,0.5878,20
897,2.0154,1.2312,3.9263,14.0577,159.8248,36.6089,188.6966,17.0785,174.5707,4.9895,0.5424,0.2908,0.2908,0.6345,30
898,3.547,4.6579,5.2768,7.292,158.8163,35.475,222.1488,29.3787,185.8613,8.9905,2.1227,1.1398,0.5693,0.5693,30
899,2.047,2.8727,6.4947,11.0703,166.6592,32.5455,180.0814,19.7844,170.7025,5.9076,0.4926,1.0412,0.958,0.958,10
900,1.4859,1.2578,3.0416,10.5594,162.2771,29.5187,203.0341,19.1778,187.7609,10.42,0.0538,0.0538,0.0538,0.0538,20
901,1.5028,2.8061,5.9003,14.8581,183.7987,45.6332,215.1641,27.1898,199.9575,8.4622,1.7799,0.6977,0.6977,0.6977,20
902,1.7989,2.8503,9.393,8.7202,166.9733,26.4466,195.1523,21.6807,181.0934,7.8937,0.5579,0.6214,0.5308,0.5308,30
903,2.0485,2.5733,6.4727,10.7141,205.8695,27.2318,242.9691,21.0858,181.2857,7.438,1.5732,1.0432,0.9733,1.0432,30
904,3.7268,5.6406,8.1652,9.6245,169.511,22.8929,189.9815,23.0055,172.9024,9.1772,1.0697,1.3455,1.357,1.6442,10
905,1.1078,2.3513,5.2541,11.4737,183.7816,35.9705,204.1745,24.5491,193.9747,7.7067,1.1078,1.9064,2.2101,1.914,-40
906,2.3377,3.0733,4.6012,10.6212,172.2294,31.2235,203.2282,32.2455,162.3828,6.2704,0.7566,0.7566,0.7566,0.6939,40
907,0.4483,1.8508,4.0658,7.5538,183.8441,28.4468,216.3569,22.7677,200.6784,7.0705,1.0805,0.0,-0.0,-0.0,30
908,0.4756,3.9652,5.6124,15.7885,179.2578,37.8871,221.1285,41.2824,193.291,12.5994,0.6719,0.0,0.0,0.0,20
909,3.8579,4.023,8.9549,17.993,192.6882,35.9066,218.4862,28.4702,198.7869,12.4529,1.4859,1.3683,0.4956,0.4955,40
910,1.907,1.9968,3.902,11.6256,176.6765,37.6392,211.1816,25.5579,199.4696,9.568,2.3349,1.3627,1.3739,2.2356,20
911,3.8235,4.7998,6.5866,15.4954,193.8509,29.4089,194.2013,32.7356,175.3489,11.8805,1.8153,1.9494,1.3437,1.128,40
912,5.1089,7.0106,8.0518,18.9029,151.2924,33.8207,199.9146,35.3309,181.0548,12.1548,1.8774,1.2913,1.4595,1.4595,20
913,2.0017,2.4948,6.3475,18.9101,186.1061,39.8976,208.1853,30.3605,170.7193,10.7177,0.3845,0.3845,0.3845,0.3845,20
914,3.395,2.9543,5.8698,19.8305,186.839,50.0598,210.678,28.5454,194.6016,13.0908,2.7608,1.4897,1.2329,1.9432,30
915,3.1702,4.4585,3.1918,7.5955,199.3012,39.5871,232.8198,20.2523,198.8194,9.5384,1.1839,0.196,0.5762,0.196,20
916,1.1573,1.9234,10.9431,18.3554,187.9574,44.8357,213.3004,31.2282,189.3722,10.6155,0.1872,0.4495,0.4495,0.721,10
917,1.3899,4.6523,8.6584,13.5152,165.5689,29.0814,192.7436,22.0915,167.2514,11.1866,1.4828,0.5963,0.5057,0.5057,30
918,2.2921,2.841,3.2941,6.0862,170.5358,29.9642,197.3822,25.3239,185.4002,8.1891,1.6402,0.671,0.671,0.671,20
919,0.7524,0.7524,4.4958,12.2703,238.6645,28.337,248.8459,21.309,214.5982,5.1557,0.3716,0.4973,0.4973,0.4973,10
920,3.8178,4.849,6.352,15.177,205.5382,42.4878,234.2953,19.6046,190.2113,7.3559,0.6622,0.9198,0.9198,0.9198,10
921,2.7436,2.4901,5.3298,6.909,141.0963,32.7144,211.205,21.9531,180.5589,9.1473,1.9623,1.7186,1.7186,1.7186,30
922,1.2919,4.3408,7.7831,10.8203,165.8951,23.7162,190.1836,23.9709,173.3369,10.1517,0.409,0.5365,0.409,0.409,10
923,1.5053,2.3859,5.9308,17.6029,175.0604,34.576,200.4232,30.8937,171.4749,7.6286,1.7793,1.6518,1.6518,0.9614,40
924,3.2648,2.8403,6.0613,8.8584,146.4109,13.5231,184.6349,22.893,168.1722,10.5906,0.6896,0.5662,0.5662,0.4197,40
925,4.247,6.2472,8.2735,10.1641,160.5735,24.5357,196.1335,22.5886,182.9491,10.9157,1.1747,1.1107,0.7749,0.7749,30
926,3.3569,3.1829,4.5519,11.6696,166.9574,24.7507,196.6942,21.3134,175.7686,7.279,0.465,0.465,0.465,0.465,20
927,3.2824,4.6919,5.8433,10.6106,162.7581,27.2514,192.5481,22.6965,190.0198,7.6889,0.6024,0.6024,0.6024,0.6024,20
928,1.902,1.3308,6.001,12.5895,170.0875,32.656,201.573,25.6391,179.917,7.562,0.855,0.855,0.8571,1.0552,20
929,0.2135,0.8828,5.8373,14.208,165.3839,32.52,180.7421,24.3108,173.5931,10.3553,0.7481,1.0466,0.0732,0.0732,30
930,1.8379,2.1177,4.908,18.263,178.6987,33.3746,198.469,33.492,176.2431,7.9725,0.2575,0.1583,0.1583,0.1583,30
931,1.495,3.0489,5.6744,20.2184,198.7859,36.8672,221.0358,23.2847,192.3934,10.8426,1.9744,-0.0,-0.0,-0.0,20
932,1.1356,2.3179,2.1132,8.8801,183.2551,38.6834,203.7021,19.1287,177.7978,6.1702,1.4225,-0.0,1.0903,0.6544,20
933,3.4921,4.3462,8.5208,18.9543,194.6158,40.8131,227.484,34.4221,203.013,13.3557,0.1057,0.1057,0.1057,0.1057,30
934,1.9476,5.3429,4.0714,11.5448,172.1405,26.809,208.3023,30.8113,194.2048,9.5049,0.0632,0.0632,0.0632,0.9287,20
935,0.0273,2.0214,4.4301,10.0324,184.4177,35.204,221.0283,19.7547,198.2007,9.2701,0.0273,0.0273,0.0273,0.0273,20
936,0.4538,1.2055,2.6863,10.9686,172.138,29.7149,182.4052,22.6322,162.8491,3.7538,0.9818,0.7738,0.5937,0.5937,-40
937,3.4339,3.103,4.4818,14.2567,189.6718,41.1162,201.4939,34.2465,192.3258,12.6417,1.6813,1.1726,0.1041,0.1041,30
938,1.3202,2.2967,5.9102,22.6237,199.2386,29.0473,204.5204,25.5025,181.2078,12.4246,2.0398,1.3202,0.3609,0.56,30
939,1.5739,1.5879,3.0932,11.176,172.2709,37.4935,219.5663,23.3858,199.432,2.8666,0.9765,0.3001,0.3001,0.3001,20
940,1.3596,3.1298,5.4275,16.8684,204.3114,25.7679,221.542,18.0221,210.3572,7.323,0.849,0.4772,0.4772,0.4772,20
941,0.4929,0.9439,7.6308,16.6727,178.3693,40.4699,206.4356,32.3987,193.0179,19.2522,0.4929,0.4929,0.3368,0.3367,40
942,1.0517,2.7227,7.4733,10.2952,153.7183,33.1601,180.8094,23.9795,181.5798,15.3737,0.713,0.5128,0.2775,0.1978,40
943,1.0683,1.8166,4.1917,19.376,174.3825,41.8664,218.3508,30.605,180.843,9.6916,0.7132,0.0584,0.0584,0.0584,20
944,2.6062,3.9166,8.6135,16.0187,169.4591,28.1648,221.4963,30.3988,190.625,11.7,1.9906,1.2652,1.7695,1.7695,20
945,1.7905,3.7932,6.3992,15.0309,213.2536,37.7061,222.0111,27.6358,198.5611,10.8923,0.8551,1.1611,0.74,1.269,30
946,0.4819,1.5807,7.6094,9.4483,187.4896,35.7932,218.6994,34.2907,203.5606,13.4797,1.223,0.1866,0.0,0.0,30
947,0.5198,0.5198,4.7349,12.7852,180.8198,29.3627,211.5941,16.1035,165.7033,8.8329,-0.0,-0.0,-0.0,-0.0,20
948,0.8779,1.2922,1.5902,10.5469,178.768,26.367,200.9125,30.9708,168.0557,7.2392,0.117,0.4306,0.117,0.117,10
949,0.9636,2.1373,6.9894,12.0816,207.847,28.1307,213.1205,17.7891,205.9297,4.3428,1.4823,0.6243,0.6293,0.8662,20
950,0.929,1.0226,7.0408,15.0145,187.9463,17.3544,201.3843,28.3406,179.5636,7.4156,0.154,0.154,0.154,0.154,20
951,-0.0,1.7869,2.7416,5.0769,207.6248,29.6366,226.1533,16.6243,208.6676,7.3234,-0.0,-0.0,-0.0,-0.0,20
952,1.4045,2.7259,5.7059,11.848,184.2609,27.9733,200.8628,21.9248,185.2682,11.4744,1.1072,0.6146,0.6146,0.6147,20
953,0.2592,2.9133,5.7421,6.3238,178.5243,21.8204,198.6773,21.3009,176.9937,8.9415,1.3863,0.3399,0.3399,0.3399,-40
954,0.6367,3.1214,4.9034,13.9649,211.5459,46.8273,227.9408,32.9256,208.4174,5.831,1.1633,-0.0,-0.0,-0.0,20
955,1.4874,4.892,6.8706,15.2542,189.6025,38.3348,208.9404,17.8189,200.5786,13.9573,0.5045,-0.0,-0.0,-0.0,20
956,0.5993,1.3146,5.7733,20.7164,168.9595,41.5294,220.3139,29.3324,193.2004,6.8356,0.4513,0.4513,0.9141,0.9141,20
957,3.8109,4.2785,5.7715,10.5199,175.9568,32.347,221.8204,26.0037,185.4578,14.2662,1.696,1.1534,1.111,1.1111,30
958,0.57,0.9387,3.9199,11.6918,177.0892,36.911,205.5091,24.702,189.9719,11.2284,0.57,0.57,0.57,0.57,20
959,1.5696,2.6879,6.82,8.9151,219.5142,31.5428,248.7384,27.9818,205.9278,8.9942,0.3657,0.3657,0.3657,0.3657,20
960,0.5039,1.1454,3.4651,14.6522,189.514,36.712,212.4079,27.8177,201.4178,7.3163,0.9012,0.4247,0.4247,0.4247,20
961,0.7765,1.1834,1.8524,12.4152,159.6532,25.228,167.7083,28.7579,161.9762,10.347,1.9538,0.992,0.9585,0.9585,-40
962,3.1461,5.3478,9.3685,17.805,169.5386,30.4711,186.5346,27.7367,173.3761,12.601,0.0602,0.0601,0.0601,0.0601,20
963,1.4204,2.1207,5.8741,16.2952,182.0854,30.8776,214.1305,23.5232,196.7981,8.68,1.1354,0.8765,0.8765,0.8765,20
964,0.1379,0.1379,7.5089,16.1796,158.9044,32.8077,200.8625,29.1378,175.6276,10.3309,0.1379,0.1379,0.1379,0.1379,20
965,3.0485,5.7224,11.1249,14.7095,171.1082,35.1147,210.6195,22.833,187.885,10.521,2.7093,0.9224,0.9224,0.9224,20
966,4.2803,2.1334,4.914,6.6356,182.9569,34.1276,203.8975,21.7285,182.8578,10.5259,2.3642,0.7174,1.1451,1.7993,20
967,1.1723,3.7872,5.4404,14.4063,190.74,16.6811,211.2156,20.4767,182.0325,9.0721,0.099,0.5832,0.5832,0.7704,10
968,0.3535,2.2848,5.3545,14.6422,144.9074,33.2781,196.1214,30.7821,181.5591,14.5934,1.8817,1.2753,0.5411,0.5411,-40
969,1.6824,4.0628,7.6946,13.1834,173.3659,37.1958,191.6836,33.8454,193.0797,11.6262,2.7739,1.0069,1.0069,1.0069,20
970,1.8548,2.4015,5.8853,13.3192,221.2046,28.3218,226.6209,29.9116,197.7293,11.4675,2.3702,0.454,0.454,0.454,20
971,6.9493,5.9188,7.3107,11.4353,186.8501,45.402,231.9421,35.4537,189.0815,5.3652,2.7749,1.5048,1.5048,1.5048,20
972,1.7443,2.3614,10.2068,7.1062,165.1033,36.6517,208.5843,23.9919,186.7355,11.4481,1.3821,1.4506,0.7413,0.0405,40
973,0.5467,0.4637,1.8576,14.1467,205.4724,40.3231,232.9927,20.9917,208.3098,11.4357,0.9328,0.7436,0.7436,0.7436,-30
974,1.3087,1.6067,4.0353,15.9286,148.5657,28.3523,213.1796,26.5687,189.696,9.841,0.4387,0.2665,-0.0,-0.0,30
975,2.4138,2.542,10.4459,20.3964,183.0763,34.6737,219.3573,25.228,178.2834,10.0571,0.1367,0.1367,0.1367,0.1367,20
976,1.1926,2.5681,6.4042,14.8963,159.7976,35.0913,196.1048,21.7717,174.5954,10.6878,0.6857,0.8762,0.9982,0.3823,40
977,3.2085,3.3063,5.8173,11.2622,169.7832,36.6867,188.4498,22.9395,174.8187,7.8777,1.0392,1.7747,1.011,1.4536,30
978,1.6945,3.1716,6.4861,13.0019,185.0165,37.932,217.0709,16.4356,188.1545,8.8123,2.3634,1.4062,0.3622,0.3622,30
979,1.7698,2.4871,4.2087,5.9764,170.7404,33.5022,180.5311,25.1474,171.121,7.1113,0.3028,-0.0,-0.0,-0.0,20
980,0.4553,0.4553,6.7585,14.4759,173.786,30.3322,201.9246,26.0009,194.2763,9.7313,1.1433,1.1433,1.1433,0.4553,-30
981,2.2332,6.0978,11.7948,15.7625,175.1546,43.1342,210.856,18.2079,217.0679,9.0479,0.3713,0.3713,0.3713,0.3713,30
982,1.2365,4.6053,6.5545,12.9942,192.6911,39.2516,205.9047,21.0665,187.2712,9.4649,2.0654,0.2526,0.2526,0.2526,20
983,1.0077,0.6387,3.5856,9.5703,172.525,30.3975,184.724,27.2366,167.8448,7.6682,0.5029,0.2276,0.2276,0.2276,20
984,0.8949,2.1952,5.5742,19.2206,184.5041,38.4714,227.0286,23.4696,204.9307,7.6609,0.6024,1.6152,1.0842,0.65,10
985,2.2646,2.4753,2.1682,9.2909,180.5761,28.3298,197.6945,22.1497,183.2968,10.7791,1.8566,0.5061,0.3352,0.3352,30
986,0.3638,1.274,5.4809,15.1045,180.3053,40.3598,202.2373,17.8727,178.153,7.5419,0.2844,0.3588,0.3588,0.3588,10
987,2.6549,3.1678,7.8006,12.8883,177.5374,35.6285,226.2156,32.4047,189.6065,13.9497,3.0952,2.2078,2.4465,1.2747,40
988,1.8733,1.6575,4.9387,12.6215,172.2957,24.0304,204.5719,25.165,188.5033,5.0049,1.8963,2.1565,1.185,1.185,30
989,3.9036,2.7416,4.6612,12.9327,153.5976,33.1647,230.2,27.2735,175.9727,13.547,0.9566,0.9077,0.9077,0.9077,20
990,2.7464,1.79,4.7791,10.6622,176.3206,24.9024,184.7614,20.5908,164.5728,9.4539,0.6256,0.6097,0.6256,0.5944,40
991,1.2126,2.0561,3.1301,10.0503,190.0564,29.3142,204.5893,17.0156,181.8953,3.2619,0.7483,0.539,0.539,0.539,30
992,1.8001,2.655,4.5138,16.5013,188.6659,34.1349,211.439,31.0856,204.8634,7.0092,0.6894,0.5272,0.5272,0.5272,30
993,0.8427,2.4402,8.2945,13.3142,148.6891,33.7424,197.6448,23.0147,181.2616,12.212,1.0767,0.5018,0.5018,0.5018,20
994,2.575,6.9275,7.272,12.3683,166.6258,33.3442,212.5711,24.198,201.3309,8.8063,0.4085,0.4085,0.4085,0.4085,20
995,0.5616,2.8318,3.7436,13.0304,150.7023,36.1296,235.5841,22.9809,181.1863,9.9434,0.4229,0.3481,0.3726,0.4868,20
996,1.9592,5.8773,5.6755,9.8855,188.5617,34.1736,220.5512,29.4297,194.5783,12.874,0.6334,0.6863,0.6863,0.6863,10
997,2.9003,3.5595,10.3565,14.696,178.9186,39.8743,224.3001,26.1476,175.6651,15.2882,2.3091,1.918,1.918,0.7812,40
998,2.6735,3.265,4.6834,12.3542,190.8979,23.8281,220.3515,17.1677,191.9658,11.7557,1.1744,0.8687,0.8687,0.8687,20
999,1.3983,2.3822,4.523,15.2181,178.1829,29.522,214.3142,28.7105,195.5839,10.6251,-0.0,-0.0,-0.0,-0.0,20
