instance,-40,-30,-20,-10,-5,-2,-1,1,2,5,10,20,30,40,lkh_cost,best_k
0,1.72439,1.774829,1.765051,1.828278,4.905852,2.164547,5.057291,2.187425,4.851594,1.872193,1.733467,1.729362,1.72667,1.72667,1.716446,-40
1,1.644329,1.659469,1.727623,1.79951,4.676948,2.257059,4.952121,2.113909,4.386684,1.782711,1.595735,1.593399,1.593399,1.589689,1.588282,40
2,1.758048,1.778686,1.802129,1.954162,5.02177,2.365958,5.535151,2.229374,5.361053,1.950748,1.744089,1.754528,1.757814,1.752306,1.740016,10
3,1.640716,1.674377,1.678349,1.813618,4.61639,2.1242,4.845813,1.981037,4.289258,1.788701,1.606937,1.620382,1.614919,1.610707,1.602808,10
4,1.552629,1.621752,1.601592,1.761405,4.288856,2.034725,4.534223,2.014146,4.567646,1.662649,1.529532,1.515653,1.515653,1.515653,1.514777,20
5,1.551563,1.551563,1.609504,1.722798,4.097036,1.977605,4.594416,1.882816,4.330083,1.648386,1.554304,1.559448,1.556015,1.563337,1.540912,-40
6,1.62329,1.662617,1.692974,1.847542,4.610777,2.210672,5.067638,2.033916,4.92523,1.824449,1.607657,1.606849,1.606849,1.606849,1.597726,20
7,1.307841,1.307841,1.352046,1.403223,3.585641,1.700355,4.459018,1.592617,4.116649,1.436378,1.295999,1.307125,1.307841,1.307841,1.290063,10
8,1.605094,1.622467,1.740603,1.829638,3.966443,2.156287,4.821663,2.131914,4.43281,1.814726,1.594549,1.594549,1.594549,1.594377,1.594377,40
9,1.613821,1.599702,1.642935,1.802177,4.850924,2.106441,5.1097,2.106402,4.258999,1.712905,1.587961,1.587961,1.587961,1.587961,1.583613,20
10,1.616179,1.621536,1.720658,1.790811,4.58731,2.22397,4.776598,2.074976,4.337319,1.824109,1.619371,1.624452,1.619565,1.614179,1.610598,40
11,1.318321,1.350352,1.393112,1.491778,3.676282,1.758386,4.267874,1.674643,3.96142,1.441246,1.306895,1.303332,1.303332,1.303332,1.303332,20
12,1.526174,1.520948,1.578796,1.657881,3.823126,1.944404,4.770049,1.967272,4.499216,1.615647,1.501788,1.495326,1.495326,1.495326,1.492725,20
13,1.634847,1.637671,1.690871,1.791081,4.241978,2.127017,5.015655,1.986913,4.56397,1.663329,1.615649,1.612644,1.612644,1.612644,1.606047,20
14,1.223524,1.252097,1.258743,1.374616,3.076161,1.488163,3.740721,1.457482,3.548352,1.28892,1.204767,1.208354,1.221563,1.206867,1.199281,10
15,1.574974,1.632898,1.666882,1.788877,4.562503,2.127146,5.057036,2.003554,4.358933,1.820205,1.574974,1.574974,1.574974,1.574974,1.573446,20
16,1.706047,1.687522,1.744803,1.837117,4.256082,2.227235,4.731374,1.993357,4.471593,1.885179,1.660067,1.662414,1.671778,1.669165,1.659711,10
17,1.658546,1.664006,1.737944,1.74204,4.689468,1.981442,4.866479,1.916288,4.420477,1.729773,1.61751,1.617014,1.617014,1.617014,1.616187,20
18,1.461775,1.47353,1.520234,1.610533,4.335862,1.876194,4.712754,1.673432,4.238815,1.519527,1.440704,1.440704,1.440704,1.440704,1.425818,20
19,1.64451,1.647899,1.689277,1.776621,4.230072,2.192244,4.722672,1.99661,4.474344,1.754856,1.641232,1.632358,1.632358,1.632358,1.631681,30
20,1.598005,1.619475,1.67866,1.740031,4.059773,1.996028,4.726719,1.835333,4.421222,1.729407,1.590436,1.590436,1.593884,1.593884,1.589277,20
21,1.53423,1.561947,1.579961,1.660154,4.306712,1.911284,4.506851,1.786243,4.195044,1.675762,1.54634,1.530392,1.541332,1.540175,1.487003,20
22,1.857525,1.873518,1.95787,2.057109,4.898256,2.300962,4.99008,2.276605,4.604444,1.956811,1.858323,1.860657,1.861075,1.847752,1.839002,40
23,1.599668,1.596571,1.62515,1.749375,4.766498,2.028834,4.677448,1.786193,4.378895,1.729938,1.563846,1.546724,1.555458,1.55147,1.541306,20
24,1.518671,1.531969,1.536086,1.668706,3.73694,1.953765,4.84337,1.759228,4.425636,1.6661,1.506633,1.50856,1.499474,1.513577,1.494457,30
25,1.496482,1.493667,1.55667,1.684541,4.397711,2.031322,4.642226,1.883908,4.421244,1.65982,1.495333,1.495333,1.46785,1.46785,1.46785,30
26,1.553364,1.58877,1.623095,1.740853,4.172194,1.983045,4.795996,1.797937,4.514455,1.632028,1.540934,1.529151,1.528637,1.528637,1.524776,30
27,1.60169,1.609502,1.665509,1.739011,4.658844,2.257198,4.891777,1.980462,4.600495,1.767022,1.601195,1.597227,1.60169,1.60169,1.589871,20
28,1.485861,1.51892,1.522231,1.596194,4.287534,1.737098,4.59151,1.677548,4.292484,1.573674,1.456082,1.456082,1.456082,1.448748,1.448748,40
29,1.695081,1.765869,1.805354,1.984274,4.722533,2.279912,5.162198,2.191992,4.919307,2.00012,1.660539,1.660313,1.660313,1.660313,1.655441,20
30,1.66371,1.698898,1.734446,1.852435,4.248919,2.118774,4.961261,2.113236,4.445562,1.815273,1.64834,1.64834,1.64834,1.64834,1.64834,20
31,1.469283,1.489551,1.513829,1.541742,4.058845,1.971327,4.290562,1.784413,4.027326,1.535284,1.468076,1.468076,1.468076,1.468076,1.468076,20
32,1.436212,1.459783,1.494175,1.469675,3.575259,1.804349,4.183526,1.707461,3.964173,1.515565,1.41214,1.421883,1.416366,1.416424,1.406913,10
33,1.670878,1.697419,1.787886,1.92135,4.962016,2.241597,5.449654,2.151406,4.898088,1.768125,1.648908,1.652232,1.644307,1.644307,1.633133,30
34,1.560746,1.56808,1.641932,1.848129,3.88983,1.989623,4.641981,1.98712,4.440726,1.658723,1.544712,1.553842,1.553842,1.553842,1.538275,10
35,1.497305,1.511823,1.553229,1.644234,4.438847,1.986684,4.69919,1.924028,4.569566,1.681952,1.484998,1.487728,1.479126,1.486136,1.466283,30
36,1.479468,1.48096,1.516199,1.614343,3.821625,1.897637,4.31683,1.788126,4.20351,1.607018,1.467777,1.460869,1.460869,1.459927,1.450387,40
37,1.707811,1.750335,1.799885,1.959448,4.708304,2.368617,5.167413,2.296098,4.814065,1.830693,1.70027,1.704332,1.709161,1.704332,1.699609,10
38,1.704571,1.750127,1.764855,1.842791,4.593703,2.24712,5.029986,2.033377,4.700259,1.868681,1.677384,1.677384,1.677384,1.677384,1.669138,20
39,1.464727,1.474183,1.513741,1.580303,3.381416,1.832436,4.41087,1.796977,4.180142,1.583833,1.45448,1.45448,1.456059,1.45608,1.448369,20
40,1.584975,1.584975,1.666564,1.748079,3.898312,2.010124,4.717734,1.886677,4.255034,1.718876,1.583994,1.561547,1.561547,1.561547,1.559309,20
41,1.705481,1.737106,1.790334,1.90955,4.504842,2.240777,5.436447,2.060755,4.837652,1.875341,1.694719,1.667575,1.667575,1.667575,1.667575,20
42,1.709045,1.701763,1.748675,1.830301,4.632406,2.10791,5.050266,2.175167,4.861944,1.789546,1.681251,1.679529,1.68112,1.681251,1.67424,20
43,1.304579,1.353546,1.447016,1.523726,3.467298,1.784549,3.981724,1.54671,3.507957,1.396097,1.290015,1.304579,1.299905,1.299905,1.289835,10
44,1.689049,1.716449,1.732926,1.762299,4.812188,2.276973,5.339699,2.006887,4.998062,1.724386,1.6444,1.626916,1.61759,1.610985,1.604553,40
45,1.460271,1.498295,1.489504,1.640271,4.265809,1.926514,4.572972,1.787996,4.095762,1.555196,1.438523,1.438523,1.438523,1.438523,1.438523,20
46,1.523004,1.594068,1.641707,1.704001,4.338178,2.193162,4.74334,1.839574,4.403252,1.585026,1.499146,1.492539,1.492539,1.492539,1.48142,30
47,1.507159,1.496,1.497956,1.639608,4.205347,1.808266,4.357306,1.741454,4.203107,1.618359,1.504179,1.489095,1.490941,1.479081,1.479081,40
48,1.592207,1.616044,1.658392,1.770419,4.040372,1.988341,4.49866,1.915518,4.185209,1.755055,1.574003,1.573718,1.573718,1.573718,1.559953,30
49,1.653776,1.676618,1.72875,1.888209,4.344317,2.044719,4.807706,2.013392,4.73692,1.748494,1.624171,1.621485,1.614693,1.621112,1.614693,30
50,1.524829,1.525672,1.549612,1.736454,3.851856,2.010368,4.743264,1.995561,4.58446,1.621858,1.475965,1.48998,1.48998,1.48998,1.475457,10
51,1.480709,1.498387,1.553885,1.608161,3.588563,1.939952,4.324404,1.936154,3.859586,1.610838,1.482724,1.473939,1.471083,1.47313,1.455286,30
52,1.697577,1.734813,1.759776,1.940809,4.634126,2.385097,5.492457,1.974655,5.102102,1.786053,1.646736,1.673523,1.646736,1.646736,1.640097,10
53,1.556404,1.556404,1.649546,1.777658,4.112438,2.127941,4.95871,1.817556,4.561876,1.628277,1.535075,1.541484,1.541484,1.541484,1.534369,10
54,1.650977,1.668969,1.738209,1.882492,4.257867,2.227586,4.458439,1.933699,4.391002,1.71069,1.66489,1.650977,1.650977,1.650977,1.645952,20
55,1.631778,1.671529,1.72368,1.828604,4.018239,2.154616,4.856798,2.114536,4.389107,1.81907,1.631539,1.613143,1.613143,1.610236,1.606644,40
56,1.525824,1.529683,1.541629,1.638967,4.247602,1.938276,4.443945,1.74246,4.29372,1.643814,1.512776,1.512776,1.512544,1.512544,1.511484,40
57,1.48218,1.534826,1.587447,1.642707,4.250159,1.956103,4.698921,1.904829,4.250265,1.541217,1.475321,1.451765,1.451765,1.451765,1.449749,20
58,1.774773,1.806975,1.838386,1.992391,4.886818,2.27414,5.459914,2.23992,4.815345,1.904145,1.774773,1.770449,1.759701,1.759701,1.75353,30
59,1.828183,1.864763,1.887329,1.908223,4.628843,2.249229,5.40961,2.044216,4.833673,1.958103,1.826848,1.826848,1.826848,1.826848,1.826848,20
60,1.544022,1.577965,1.594558,1.672814,4.339047,2.119534,4.898776,1.946096,4.545287,1.632716,1.524269,1.524269,1.548438,1.548438,1.508706,10
61,1.638224,1.633889,1.663184,1.805212,4.59286,2.124708,4.992766,1.985817,4.511237,1.770182,1.607041,1.599357,1.599357,1.599357,1.598453,30
62,1.725019,1.736138,1.810509,1.882929,4.77721,2.207509,5.280928,2.202083,4.922926,1.86831,1.720804,1.709368,1.709119,1.709119,1.708095,30
63,1.658407,1.652208,1.740825,1.819628,4.213654,2.150617,5.01073,1.961373,4.788393,1.753391,1.634901,1.63167,1.63167,1.63167,1.605281,20
64,1.481747,1.493596,1.534768,1.57331,3.864344,1.794598,4.398976,1.934467,4.139106,1.608257,1.490164,1.481511,1.481511,1.481659,1.463867,20
65,1.456639,1.448142,1.496972,1.689804,3.525278,1.768857,4.787609,1.671393,4.321725,1.625719,1.448142,1.441277,1.441277,1.441277,1.437965,20
66,1.509877,1.547807,1.620322,1.72581,3.753333,1.949352,4.807904,1.954603,4.396717,1.649523,1.513071,1.512906,1.512906,1.512906,1.500991,-40
67,1.713365,1.737476,1.786464,2.038095,5.400373,2.304006,5.615835,2.334378,5.095258,1.854069,1.705291,1.689961,1.689961,1.689961,1.674682,20
68,1.572366,1.57763,1.664627,1.736535,4.000572,2.067534,4.683509,1.904557,4.295436,1.759884,1.578769,1.582697,1.565612,1.565612,1.565612,40
69,1.579918,1.590179,1.595933,1.771259,4.036664,2.130479,4.866537,2.071471,4.405616,1.669477,1.563885,1.567204,1.570347,1.570347,1.560713,10
70,1.5933,1.63506,1.618976,1.734407,4.514889,1.892329,4.828989,1.902098,4.617117,1.702513,1.570467,1.567573,1.567624,1.566478,1.553231,40
71,1.421809,1.433662,1.433933,1.534395,4.113583,1.776277,4.298224,1.564442,3.872443,1.45367,1.404208,1.404821,1.400956,1.399174,1.391738,40
72,1.504697,1.535714,1.571785,1.62036,3.783354,1.979924,4.628018,1.805686,4.106416,1.634189,1.509124,1.499854,1.499854,1.500624,1.486791,20
73,1.361058,1.382003,1.430402,1.534441,4.016749,1.714639,4.391083,1.755969,3.917204,1.495631,1.371669,1.364679,1.364679,1.364679,1.359965,-40
74,1.685232,1.705605,1.748368,1.820167,4.608258,2.213486,4.908627,2.110726,4.538484,1.738707,1.650811,1.656486,1.649378,1.646921,1.646921,40
75,1.435136,1.438848,1.448802,1.543673,3.86734,1.857917,4.246695,1.694424,3.941908,1.500778,1.397529,1.397529,1.397529,1.397529,1.384089,20
76,1.85812,1.96448,1.989788,2.142033,4.69691,2.395194,5.327723,2.405268,5.028175,1.988368,1.852774,1.852434,1.861723,1.852434,1.83487,20
77,1.704915,1.729892,1.752356,1.842475,4.921274,2.176233,4.909172,1.834225,4.557223,1.788248,1.699318,1.694077,1.694077,1.694077,1.679253,30
78,1.640421,1.65919,1.707789,1.806652,4.358717,1.954166,4.763992,1.904907,4.489825,1.676284,1.616032,1.613351,1.613351,1.613351,1.586533,20
79,1.608288,1.635157,1.658743,1.75738,4.157476,2.153474,5.188206,2.061849,4.915688,1.67607,1.605456,1.608288,1.606042,1.606042,1.601727,10
80,1.804869,1.827005,1.896787,1.998754,4.512436,2.467412,4.676877,2.184467,4.690201,1.920616,1.772249,1.755732,1.758248,1.755732,1.748996,20
81,1.789006,1.812401,1.786596,1.979382,4.919976,2.560554,5.173175,2.142115,5.016365,1.866269,1.767905,1.762882,1.762882,1.762882,1.751961,20
82,1.595741,1.617258,1.650519,1.712572,4.333519,2.09412,4.751983,1.972302,4.613525,1.766612,1.593137,1.590696,1.581394,1.578169,1.578169,40
83,1.537196,1.537196,1.560542,1.689758,4.314403,2.193559,5.055871,2.001118,4.284866,1.634805,1.487428,1.494976,1.498448,1.489649,1.47706,10
84,1.6823,1.677001,1.756114,1.859188,4.216866,2.209472,5.454619,2.292096,5.007844,1.841517,1.656638,1.653075,1.6349,1.6349,1.633095,30
85,1.659491,1.714735,1.781352,1.896289,4.741656,2.087056,5.30436,2.202097,4.955868,1.864845,1.63775,1.6434,1.6434,1.6434,1.632717,10
86,1.82902,1.868667,1.943598,2.062923,4.431772,2.371224,5.50161,2.16629,5.08171,1.974075,1.799547,1.777001,1.772124,1.76538,1.76538,40
87,1.474978,1.483235,1.512365,1.560425,4.329879,2.042758,4.436167,1.727487,3.982862,1.546917,1.44831,1.456862,1.454035,1.442501,1.439613,40
88,1.33762,1.368123,1.389315,1.532747,3.777507,1.75165,4.640674,1.720681,3.748834,1.53906,1.330932,1.328362,1.334171,1.326092,1.318148,40
89,1.814229,1.811064,1.825618,2.023109,5.349353,2.53072,5.58306,2.218411,4.95412,1.851078,1.801671,1.794741,1.777222,1.774093,1.763132,40
90,1.464298,1.466689,1.489144,1.65705,4.078101,1.858254,4.501074,1.727286,4.22162,1.50122,1.445895,1.445268,1.443227,1.446855,1.441722,30
91,1.419567,1.438593,1.468509,1.528064,4.025605,1.684774,4.565636,1.78341,4.118411,1.542774,1.405595,1.411688,1.405595,1.405595,1.390324,30
92,1.643827,1.667178,1.739189,1.773023,4.322684,2.169113,5.040554,2.141184,4.85539,1.767215,1.614816,1.612556,1.614816,1.614816,1.608157,20
93,1.765046,1.780985,1.849905,2.027402,4.714485,2.396714,5.502531,2.274319,4.847265,1.925801,1.743368,1.748159,1.748159,1.748159,1.727899,10
94,1.714007,1.699498,1.78717,2.006668,4.52179,2.249373,5.369587,2.294353,4.913664,1.868975,1.657346,1.666153,1.65208,1.65208,1.650138,30
95,1.282652,1.310041,1.340894,1.36542,2.793812,1.739786,4.274592,1.488543,4.008269,1.379561,1.267759,1.259925,1.259925,1.259925,1.256754,20
96,1.517337,1.567459,1.586474,1.710559,4.17071,1.901564,4.586038,1.932217,4.066877,1.642875,1.510172,1.494027,1.494027,1.494027,1.494027,20
97,1.544976,1.594111,1.669958,1.720758,4.375144,2.210729,4.904715,1.876206,4.409319,1.640463,1.539816,1.550791,1.555698,1.530568,1.526378,40
98,1.428348,1.439019,1.450228,1.50963,3.971955,1.804041,4.304677,1.597039,4.014157,1.491525,1.42619,1.421056,1.41927,1.41927,1.412274,40
99,1.546655,1.551897,1.641405,1.694903,4.24811,2.073669,4.743868,1.935573,4.390238,1.642809,1.550756,1.539942,1.542262,1.542262,1.530669,20
100,1.369571,1.403022,1.416996,1.4995,3.630497,1.699261,4.198766,1.713116,3.865557,1.422827,1.35215,1.351312,1.351312,1.351312,1.333909,20
101,1.710483,1.746898,1.816535,1.896183,4.550829,2.208226,5.354712,2.133451,4.812228,1.902932,1.663749,1.655426,1.655426,1.655426,1.653851,20
102,1.570763,1.573719,1.626536,1.71151,3.949412,2.101374,4.712888,1.873875,4.670126,1.734531,1.552663,1.552663,1.552663,1.552663,1.546678,20
103,1.647544,1.665865,1.729631,1.807687,4.630775,2.073868,4.882514,1.950382,4.370664,1.838101,1.60214,1.599745,1.597177,1.594411,1.573856,40
104,1.373212,1.394669,1.399366,1.474779,3.579836,1.751929,4.390774,1.652737,4.018023,1.46304,1.364478,1.359908,1.359908,1.359908,1.357715,20
105,1.789795,1.799845,1.870114,1.997211,4.449918,2.359616,4.675351,2.174939,4.475378,1.959687,1.783552,1.782497,1.772095,1.772095,1.768689,30
106,1.511617,1.511617,1.583356,1.636618,4.527018,2.158111,4.854187,1.829119,4.329854,1.567275,1.508735,1.511617,1.511617,1.511617,1.505069,10
107,1.594626,1.585615,1.619796,1.707606,3.844099,2.020106,4.34936,1.761353,3.998766,1.652136,1.574386,1.564803,1.564803,1.570649,1.564414,20
108,1.525505,1.525445,1.552101,1.698357,4.066231,1.997861,4.530189,1.763696,4.040849,1.674213,1.495534,1.494271,1.494271,1.494271,1.490494,20
109,1.555317,1.557541,1.59624,1.668159,4.54508,1.910809,4.769377,1.883979,4.227708,1.630898,1.535467,1.539411,1.542336,1.542336,1.531725,10
110,1.484732,1.479232,1.55114,1.673131,4.412924,1.962225,4.722305,1.715607,4.334734,1.498994,1.469205,1.453745,1.467129,1.465403,1.443446,20
111,1.423364,1.47991,1.474744,1.538348,4.28066,1.839569,4.807138,1.750585,4.538954,1.53884,1.415061,1.415061,1.415061,1.415061,1.414333,20
112,1.67377,1.68841,1.714317,1.881565,4.224495,2.063076,5.2845,2.068192,4.585872,1.819266,1.623268,1.620436,1.624746,1.618207,1.613908,40
113,1.662087,1.645862,1.696581,1.902116,4.74958,2.28052,5.078106,2.057339,4.732953,1.809112,1.639277,1.645198,1.639277,1.639277,1.637132,10
114,1.63779,1.650914,1.658003,1.827906,4.1813,2.229448,4.438922,2.105009,4.221064,1.77171,1.630284,1.60866,1.60866,1.60866,1.60072,20
115,1.635385,1.697687,1.803936,1.860379,4.387011,2.168992,5.089146,2.133904,4.849952,1.839851,1.606617,1.606617,1.606617,1.606617,1.606617,20
116,1.739695,1.739695,1.774879,1.965102,5.226586,2.246999,5.468576,2.091843,4.973362,1.911707,1.732237,1.732674,1.732674,1.732674,1.726311,10
117,1.529087,1.555165,1.599761,1.652164,4.046078,1.878519,4.331078,1.74696,4.078707,1.647033,1.504456,1.504456,1.504456,1.504456,1.500773,20
118,1.505874,1.523187,1.550524,1.605461,3.997826,2.074964,4.963054,1.852283,4.464605,1.648938,1.463922,1.463922,1.463922,1.463922,1.463223,20
119,1.768106,1.802488,1.824986,1.907323,4.608282,2.029924,5.01103,2.08789,4.675623,1.987706,1.757597,1.741362,1.735201,1.735201,1.726029,30
120,1.670254,1.668238,1.712851,1.796289,4.637502,2.325899,5.014648,1.996285,4.695202,1.729494,1.661676,1.645576,1.645576,1.645576,1.638642,20
121,1.479398,1.48322,1.491517,1.604735,3.974234,1.816701,4.423429,1.841594,4.257243,1.499785,1.467555,1.469117,1.469117,1.469117,1.457939,10
122,1.559623,1.565637,1.580967,1.60688,4.000703,1.89559,4.511069,1.819266,4.096871,1.603092,1.528969,1.535697,1.535697,1.535697,1.52891,10
123,1.50977,1.53127,1.532605,1.673934,4.367,1.938385,4.656856,1.826371,4.121381,1.645369,1.490298,1.491229,1.513519,1.504016,1.488307,10
124,1.903085,1.924968,1.971361,2.121024,5.242788,2.497538,5.686356,2.448759,5.229656,2.0348,1.838222,1.838893,1.822939,1.822939,1.821323,30
125,1.570361,1.594826,1.620065,1.773171,4.439278,1.960201,4.912142,1.783926,4.580139,1.635746,1.570983,1.574332,1.560324,1.560324,1.55154,30
126,1.631505,1.661686,1.676638,1.703666,4.078676,2.009734,4.950308,1.946743,4.608854,1.758367,1.627678,1.615153,1.606703,1.606703,1.593986,30
127,1.931971,1.902762,1.976042,2.165526,4.611936,2.366487,5.413024,2.357668,5.054138,2.003682,1.863924,1.863924,1.863924,1.863924,1.853119,20
128,1.658721,1.658807,1.701963,1.836804,4.651314,2.241004,4.84687,1.844601,4.309888,1.704074,1.613805,1.617612,1.619954,1.630699,1.597992,10
129,1.658374,1.667771,1.654788,1.740766,4.213996,2.246977,5.228842,2.051438,4.7276,1.779427,1.657356,1.657356,1.655018,1.657356,1.633166,-20
130,1.65961,1.65961,1.770945,1.822849,4.54969,2.160078,4.955396,2.020646,4.656141,1.78493,1.683638,1.657408,1.657408,1.651734,1.649682,40
131,1.579443,1.570112,1.628288,1.825065,3.934823,2.064045,4.545296,1.968994,4.184105,1.691083,1.550046,1.551345,1.54703,1.54703,1.545731,30
132,1.755636,1.821694,1.825984,1.966181,4.960067,2.157145,5.584589,2.145011,5.239681,1.869593,1.708983,1.72865,1.729513,1.708718,1.694677,40
133,1.544341,1.57331,1.607683,1.672419,3.876907,1.910298,4.763753,1.777524,4.337194,1.600455,1.554794,1.547908,1.53177,1.53177,1.53177,30
134,1.551398,1.614971,1.616867,1.762116,4.404359,2.14974,5.11671,1.951215,4.673864,1.615385,1.541699,1.550355,1.563498,1.579019,1.531836,10
135,1.643546,1.665917,1.699489,1.847695,4.645242,2.307717,4.93558,2.164019,4.903846,1.794546,1.636606,1.634068,1.643302,1.643302,1.614311,20
136,1.718046,1.748982,1.828467,1.858153,4.771989,2.136441,5.19847,2.189105,4.94042,1.845617,1.661179,1.651983,1.651983,1.654973,1.641146,20
137,1.564405,1.59399,1.695414,1.707052,4.143342,1.926365,4.474294,1.849005,4.305957,1.667651,1.534492,1.538749,1.530946,1.530946,1.530335,30
138,1.520349,1.527798,1.599998,1.619181,3.846316,1.7803,4.646319,1.756709,4.269459,1.652652,1.510875,1.512568,1.51368,1.51368,1.493824,10
139,1.418149,1.418149,1.467192,1.503853,3.731298,1.851647,4.470692,1.71833,4.104418,1.467708,1.420342,1.418149,1.418149,1.418149,1.414595,-40
140,1.458649,1.431979,1.490704,1.530017,3.785798,1.704855,4.173297,1.782511,3.888182,1.510163,1.410061,1.410842,1.410061,1.410842,1.404595,10
141,1.600019,1.597943,1.634692,1.85566,4.728859,2.13066,4.844584,1.938091,4.41364,1.802999,1.568856,1.574089,1.566453,1.566453,1.561791,30
142,1.690744,1.703279,1.765346,1.942485,4.551428,2.249502,4.929828,2.232782,4.439606,1.782754,1.678749,1.667016,1.667016,1.665302,1.647722,40
143,1.477879,1.503978,1.523329,1.583068,3.777294,1.814031,3.992744,1.630366,3.990327,1.576525,1.461266,1.469761,1.467199,1.467199,1.457335,10
144,1.58797,1.617572,1.76862,1.990983,4.726583,2.246595,5.006396,2.044115,4.871034,1.825443,1.58797,1.58797,1.58797,1.58797,1.580576,20
145,1.491353,1.511445,1.643227,1.695167,4.100875,2.01213,4.637134,1.83905,4.394126,1.603462,1.479814,1.479025,1.479025,1.479025,1.468856,20
146,1.515312,1.515312,1.532845,1.85332,4.533048,1.943598,4.943514,1.893073,4.67265,1.689892,1.524961,1.515312,1.515312,1.515312,1.515312,20
147,1.592419,1.661042,1.703781,1.780948,4.650462,2.246657,4.989115,1.975113,4.28481,1.690464,1.553031,1.55899,1.546396,1.546396,1.540379,30
148,1.764655,1.795002,1.863445,1.923121,4.488677,2.184568,4.995034,2.057553,5.004258,1.926799,1.764644,1.764644,1.764644,1.764644,1.752876,20
149,1.625912,1.646575,1.715142,1.858813,3.926483,2.095599,4.714739,2.021222,4.394207,1.755084,1.594911,1.597987,1.597987,1.597987,1.588637,10
150,1.644763,1.682044,1.67517,1.812311,4.584238,2.229714,5.021637,2.193072,4.756865,1.772758,1.634919,1.63824,1.63824,1.633786,1.622211,40
151,1.555161,1.571669,1.605012,1.73933,4.1291,2.062686,4.706799,1.91212,4.490916,1.752513,1.548657,1.543838,1.536358,1.536358,1.533955,30
152,1.623688,1.650731,1.723467,1.921972,4.496935,2.249604,4.598752,2.087654,4.493569,1.746292,1.587949,1.56651,1.56651,1.56651,1.564579,20
153,1.560845,1.557595,1.612256,1.708997,3.975807,1.80595,4.686416,1.855368,4.579132,1.702734,1.550894,1.542433,1.542433,1.547739,1.534128,20
154,1.590122,1.590122,1.636114,1.808394,4.767277,2.02481,5.043922,2.008257,4.855912,1.754484,1.563936,1.561761,1.561761,1.561761,1.553226,20
155,1.729017,1.727621,1.847109,1.927837,4.631918,2.42966,5.170452,2.000772,4.731038,1.79933,1.648304,1.650826,1.645723,1.645723,1.640296,30
156,1.831402,1.858528,1.933548,2.018692,5.012123,2.249219,5.314076,2.320068,5.162491,1.927955,1.780552,1.777278,1.777278,1.767165,1.767165,40
157,1.665266,1.711758,1.797928,1.907505,4.329582,2.348016,5.216317,2.099485,4.72935,1.828881,1.644238,1.658227,1.644238,1.644238,1.644238,10
158,1.827756,1.900224,1.88316,1.991379,5.01254,2.416207,5.12921,2.211125,4.931978,1.987097,1.808911,1.804882,1.8059,1.797048,1.794211,40
159,1.726538,1.722206,1.791826,1.815037,4.963206,2.216035,5.084999,2.112572,4.745667,1.862945,1.705804,1.698182,1.698182,1.722332,1.67907,20
160,1.459861,1.506938,1.530795,1.521823,4.025864,1.958904,4.432676,1.803107,4.270598,1.537423,1.441501,1.441501,1.441501,1.441501,1.432411,20
161,1.500165,1.54151,1.593646,1.660644,4.876436,1.947411,4.845573,1.798778,4.432795,1.63063,1.495324,1.498185,1.498185,1.498185,1.495324,10
162,1.69254,1.705358,1.756095,1.836643,4.418165,1.96139,5.209185,2.314383,4.832842,1.856089,1.685705,1.685705,1.685705,1.685705,1.684509,20
163,1.690055,1.706682,1.739199,1.954397,5.102984,2.373719,5.149673,2.333511,4.685627,1.815233,1.706714,1.702891,1.714886,1.708524,1.675696,-40
164,1.499961,1.504566,1.556293,1.716525,3.910908,2.14702,4.73276,2.058971,4.770668,1.674371,1.499619,1.499961,1.499961,1.499961,1.498703,10
165,1.781998,1.79587,1.873133,2.023337,4.945461,2.392872,5.428175,2.247289,4.611918,2.024828,1.759883,1.758811,1.764211,1.764211,1.758811,20
166,1.873586,1.947312,1.972543,2.016145,5.146327,2.524819,5.71189,2.384472,5.459296,2.053834,1.844396,1.832191,1.833784,1.833784,1.823342,20
167,1.611826,1.615161,1.653525,1.688818,4.153472,1.981198,4.59257,1.873103,4.298103,1.6967,1.584533,1.564513,1.562112,1.562112,1.556963,30
168,1.818896,1.868362,1.888399,2.040728,4.802169,2.716505,5.608114,2.204041,5.192734,1.969446,1.790026,1.790026,1.790026,1.790026,1.784771,20
169,1.405406,1.432026,1.515333,1.617761,3.906394,1.785178,4.664425,1.770791,4.337668,1.579555,1.400391,1.400391,1.397692,1.397692,1.394048,30
170,1.705497,1.700208,1.74149,1.760966,4.661108,2.205547,4.895205,1.946232,4.52694,1.856326,1.680087,1.65592,1.65592,1.65592,1.643384,20
171,1.625355,1.655865,1.658069,1.735044,4.204222,2.159497,4.785167,1.927995,4.491494,1.784392,1.624479,1.624479,1.624479,1.621128,1.617862,40
172,1.667826,1.671704,1.711219,1.78883,4.088301,2.101385,4.52191,1.989572,4.419372,1.770536,1.679304,1.665631,1.665631,1.665631,1.655998,20
173,1.250661,1.250661,1.264988,1.38103,3.614277,1.610159,4.118819,1.578319,3.899586,1.397729,1.238778,1.23835,1.233864,1.233864,1.226319,40
174,1.611373,1.680088,1.731127,1.772887,4.25545,2.158204,4.605284,2.084901,4.344771,1.860371,1.640901,1.607887,1.604429,1.604429,1.599637,30
175,1.547987,1.538309,1.578983,1.714003,4.42337,1.882038,4.739302,1.905208,4.441668,1.676728,1.519949,1.515358,1.515358,1.515358,1.514615,20
176,1.558896,1.570952,1.641876,1.75177,4.464635,1.988023,4.64003,1.894156,4.48198,1.681173,1.546434,1.535014,1.532905,1.532905,1.523176,40
177,1.648469,1.705741,1.725125,1.760819,4.448842,2.183267,4.781658,2.078714,4.142041,1.740394,1.642661,1.614942,1.613337,1.613337,1.613337,30
178,1.368752,1.383156,1.421312,1.508795,3.550204,1.743029,4.039228,1.626189,3.891276,1.420374,1.33919,1.346525,1.33919,1.33919,1.33919,40
179,1.515109,1.532835,1.590925,1.662111,4.088571,1.892558,4.492043,1.888311,4.295252,1.676743,1.476856,1.476856,1.468217,1.468217,1.462719,40
180,1.674064,1.734427,1.757158,1.844963,4.914235,2.196017,5.206994,2.007614,4.597022,1.789216,1.673811,1.653843,1.653843,1.653843,1.646833,20
181,1.761454,1.752414,1.904656,1.85814,4.635712,2.166558,5.327862,2.247425,4.719368,1.902538,1.753198,1.742284,1.742284,1.742284,1.739241,30
182,1.788558,1.847921,1.875277,1.946671,4.684308,2.257574,4.792154,2.220067,4.544847,1.941682,1.781663,1.781663,1.781663,1.781663,1.771602,20
183,1.636786,1.633027,1.710382,1.795527,4.24493,2.096945,4.701198,1.956246,4.253735,1.780647,1.622503,1.611196,1.611196,1.611196,1.597909,30
184,1.78811,1.78811,1.858432,1.987946,5.14755,2.348542,5.173545,2.053226,4.842776,1.923636,1.794232,1.78811,1.78811,1.78811,1.783598,20
185,1.544029,1.573589,1.585684,1.673074,4.105967,1.991816,4.560769,1.915341,4.479309,1.65969,1.542438,1.542438,1.542438,1.542438,1.532771,20
186,1.602213,1.599938,1.721334,1.739874,4.616654,2.232367,4.94246,1.848034,4.352388,1.686168,1.539703,1.526605,1.541572,1.541572,1.52498,20
187,1.303668,1.319601,1.359187,1.408785,3.655323,1.662332,3.849651,1.479746,3.730499,1.434542,1.305544,1.304444,1.301158,1.301158,1.295295,30
188,1.312039,1.306506,1.315281,1.355205,3.198991,1.680918,4.232906,1.559263,4.07425,1.370527,1.292952,1.291588,1.291588,1.291588,1.290261,20
189,1.597006,1.604302,1.679277,1.809082,4.745078,2.220446,4.791256,1.874034,4.703172,1.698805,1.585816,1.60566,1.585149,1.585149,1.56576,30
190,1.529025,1.54188,1.566667,1.737643,4.48762,1.907223,4.82248,1.928921,4.276976,1.668269,1.478482,1.482564,1.482564,1.482564,1.473455,10
191,1.829837,1.829837,1.877241,1.990865,4.693223,2.443586,5.24186,2.279673,4.813835,1.974313,1.844601,1.841471,1.834191,1.834191,1.816534,-40
192,1.536944,1.555145,1.598929,1.734352,4.661121,2.096793,4.723789,1.909818,4.138874,1.634245,1.531508,1.523595,1.523595,1.528054,1.514116,30
193,1.486337,1.493474,1.519068,1.639967,4.392686,1.821263,4.681283,1.654699,4.299126,1.512568,1.486337,1.486337,1.486337,1.486337,1.476717,20
194,1.703985,1.734862,1.723794,1.78218,4.136934,2.015393,5.234512,2.033317,4.72598,1.801391,1.691756,1.676987,1.695128,1.676987,1.653009,20
195,1.754232,1.744411,1.729426,1.819602,4.706844,2.378128,5.12381,2.159483,4.602987,1.856868,1.725961,1.71841,1.713414,1.713414,1.701878,40
196,1.458786,1.473176,1.511648,1.59532,4.107135,1.72792,4.28764,1.80802,4.182019,1.516238,1.454125,1.454125,1.454125,1.454125,1.454125,20
197,1.775457,1.80243,1.85574,1.982758,4.824322,2.425472,5.439964,2.2517,4.813705,1.998123,1.753156,1.746768,1.746768,1.746768,1.744662,20
198,1.548922,1.545781,1.592676,1.727695,4.512407,2.037651,4.665322,2.026256,4.359165,1.699943,1.546285,1.532537,1.531384,1.531384,1.531384,30
199,1.63113,1.655056,1.665911,1.783331,3.943142,2.136404,5.124113,2.024328,4.820366,1.77214,1.634768,1.63044,1.63044,1.618066,1.609202,40
200,1.677059,1.696248,1.722377,1.881327,4.404864,2.182255,5.190559,2.119649,4.83931,1.836435,1.670074,1.680582,1.667327,1.667327,1.662216,30
201,1.544087,1.544423,1.582977,1.712175,4.609563,1.862638,4.940926,1.838404,4.637488,1.648211,1.546277,1.546277,1.544137,1.540143,1.531262,40
202,1.594489,1.602597,1.628369,1.738832,4.214066,2.05072,4.649674,1.940099,4.476652,1.787859,1.59499,1.59499,1.594489,1.594489,1.572011,30
203,1.65815,1.686941,1.744475,1.913287,3.731953,2.157028,5.046796,1.960756,4.700535,1.752194,1.636327,1.635365,1.635365,1.635365,1.617312,20
204,1.365636,1.389097,1.436707,1.476354,3.309701,1.830135,4.147889,1.664517,3.826161,1.467611,1.344884,1.344884,1.344884,1.344884,1.344884,20
205,1.9053,1.95152,1.979915,2.301176,5.142219,2.503754,5.279207,2.282414,4.843193,2.092939,1.894534,1.89342,1.88193,1.88193,1.868103,40
206,1.521231,1.551562,1.533185,1.627226,3.984619,1.98285,4.754298,1.891743,4.186308,1.60641,1.489765,1.48443,1.48443,1.48443,1.48394,20
207,1.627346,1.652589,1.69044,1.798768,4.207328,2.090104,4.681462,2.044594,4.535231,1.752967,1.586501,1.591512,1.591512,1.591512,1.580589,10
208,1.542401,1.544224,1.628941,1.6581,4.063304,1.863275,4.287164,1.833301,4.058038,1.680431,1.495994,1.495994,1.495994,1.495994,1.492948,20
209,1.583875,1.591141,1.646415,1.678744,4.143307,2.031088,4.854575,1.849,4.277928,1.648057,1.518714,1.534431,1.529675,1.529675,1.509828,10
210,1.587379,1.586134,1.622367,1.699269,4.592316,2.042892,4.688711,1.906968,4.655869,1.643305,1.571114,1.568876,1.568876,1.568876,1.551349,20
211,1.583862,1.636597,1.721438,1.791897,4.614946,2.168148,4.7945,1.897561,4.50563,1.625978,1.575501,1.542158,1.542158,1.542158,1.537451,20
212,1.543228,1.543228,1.543228,1.632409,4.566346,2.106588,4.961701,2.008915,4.822676,1.545646,1.543228,1.543228,1.543228,1.543228,1.543228,20
213,1.657777,1.657403,1.72237,1.782522,4.155542,2.083382,4.792726,2.008672,4.505184,1.797641,1.630324,1.637402,1.631529,1.628851,1.61577,40
214,1.516389,1.545479,1.607906,1.708964,4.512334,2.138321,4.707901,1.82182,4.555336,1.700647,1.495274,1.474845,1.482141,1.482141,1.469848,20
215,1.601384,1.611928,1.644162,1.813443,4.216115,2.070692,4.447053,1.83669,4.30777,1.701187,1.579635,1.569639,1.569639,1.569639,1.558277,20
216,1.738075,1.839229,1.801475,1.988022,4.842962,2.231993,5.370394,2.273121,4.843606,1.925119,1.768724,1.74501,1.74501,1.74501,1.732139,-40
217,1.327593,1.334987,1.353775,1.411035,3.717034,1.648047,4.002908,1.627198,3.779954,1.393327,1.312243,1.293135,1.293135,1.293135,1.291814,20
218,1.353238,1.400897,1.407974,1.387181,3.779106,1.820934,4.24657,1.627418,4.143095,1.464679,1.353238,1.353238,1.353238,1.353238,1.348464,20
219,1.843793,1.876679,1.886771,1.995249,5.01646,2.326023,5.163704,2.421525,4.942986,1.916801,1.829012,1.811521,1.811521,1.811521,1.809699,20
220,1.519444,1.526524,1.565327,1.686163,4.1102,2.017352,4.596501,1.966557,3.517073,1.698782,1.483411,1.498932,1.477968,1.482008,1.471148,30
221,1.390445,1.445255,1.432206,1.56018,3.975211,1.904967,4.601593,1.740477,4.259013,1.451782,1.37932,1.37932,1.37932,1.37932,1.374403,20
222,1.62363,1.638454,1.641703,1.793912,4.419962,2.224488,5.379819,2.122241,4.659802,1.716055,1.621632,1.607322,1.613492,1.592727,1.586455,40
223,1.704993,1.744369,1.777581,1.939628,4.856806,2.208602,4.979121,2.178556,4.872332,1.839741,1.697825,1.688165,1.68725,1.68725,1.665982,30
224,1.63242,1.638127,1.683725,1.812408,4.186979,2.249481,4.693023,2.052264,4.351544,1.688883,1.62028,1.612779,1.612779,1.612779,1.606919,20
225,1.533313,1.539847,1.60932,1.734704,4.527199,2.141853,4.98235,1.901543,4.799534,1.711747,1.530792,1.530792,1.530672,1.542918,1.530672,30
226,1.647999,1.686695,1.703085,1.888245,4.71682,2.233153,5.118602,2.116932,4.929779,1.870168,1.691157,1.647999,1.647999,1.647999,1.647999,20
227,1.845774,1.848898,1.895223,2.05518,5.057386,2.539419,5.199245,2.193633,5.079902,2.048905,1.845222,1.845222,1.845222,1.845222,1.841032,20
228,1.679892,1.69697,1.745008,1.859253,4.251518,2.104028,4.898698,1.976326,4.301944,1.735651,1.665205,1.644569,1.644569,1.650479,1.639561,20
229,1.714638,1.698906,1.79505,1.993453,3.725558,2.157638,4.873111,2.077208,4.69296,1.893063,1.710019,1.690809,1.690809,1.690809,1.672032,20
230,1.685303,1.704753,1.730664,1.843894,4.582595,2.175648,4.924835,1.958043,4.700709,1.745874,1.676513,1.676513,1.676513,1.676513,1.67465,20
231,1.725515,1.803303,1.861955,1.849267,4.747732,2.306352,5.27034,2.018816,4.705931,1.849709,1.705997,1.693555,1.691327,1.687235,1.664225,40
232,1.661245,1.670668,1.745265,1.922637,4.408265,2.292563,5.151249,2.121546,4.396836,1.789073,1.601117,1.595168,1.595168,1.595168,1.582682,20
233,1.503657,1.529435,1.528685,1.636611,4.756013,1.950838,4.889217,1.877311,4.438639,1.532211,1.487716,1.46025,1.466133,1.466133,1.452025,20
234,1.53291,1.562221,1.676234,1.756792,4.475558,2.122211,4.963009,1.931111,4.60546,1.605144,1.544299,1.531562,1.533873,1.533873,1.524561,20
235,1.564757,1.584915,1.575342,1.753314,4.04097,1.946214,4.908355,1.904229,4.18105,1.664237,1.539405,1.562121,1.562121,1.562121,1.526731,10
236,1.673841,1.67443,1.748432,1.853631,4.186465,2.23367,5.038481,2.081247,4.609471,1.827517,1.668435,1.681003,1.678822,1.668616,1.668186,10
237,1.619479,1.635693,1.690515,1.792724,4.36029,2.044856,4.511924,1.963054,4.254328,1.751713,1.619759,1.605494,1.605491,1.605494,1.599324,30
238,1.828394,1.873856,1.899124,2.025988,5.126506,2.494667,5.336297,2.296927,5.20366,2.041379,1.808629,1.808629,1.808629,1.808629,1.797252,20
239,1.502586,1.502149,1.52007,1.673104,4.366341,1.930142,4.715542,1.886821,4.232945,1.62899,1.485786,1.48364,1.485008,1.485786,1.475609,20
240,1.579706,1.590974,1.631293,1.724434,4.038843,2.131991,4.639896,1.89378,4.357017,1.618811,1.571948,1.549751,1.549751,1.5487,1.543114,40
241,1.716153,1.716153,1.753045,2.065867,4.648391,2.402645,5.1768,2.02528,4.687237,1.820321,1.716153,1.716153,1.716153,1.716153,1.71414,20
242,1.453714,1.489854,1.542809,1.624524,4.068945,1.960578,4.628176,1.718391,4.379394,1.538185,1.454281,1.450158,1.450158,1.450158,1.430957,40
243,1.558761,1.576647,1.598061,1.817066,3.52916,1.988439,4.53023,1.834632,4.245805,1.701197,1.56719,1.558761,1.558761,1.558761,1.555896,20
244,1.622539,1.641977,1.681673,1.736214,4.251502,2.13845,4.970196,1.911308,4.519266,1.747816,1.612401,1.610554,1.610293,1.608619,1.603416,40
245,1.459143,1.507239,1.508526,1.650628,4.158403,2.024235,4.194408,1.860122,3.968432,1.561086,1.446432,1.446432,1.446903,1.446432,1.439066,10
246,1.327818,1.342211,1.342211,1.537384,3.321205,1.771032,4.247321,1.695358,3.792644,1.389717,1.327818,1.330578,1.329543,1.326703,1.32496,40
247,1.707046,1.698573,1.729337,1.901072,4.323903,2.195042,4.669892,2.046839,4.535656,1.760488,1.687831,1.667772,1.667217,1.66605,1.656579,40
248,1.585665,1.605703,1.645441,1.785019,4.496876,2.059317,5.099188,1.945645,4.549426,1.69133,1.59184,1.59184,1.585665,1.585665,1.57248,30
249,1.448873,1.489723,1.49818,1.632147,3.889308,1.648936,4.312836,1.73703,3.660359,1.562384,1.431208,1.434377,1.433252,1.430542,1.420607,40
250,1.433954,1.474494,1.522483,1.691713,4.326492,1.983663,4.983208,1.860341,4.47601,1.583421,1.433954,1.433954,1.433954,1.433954,1.433954,20
251,1.646947,1.661488,1.707228,1.804191,4.27742,2.170686,5.099182,2.034677,4.912305,1.796504,1.638205,1.620677,1.618757,1.618757,1.618757,30
252,1.680347,1.715497,1.720337,1.820017,4.830495,2.13314,4.96122,2.025165,4.686192,1.746658,1.685316,1.67732,1.67732,1.67732,1.668878,20
253,1.455913,1.456925,1.48755,1.490347,4.23988,1.966115,4.675935,1.756619,4.357838,1.513428,1.444015,1.433339,1.433339,1.435863,1.42661,20
254,1.788914,1.842496,1.908549,2.045451,4.469764,2.355941,5.604779,2.246103,5.19531,2.031828,1.771845,1.76665,1.76665,1.76665,1.76665,20
255,1.833876,1.833876,1.864344,1.965026,4.291101,2.522598,5.678188,2.191827,5.005532,1.978593,1.789046,1.793044,1.793044,1.793044,1.777324,10
256,1.437894,1.462143,1.484631,1.555153,3.569929,1.729972,4.352074,1.740837,4.043553,1.532169,1.417382,1.430055,1.425251,1.425251,1.412396,10
257,1.82356,1.887622,1.913464,2.173457,5.193779,2.532992,5.706304,2.477031,5.436355,2.199881,1.834558,1.822292,1.826929,1.826929,1.81816,20
258,1.62956,1.67169,1.679855,1.827897,4.405258,2.156882,4.866259,2.081751,4.634693,1.699607,1.628599,1.625172,1.633571,1.630682,1.610013,20
259,1.563527,1.567058,1.627302,1.747463,4.428131,2.112212,4.814017,2.037208,4.601532,1.742541,1.543983,1.55016,1.543052,1.543052,1.537847,30
260,1.55634,1.548693,1.66437,1.66662,3.935545,2.089501,4.507618,1.777333,4.087449,1.572483,1.492722,1.477184,1.477184,1.48376,1.468405,20
261,1.758168,1.79813,1.895103,1.852459,5.108099,2.40879,5.246021,2.134668,4.8727,1.920711,1.769216,1.733918,1.733918,1.733918,1.72164,20
262,1.714904,1.765537,1.802542,1.911568,4.41176,2.337889,5.097422,2.215903,4.846577,1.964421,1.707315,1.712042,1.712042,1.710863,1.704468,10
263,1.405488,1.407553,1.443194,1.575485,4.139846,1.835802,4.213148,1.626339,3.868526,1.461795,1.392875,1.402873,1.402873,1.402873,1.384232,10
264,1.628946,1.671916,1.680705,1.864822,4.375912,2.219101,4.39883,1.968036,4.318475,1.811816,1.619488,1.605156,1.605156,1.605156,1.601752,20
265,1.618195,1.620545,1.627674,1.733582,3.900876,2.000325,4.753572,1.836824,4.359128,1.714498,1.57808,1.576819,1.576819,1.576819,1.571913,20
266,1.489596,1.515028,1.557083,1.579205,3.787924,1.783455,4.189335,1.764366,4.007444,1.579228,1.46382,1.466256,1.466256,1.466256,1.449628,10
267,1.425924,1.435811,1.427939,1.467431,3.991553,2.016092,4.826085,1.900671,4.488218,1.522695,1.409757,1.409757,1.409757,1.409757,1.404737,20
268,1.791857,1.832689,1.896992,1.919355,4.974481,2.406072,5.245105,2.191563,5.02959,1.999661,1.780855,1.787681,1.787681,1.787681,1.761628,10
269,1.557913,1.579664,1.638645,1.700926,3.9683,2.113206,5.138022,1.905166,4.791862,1.672658,1.515237,1.515237,1.518972,1.518972,1.503959,10
270,1.365085,1.374131,1.374102,1.586086,3.952549,1.790884,4.011234,1.795257,3.605283,1.44921,1.356714,1.342723,1.342723,1.342723,1.334462,20
271,1.65829,1.661924,1.752069,1.927787,4.515698,2.310039,5.391809,1.994484,4.940342,1.757857,1.616233,1.615083,1.618315,1.631824,1.615083,20
272,1.475623,1.472391,1.462604,1.671407,4.319404,1.874192,4.527851,1.78952,4.10864,1.622122,1.41674,1.41674,1.41674,1.40726,1.40726,40
273,1.62119,1.629054,1.625506,1.810693,4.153849,1.961121,4.648797,1.956286,4.482838,1.703327,1.604378,1.557991,1.549949,1.549949,1.549949,30
274,1.656295,1.690729,1.750958,1.841224,5.005066,2.15544,5.393599,2.125757,5.008173,1.835615,1.662923,1.656295,1.656295,1.656295,1.642165,20
275,1.585307,1.557754,1.569341,1.664261,5.016638,2.151855,5.355399,1.896861,4.758094,1.695644,1.544634,1.560199,1.534504,1.534504,1.518368,30
276,1.401372,1.410221,1.439015,1.540706,4.037746,1.687835,4.231918,1.705024,4.044567,1.497019,1.393936,1.382825,1.370937,1.371651,1.361926,30
277,1.277519,1.290318,1.352574,1.392394,3.588026,1.628331,3.961011,1.619314,3.601493,1.391299,1.263397,1.263397,1.263397,1.260943,1.254697,40
278,1.679912,1.663389,1.705925,1.822752,4.08289,2.205332,4.878414,1.874605,4.523118,1.721883,1.638784,1.646297,1.649685,1.634165,1.617681,40
279,1.551283,1.593102,1.606848,1.696368,4.167808,1.867061,4.303912,1.71906,4.102611,1.601875,1.484241,1.47939,1.47939,1.47939,1.470686,20
280,1.426704,1.445058,1.489181,1.576206,3.194265,1.82663,4.5124,1.675222,3.876653,1.504985,1.394859,1.386846,1.386907,1.393639,1.367582,20
281,1.681999,1.671765,1.690957,1.793804,4.230048,2.164542,5.039297,1.945814,4.222695,1.709178,1.621178,1.634622,1.634516,1.634516,1.616931,10
282,1.426237,1.461184,1.474511,1.567229,3.660994,1.758794,4.693456,1.791266,4.44015,1.598806,1.408788,1.408788,1.408788,1.408788,1.408603,20
283,1.6163,1.646042,1.65826,1.808345,4.091745,2.212517,4.826557,2.017584,4.588717,1.71263,1.583232,1.599387,1.594451,1.594451,1.581753,10
284,1.69543,1.697479,1.768209,1.830619,4.989369,2.294721,5.107982,2.203118,4.9069,1.800775,1.676987,1.676959,1.676959,1.676959,1.676959,30
285,1.719546,1.717477,1.757864,1.969419,4.588867,2.226149,5.196079,2.164552,5.0049,1.765,1.705081,1.691854,1.679277,1.679277,1.670196,30
286,1.535742,1.558465,1.545676,1.754124,3.99927,1.980226,4.611966,1.908034,4.160197,1.687869,1.51671,1.502395,1.502395,1.502395,1.501378,20
287,1.496596,1.536197,1.587772,1.690315,4.136599,2.13849,4.556272,1.94846,4.193171,1.67732,1.469349,1.473028,1.468299,1.468299,1.465052,30
288,1.793237,1.812971,1.824966,1.963448,4.780602,2.142839,5.039067,2.109648,4.866793,1.923333,1.777944,1.766121,1.766121,1.772591,1.762772,20
289,1.426697,1.44302,1.51364,1.630775,4.175407,1.873778,4.50006,1.709,4.11879,1.506821,1.45234,1.456714,1.437643,1.437431,1.412663,-40
290,1.749452,1.762184,1.841556,1.97418,5.008072,2.304999,5.405841,2.27948,5.06253,1.850827,1.746143,1.746143,1.74858,1.74858,1.734495,20
291,1.5403,1.526302,1.611431,1.600226,4.653668,2.082628,4.908355,1.807677,4.521114,1.56779,1.524103,1.503583,1.502691,1.49828,1.485915,40
292,1.406845,1.437285,1.426551,1.568459,3.86132,1.839625,4.534349,1.755037,4.250725,1.485959,1.374694,1.376474,1.377455,1.377455,1.374694,10
293,1.487079,1.521721,1.566659,1.658766,4.539301,1.987715,4.647915,2.007649,4.426496,1.666761,1.485721,1.485721,1.485721,1.487079,1.472525,20
294,1.514186,1.514186,1.560855,1.794599,4.119667,2.065357,4.956898,2.140068,4.59132,1.668502,1.494919,1.488573,1.488573,1.488573,1.488254,20
295,1.778035,1.826105,1.865741,2.062103,4.572983,2.238196,5.04688,2.340137,4.584022,2.022151,1.735864,1.761275,1.731351,1.731351,1.729679,30
296,1.671137,1.691571,1.703853,1.767153,4.185776,2.149927,5.213624,2.060021,4.83288,1.892224,1.636437,1.616674,1.618924,1.618924,1.59966,20
297,1.612717,1.619528,1.678833,1.816254,4.455309,2.138064,4.662226,1.895002,4.539897,1.719946,1.581454,1.583486,1.582902,1.580704,1.574215,40
298,1.577265,1.622468,1.707973,1.763122,4.709762,2.148588,4.832675,1.932177,4.622243,1.713282,1.577763,1.576519,1.572612,1.570376,1.563058,40
299,1.428652,1.431308,1.470066,1.476567,4.085314,1.953287,4.557373,1.754248,4.274128,1.440418,1.420574,1.416947,1.420574,1.420574,1.412106,20
300,1.685477,1.689822,1.74301,1.83123,4.64403,2.374592,5.016597,2.089009,4.845436,1.823017,1.658972,1.65897,1.645645,1.639637,1.633497,40
301,1.747547,1.744043,1.799679,1.907528,4.542524,2.127344,4.857426,2.172443,4.631994,1.927271,1.724379,1.721373,1.726584,1.726584,1.706549,20
302,1.749161,1.764642,1.844459,1.948278,4.182636,2.114764,5.338776,2.190324,5.04672,1.884352,1.691958,1.690552,1.691573,1.691573,1.66992,20
303,1.783599,1.814203,1.908629,2.054846,4.591775,2.394687,5.091223,2.120544,4.744433,1.95352,1.758111,1.75333,1.760717,1.756017,1.732083,20
304,1.261675,1.261675,1.291241,1.379614,3.704082,1.635732,4.135928,1.532412,3.854797,1.379504,1.250602,1.255101,1.250992,1.250992,1.247418,10
305,1.386567,1.391894,1.405193,1.547076,3.992106,1.892358,4.269894,1.711366,4.133944,1.511114,1.38105,1.367632,1.364565,1.361867,1.354231,40
306,1.676181,1.706886,1.854479,1.879504,4.326722,2.104953,4.979923,2.092202,4.398869,1.876041,1.662971,1.662971,1.661284,1.656323,1.647979,40
307,1.785601,1.80561,1.859266,1.915106,5.084367,2.13265,5.455823,2.148444,4.933634,1.809008,1.774756,1.774756,1.774756,1.774756,1.762625,20
308,1.545524,1.545524,1.613758,1.676911,4.530332,1.998925,4.72582,1.995502,4.517449,1.720096,1.533994,1.546627,1.546627,1.540676,1.516468,10
309,1.520897,1.53828,1.580075,1.631743,3.985645,1.961574,4.495528,1.881531,4.290546,1.612383,1.503008,1.500364,1.503008,1.503008,1.489113,20
310,1.823085,1.838358,1.851885,1.986208,4.784542,2.379236,5.163004,2.334279,4.622285,2.042582,1.804947,1.802591,1.802591,1.802591,1.793835,40
311,1.633641,1.670707,1.663205,1.778664,4.207027,2.146984,5.254749,2.004136,4.836958,1.718828,1.642655,1.642655,1.638662,1.638662,1.612634,-40
312,1.640486,1.659451,1.733303,1.807742,4.601207,2.089898,5.150556,1.99488,4.71311,1.737618,1.596887,1.596887,1.583741,1.583741,1.579211,30
313,1.652965,1.654398,1.744961,1.800568,3.709541,2.202689,5.42292,2.108699,4.458348,1.770655,1.635775,1.642095,1.642095,1.646324,1.629226,10
314,1.55221,1.569875,1.619571,1.712251,4.58063,2.164137,5.03792,2.072844,4.729399,1.655163,1.531932,1.531932,1.531932,1.531932,1.521953,20
315,1.415812,1.43868,1.474151,1.568451,3.89502,1.949499,4.373722,1.70434,4.285231,1.515346,1.409732,1.409732,1.409732,1.409732,1.407469,30
316,1.606819,1.606819,1.718679,1.866792,4.370384,2.182426,4.89493,2.144504,4.401437,1.752228,1.610075,1.606819,1.606819,1.610075,1.601098,20
317,1.604174,1.59427,1.630997,1.761618,4.497255,2.008066,4.711797,1.926996,4.373096,1.707155,1.59427,1.599652,1.599652,1.599652,1.574772,-30
318,1.815287,1.817043,1.916416,2.072342,5.092138,2.25819,5.314482,2.11284,5.149088,1.998761,1.791831,1.794684,1.787903,1.787903,1.758555,30
319,1.634802,1.668093,1.693325,1.814925,4.204844,2.110659,4.91606,1.997779,4.277868,1.768942,1.64017,1.614068,1.610882,1.610882,1.598535,30
320,1.49009,1.506933,1.495568,1.551847,4.180803,1.868714,4.410814,1.838695,4.022332,1.577054,1.489069,1.49009,1.492751,1.492751,1.483258,10
321,1.463142,1.48593,1.56283,1.619083,3.740299,1.74482,4.74521,1.812577,4.441604,1.514702,1.417801,1.415339,1.418176,1.418176,1.411632,20
322,1.641032,1.679444,1.710169,1.763002,4.533926,2.247047,4.860361,2.210478,4.59458,1.699171,1.645708,1.641032,1.641032,1.641032,1.62949,20
323,1.443244,1.462978,1.488004,1.542012,3.413267,1.860633,4.628539,1.760523,3.912595,1.505556,1.437708,1.393619,1.393619,1.389399,1.388214,40
324,1.547522,1.553664,1.609697,1.75092,3.832745,2.002606,4.752714,1.894385,4.523112,1.690623,1.546892,1.52954,1.52954,1.52954,1.527652,20
325,1.805445,1.816848,1.844698,1.90723,4.836433,2.252772,5.147153,2.052615,4.966017,1.890358,1.76563,1.768038,1.746336,1.746336,1.742282,30
326,1.535354,1.555528,1.580899,1.648608,4.217928,1.869874,4.900962,2.030534,4.451464,1.716999,1.535354,1.535354,1.535354,1.535354,1.531679,-40
327,1.43082,1.455191,1.531412,1.66019,4.34669,1.897743,4.539027,1.901819,4.206836,1.585778,1.43534,1.43082,1.43082,1.43082,1.429848,20
328,1.438143,1.482801,1.518628,1.77177,4.07221,2.113722,4.738406,2.048021,4.60759,1.603324,1.43224,1.432071,1.416466,1.416466,1.416411,40
329,1.465264,1.498124,1.564837,1.664335,3.911144,1.836447,4.443252,1.8261,4.254302,1.670128,1.458677,1.464618,1.458382,1.463577,1.452886,30
330,1.606131,1.647514,1.741683,1.93186,4.160553,2.080039,4.754216,1.893613,4.56774,1.735374,1.595186,1.58232,1.589123,1.576136,1.57085,40
331,1.713383,1.719498,1.763798,1.840171,4.529833,2.183397,5.236829,2.046865,5.154988,1.812677,1.719498,1.713383,1.713383,1.713383,1.713262,20
332,1.713801,1.697983,1.746416,1.936927,4.392406,2.135349,4.962664,1.904821,4.765518,1.787252,1.643875,1.652876,1.642725,1.627397,1.611602,40
333,1.80687,1.845293,1.862862,2.022073,4.628545,2.3812,5.524722,2.12681,5.28113,1.955783,1.788205,1.777881,1.777881,1.794089,1.775695,20
334,1.590819,1.595664,1.619837,1.737084,4.504112,2.224348,5.002198,2.005463,4.501995,1.69674,1.579234,1.575337,1.577633,1.577633,1.555105,20
335,1.377472,1.387187,1.424257,1.550307,3.939688,1.750464,4.484295,1.683653,4.176656,1.518012,1.385674,1.386917,1.386917,1.382007,1.375893,-40
336,1.698777,1.739839,1.803371,1.986573,4.465091,2.424499,4.90714,2.173489,4.658072,1.866797,1.698239,1.697003,1.697003,1.697003,1.68743,20
337,1.567873,1.573375,1.647939,1.702987,4.427335,1.972629,4.641199,1.969754,4.473892,1.763754,1.550905,1.544885,1.541877,1.544885,1.534462,30
338,1.651993,1.693627,1.692023,1.806572,4.386585,2.110296,4.7103,2.065759,4.702972,1.714247,1.648177,1.63784,1.63784,1.63784,1.633995,20
339,1.636715,1.66515,1.688046,1.690956,4.366199,2.034105,4.852114,1.922706,4.45925,1.72187,1.649171,1.620013,1.620013,1.620013,1.614013,20
340,1.912849,1.95254,1.943021,1.935562,5.094612,2.482359,5.400456,2.293139,5.22573,2.051779,1.900555,1.880585,1.881605,1.881605,1.869118,20
341,2.107192,2.116802,2.251616,2.33274,5.523543,2.880212,6.156917,2.662452,6.081034,2.212455,2.111564,2.098053,2.099126,2.099126,2.086207,20
342,1.43687,1.482449,1.587659,1.676411,3.77798,2.101712,4.516315,1.853732,4.200021,1.574947,1.43407,1.420154,1.4312,1.415873,1.411405,40
343,1.556835,1.566244,1.636587,1.684386,4.387355,1.888376,4.665505,1.866572,4.418924,1.66994,1.553044,1.55539,1.553044,1.551848,1.549049,40
344,1.655897,1.667059,1.673325,1.794768,4.2201,2.239251,5.124257,1.995982,4.623087,1.818789,1.608126,1.608126,1.629961,1.630186,1.593194,20
345,1.596672,1.612012,1.644193,1.830344,4.286026,2.123977,5.077127,2.004191,4.840964,1.729212,1.586847,1.585607,1.585607,1.585607,1.563674,20
346,1.808935,1.804874,1.890579,1.99209,4.942258,2.279802,5.445212,2.287913,5.12726,1.979786,1.773336,1.746808,1.743643,1.743643,1.739885,30
347,1.413137,1.458612,1.546843,1.544997,3.248745,1.825425,4.723351,1.682133,4.461694,1.534202,1.411117,1.405354,1.405354,1.41158,1.405354,20
348,1.498467,1.49482,1.523492,1.631195,4.440316,1.977655,4.816378,1.827865,4.265188,1.620319,1.482332,1.481564,1.481564,1.481564,1.469474,20
349,1.5239,1.5239,1.551378,1.599202,3.736912,1.90372,4.783638,1.896506,4.437376,1.616632,1.515928,1.511055,1.505799,1.50918,1.485208,30
350,1.490182,1.527443,1.579136,1.650916,3.943613,1.897555,4.578988,1.922657,4.042682,1.557259,1.472556,1.466122,1.466122,1.466122,1.465119,20
351,1.57576,1.57576,1.616531,1.732933,4.260376,2.045039,5.218797,1.961567,4.27647,1.627274,1.551721,1.56605,1.551721,1.551721,1.543738,10
352,1.686154,1.72869,1.720718,1.85492,3.712469,2.090042,5.041054,2.035046,4.478533,1.76611,1.649176,1.647544,1.647544,1.647544,1.6471,20
353,1.574752,1.581159,1.646957,1.744683,4.655832,2.160625,4.831819,1.924496,4.214576,1.721615,1.558701,1.552626,1.552626,1.552626,1.552626,20
354,1.50298,1.507295,1.538678,1.63049,3.743126,1.996746,4.813394,1.765014,4.059898,1.572866,1.486119,1.466442,1.46542,1.46542,1.454949,30
355,1.621185,1.637647,1.63988,1.703446,4.259348,2.049884,4.749044,1.977704,4.540475,1.775999,1.629388,1.616562,1.616562,1.616562,1.60979,20
356,1.54802,1.559628,1.59158,1.691247,4.009552,2.072097,4.492977,1.882297,4.241536,1.614265,1.564326,1.559898,1.57013,1.567798,1.52688,-40
357,1.543495,1.557288,1.578637,1.727784,4.18171,2.054183,4.54756,1.914277,4.175264,1.725878,1.526098,1.526098,1.526098,1.526098,1.523844,20
358,1.572999,1.614403,1.64428,1.853661,4.656739,2.128969,4.96928,2.140834,4.624079,1.769031,1.565989,1.53359,1.53359,1.532761,1.532233,40
359,1.425168,1.430158,1.492159,1.503045,3.909274,1.651437,4.268122,1.723315,3.695452,1.521847,1.410459,1.408304,1.405781,1.410459,1.400874,30
360,1.592842,1.601355,1.678255,1.770942,4.129355,2.122734,4.708199,1.89211,4.47387,1.702809,1.588197,1.590404,1.564878,1.564878,1.549968,30
361,1.332861,1.377988,1.432037,1.514738,3.640649,1.836453,4.527805,1.674795,4.187442,1.412318,1.331636,1.331636,1.333694,1.333694,1.32999,20
362,1.86102,1.910375,1.985028,2.226756,5.426195,2.545738,5.66126,2.41167,5.170031,2.061974,1.840715,1.838232,1.834475,1.837994,1.808964,30
363,1.770958,1.81296,1.9051,2.065924,4.653861,2.440131,5.553781,2.118359,5.291392,1.918214,1.769359,1.751243,1.751243,1.751243,1.751243,20
364,1.488903,1.498015,1.529935,1.650904,4.456487,1.900635,4.513836,1.708819,4.102772,1.581441,1.527065,1.505966,1.488903,1.488384,1.482336,40
365,1.709723,1.741939,1.900988,1.941431,4.704818,2.212083,4.856288,2.125077,4.382868,1.846059,1.668207,1.687892,1.692058,1.692058,1.653874,10
366,1.816631,1.831107,1.92184,1.990892,4.811157,2.245127,5.254524,2.155973,5.211855,1.929346,1.794198,1.795854,1.795854,1.795854,1.783851,10
367,1.75012,1.75012,1.864761,1.869193,4.451774,2.12178,5.340582,2.166166,5.059496,1.837982,1.740499,1.735977,1.734326,1.732588,1.729686,40
368,1.520581,1.578857,1.619638,1.707087,3.881441,1.962451,4.403177,1.968597,4.295222,1.678575,1.505601,1.505601,1.505601,1.505601,1.499362,20
369,1.768159,1.760826,1.847493,1.844843,4.576279,2.366585,5.327482,2.13331,4.938212,1.820379,1.758632,1.747537,1.733749,1.733749,1.729766,30
370,1.631045,1.664931,1.734085,1.890727,4.357341,2.011454,4.950722,1.97493,4.33163,1.775861,1.631045,1.624896,1.623258,1.623258,1.615797,30
371,1.568402,1.597615,1.663564,1.778169,4.132751,2.044056,5.292559,1.909842,4.615443,1.657636,1.562376,1.565161,1.565161,1.565161,1.555517,10
372,1.519168,1.537572,1.538575,1.621862,4.143494,1.90951,4.502564,1.878931,4.265444,1.592383,1.489116,1.498255,1.487414,1.487414,1.487414,30
373,1.558951,1.571542,1.589488,1.683181,3.939964,1.964756,4.515947,1.804184,4.254353,1.651724,1.563201,1.558414,1.558414,1.558414,1.555994,20
374,1.794769,1.794769,1.866102,1.995307,4.334895,2.368589,5.322259,2.375462,5.013322,1.920689,1.773471,1.772295,1.772295,1.772295,1.772233,20
375,1.450062,1.470572,1.559087,1.680112,3.639075,2.000802,4.630364,1.758275,3.953685,1.531164,1.435328,1.429517,1.411598,1.411598,1.404527,30
376,1.510314,1.523634,1.537978,1.568171,3.719669,2.096735,4.725846,2.012455,4.403438,1.578227,1.510314,1.510412,1.510412,1.510412,1.479945,-40
377,1.500289,1.514785,1.532583,1.626688,4.090316,2.0503,4.749222,1.786303,4.30219,1.575161,1.461337,1.458452,1.458452,1.458452,1.44717,20
378,1.433326,1.449773,1.535178,1.720354,3.575802,1.888251,4.623112,1.905375,4.408921,1.643895,1.424551,1.420577,1.420577,1.425613,1.409147,20
379,1.588184,1.588184,1.686802,1.777611,4.383472,2.173956,4.819078,2.026774,4.571985,1.763192,1.587971,1.592855,1.592855,1.588184,1.582294,10
380,1.544742,1.553993,1.559133,1.693261,4.45153,2.118521,4.644932,1.803795,4.263212,1.667687,1.538038,1.528353,1.528743,1.521329,1.518216,40
381,1.656323,1.714414,1.748784,1.851798,4.567138,2.120923,5.023777,1.991222,4.726609,1.836812,1.667503,1.660088,1.671607,1.656362,1.617788,-40
382,1.423752,1.445276,1.451828,1.590738,4.226953,1.990438,4.884963,1.809802,4.56777,1.50854,1.426017,1.422769,1.424875,1.424875,1.403636,20
383,1.847611,1.861962,1.912306,2.016195,4.9646,2.332652,5.574533,2.229924,5.211006,2.010542,1.848485,1.836707,1.836707,1.836707,1.822357,20
384,1.558976,1.55867,1.623964,1.676823,4.493702,1.970713,4.786981,1.92464,4.344342,1.702826,1.558089,1.54472,1.542966,1.550374,1.519232,30
385,1.853235,1.871795,1.894744,2.11711,5.391941,2.544742,5.592028,2.341365,5.268864,2.044995,1.846694,1.846694,1.846694,1.846694,1.844673,10
386,1.280379,1.293376,1.332844,1.367308,4.054321,1.559463,4.263068,1.498851,3.790282,1.376711,1.271834,1.278137,1.278137,1.278137,1.271834,10
387,1.921289,1.933547,2.00604,2.154616,5.321094,2.47944,5.421277,2.284745,5.335756,2.117441,1.881054,1.872254,1.872254,1.872254,1.869957,20
388,1.451888,1.488981,1.549915,1.622082,4.145819,2.014016,4.776774,1.90457,4.087973,1.645844,1.439462,1.437815,1.437815,1.437815,1.421835,20
389,1.728079,1.728079,1.764548,1.927907,4.862441,2.168495,5.094412,2.236225,4.903918,1.896114,1.721933,1.716746,1.716746,1.716746,1.715567,20
390,1.654397,1.667314,1.750795,1.765751,4.411508,2.158084,4.993814,2.099848,4.741169,1.768815,1.662292,1.655694,1.656435,1.650068,1.635457,40
391,1.497764,1.523122,1.543736,1.632466,3.718054,1.992454,4.620958,1.782605,4.080961,1.605334,1.472037,1.46883,1.46883,1.46883,1.46883,20
392,1.489534,1.530442,1.615848,1.718348,4.149631,1.935328,4.559041,1.883648,4.350592,1.641479,1.485363,1.481776,1.481776,1.481776,1.481776,30
393,1.405389,1.412815,1.451507,1.461682,4.082434,1.667576,4.264518,1.738674,3.940171,1.484006,1.367262,1.364976,1.364976,1.364976,1.357747,20
394,1.459194,1.497535,1.491017,1.607933,4.109434,1.947194,4.673092,1.754677,4.255515,1.5543,1.434899,1.438753,1.434899,1.434899,1.434253,30
395,1.474408,1.48441,1.548218,1.757637,3.567,1.974446,4.741434,1.848548,4.072079,1.576131,1.425503,1.4317,1.4317,1.425503,1.403491,40
396,1.481775,1.500704,1.514414,1.588174,3.768793,1.971285,4.197366,1.770364,4.061557,1.551236,1.499412,1.482909,1.482948,1.483512,1.476072,-40
397,1.511959,1.511959,1.535718,1.693105,3.902237,1.961203,4.59791,1.907363,4.22797,1.630158,1.499648,1.499648,1.499648,1.499648,1.496229,20
398,1.56361,1.576628,1.606907,1.737051,4.489698,1.974866,4.973571,1.808322,4.547006,1.647199,1.551997,1.555777,1.555777,1.555777,1.547487,10
399,1.512882,1.499582,1.582094,1.706214,4.078397,1.980786,4.783596,1.907137,4.550417,1.601016,1.502273,1.495771,1.495771,1.491417,1.468966,40
400,1.705932,1.723263,1.72753,1.856037,4.729858,2.154803,5.045352,2.060644,4.815718,1.781403,1.686426,1.686426,1.686426,1.686426,1.685072,20
401,1.681535,1.700678,1.810195,1.869129,4.877824,2.293442,5.31438,2.143106,5.038254,1.797455,1.680887,1.694477,1.680887,1.680887,1.678946,10
402,1.599491,1.623818,1.700695,1.816679,4.284145,2.159681,4.719885,2.011537,4.109572,1.718392,1.559334,1.559664,1.559664,1.559664,1.553652,10
403,1.740695,1.759902,1.77741,1.897116,4.997238,2.202717,5.136338,2.224844,4.754569,1.87823,1.727056,1.709176,1.709176,1.709176,1.703779,30
404,1.706436,1.717826,1.731313,1.826495,4.969995,2.260589,5.323532,1.942746,4.791246,1.845578,1.710915,1.701465,1.701536,1.700934,1.674238,40
405,1.286333,1.288424,1.337969,1.37532,3.897549,1.69071,4.025716,1.648071,3.819637,1.348854,1.282026,1.292452,1.282026,1.282026,1.278051,30
406,1.586709,1.602671,1.613159,1.738992,4.239815,1.983001,4.666724,1.958702,4.33299,1.727265,1.585252,1.585252,1.585252,1.581948,1.567756,40
407,1.53478,1.533711,1.625004,1.688413,4.517988,1.981873,5.027707,1.884411,4.413614,1.631973,1.52124,1.495465,1.48889,1.503054,1.472069,30
408,1.52711,1.539829,1.5895,1.764828,3.96699,1.92843,4.458476,1.792875,4.070123,1.712151,1.487247,1.48798,1.480187,1.479711,1.476912,40
409,1.475601,1.494216,1.517255,1.602317,4.326761,1.812713,4.561451,1.879675,4.148197,1.612382,1.465749,1.463929,1.463929,1.463929,1.460187,20
410,1.775557,1.819171,1.835147,1.931188,4.973422,2.248018,5.066704,2.097463,4.882466,1.91148,1.763151,1.764231,1.764231,1.764231,1.761709,10
411,1.585055,1.605835,1.6741,1.780467,4.166369,2.014737,4.82844,1.917925,4.723603,1.676549,1.584502,1.568881,1.569385,1.569385,1.568881,20
412,1.396994,1.443978,1.50044,1.573498,4.001533,1.764538,4.53278,1.810671,4.065471,1.580319,1.384074,1.375344,1.387076,1.384331,1.373639,20
413,1.542329,1.572344,1.605662,1.66805,4.541621,1.797586,4.879797,1.895329,4.449166,1.627072,1.534276,1.534211,1.534211,1.534211,1.529514,20
414,1.289218,1.299358,1.320945,1.441461,3.174889,1.663312,4.172455,1.512862,3.751149,1.360656,1.255347,1.258763,1.257226,1.256566,1.242891,10
415,1.464475,1.503253,1.535656,1.560834,4.412243,1.916841,4.829994,1.841188,4.539372,1.569916,1.458845,1.457481,1.457481,1.457481,1.450501,30
416,1.335837,1.339298,1.360035,1.487666,3.56066,1.76092,4.163429,1.665106,4.071767,1.442469,1.335837,1.331692,1.331692,1.331692,1.324741,20
417,1.618293,1.654692,1.765893,1.876821,4.689344,2.173,5.448667,2.173444,4.878516,1.747712,1.618293,1.610236,1.618293,1.618293,1.610236,20
418,1.508956,1.532994,1.597661,1.69702,4.578455,2.074554,4.810108,1.925729,4.531129,1.806968,1.518484,1.515866,1.508636,1.508636,1.498589,30
419,1.40265,1.433253,1.469227,1.556153,3.703713,1.805124,4.303651,1.684547,4.018282,1.53239,1.401474,1.402056,1.401846,1.401846,1.391658,10
420,1.487264,1.487264,1.503046,1.581824,4.227828,1.86607,4.358234,1.812467,4.012703,1.533129,1.468393,1.468393,1.47987,1.47987,1.468393,20
421,1.414261,1.442808,1.489618,1.590729,4.005413,1.839239,4.74235,1.734993,4.428497,1.515309,1.396406,1.396406,1.396406,1.407369,1.395453,20
422,1.529014,1.569624,1.558919,1.666332,3.635319,1.889212,5.115725,1.865514,4.383573,1.627282,1.512968,1.510031,1.510031,1.509988,1.493036,40
423,1.605185,1.640092,1.652262,1.819677,4.365358,2.076937,4.619236,2.019003,4.238826,1.756397,1.574571,1.574571,1.574571,1.574571,1.565632,20
424,1.484262,1.484262,1.500563,1.590463,3.660653,1.774949,4.727292,1.864851,4.431782,1.608515,1.479834,1.476556,1.476556,1.476556,1.473785,20
425,1.614072,1.626111,1.67178,1.78036,4.236954,2.079492,4.604158,2.021393,4.432576,1.656327,1.595227,1.590033,1.590033,1.590033,1.584732,20
426,1.481532,1.495593,1.514098,1.5968,4.161404,2.029798,4.80954,1.746026,4.368988,1.510832,1.423845,1.423845,1.423845,1.423845,1.418512,20
427,1.62252,1.678781,1.746431,1.881417,4.37317,2.248832,4.97321,1.844918,4.466088,1.756131,1.621838,1.625686,1.625686,1.623647,1.613586,10
428,1.712554,1.735839,1.738963,1.937772,4.674719,2.404204,5.34781,2.32963,4.938294,1.971244,1.733454,1.709972,1.709972,1.709972,1.709972,20
429,1.766937,1.766937,1.80082,1.992208,4.615498,2.470418,5.499869,2.295255,4.878042,1.8439,1.755203,1.742017,1.742017,1.742017,1.733312,40
430,1.919054,1.928676,1.976654,2.020925,4.781763,2.603676,5.506058,2.307386,5.134521,2.062675,1.921118,1.912914,1.912914,1.912914,1.901354,20
431,1.902996,1.923413,1.978556,2.065555,5.251488,2.406279,5.524719,2.40079,5.332591,2.017922,1.876076,1.882687,1.874995,1.881678,1.864427,30
432,1.336121,1.335027,1.352898,1.458984,3.965875,1.658105,4.179439,1.561633,3.837939,1.441244,1.291871,1.291871,1.285829,1.285829,1.285829,30
433,1.487257,1.518217,1.563616,1.6889,3.73083,1.944674,4.477122,1.883489,4.329604,1.552696,1.480729,1.472471,1.472471,1.46293,1.449137,40
434,1.617427,1.644903,1.700307,1.838533,4.211966,2.084883,4.820924,2.086794,4.289652,1.769039,1.597325,1.590117,1.590117,1.590117,1.590117,20
435,1.764585,1.786326,1.906122,2.034138,4.626742,2.300837,5.352204,2.220496,4.847976,1.980055,1.769401,1.761123,1.764878,1.764878,1.761123,20
436,1.599143,1.629892,1.714831,1.688165,4.003772,2.055266,4.617306,1.910136,4.355504,1.757666,1.584696,1.582556,1.585808,1.594538,1.573305,20
437,1.587746,1.577868,1.606093,1.759247,3.556695,2.04987,4.978796,1.938178,4.358848,1.735023,1.560825,1.560825,1.559232,1.559232,1.555055,30
438,1.679397,1.677952,1.760645,1.93552,5.079588,2.158254,5.4419,1.959543,5.071734,1.833806,1.677952,1.677952,1.677952,1.677952,1.663074,20
439,1.757926,1.760208,1.758269,1.968466,5.072084,2.174326,5.084372,2.107559,4.762969,1.90121,1.747129,1.728998,1.728998,1.728998,1.723258,20
440,1.446518,1.451016,1.503352,1.587832,4.230209,1.79156,4.387624,1.682188,4.160462,1.506669,1.437046,1.436242,1.435414,1.435414,1.426939,30
441,1.51355,1.520948,1.511219,1.693644,4.670562,2.024216,4.756024,1.838305,4.655352,1.646085,1.475455,1.478302,1.469058,1.469058,1.46253,30
442,1.521507,1.530808,1.619354,1.711133,4.193964,1.994968,4.95003,1.789786,4.351491,1.629532,1.500735,1.500735,1.500735,1.500735,1.496137,20
443,1.633241,1.633147,1.660338,1.705242,4.37393,1.971701,4.751236,2.118858,4.570718,1.761338,1.603537,1.60688,1.611382,1.611642,1.578787,10
444,1.606361,1.643914,1.656846,1.720227,4.30153,1.887941,4.644352,1.998057,4.360691,1.693482,1.59962,1.597443,1.59962,1.600004,1.577394,20
445,1.448118,1.475789,1.542658,1.664627,3.866532,1.845609,4.530849,1.772283,4.295163,1.610552,1.431944,1.431944,1.431944,1.431944,1.424596,20
446,1.675035,1.730541,1.732639,1.780867,4.862546,2.018298,5.162341,2.019747,4.409357,1.805138,1.645317,1.628504,1.630994,1.630994,1.618279,20
447,1.642978,1.673363,1.744285,1.826079,4.388656,1.957333,4.929516,1.950689,4.79596,1.834609,1.657321,1.656523,1.638685,1.656523,1.633994,30
448,1.467701,1.473841,1.55263,1.611301,3.620407,1.903434,4.258776,1.814559,4.100028,1.601399,1.459093,1.462632,1.459093,1.459093,1.446571,10
449,1.88057,1.869421,1.985624,2.085079,4.708129,2.392607,5.950149,2.261633,5.432408,1.988085,1.861352,1.862523,1.862523,1.862523,1.846879,10
450,1.604039,1.609331,1.631024,1.730712,4.584806,2.21519,5.046428,1.929849,4.752652,1.695492,1.607267,1.607286,1.582963,1.582963,1.573065,30
451,2.058188,2.07105,2.139736,2.382495,5.422774,2.822642,5.839201,2.575676,5.49345,2.212093,2.028805,2.027149,2.027149,2.02374,2.022019,40
452,1.865259,1.888757,1.973099,2.035512,4.913731,2.31573,5.109824,2.37777,4.880559,2.08773,1.870388,1.856702,1.865024,1.865024,1.842547,20
453,1.296179,1.403423,1.373327,1.505241,3.620133,1.696176,4.151512,1.606362,3.574188,1.500613,1.285869,1.285869,1.285869,1.285869,1.285869,10
454,1.790481,1.801848,1.883649,1.991964,4.747424,2.55623,5.090542,2.298719,4.919718,1.990678,1.790481,1.78904,1.78904,1.78904,1.779686,20
455,1.674607,1.683034,1.751807,1.808669,4.377758,2.205934,5.13783,2.021536,4.44429,1.764742,1.672761,1.662365,1.684546,1.679524,1.645404,20
456,1.874648,1.85994,1.946044,2.189281,4.407952,2.432417,5.53419,2.507861,4.987049,2.18718,1.808867,1.78804,1.78804,1.780841,1.780452,40
457,1.718062,1.718794,1.765606,1.832546,4.22421,2.229238,4.86149,2.095801,4.499413,1.802328,1.704969,1.706083,1.706083,1.706083,1.6938,10
458,1.760789,1.760789,1.775528,1.926484,4.937292,2.215092,5.087202,2.243378,4.730119,1.860552,1.755885,1.750927,1.745367,1.745367,1.728113,30
459,1.650201,1.683475,1.695436,1.921286,4.500558,2.301866,4.811692,2.033069,4.643144,1.790056,1.591006,1.584952,1.586752,1.586752,1.578618,20
460,1.548016,1.559577,1.587628,1.651478,4.102462,1.858751,4.514443,1.70841,4.295987,1.631727,1.514866,1.515429,1.519008,1.515429,1.512522,10
461,1.742771,1.738515,1.813766,1.900886,4.795028,2.430196,5.938393,2.290083,5.326658,1.82282,1.729231,1.729231,1.719256,1.719256,1.719256,30
462,1.538386,1.559831,1.566018,1.681244,4.208622,2.099323,4.838089,1.875904,4.555054,1.561956,1.524819,1.517343,1.517343,1.517343,1.509689,20
463,1.643202,1.661029,1.688754,1.738085,4.335008,2.118969,4.814267,2.069667,4.361831,1.775414,1.628001,1.627489,1.627489,1.628001,1.613082,20
464,1.689671,1.701755,1.727261,1.902767,4.743926,2.149318,5.084278,2.18914,5.08881,1.939184,1.691453,1.671605,1.683928,1.686331,1.670286,20
465,1.615497,1.656362,1.679926,1.828389,4.484949,2.261164,5.020136,1.988318,4.644854,1.79781,1.593898,1.593898,1.593898,1.593898,1.590873,20
466,1.66838,1.687862,1.718896,1.777186,5.028375,2.220568,5.182804,1.888142,4.610874,1.754761,1.630047,1.639092,1.639092,1.639092,1.628697,10
467,1.784648,1.782784,1.823167,1.971187,4.307536,2.14948,5.118697,2.261102,4.70301,1.942894,1.723595,1.706056,1.705516,1.705516,1.692196,30
468,1.786034,1.793592,1.877423,1.951311,4.766558,2.204022,5.065519,2.083338,5.034472,1.882769,1.756521,1.754811,1.74934,1.74934,1.745076,30
469,1.564456,1.608107,1.675016,1.742478,3.940045,1.937472,4.910648,1.925319,4.636975,1.755824,1.555458,1.561717,1.561717,1.561717,1.555458,10
470,1.734655,1.733483,1.733483,1.796024,4.683328,2.146831,4.848918,2.013915,4.780209,1.783828,1.734655,1.729146,1.729146,1.729146,1.727995,20
471,1.59589,1.625749,1.717978,1.817328,3.933497,2.091163,5.356272,2.032632,4.970494,1.723213,1.595285,1.595285,1.595285,1.595285,1.589184,20
472,1.521238,1.548829,1.616878,1.764425,3.768548,1.949022,4.64677,1.885855,4.18112,1.586021,1.496907,1.499283,1.499283,1.497073,1.479164,10
473,1.595888,1.59648,1.695715,1.772995,3.805214,2.088203,4.630096,1.887191,4.402618,1.710588,1.593808,1.582816,1.582816,1.582816,1.571045,20
474,1.519362,1.523278,1.559112,1.620876,4.787879,2.03974,5.140066,1.864729,4.568685,1.625102,1.519362,1.519362,1.519362,1.519362,1.511002,20
475,1.545473,1.562918,1.566362,1.720686,4.575591,2.010792,4.849395,1.949034,4.342393,1.722396,1.522395,1.522395,1.517322,1.514436,1.499221,40
476,1.353568,1.369428,1.463428,1.577182,3.900214,1.83071,4.140234,1.874555,3.879524,1.449676,1.31289,1.31289,1.31289,1.31041,1.305148,40
477,1.579443,1.648655,1.649712,1.700869,4.556186,2.132414,4.756563,1.884392,4.616933,1.72783,1.567654,1.561278,1.561278,1.561278,1.560111,40
478,1.553377,1.547402,1.599388,1.697661,4.118994,1.953448,4.646243,1.836706,4.38754,1.637092,1.527147,1.513283,1.495785,1.495785,1.474369,30
479,1.459868,1.459012,1.495885,1.574944,4.030184,1.849411,4.085128,1.780701,3.94798,1.540158,1.458125,1.459127,1.458125,1.459127,1.454724,10
480,1.497465,1.531756,1.576368,1.599822,3.48917,1.982029,4.595953,1.832855,4.019455,1.625373,1.47117,1.462014,1.462014,1.462014,1.461689,20
481,1.506114,1.501307,1.551199,1.611324,4.164719,1.980669,4.446852,1.808961,4.060989,1.627133,1.470445,1.472495,1.477198,1.472652,1.45398,10
482,1.693182,1.729678,1.769873,1.969616,4.410657,2.206489,5.208146,2.102206,4.903066,1.765029,1.69372,1.681687,1.681687,1.681687,1.674524,20
483,1.704692,1.726386,1.78569,1.951905,4.900661,2.281973,5.059049,2.156378,4.779988,1.909075,1.686799,1.672066,1.672066,1.672066,1.661651,20
484,1.561323,1.585868,1.647192,1.695294,4.469998,1.870413,4.855758,1.970357,4.500704,1.77559,1.53592,1.535283,1.55709,1.55709,1.535283,20
485,1.726108,1.750438,1.82012,1.902586,4.517505,2.177481,5.150651,2.1637,4.815947,1.840962,1.735543,1.711953,1.711953,1.711953,1.711335,20
486,1.524439,1.521346,1.648055,1.792267,3.757212,2.049318,4.544466,1.760492,3.865692,1.620467,1.502432,1.490777,1.489571,1.489619,1.481438,30
487,1.606648,1.612599,1.720635,1.805593,4.777279,2.115038,5.236376,1.95489,4.659984,1.736819,1.588544,1.58877,1.58877,1.58877,1.581687,10
488,1.611149,1.621409,1.627321,1.773667,3.760808,2.107334,4.524681,1.954172,4.317829,1.705943,1.608575,1.608575,1.608575,1.608575,1.598851,20
489,1.76738,1.80792,1.839031,1.93676,4.733876,2.28076,4.962865,2.242923,4.730585,1.92724,1.708004,1.703517,1.710686,1.710686,1.693882,20
490,1.799723,1.848632,1.859345,1.933402,4.639722,2.191619,5.426546,2.124807,5.189786,1.919556,1.794786,1.786255,1.786255,1.786255,1.767135,20
491,1.598481,1.612426,1.715265,1.730926,3.936346,2.201129,4.544263,2.063811,4.239348,1.702688,1.571548,1.565425,1.565425,1.565425,1.562851,20
492,1.659248,1.712684,1.766621,1.803553,4.648429,2.060201,4.904823,1.906902,4.607526,1.756445,1.629352,1.629352,1.629352,1.629352,1.617212,20
493,1.711836,1.726554,1.786635,1.76448,4.449546,2.238921,4.955404,2.048383,4.583554,1.779559,1.698562,1.672142,1.672142,1.672142,1.667046,20
494,1.635779,1.673706,1.732981,1.847055,4.534228,2.305189,4.817176,2.013889,4.546428,1.839338,1.635316,1.635316,1.635316,1.635316,1.634387,20
495,1.599969,1.613053,1.634481,1.785273,4.165677,2.000376,4.950786,1.923811,4.65313,1.682709,1.607294,1.613053,1.599969,1.599969,1.59809,-40
496,1.675611,1.692277,1.785284,1.87734,4.342098,2.238141,4.704414,2.193619,4.502923,1.882088,1.674907,1.674907,1.672696,1.663119,1.663119,40
497,1.656848,1.658961,1.738428,1.746088,4.898766,2.209671,5.114572,2.12391,4.587732,1.738647,1.639754,1.639754,1.640426,1.640426,1.639754,10
498,1.413929,1.439052,1.449523,1.548762,3.508187,1.959016,4.32392,1.744998,4.325427,1.526458,1.408248,1.408248,1.408248,1.408248,1.407072,20
499,1.450937,1.456245,1.480677,1.624695,4.44617,1.989977,4.697208,1.901658,4.356907,1.628322,1.448552,1.448552,1.448552,1.448552,1.444398,20
500,1.64692,1.64692,1.686057,2.012664,4.881619,2.298086,5.12146,2.056176,4.628083,1.852964,1.664745,1.64692,1.661649,1.646113,1.629946,40
501,1.670838,1.693072,1.681364,1.755513,4.241966,2.076494,4.680151,2.163183,4.562978,1.758792,1.662322,1.662221,1.662221,1.65997,1.649139,40
502,1.454719,1.4556,1.462643,1.574052,4.290416,1.781094,4.591059,1.786438,4.42824,1.518817,1.441575,1.427656,1.44248,1.443423,1.421229,20
503,1.538875,1.56892,1.57741,1.717373,3.990453,2.011572,5.004158,1.70306,4.732695,1.638478,1.534415,1.533501,1.532638,1.532638,1.517565,30
504,1.56993,1.637713,1.701602,1.761357,4.711232,2.065224,5.096644,1.928393,4.442698,1.731298,1.516114,1.534693,1.542424,1.529117,1.508403,10
505,1.416937,1.444542,1.456309,1.556573,3.000262,1.687459,4.610641,1.807249,4.078499,1.501949,1.391916,1.390257,1.390257,1.391916,1.382741,20
506,1.707466,1.734561,1.849732,1.88502,4.588053,2.172325,4.998873,2.273031,4.83242,1.989758,1.713534,1.69533,1.693113,1.681114,1.669105,40
507,1.75388,1.746514,1.786407,1.854597,4.539206,2.278252,4.847384,1.972653,4.60539,1.777826,1.717674,1.706264,1.706264,1.706264,1.696487,20
508,1.650966,1.672961,1.664326,1.791874,4.720157,2.201568,4.819903,2.072817,4.644183,1.742839,1.623116,1.613216,1.612227,1.620215,1.608279,30
509,1.724996,1.742383,1.773268,1.880784,4.550648,2.073572,5.033907,2.245516,4.694486,1.893567,1.691063,1.6882,1.680812,1.680812,1.678998,30
510,1.4543,1.482024,1.525843,1.688848,3.648406,1.78148,4.398258,1.763714,4.124165,1.562483,1.454111,1.453277,1.453277,1.453277,1.448125,20
511,1.542322,1.571086,1.61034,1.680201,3.838766,2.093805,4.744728,1.856419,4.285868,1.649093,1.533214,1.529603,1.533214,1.533214,1.529603,20
512,1.681621,1.677302,1.70546,1.829685,4.184739,2.194955,5.011366,2.126489,4.792468,1.813893,1.649588,1.632412,1.632412,1.632412,1.631498,20
513,2.004541,2.028919,2.080683,2.171114,5.614975,2.700037,5.692015,2.349743,5.258774,2.042192,1.966346,1.964834,1.964834,1.964834,1.954752,20
514,1.447859,1.447859,1.470872,1.562217,4.231414,1.706867,4.829219,1.672824,4.433818,1.547538,1.429208,1.429208,1.429208,1.429208,1.415782,20
515,1.591283,1.615515,1.622134,1.767543,4.057888,2.072052,4.569173,2.136552,4.339394,1.708945,1.554729,1.554729,1.555553,1.554837,1.540157,20
516,1.438547,1.503768,1.505996,1.590953,4.013242,1.852033,4.811404,1.71038,4.469888,1.522695,1.422057,1.418033,1.418033,1.418033,1.403575,20
517,1.565012,1.590241,1.712888,1.971453,4.433417,2.330109,4.880645,2.046842,4.382772,1.817477,1.560735,1.543802,1.543802,1.543802,1.537989,20
518,1.372477,1.431316,1.433458,1.537747,3.815895,1.703568,4.193184,1.461805,3.926881,1.472406,1.344273,1.344273,1.344273,1.344273,1.342976,20
519,1.880141,1.898869,1.95796,2.123424,5.074426,2.63278,5.314542,2.315422,5.138618,2.031625,1.886462,1.873203,1.873203,1.873203,1.873056,30
520,1.700033,1.714867,1.76798,1.878324,4.262688,2.169441,4.998711,2.090209,4.586826,1.833329,1.68105,1.68105,1.68105,1.68105,1.674079,20
521,1.522344,1.557786,1.589185,1.626569,4.328308,1.999295,4.904886,1.841833,4.397605,1.605809,1.51939,1.515215,1.515215,1.515215,1.500606,20
522,1.512769,1.553958,1.529175,1.601815,3.531173,2.064526,4.650045,1.959214,4.388498,1.614316,1.508751,1.498756,1.492407,1.487735,1.477536,40
523,1.467024,1.455138,1.481972,1.534347,3.842852,1.783046,4.607344,1.709984,4.00019,1.51433,1.438039,1.428878,1.4369,1.457049,1.41999,20
524,1.511218,1.548576,1.64858,1.689224,4.433423,1.968971,4.79957,1.921133,4.516343,1.699499,1.486593,1.486593,1.496035,1.496035,1.486593,20
525,1.438207,1.472499,1.549123,1.686243,4.030083,1.953968,4.386714,1.707108,3.986731,1.598302,1.411635,1.408236,1.408236,1.408236,1.397854,20
526,1.751441,1.753321,1.904669,2.030383,5.124557,2.56707,5.401898,2.310178,4.98231,1.875389,1.736405,1.723201,1.723201,1.723201,1.722135,20
527,1.546469,1.562773,1.65463,1.725122,4.355695,2.040396,4.77789,1.877252,4.559505,1.631606,1.536796,1.534774,1.550558,1.55245,1.514607,20
528,1.365661,1.387488,1.42927,1.508351,3.467594,1.654254,4.242164,1.746907,3.81017,1.49528,1.351258,1.346149,1.346149,1.346149,1.333334,20
529,1.768076,1.786086,1.775489,1.888687,4.5154,2.148997,5.328253,1.973238,5.041552,1.901588,1.754052,1.760346,1.760346,1.761085,1.750264,10
530,1.664826,1.742133,1.799505,1.912462,4.921479,2.207413,5.384897,2.12112,4.959892,1.83299,1.669338,1.646079,1.646079,1.646079,1.635442,20
531,1.491884,1.491901,1.565248,1.592701,4.699098,1.83765,4.71487,1.775511,4.507809,1.591924,1.474515,1.47122,1.47122,1.47122,1.464086,20
532,1.602387,1.62109,1.770393,1.825386,4.790391,2.195661,5.097982,2.017498,4.632391,1.797668,1.607047,1.607047,1.607047,1.607047,1.595965,-40
533,1.436201,1.439616,1.500489,1.580953,3.52369,1.925586,4.450536,1.906757,4.265646,1.559152,1.425763,1.424834,1.424834,1.424834,1.420419,20
534,1.603956,1.598461,1.634947,1.617711,4.426757,1.989549,4.822338,1.881704,4.346484,1.71251,1.519985,1.49988,1.502355,1.498521,1.469695,40
535,1.749545,1.752327,1.823582,2.068145,4.069925,2.390392,5.522152,2.184104,5.295276,1.832184,1.72103,1.72103,1.72103,1.72103,1.719678,20
536,1.625564,1.697401,1.774219,1.850858,3.713593,1.964328,4.472002,1.998148,4.395274,1.830582,1.645489,1.636083,1.636083,1.636083,1.599974,-40
537,1.829862,1.927184,1.939645,2.112506,4.767492,2.403536,5.379936,2.357057,5.080768,2.028806,1.828133,1.812608,1.812608,1.812608,1.80687,20
538,1.519626,1.574339,1.63971,1.789936,4.424085,2.104257,4.787294,1.883836,4.392349,1.639409,1.486686,1.495266,1.494669,1.492167,1.478205,10
539,1.715969,1.782885,1.820391,1.870003,4.400464,2.239074,4.740492,2.107119,4.515501,1.810597,1.709887,1.687799,1.685129,1.685129,1.684511,30
540,1.626099,1.669706,1.746554,1.867609,4.079141,2.289014,4.793388,1.953537,4.639453,1.776395,1.631312,1.621369,1.626455,1.626455,1.603491,20
541,1.542729,1.566399,1.67474,1.700788,4.359705,1.945209,4.663604,1.967433,4.381828,1.681618,1.519709,1.516427,1.516427,1.516427,1.505452,20
542,1.657834,1.6207,1.759522,1.903831,4.698347,2.14565,4.986028,1.959987,4.485986,1.754757,1.628091,1.614278,1.612847,1.612847,1.603414,30
543,1.864532,1.848448,1.852071,1.921798,4.81611,2.527761,5.109805,2.153994,4.95984,1.939402,1.831218,1.8284,1.843409,1.848448,1.822489,20
544,1.69908,1.745244,1.787519,2.002238,4.668504,2.06354,4.806904,2.112424,4.320546,1.843879,1.700063,1.710204,1.707606,1.707606,1.689455,-40
545,1.557508,1.565464,1.641246,1.734878,4.348636,2.005405,4.772262,1.833348,4.391022,1.595972,1.551698,1.546971,1.546257,1.550532,1.546257,30
546,1.760633,1.763085,1.836608,1.898791,4.351077,2.32126,5.100959,2.142169,4.627302,1.821793,1.743766,1.742596,1.742596,1.747705,1.722923,20
547,1.640408,1.632553,1.665251,1.801721,4.429446,2.2344,5.14375,2.17108,4.634943,1.819125,1.642008,1.632513,1.632513,1.632513,1.623874,20
548,1.46807,1.46807,1.475948,1.646758,3.846502,1.988634,4.58065,1.818637,4.440891,1.521401,1.463291,1.46807,1.46807,1.46807,1.448396,10
549,1.628349,1.645067,1.690292,1.808173,4.620221,2.23116,5.246124,2.104001,4.622406,1.772013,1.626437,1.626437,1.626437,1.626437,1.623684,20
550,1.688202,1.687832,1.72429,1.794781,3.711985,2.094628,4.86266,2.009089,4.496367,1.715592,1.654838,1.650956,1.651724,1.651724,1.649683,20
551,1.888041,1.902438,2.049519,2.227972,4.994861,2.50674,5.523455,2.396516,5.056362,2.104481,1.898843,1.885892,1.885892,1.885892,1.885401,20
552,1.55765,1.587297,1.59911,1.632523,4.267085,1.905764,4.698788,1.896268,4.466321,1.644585,1.527102,1.519767,1.510019,1.510019,1.510019,30
553,1.668239,1.654194,1.7543,1.829428,4.964839,2.343549,5.035568,2.026792,4.803031,1.812027,1.640596,1.640596,1.640596,1.640596,1.624527,20
554,1.66616,1.68442,1.709027,1.916109,4.977184,2.118245,5.138408,2.066296,4.841884,1.803221,1.632122,1.637575,1.636461,1.631879,1.622066,40
555,1.810745,1.821365,1.917614,2.003978,4.728877,2.35729,5.201788,2.431492,4.932453,2.011143,1.809246,1.810745,1.810745,1.810745,1.789145,10
556,1.610059,1.667881,1.670573,1.720767,4.471359,2.212116,4.86966,1.938005,4.477875,1.698866,1.603701,1.603589,1.603701,1.599354,1.592915,40
557,1.481019,1.511346,1.52967,1.573768,4.464641,1.873919,4.766932,1.766622,4.357819,1.55888,1.467703,1.454272,1.461792,1.461792,1.440877,20
558,1.705059,1.734345,1.780381,1.872945,4.910068,2.19028,5.317029,2.141834,4.876836,1.8759,1.716893,1.696213,1.696213,1.696213,1.688301,20
559,1.566659,1.599102,1.652743,1.705628,3.985297,1.969644,4.676178,2.025568,4.276923,1.731715,1.553057,1.550263,1.550263,1.550263,1.547929,20
560,1.729269,1.753629,1.791675,1.943701,4.547226,2.279753,5.093624,2.174604,4.507127,1.918626,1.707363,1.700121,1.700121,1.711789,1.67947,20
561,1.688246,1.688246,1.740463,1.860936,4.787836,2.303298,4.95714,2.055654,4.496673,1.86119,1.681992,1.6759,1.671482,1.671482,1.663557,30
562,1.640818,1.688376,1.753207,1.752519,4.983764,2.153415,5.200246,1.839001,4.840872,1.730838,1.611393,1.608745,1.608745,1.611393,1.601935,20
563,1.546799,1.558113,1.577365,1.681536,4.633959,1.914014,4.876226,1.779716,4.187048,1.617624,1.50471,1.506858,1.506858,1.500639,1.495264,40
564,1.547544,1.547544,1.640942,1.697011,4.128898,1.994963,4.619749,1.941432,4.417238,1.700158,1.565294,1.550242,1.535993,1.535993,1.53093,30
565,1.734135,1.738577,1.739016,1.767214,5.062612,2.159778,5.234509,2.149575,4.920236,1.825263,1.713294,1.707456,1.707456,1.706775,1.706775,40
566,1.797573,1.790041,1.896112,2.021682,5.073491,2.335187,5.541466,2.234138,4.804162,1.940696,1.770852,1.760127,1.761439,1.760127,1.744943,20
567,1.285672,1.316119,1.366272,1.444992,3.729176,1.668366,4.466339,1.487252,4.064653,1.378583,1.274287,1.275531,1.275531,1.275531,1.26392,10
568,1.503153,1.542009,1.557576,1.578192,3.908462,1.808847,4.327804,1.844644,4.111969,1.610011,1.519244,1.503153,1.504954,1.504954,1.49242,20
569,1.624588,1.634387,1.722821,1.800712,4.654035,2.117847,4.922229,2.036286,4.502977,1.827914,1.609183,1.60014,1.60014,1.60014,1.60014,20
570,1.612156,1.638747,1.711287,1.81905,4.465632,2.330197,4.863274,2.206015,4.439652,1.833693,1.60527,1.60527,1.60527,1.60527,1.595157,20
571,1.600847,1.592846,1.603844,1.835626,4.229892,2.278268,4.751013,2.012649,4.516602,1.715327,1.56897,1.563336,1.559946,1.559946,1.557479,30
572,1.458727,1.47291,1.507645,1.612053,4.162339,1.94269,4.460531,1.920454,4.104091,1.580012,1.444259,1.449068,1.444259,1.444259,1.429331,10
573,1.634904,1.691921,1.766242,1.9149,4.485558,2.190102,4.878132,2.030134,4.640084,1.766374,1.636185,1.634497,1.621709,1.621709,1.617695,30
574,1.443397,1.467606,1.492989,1.54919,3.766852,1.775665,4.00564,1.754856,3.810739,1.494112,1.440689,1.439342,1.440689,1.440689,1.433788,20
575,1.45446,1.45446,1.47065,1.477845,3.770558,1.846929,4.416429,1.841475,4.381004,1.561292,1.45081,1.444535,1.444535,1.437149,1.436768,40
576,1.62936,1.63647,1.679994,1.740863,4.845415,2.239217,5.270479,2.188521,4.950646,1.745355,1.639676,1.648436,1.625509,1.618843,1.591076,40
577,1.672848,1.724113,1.799808,1.876432,4.90909,2.284027,5.071639,2.121516,4.39143,1.875417,1.653679,1.643242,1.641192,1.641192,1.63529,30
578,2.094702,2.091671,2.149225,2.223333,5.522181,2.621815,5.748525,2.664495,5.630117,2.228142,2.043775,2.043775,2.043775,2.043775,2.042889,30
579,1.394488,1.403059,1.448173,1.463379,3.814,1.688893,4.31245,1.657921,3.902018,1.536438,1.3815,1.372146,1.372878,1.372878,1.372146,20
580,1.473104,1.493259,1.545454,1.640781,4.068818,1.869619,4.315085,1.831952,3.917273,1.562514,1.431821,1.431821,1.431659,1.431821,1.417152,30
581,1.998848,2.010788,2.073194,2.30819,5.478412,2.542308,5.91016,2.557433,5.283512,2.11045,1.965407,1.962289,1.95127,1.95127,1.9313,40
582,1.418319,1.418319,1.454071,1.562983,4.326615,1.931794,4.675074,1.68016,4.279676,1.521666,1.396923,1.401477,1.396923,1.401477,1.385049,30
583,1.598231,1.591226,1.577978,1.747234,4.011793,2.142855,4.659114,1.986901,4.39081,1.709699,1.553227,1.555774,1.538462,1.538462,1.533652,30
584,1.694033,1.741972,1.787418,1.832887,4.397714,2.101643,4.691559,1.941707,4.456787,1.80394,1.684804,1.692247,1.693842,1.693842,1.673627,10
585,1.435231,1.466024,1.492884,1.568204,4.101415,1.800246,4.274054,1.701591,3.947408,1.471167,1.423762,1.431808,1.428747,1.428512,1.412449,10
586,1.619467,1.635836,1.761845,1.858601,4.412622,2.099714,4.864246,2.045982,4.594874,1.775475,1.576979,1.577306,1.565445,1.565445,1.554527,30
587,1.985227,2.010119,2.072989,2.194538,5.300552,2.682013,5.469374,2.370382,5.096822,2.111681,1.951394,1.942978,1.934928,1.934928,1.921236,40
588,1.281608,1.309161,1.317851,1.430646,3.252581,1.724888,4.201889,1.712046,3.84606,1.474852,1.291778,1.282614,1.282614,1.282614,1.27086,-40
589,1.37353,1.383041,1.424236,1.563446,3.998285,1.753969,4.185546,1.665415,4.120982,1.494927,1.377592,1.354511,1.374402,1.374402,1.350315,20
590,1.282012,1.308021,1.342832,1.435801,3.517855,1.65287,3.816714,1.596471,3.589333,1.429152,1.25008,1.270931,1.278276,1.278352,1.249832,10
591,1.61604,1.625965,1.676967,1.697104,4.494586,2.01229,4.826142,1.884986,4.333274,1.733028,1.590539,1.585007,1.585007,1.590125,1.583546,20
592,1.758262,1.780452,1.782776,1.984333,4.657375,2.401162,5.225691,2.236215,4.901607,1.853114,1.742205,1.731399,1.731399,1.731399,1.728154,20
593,1.4984,1.509705,1.519849,1.611816,4.538837,2.037624,4.605892,1.943022,4.282241,1.548602,1.455112,1.455112,1.437302,1.443491,1.434078,30
594,1.5135,1.546525,1.556397,1.591504,4.291181,1.89216,4.745637,1.87871,4.130437,1.590861,1.515774,1.50011,1.50011,1.50011,1.497317,20
595,1.59594,1.579303,1.60112,1.757776,4.214432,2.010061,4.667519,1.878951,4.228874,1.632661,1.548003,1.548003,1.548003,1.548003,1.546256,20
596,1.77748,1.790833,1.808925,1.953273,4.779032,2.240168,5.265038,2.072682,4.774466,1.911268,1.74376,1.724303,1.720024,1.718709,1.693638,40
597,1.159159,1.185048,1.194575,1.27832,3.109487,1.493558,3.703644,1.391334,3.380235,1.255713,1.153407,1.155026,1.155026,1.155026,1.13434,10
598,1.54437,1.558395,1.552,1.81388,4.560039,2.285342,4.912941,1.823192,4.527096,1.625355,1.502817,1.521782,1.518091,1.518091,1.492467,10
599,1.724943,1.724943,1.796146,1.979482,5.021203,2.170666,5.412914,2.198072,4.919128,1.847757,1.687658,1.676387,1.676387,1.676387,1.648016,20
600,1.690673,1.706003,1.694911,1.913969,4.627355,2.119564,5.110292,2.088233,4.612905,1.766748,1.645458,1.650981,1.645458,1.645458,1.633864,30
601,1.671893,1.692709,1.735938,2.004818,4.766462,2.116984,5.231325,2.060091,4.695441,1.882439,1.672395,1.671893,1.671893,1.671893,1.671893,20
602,1.718937,1.731845,1.742224,1.854601,4.622842,2.149567,4.900985,2.012563,4.626597,1.860238,1.706793,1.71163,1.71163,1.71163,1.695633,10
603,1.53916,1.533314,1.59849,1.721352,4.181103,2.110058,4.645106,1.691462,4.380798,1.716622,1.511488,1.504417,1.501676,1.501676,1.498759,40
604,1.557851,1.57525,1.633499,1.671922,4.335148,1.967648,4.794359,2.002718,4.314502,1.747403,1.570551,1.548473,1.548501,1.551212,1.545762,20
605,1.507999,1.505907,1.549503,1.599063,4.263761,1.845931,4.378575,1.928273,4.106087,1.66279,1.499144,1.478445,1.493918,1.484061,1.469299,20
606,1.794318,1.798492,1.804517,1.940087,4.987919,2.314512,5.278603,2.288615,4.87455,1.861054,1.769686,1.767844,1.774316,1.7697,1.757631,20
607,1.70175,1.717455,1.730815,1.825425,4.556352,2.129112,5.16323,2.059268,4.606668,1.832645,1.653002,1.626237,1.627177,1.627177,1.618813,20
608,1.403542,1.403896,1.402558,1.517903,4.28548,1.878738,4.789324,1.716014,4.296906,1.521508,1.390177,1.390177,1.390177,1.390177,1.385687,20
609,1.658795,1.65774,1.671997,1.75875,3.735547,2.044051,4.309772,1.909024,4.060411,1.822362,1.642507,1.636619,1.629522,1.633715,1.604572,30
610,1.491048,1.493091,1.58617,1.670514,3.767761,1.992149,4.65065,1.74185,4.178803,1.586481,1.493091,1.483434,1.483434,1.483434,1.482823,20
611,1.497434,1.497434,1.517706,1.585259,3.572773,1.849218,4.824322,1.657553,4.446156,1.570638,1.495017,1.501081,1.507687,1.495017,1.491427,10
612,1.4907,1.515373,1.52205,1.618692,3.519272,2.022956,4.557322,2.028432,4.304088,1.565735,1.47387,1.47387,1.48289,1.48289,1.469527,20
613,1.381367,1.417429,1.434052,1.54156,4.065337,1.847854,4.342625,1.587635,4.002354,1.521121,1.356636,1.356865,1.356865,1.356865,1.339552,10
614,1.816814,1.818587,1.858232,1.927704,4.90276,2.399288,5.248641,2.154974,5.147315,1.893266,1.762646,1.730832,1.729397,1.729397,1.723284,30
615,1.347067,1.364541,1.397068,1.45114,3.462881,1.775198,4.739057,1.560864,3.800204,1.423326,1.316688,1.315261,1.315261,1.315261,1.314516,20
616,1.687735,1.715955,1.729294,1.816299,4.931436,2.327133,5.09356,2.033296,4.486786,1.81706,1.692196,1.662426,1.667651,1.667651,1.662426,20
617,1.722317,1.748659,1.783174,1.870657,4.593444,2.179595,4.976533,2.117548,4.602248,1.848945,1.681392,1.677234,1.677234,1.677234,1.670011,20
618,1.519885,1.519885,1.550343,1.650629,4.259808,2.104843,4.46046,1.821833,4.274994,1.591889,1.503587,1.503587,1.503587,1.50612,1.503587,20
619,1.60566,1.62982,1.659266,1.904975,4.523209,2.377317,5.024802,2.085581,4.592571,1.722329,1.564534,1.56987,1.564534,1.56987,1.556656,10
620,1.592722,1.611287,1.604317,1.658776,4.253025,2.021625,5.208738,1.883979,4.43029,1.685162,1.532799,1.545982,1.528672,1.528672,1.514412,30
621,1.572013,1.571524,1.614882,1.684501,3.66682,1.979224,4.389944,1.90247,4.209291,1.685368,1.557959,1.555221,1.555221,1.555221,1.543478,40
622,1.860374,1.876627,1.938277,2.178192,5.04264,2.321125,5.491966,2.378106,4.99451,2.055368,1.812798,1.844804,1.844804,1.844804,1.79558,10
623,1.436493,1.475261,1.505604,1.573474,3.789148,1.879958,4.25477,1.822312,3.977591,1.509483,1.419446,1.419446,1.418091,1.418091,1.411068,30
624,1.530799,1.57296,1.601134,1.669244,3.759421,2.073863,4.390404,1.902098,4.253946,1.623114,1.504431,1.504431,1.504431,1.504431,1.504431,20
625,1.685587,1.695303,1.754892,1.932909,4.764616,2.096276,4.866714,1.908101,4.726812,1.756946,1.662943,1.64292,1.64292,1.64206,1.64206,40
626,1.557114,1.568609,1.618776,1.787812,4.149143,2.06991,4.746398,2.082482,4.540894,1.686052,1.545683,1.554147,1.554147,1.554147,1.540621,10
627,1.567615,1.570518,1.582111,1.678444,3.676461,2.41766,5.188554,1.847352,4.339779,1.687749,1.562104,1.557384,1.557384,1.557384,1.557384,20
628,1.396702,1.405397,1.466214,1.576809,4.00142,1.717643,4.4151,1.756596,4.202276,1.562939,1.389745,1.383561,1.383561,1.383561,1.382326,20
629,1.710284,1.755817,1.794993,1.793563,5.024447,2.240248,5.420068,2.004923,4.665157,1.82261,1.710455,1.701892,1.710509,1.710445,1.695561,20
630,1.854815,1.898964,1.923826,2.177066,5.03494,2.269534,5.327421,2.372408,4.9254,2.067136,1.862255,1.848062,1.854012,1.85251,1.842943,20
631,1.5809,1.63191,1.675559,1.893165,4.821068,2.177864,4.840086,2.064341,4.613932,1.735455,1.59435,1.61865,1.617816,1.617816,1.557885,-40
632,1.465857,1.482945,1.536851,1.618207,3.969356,1.82533,4.637225,1.736211,4.23049,1.56465,1.459507,1.453907,1.453907,1.453907,1.441387,20
633,2.03491,2.024732,2.05963,2.207365,5.523824,2.761635,5.74417,2.307747,5.123951,2.142763,1.952666,1.942674,1.938005,1.940564,1.927035,30
634,1.486638,1.490911,1.523115,1.746049,4.342079,1.982376,4.778363,1.857229,4.610663,1.612404,1.478639,1.477703,1.47362,1.47362,1.459185,30
635,1.622736,1.641416,1.695522,1.766178,4.321068,2.122618,4.456935,1.847964,4.151889,1.790498,1.6183,1.614463,1.614463,1.614463,1.612355,20
636,1.62031,1.636275,1.714727,1.807411,4.286286,2.155236,4.838478,1.940828,4.523222,1.76552,1.611117,1.599162,1.599162,1.599162,1.599162,20
637,1.63434,1.685144,1.752762,1.792619,3.906932,1.97839,5.054953,1.847828,4.966542,1.793456,1.615201,1.614547,1.617756,1.615201,1.607004,20
638,1.562163,1.581409,1.645205,1.730371,4.382928,2.215725,5.075074,1.992307,4.693128,1.65521,1.564934,1.564934,1.564934,1.562163,1.561416,-40
639,1.527628,1.52471,1.531763,1.599858,3.957203,1.864795,4.09382,1.746227,3.786216,1.593213,1.52261,1.513971,1.513971,1.513971,1.50762,30
640,1.631874,1.633884,1.703256,1.850837,4.189196,2.140012,5.138405,1.97462,4.940855,1.692754,1.627132,1.620056,1.620056,1.620056,1.620056,20
641,1.585235,1.603995,1.667803,1.753145,4.140678,1.978523,4.437722,2.042969,4.307495,1.697078,1.609791,1.586384,1.586384,1.586384,1.580046,-40
642,1.825144,1.873618,1.913467,1.995564,4.508086,2.3346,4.618862,2.229941,4.435242,2.041709,1.804865,1.801919,1.803713,1.810197,1.788483,20
643,1.601156,1.624604,1.636011,1.792117,4.378593,2.172867,5.029488,2.10282,4.799298,1.791464,1.597791,1.597791,1.581404,1.607483,1.581237,30
644,1.636488,1.667151,1.697501,1.777456,4.138716,2.160191,4.8893,2.001912,4.590413,1.8306,1.641798,1.607124,1.600771,1.613629,1.592394,30
645,1.558695,1.628217,1.608286,1.710567,4.309076,1.997706,4.799235,1.996419,4.419316,1.774676,1.543545,1.543545,1.543545,1.543545,1.53902,20
646,1.679912,1.698196,1.810507,1.921624,4.719614,2.243416,5.051977,2.016672,4.68494,1.781362,1.646145,1.636676,1.636676,1.636676,1.623835,20
647,1.479347,1.518736,1.577983,1.690661,4.571707,1.798497,4.575502,1.833913,4.382617,1.637,1.494486,1.485234,1.485234,1.485234,1.472904,-40
648,1.685915,1.732169,1.713595,1.847632,4.916864,2.233058,5.232525,2.178566,4.56388,1.794357,1.666009,1.646574,1.646574,1.646574,1.644095,20
649,1.433815,1.457911,1.527269,1.676202,4.523405,2.000361,4.653144,1.768614,4.36823,1.545576,1.453276,1.429755,1.441699,1.441699,1.404315,20
650,1.499602,1.521524,1.542831,1.724939,4.011212,1.992165,4.590254,1.687246,4.043567,1.620355,1.478927,1.488594,1.478927,1.478927,1.472088,40
651,1.827155,1.843137,1.898338,2.071654,4.558188,2.464919,5.351372,2.226244,5.027863,1.984092,1.840934,1.822154,1.822154,1.822154,1.814312,30
652,1.565532,1.58029,1.622657,1.770364,4.160832,2.046377,4.733456,1.958785,4.505399,1.759328,1.58156,1.546484,1.545057,1.545057,1.543281,30
653,1.621644,1.644067,1.669747,1.81629,4.577961,2.065241,4.859688,2.082576,4.402648,1.731554,1.570437,1.564501,1.564501,1.564501,1.56072,20
654,1.524388,1.531403,1.535782,1.627249,4.481386,1.979767,4.713661,1.792239,4.484867,1.660013,1.499009,1.499009,1.500389,1.500389,1.490334,20
655,1.869898,1.899717,1.938537,2.048585,5.160949,2.367186,5.40741,2.220843,5.181717,1.962331,1.872171,1.852906,1.861669,1.861669,1.844514,20
656,1.699521,1.7388,1.809866,1.96735,4.51562,2.396131,4.841579,2.138033,4.636613,1.873341,1.683403,1.693258,1.693258,1.693258,1.680123,10
657,1.648454,1.66606,1.680816,1.752897,4.575312,2.249941,4.919738,2.007253,4.425693,1.706152,1.651491,1.64342,1.645009,1.645009,1.626016,20
658,1.592689,1.63574,1.665276,1.784572,4.795318,2.248665,5.161871,1.764482,4.746624,1.668858,1.581604,1.579587,1.581604,1.583944,1.579587,20
659,1.586551,1.592183,1.614503,1.785015,4.334249,1.965889,4.710592,1.860897,4.401697,1.667369,1.505026,1.489655,1.489655,1.489655,1.47969,20
660,1.498124,1.523979,1.57344,1.706491,4.282162,1.954047,4.484043,1.712139,4.281875,1.593881,1.498124,1.498124,1.498124,1.498124,1.490715,20
661,1.594545,1.610583,1.604759,1.642887,4.045916,2.016811,4.913521,1.860033,4.338529,1.664633,1.571548,1.557464,1.557464,1.554727,1.549015,40
662,1.720448,1.727358,1.793524,1.904108,4.757684,2.280559,5.401279,2.112031,5.248041,1.853036,1.711862,1.711862,1.711862,1.711862,1.695592,20
663,1.461991,1.525141,1.549658,1.614759,4.129343,2.117489,4.545296,1.871409,4.075179,1.583991,1.459895,1.450569,1.450569,1.450569,1.44854,20
664,1.89637,1.906686,1.923995,2.050727,4.961824,2.414051,5.420821,2.30093,5.111875,2.036729,1.885938,1.87491,1.881186,1.881186,1.863044,20
665,1.519771,1.567104,1.666049,1.654687,4.189012,1.937749,4.81359,1.7954,4.446425,1.63308,1.495105,1.495105,1.508527,1.508527,1.492156,20
666,1.624828,1.624828,1.631647,1.809017,4.203306,2.094982,4.621759,1.939072,4.501627,1.696533,1.612637,1.614147,1.614147,1.614147,1.610903,10
667,1.686684,1.714836,1.758818,1.903552,4.50225,2.17788,4.83193,2.165002,4.461569,1.870905,1.663791,1.660458,1.660458,1.661477,1.652219,30
668,1.760973,1.758362,1.807579,1.889461,4.611827,2.28485,4.841227,2.044629,4.64883,1.866013,1.718231,1.711868,1.711261,1.711261,1.699375,30
669,1.564275,1.581271,1.645316,1.738238,4.566336,2.187994,4.627941,2.005788,4.409804,1.670056,1.535318,1.532421,1.541428,1.541428,1.532421,20
670,1.439201,1.45181,1.507238,1.576483,3.407134,1.876653,4.337435,1.71644,4.114869,1.517182,1.443387,1.443567,1.443567,1.439859,1.420723,-40
671,1.679639,1.763129,1.808219,1.927994,4.208258,2.171658,5.241635,2.159575,4.807751,1.846983,1.66513,1.691521,1.691521,1.691521,1.654405,10
672,1.390546,1.390546,1.401506,1.524046,4.273203,1.756777,4.33452,1.67492,4.065392,1.444273,1.3767,1.36393,1.36393,1.36393,1.351509,20
673,1.447819,1.455308,1.494032,1.570813,4.008797,1.831327,4.293779,1.901652,4.081902,1.548888,1.445101,1.435393,1.437481,1.435393,1.428044,20
674,1.415445,1.457289,1.50436,1.602184,4.051447,1.829375,4.417731,1.703021,3.994623,1.526047,1.404605,1.408626,1.408626,1.408626,1.397602,10
675,1.794041,1.839282,1.88177,2.083859,4.659312,2.322915,5.590794,2.240111,5.452441,2.023884,1.779115,1.774645,1.769772,1.769772,1.758014,40
676,1.693216,1.725092,1.754964,1.868586,4.828674,2.070627,5.032721,2.146953,4.751605,1.861443,1.673638,1.676003,1.676003,1.669837,1.659543,40
677,1.57765,1.582654,1.646465,1.692725,4.510738,2.080547,4.694481,2.11365,4.256863,1.673453,1.538381,1.545136,1.531713,1.537966,1.51243,30
678,1.49548,1.49548,1.549881,1.692836,4.03331,1.904897,4.524625,1.83399,3.900097,1.585925,1.493874,1.49548,1.49128,1.49128,1.479942,40
679,1.566996,1.575609,1.579681,1.713621,3.592121,2.033744,5.032318,2.046626,4.494255,1.789864,1.559394,1.559394,1.555901,1.555901,1.555901,30
680,1.601272,1.601272,1.680289,1.707256,4.036579,2.082266,5.430448,1.877933,5.23478,1.731241,1.603395,1.603395,1.590902,1.597856,1.578886,30
681,1.792414,1.826655,1.879232,2.08871,4.668435,2.402608,5.378548,2.29397,5.009137,1.9658,1.753793,1.758953,1.754278,1.754278,1.750418,10
682,1.560225,1.547864,1.532957,1.684959,3.947469,1.992444,4.914592,1.880233,4.677533,1.590358,1.505818,1.514574,1.501967,1.501967,1.501967,30
683,1.50605,1.519122,1.599344,1.680742,4.421428,1.957195,4.62729,1.827617,4.362771,1.589772,1.508584,1.508976,1.510335,1.510335,1.492942,-40
684,1.74844,1.787872,1.899026,1.912624,5.247226,2.462696,5.631582,2.219566,5.149092,1.82167,1.74844,1.747218,1.747218,1.747218,1.747138,20
685,1.749751,1.774683,1.781207,1.889896,4.379934,2.284331,4.726732,2.033245,4.580245,1.845491,1.69254,1.682798,1.691417,1.675012,1.670728,40
686,1.395272,1.43569,1.508883,1.536136,4.01908,1.875722,4.320252,1.555596,3.908273,1.455759,1.367733,1.365195,1.365195,1.365195,1.355056,20
687,1.56431,1.602889,1.63494,1.71137,3.974574,1.960759,4.575416,1.845063,4.245409,1.693409,1.545637,1.533897,1.528657,1.528657,1.51791,30
688,1.633544,1.641899,1.661099,1.671635,4.582864,1.984033,5.158438,2.049099,4.610659,1.728305,1.629957,1.619944,1.619944,1.619944,1.59644,40
689,1.577529,1.593172,1.650365,1.782242,4.348687,2.18636,4.984201,1.996303,4.606669,1.7539,1.577529,1.577529,1.577529,1.577529,1.577074,20
690,1.511308,1.51587,1.551654,1.686946,4.097613,1.969745,4.364907,1.726258,4.08508,1.582661,1.461216,1.460783,1.460783,1.460783,1.460783,20
691,1.607751,1.629377,1.668632,1.691558,3.977992,1.852403,4.654462,1.873232,4.36045,1.62437,1.576855,1.581766,1.573509,1.564565,1.556537,40
692,1.810247,1.847091,1.91966,1.931447,5.316038,2.421854,5.504502,2.299848,5.199484,1.944422,1.796568,1.796871,1.818797,1.796979,1.785885,10
693,1.434011,1.442098,1.500124,1.522436,3.734048,1.807294,4.253236,1.752323,3.890304,1.548683,1.427473,1.423778,1.432059,1.432059,1.414363,20
694,1.517432,1.504522,1.508026,1.618238,4.12517,1.946241,4.30756,1.803,4.367162,1.612311,1.48907,1.48907,1.494478,1.494478,1.472402,20
695,1.585218,1.588035,1.640417,1.782942,4.456986,2.133007,5.357161,2.013302,4.691105,1.613515,1.550415,1.551875,1.547591,1.547591,1.546131,30
696,1.681137,1.706902,1.723731,1.770415,4.717418,2.296832,5.050532,1.993334,4.675887,1.782161,1.666653,1.66376,1.66376,1.66376,1.655806,20
697,1.520521,1.507794,1.531448,1.708745,4.06588,1.946444,4.788471,1.817064,4.507123,1.617315,1.499054,1.495528,1.495986,1.495986,1.491452,20
698,1.607559,1.635472,1.745264,1.805438,4.517073,2.10683,4.908515,2.013859,4.681312,1.731276,1.585642,1.591459,1.586575,1.586575,1.568397,10
699,1.660248,1.663318,1.678081,1.803873,4.443956,2.111511,4.851152,1.924692,4.566878,1.729878,1.651913,1.63032,1.626738,1.626738,1.613135,30
700,1.49217,1.54602,1.648368,1.786298,4.122483,2.031219,4.891073,1.863242,4.592314,1.661131,1.524778,1.513516,1.501917,1.501917,1.485813,-40
701,1.662583,1.6879,1.758684,1.826912,4.735512,2.15038,4.80372,2.032495,4.66222,1.789355,1.655221,1.649247,1.649247,1.643348,1.637063,40
702,1.567434,1.583788,1.609621,1.647863,3.819218,1.923807,4.468989,1.947939,4.329471,1.656298,1.523352,1.531697,1.531697,1.531697,1.519489,10
703,1.304102,1.328086,1.304102,1.427067,3.487925,1.706413,4.012112,1.591831,3.684604,1.411382,1.282459,1.291202,1.295046,1.295046,1.281541,10
704,1.546655,1.574588,1.623546,1.783044,4.482801,2.102887,4.603277,2.125494,4.492501,1.700581,1.526544,1.535429,1.535429,1.535429,1.524926,10
705,1.585897,1.591772,1.640204,1.761307,4.261287,1.918267,4.875548,1.854326,4.573168,1.73485,1.581609,1.576777,1.576777,1.576777,1.558419,20
706,1.380265,1.418332,1.462724,1.525057,4.072445,1.912487,4.620194,1.740397,4.18532,1.472401,1.370293,1.368768,1.368768,1.368768,1.368293,20
707,1.744761,1.777565,1.776132,1.897594,4.821169,2.416583,5.284437,2.19165,4.943634,1.834274,1.737032,1.708512,1.725884,1.725884,1.675637,20
708,1.542437,1.61049,1.664249,1.666476,4.587688,1.982434,4.935789,1.860467,4.680857,1.661735,1.523649,1.523649,1.523649,1.523649,1.521334,20
709,1.533529,1.535656,1.621432,1.668514,4.269718,1.875855,4.459386,2.065351,4.309884,1.676684,1.523191,1.522507,1.522507,1.522507,1.520264,20
710,1.761843,1.770365,1.849487,1.975579,4.940728,2.346202,5.253926,2.165301,5.031276,1.930924,1.761882,1.74968,1.760841,1.750344,1.745643,20
711,1.55571,1.556789,1.651092,1.826362,4.155765,2.117428,4.82566,1.88357,4.31688,1.702825,1.535103,1.535103,1.535103,1.530153,1.530153,40
712,1.537228,1.572529,1.62959,1.693301,4.111016,2.112461,4.716288,1.919088,4.20135,1.752206,1.534112,1.535029,1.53147,1.535029,1.526736,30
713,1.642078,1.642105,1.677622,1.706371,4.367379,1.967282,5.134146,1.916005,4.466516,1.730244,1.620667,1.620667,1.620667,1.620667,1.610192,20
714,1.839069,1.835931,1.917151,2.057037,5.123631,2.306313,5.402927,2.447221,4.856952,1.990234,1.808811,1.802719,1.802719,1.802719,1.789861,30
715,1.270551,1.289026,1.293126,1.470257,3.670068,1.635606,4.233838,1.556426,3.689204,1.426399,1.24185,1.260447,1.260739,1.260739,1.24185,10
716,1.67993,1.707605,1.716954,1.914236,4.544528,2.180612,5.007429,2.079274,4.618166,1.779997,1.633823,1.631917,1.631917,1.63566,1.625655,20
717,1.482443,1.546002,1.64817,1.669157,3.82342,1.837317,4.677709,1.86864,4.06774,1.683663,1.464465,1.481557,1.480423,1.465847,1.457411,10
718,1.545175,1.545175,1.555869,1.662498,3.737774,1.816708,4.603763,1.928162,4.15623,1.637671,1.53739,1.538366,1.538366,1.538366,1.531046,10
719,1.866053,1.887054,1.962964,2.03902,4.894778,2.390119,5.232401,2.219936,5.074401,1.980543,1.825116,1.821252,1.816492,1.816492,1.80634,30
720,1.572488,1.581149,1.65329,1.735081,4.32793,1.974521,4.812531,1.84854,4.776969,1.736111,1.572792,1.568775,1.568775,1.572792,1.564166,20
721,1.748035,1.750818,1.867443,1.996305,4.357252,2.280297,5.31202,2.189302,4.616971,1.908361,1.705721,1.714619,1.714619,1.714619,1.705721,10
722,1.464285,1.474927,1.494135,1.550925,4.017596,1.885539,4.554959,1.906274,4.17308,1.599531,1.445168,1.455574,1.440916,1.440916,1.44002,30
723,1.431901,1.476701,1.507289,1.604779,4.008198,1.792711,4.411338,1.896902,4.170498,1.553529,1.431901,1.431901,1.431901,1.431901,1.430585,20
724,1.341246,1.341246,1.370091,1.478721,3.657435,1.640434,3.934764,1.64668,3.828018,1.411012,1.341246,1.33604,1.33256,1.33256,1.325523,40
725,1.637874,1.654761,1.732643,1.888838,4.097208,2.261302,4.97154,2.025089,4.625583,1.775406,1.607686,1.597,1.586417,1.586417,1.586417,30
726,1.605922,1.623866,1.686565,1.809127,4.537638,2.060043,4.890483,1.987127,4.463264,1.736643,1.595037,1.618746,1.615366,1.601465,1.595037,10
727,1.564255,1.583961,1.602067,1.702892,4.132333,1.987624,4.562901,1.831635,4.296382,1.676277,1.53579,1.526395,1.541194,1.545206,1.522786,20
728,1.469293,1.4817,1.49987,1.737432,4.167245,1.846181,4.475107,1.902535,4.256294,1.589553,1.476774,1.469293,1.469293,1.469293,1.464978,20
729,1.318608,1.34616,1.424102,1.531079,3.209007,1.738503,4.200768,1.545948,3.821472,1.382116,1.293068,1.293068,1.293068,1.293068,1.293068,20
730,1.653846,1.719087,1.723283,1.827797,4.701527,2.286555,4.97104,2.172776,4.743746,1.853527,1.650903,1.640934,1.640934,1.645847,1.63619,20
731,1.606269,1.631058,1.707134,1.759572,4.673444,2.064913,4.893701,1.988501,4.606715,1.825741,1.578949,1.566206,1.566206,1.566206,1.564976,40
732,1.753175,1.799418,1.798265,1.934614,4.482154,2.110065,5.032102,2.176746,4.714574,1.863315,1.702282,1.698201,1.677012,1.677012,1.670944,30
733,1.473902,1.486613,1.486613,1.651849,3.990179,2.017482,4.627546,1.77565,4.270138,1.636238,1.463926,1.463926,1.463926,1.463926,1.462232,10
734,1.507816,1.513792,1.539087,1.645438,4.627688,2.033882,4.886257,1.901039,4.322552,1.592611,1.503671,1.507816,1.503671,1.503671,1.494734,10
735,1.806797,1.805284,1.83029,2.061309,5.222967,2.379199,5.598042,2.388731,5.11415,1.970886,1.832755,1.822555,1.807946,1.807946,1.793377,-30
736,1.574203,1.614252,1.617656,1.748949,4.549376,1.995494,5.311503,2.095735,4.334428,1.627845,1.561922,1.557269,1.569664,1.551902,1.540622,40
737,1.551084,1.597395,1.615304,1.69284,3.967172,1.996943,4.762156,2.039379,4.598311,1.70433,1.547855,1.530479,1.530479,1.530479,1.524639,20
738,1.543324,1.536538,1.65199,1.785212,3.450118,1.996906,4.742796,1.78824,4.419512,1.67164,1.521404,1.51833,1.521292,1.521292,1.500311,20
739,1.645225,1.703625,1.763508,1.8529,4.925805,2.377691,5.025264,2.088919,4.393262,1.781145,1.638592,1.637846,1.622998,1.622998,1.622093,30
740,1.471438,1.473191,1.48141,1.626867,4.748068,1.985538,4.904148,1.72892,4.361036,1.490448,1.446148,1.446148,1.446148,1.446148,1.446148,20
741,1.5673,1.579904,1.657957,1.752261,4.265134,1.991949,4.910948,1.88506,4.253956,1.708702,1.547788,1.533545,1.533545,1.533545,1.52453,20
742,1.502787,1.539863,1.553569,1.620307,3.942465,1.941947,4.85544,1.785314,4.316368,1.598513,1.490129,1.490129,1.490129,1.490129,1.486377,20
743,1.577847,1.577785,1.611554,1.772973,4.093438,2.31518,4.916993,2.053753,4.717602,1.687551,1.567117,1.559607,1.567709,1.567709,1.543676,20
744,1.471229,1.484899,1.500796,1.579912,4.049989,2.025089,4.684377,1.770569,4.28075,1.545744,1.46521,1.441971,1.441971,1.441971,1.437941,20
745,1.562253,1.544738,1.657836,1.736167,4.168674,2.095434,4.569178,1.868536,4.146579,1.672035,1.50245,1.482598,1.482598,1.482598,1.481003,20
746,1.444134,1.444134,1.486757,1.5879,3.913689,1.97658,4.57674,1.753234,4.210981,1.561529,1.432797,1.432797,1.432797,1.432797,1.416885,20
747,1.722063,1.728058,1.737215,1.869418,4.676831,2.105408,5.088569,2.032051,4.712297,1.785043,1.703811,1.697698,1.697698,1.697698,1.680454,20
748,1.541814,1.551283,1.570246,1.696245,4.45003,1.986374,4.926106,1.814805,4.651009,1.676185,1.53362,1.547112,1.536935,1.534479,1.525576,10
749,1.701047,1.71646,1.769388,1.83793,4.742753,2.46925,5.183312,1.958682,4.75547,1.852682,1.694244,1.688529,1.658007,1.658007,1.653724,30
750,1.444728,1.48697,1.54028,1.671371,3.8318,1.965224,3.934795,1.679444,3.773628,1.539366,1.421582,1.421582,1.422094,1.422094,1.41354,20
751,1.505216,1.509695,1.539232,1.604184,3.831035,1.814362,4.686446,1.886681,4.479672,1.61655,1.511123,1.478815,1.478426,1.478426,1.465453,30
752,1.625548,1.654787,1.676177,1.776503,3.754232,2.128957,4.888397,2.041116,4.279373,1.774208,1.617378,1.617378,1.617378,1.617378,1.59857,20
753,1.440352,1.442197,1.494524,1.555076,4.164319,1.917358,4.60378,1.828619,4.31059,1.531649,1.422359,1.422359,1.422359,1.422359,1.419439,30
754,1.72792,1.743012,1.807726,1.951044,4.849942,2.490648,5.197332,2.120506,5.133931,1.897575,1.725381,1.719387,1.719387,1.719387,1.698518,20
755,1.403748,1.417997,1.44993,1.517863,4.156439,1.688348,4.409344,1.721708,4.004643,1.493001,1.385118,1.38416,1.38416,1.38416,1.382246,20
756,1.575803,1.622953,1.794848,1.804354,4.17399,2.014665,5.070738,1.940687,4.80277,1.674479,1.569927,1.568092,1.568092,1.568092,1.555957,20
757,1.526818,1.585369,1.589045,1.698907,3.974483,2.100586,4.961998,1.805016,4.51359,1.612094,1.512834,1.516356,1.516356,1.516356,1.493633,10
758,1.544266,1.555799,1.559941,1.637137,3.50019,1.829436,4.644692,1.795675,4.221249,1.644139,1.537013,1.53349,1.53349,1.535062,1.52934,20
759,1.522687,1.567577,1.636584,1.828799,4.133152,2.019134,4.941142,1.934523,4.431415,1.767074,1.51687,1.51687,1.51687,1.516724,1.512386,40
760,1.61957,1.619951,1.660822,1.779537,3.979069,2.056367,4.590068,2.03203,3.976671,1.761553,1.554962,1.552265,1.552265,1.552265,1.551238,20
761,1.57993,1.621156,1.680246,1.822645,4.140714,2.215094,4.880993,1.898504,4.46971,1.757544,1.575139,1.575139,1.575139,1.570542,1.568955,40
762,1.708589,1.713344,1.800077,1.927217,4.648445,2.196374,4.832579,2.061583,4.629305,1.865183,1.717248,1.719432,1.719532,1.715933,1.706405,-40
763,1.552327,1.567171,1.672122,1.779493,4.31147,2.012827,5.033728,1.92314,4.579509,1.660213,1.516598,1.519743,1.508904,1.508317,1.497865,40
764,1.658487,1.698109,1.728727,1.726707,4.431525,2.118496,5.230379,2.03251,4.726394,1.8109,1.637665,1.608074,1.609504,1.609504,1.59251,20
765,1.441485,1.421875,1.564671,1.632119,4.223182,2.033161,4.573219,1.905266,4.369508,1.566897,1.418481,1.411953,1.411953,1.411953,1.407484,20
766,1.666117,1.676958,1.752086,1.862246,4.092251,2.118012,4.792583,2.030063,4.528285,1.864341,1.666117,1.6557,1.6557,1.6557,1.654798,20
767,1.589062,1.614896,1.634604,1.740733,4.58776,2.137283,4.872905,2.059194,4.460132,1.721756,1.577742,1.587153,1.579764,1.579764,1.554919,10
768,1.535873,1.545739,1.559744,1.693938,3.990057,1.971739,4.268173,1.896299,4.136842,1.689777,1.528746,1.524915,1.520346,1.520346,1.516317,30
769,1.52314,1.535813,1.585017,1.722592,3.58472,2.086036,5.028385,1.985036,4.707392,1.6166,1.508769,1.508576,1.510942,1.514283,1.480419,20
770,1.73742,1.757139,1.776933,1.841883,4.507623,2.249683,5.014722,2.066699,4.797597,1.800046,1.722054,1.722054,1.715034,1.714688,1.705181,40
771,1.74696,1.770673,1.819799,2.006991,4.254026,2.356586,5.412804,2.212955,4.944249,1.934219,1.764796,1.722053,1.722053,1.722053,1.71946,20
772,1.453616,1.488696,1.509912,1.646695,3.65366,1.791364,4.782634,1.763876,4.171493,1.548586,1.453616,1.453616,1.453616,1.453616,1.451863,20
773,1.671105,1.696961,1.815591,1.902053,5.088751,2.275843,5.272076,2.191967,4.851366,1.822724,1.684326,1.657724,1.657724,1.657724,1.650576,30
774,1.493816,1.493816,1.551434,1.664536,4.507106,1.896735,4.785813,1.896057,4.356453,1.70239,1.483509,1.483496,1.483496,1.483496,1.483496,20
775,1.469618,1.518106,1.513933,1.707043,4.209813,1.879583,4.849875,1.722487,4.37655,1.611032,1.473272,1.45804,1.45804,1.45804,1.447374,20
776,1.503094,1.515277,1.540559,1.709427,4.168136,1.925122,4.510373,1.703415,4.249888,1.624668,1.493674,1.493674,1.491242,1.486302,1.482238,40
777,1.603601,1.620471,1.699374,1.678003,4.60917,2.055425,4.812975,1.932834,4.54485,1.705218,1.590253,1.578187,1.595739,1.595739,1.578187,20
778,1.631241,1.611205,1.671781,1.767096,4.354093,2.140014,4.475332,1.97285,4.359652,1.689347,1.605,1.613403,1.627566,1.620449,1.562042,10
779,1.553528,1.572077,1.608873,1.719605,4.335223,1.962551,4.600874,1.900003,4.32386,1.750986,1.555167,1.555167,1.551773,1.551773,1.54869,40
780,1.758011,1.758011,1.870084,1.992203,5.167182,2.462814,5.343878,2.202332,4.788466,1.963827,1.750548,1.750548,1.750548,1.750548,1.749955,10
781,1.451501,1.469334,1.454307,1.597368,4.25963,2.043214,4.305792,1.632108,4.194176,1.524236,1.443764,1.443764,1.439916,1.439916,1.439381,30
782,1.468949,1.5019,1.555271,1.66587,4.561964,1.971059,4.933,1.705689,4.279831,1.618645,1.432152,1.423749,1.417419,1.417419,1.417419,30
783,1.799368,1.838019,1.917562,1.993155,5.30962,2.638872,5.49628,2.356172,5.247082,2.012024,1.799788,1.799368,1.799368,1.799368,1.799368,20
784,1.364232,1.367298,1.402513,1.431119,3.96644,1.647085,4.530736,1.581513,3.986378,1.38729,1.347431,1.345162,1.345162,1.345162,1.333405,20
785,1.452592,1.460739,1.519259,1.615406,4.123661,1.912347,4.60472,1.887044,4.181877,1.560535,1.42918,1.42918,1.42918,1.42918,1.417064,20
786,1.767333,1.806401,1.855804,2.031696,4.677575,2.167851,5.206304,2.202127,4.705241,1.938608,1.75061,1.747545,1.751353,1.740116,1.73595,40
787,1.560967,1.560967,1.619306,1.693886,4.164467,2.072412,4.696096,1.822497,4.37133,1.607792,1.537088,1.541554,1.541554,1.537088,1.534396,10
788,1.684293,1.684293,1.715399,1.846029,4.79522,2.299175,5.057868,2.141588,4.887021,1.693864,1.666015,1.663558,1.663558,1.663558,1.652427,20
789,1.393287,1.401616,1.476605,1.518597,3.935351,1.787598,4.237994,1.842191,4.003859,1.529068,1.399122,1.389838,1.389838,1.389838,1.389542,20
790,1.458544,1.496878,1.513101,1.583512,4.665931,1.929157,4.653191,1.675738,4.506411,1.528817,1.455775,1.447735,1.447735,1.447735,1.445035,30
791,1.336102,1.364834,1.356873,1.34931,3.769426,1.68597,4.43272,1.534352,3.753515,1.437082,1.329985,1.329985,1.341674,1.341674,1.30515,20
792,1.597654,1.636379,1.730777,1.839563,5.049839,2.151165,5.58752,1.892663,4.719402,1.67051,1.605252,1.609172,1.59009,1.59009,1.579076,30
793,1.473161,1.483032,1.502925,1.554402,4.1263,1.756366,4.164916,1.877271,3.862388,1.596061,1.45449,1.46197,1.466175,1.466175,1.451046,10
794,1.864851,1.94744,2.083563,2.242936,5.289186,2.692547,5.502941,2.358281,5.150916,2.106206,1.848098,1.848098,1.848098,1.848098,1.844538,20
795,1.601676,1.624397,1.648559,1.690623,3.778524,2.032904,4.509771,1.965588,4.107438,1.703022,1.576717,1.563898,1.55856,1.55856,1.557474,30
796,1.31944,1.337778,1.378653,1.421438,3.543063,1.636338,4.128147,1.732178,3.91534,1.469171,1.323651,1.319231,1.319231,1.319231,1.311822,20
797,1.57568,1.603015,1.613641,1.724584,4.787571,2.145794,4.922478,1.930497,4.633088,1.733266,1.566861,1.584575,1.583155,1.583155,1.551538,10
798,1.690271,1.727108,1.819951,1.839308,4.735943,2.190187,5.107603,2.194287,4.853517,1.821275,1.677346,1.678469,1.677725,1.677725,1.672504,10
799,1.821431,1.818898,1.895077,2.004837,5.182118,2.315432,5.31185,2.394475,5.106115,1.902522,1.81341,1.802998,1.80192,1.80192,1.781495,30
800,1.583157,1.616126,1.622409,1.715005,4.267167,2.155569,4.616212,1.917542,4.081817,1.685512,1.544911,1.549278,1.549278,1.550046,1.53664,10
801,1.64866,1.697455,1.717603,1.880033,4.252402,2.032167,5.10127,1.914881,4.404067,1.762395,1.632277,1.624684,1.624684,1.624684,1.609416,20
802,1.330799,1.331801,1.415342,1.47628,3.25294,1.695727,3.933592,1.623434,3.695988,1.438998,1.337665,1.32035,1.32035,1.323299,1.316721,30
803,1.609751,1.621522,1.659302,1.704366,4.649057,1.962727,4.724888,1.968193,4.535046,1.746372,1.606851,1.594371,1.594371,1.594371,1.584341,30
804,1.695917,1.774378,1.805983,1.980727,4.0828,2.128361,5.025542,2.08657,4.45586,1.924669,1.682433,1.663274,1.679166,1.675806,1.653144,20
805,1.598006,1.626656,1.630418,1.665579,4.355148,1.893914,4.809082,1.864853,4.627147,1.730317,1.580457,1.581288,1.580457,1.580457,1.574382,10
806,1.659372,1.675632,1.704802,1.808923,4.288974,2.045044,5.103868,2.004108,4.777272,1.718878,1.604035,1.599502,1.59385,1.59385,1.585406,30
807,1.755021,1.798201,1.80046,2.077975,5.098622,2.34179,5.297401,2.128544,4.908242,1.930182,1.739353,1.733123,1.733123,1.733123,1.717713,20
808,1.488788,1.511208,1.500805,1.636138,4.461592,1.995018,4.802024,1.775126,4.311829,1.571373,1.458154,1.458071,1.44972,1.44972,1.441356,30
809,1.522658,1.533117,1.587491,1.621526,4.227227,2.062177,4.490883,1.778952,4.216636,1.565065,1.453991,1.457767,1.457767,1.453991,1.443316,40
810,1.64028,1.639554,1.644445,1.761934,4.263314,2.180712,4.551285,1.967549,4.528918,1.704464,1.617305,1.617305,1.616579,1.616579,1.608666,30
811,1.475708,1.458535,1.613727,1.670859,4.086077,1.935058,4.533903,1.970238,4.055796,1.608261,1.446326,1.415475,1.415475,1.415475,1.396988,30
812,1.353031,1.345049,1.382331,1.421168,3.486864,1.681655,4.272858,1.677547,3.628196,1.379941,1.334961,1.337142,1.341428,1.342898,1.330259,10
813,1.733273,1.76901,1.786141,1.868952,4.853589,2.356005,4.957503,2.080592,4.599829,1.845899,1.732536,1.714415,1.714415,1.721566,1.703314,20
814,1.70147,1.710732,1.71614,1.941316,4.676266,2.118026,4.918286,1.947541,4.847423,1.827994,1.70621,1.705589,1.696603,1.68167,1.681459,40
815,1.664877,1.718835,1.731813,1.924633,4.388282,2.348494,5.558728,2.104486,5.199724,1.87936,1.67048,1.67048,1.67048,1.67048,1.656545,-40
816,1.628091,1.698356,1.713411,1.7955,4.754182,2.13695,5.108857,2.041754,4.515261,1.689484,1.622064,1.603125,1.598111,1.590926,1.582074,40
817,1.801636,1.758949,1.821753,1.933257,4.430696,2.366224,5.208165,2.24246,4.521722,1.855369,1.716784,1.726149,1.726149,1.726149,1.687061,10
818,1.870406,1.914692,1.917496,2.092027,4.902651,2.26387,5.177505,2.268645,4.85912,2.03641,1.893218,1.877023,1.871901,1.870406,1.859661,-40
819,1.605303,1.623708,1.643047,1.755907,4.447071,2.110709,4.935246,1.925617,4.482768,1.674563,1.598512,1.598512,1.598512,1.598512,1.597161,20
820,1.744059,1.77835,1.849122,2.058836,5.153696,2.395301,5.56794,2.063186,4.868931,1.906102,1.697439,1.708405,1.708405,1.701082,1.694192,10
821,1.393631,1.423278,1.549209,1.595574,3.800884,1.919672,4.341838,1.723256,3.983875,1.528074,1.379277,1.391606,1.392464,1.392464,1.356193,10
822,1.487638,1.525232,1.57976,1.627452,4.197048,2.006254,4.707499,1.839526,4.006107,1.660676,1.487638,1.487638,1.487638,1.487638,1.479675,10
823,1.297768,1.312726,1.363088,1.434743,3.72282,1.70593,4.225866,1.561195,3.980447,1.378191,1.303,1.303,1.299681,1.299532,1.286358,-40
824,1.525975,1.557067,1.57886,1.674117,3.764649,1.947412,4.816145,1.843406,4.412401,1.656051,1.522923,1.510497,1.510497,1.510497,1.508145,20
825,1.437704,1.431486,1.49073,1.559131,4.082768,1.791131,4.466034,1.722298,4.263961,1.481788,1.400897,1.413676,1.400897,1.400897,1.394763,10
826,1.761208,1.768753,1.784289,1.945037,4.784894,2.153408,5.155407,2.119731,4.708618,1.978577,1.746146,1.729875,1.729875,1.729875,1.729875,20
827,1.574665,1.61574,1.614836,1.721125,4.24633,1.93872,4.785871,2.045296,4.461138,1.706296,1.565334,1.557417,1.565334,1.564771,1.55324,20
828,1.657151,1.725357,1.788617,1.943889,4.886935,2.238609,5.234348,2.120519,4.944494,1.823002,1.677886,1.640576,1.640576,1.640576,1.627497,20
829,1.474927,1.481687,1.524985,1.618841,3.946374,1.889123,4.393142,1.699055,4.274645,1.565706,1.442269,1.432128,1.432128,1.432128,1.432128,20
830,1.729329,1.736314,1.803986,1.947282,4.711009,2.243247,4.903012,2.100273,4.65053,1.865557,1.717773,1.717699,1.717773,1.717773,1.714015,20
831,1.506236,1.526183,1.598895,1.639291,3.588797,1.772621,4.35737,1.860662,4.062727,1.615955,1.473437,1.472991,1.472991,1.472991,1.462112,20
832,1.626293,1.651511,1.683085,1.748867,4.543978,2.40929,5.295627,2.042674,4.791012,1.741049,1.600632,1.600632,1.590407,1.590407,1.583782,30
833,1.797061,1.829752,1.908525,1.950513,5.384827,2.509665,5.449206,2.180088,5.21383,1.910033,1.799197,1.786373,1.786373,1.786373,1.78317,20
834,1.596596,1.58101,1.591384,1.841649,4.559319,2.16623,4.664854,1.888286,4.455196,1.741027,1.59239,1.591974,1.573323,1.577539,1.567499,30
835,1.368422,1.387564,1.475563,1.53775,3.489873,1.794711,4.163047,1.72628,3.840019,1.490124,1.320284,1.307198,1.307198,1.307198,1.297654,30
836,1.601579,1.589257,1.609685,1.673216,4.084751,2.078674,4.779042,1.88297,4.587823,1.834673,1.550101,1.553475,1.553475,1.553475,1.547709,10
837,1.547691,1.604691,1.636791,1.873737,4.308126,2.130669,4.831826,1.985679,4.752647,1.781809,1.555322,1.540098,1.537372,1.537372,1.527339,30
838,1.57343,1.57343,1.626591,1.774235,4.042358,2.025998,5.008944,2.034777,4.655912,1.692125,1.562529,1.562529,1.562529,1.562529,1.562529,30
839,1.694839,1.716496,1.778985,1.918391,4.350478,2.368094,5.091755,2.204001,4.74472,1.869795,1.698502,1.686389,1.690505,1.688891,1.684929,20
840,1.727733,1.728035,1.798785,1.897631,5.036837,2.434899,5.287759,2.081495,4.71961,1.831561,1.72339,1.712347,1.72339,1.72339,1.698994,20
841,1.411603,1.421212,1.448617,1.520526,3.67731,1.817407,4.219792,1.648758,3.867123,1.506489,1.378777,1.379813,1.379813,1.379813,1.378777,10
842,1.705519,1.718153,1.724879,1.95843,4.827101,2.291214,5.153116,1.900202,4.900402,1.803976,1.662811,1.662811,1.663736,1.662811,1.654446,40
843,1.550658,1.647711,1.647124,1.755423,3.978696,1.914762,4.875042,1.843594,4.558297,1.72842,1.558795,1.53594,1.53594,1.525304,1.522371,40
844,1.435038,1.461559,1.481112,1.591764,4.205353,1.995288,4.679512,1.889319,3.999827,1.638246,1.439495,1.434627,1.434627,1.434627,1.432151,20
845,1.626032,1.630789,1.669631,1.773939,4.366688,2.105849,5.059398,2.183051,4.742426,1.834613,1.595509,1.59861,1.59861,1.589987,1.588649,40
846,1.502627,1.532045,1.57067,1.626012,4.075746,1.805367,4.540186,1.760089,3.917078,1.5753,1.473878,1.464399,1.464228,1.469672,1.45794,30
847,1.778017,1.790594,1.832421,2.011362,4.547169,2.25598,5.164677,2.089355,4.826615,1.902379,1.785636,1.764053,1.756837,1.756837,1.747961,30
848,1.496843,1.521714,1.543765,1.74448,4.235,2.068074,4.963113,1.864258,4.613029,1.609905,1.480066,1.473505,1.473505,1.473505,1.45455,20
849,1.630535,1.63604,1.715131,1.820742,4.047896,2.015256,4.867948,1.996559,4.655846,1.731081,1.63177,1.629501,1.630685,1.630685,1.607003,20
850,1.358749,1.408707,1.455189,1.529925,3.664378,1.677389,4.333598,1.706019,3.944055,1.479691,1.355856,1.352455,1.336376,1.336376,1.336376,30
851,1.787094,1.81874,1.810209,1.981707,5.001935,2.29544,5.3459,2.065624,4.896299,1.908184,1.760836,1.760712,1.749622,1.741662,1.735514,40
852,1.495036,1.484981,1.520025,1.615868,3.891344,1.888725,4.516095,1.747992,3.955937,1.602246,1.446904,1.44149,1.448708,1.450592,1.429544,20
853,1.464105,1.466407,1.50901,1.633541,3.894771,1.789311,4.36468,1.881139,3.946353,1.561105,1.440523,1.453132,1.453132,1.453132,1.43913,10
854,1.596134,1.607648,1.687513,1.718508,4.62746,2.157373,5.096946,2.004635,4.064551,1.729958,1.593536,1.591354,1.594991,1.594991,1.591354,20
855,1.432963,1.437931,1.464389,1.529981,3.848199,1.721533,4.325172,1.660014,3.797739,1.495356,1.417633,1.417633,1.417633,1.417633,1.416852,20
856,1.647952,1.679767,1.730815,1.768913,4.757396,1.996324,4.940435,1.976104,4.467534,1.717631,1.61551,1.627598,1.627598,1.627598,1.609052,10
857,1.546145,1.605238,1.668358,1.76179,4.629548,2.165495,4.7783,1.963879,4.636216,1.748277,1.519069,1.517966,1.517966,1.517966,1.513936,20
858,1.412882,1.434356,1.47065,1.529964,3.95433,1.73594,3.957038,1.635014,3.863434,1.514874,1.41751,1.411738,1.411738,1.411738,1.402539,30
859,1.636954,1.651474,1.635872,1.754606,4.621598,2.069847,4.931366,2.037107,4.580892,1.71658,1.636516,1.644059,1.652491,1.638034,1.62693,-20
860,1.42176,1.43186,1.499594,1.616776,4.077613,2.026711,4.800988,1.823135,4.268366,1.534432,1.409506,1.408721,1.408721,1.408721,1.404406,20
861,1.435084,1.435084,1.514346,1.640835,4.212044,1.857284,4.477692,1.807537,3.907324,1.597962,1.431041,1.417249,1.417249,1.417249,1.417045,20
862,1.70312,1.717089,1.761903,1.840813,4.970478,2.197537,5.43591,2.121938,4.891801,1.773376,1.713686,1.710333,1.695267,1.705868,1.684493,30
863,1.633201,1.633201,1.707348,1.734836,4.778918,2.186245,5.262534,1.947092,4.871524,1.751273,1.619858,1.619858,1.619858,1.619858,1.590502,20
864,1.729618,1.745473,1.889419,1.93222,5.02235,2.297263,5.695726,2.154004,4.842491,1.886547,1.74142,1.71706,1.71706,1.71706,1.716631,20
865,1.404834,1.420538,1.445524,1.611711,4.239614,1.988656,4.587938,1.799629,3.977598,1.539095,1.395485,1.400259,1.396311,1.396311,1.384413,10
866,1.601698,1.607415,1.62125,1.6669,4.140832,1.986473,4.779393,1.890254,4.393549,1.723971,1.615004,1.586134,1.583909,1.583909,1.583909,30
867,1.640288,1.6533,1.668851,1.80922,4.712697,2.110824,5.247648,2.029994,4.99529,1.816366,1.628156,1.615198,1.612226,1.612226,1.610491,30
868,1.741117,1.846833,1.910187,2.137419,4.538641,2.272336,5.07564,2.101433,4.81541,1.846916,1.739614,1.738318,1.7386,1.727013,1.723056,40
869,1.690593,1.688413,1.733286,1.882055,4.120824,2.102281,4.715725,1.98407,4.633809,1.746514,1.668091,1.665515,1.668091,1.668091,1.651566,20
870,1.281297,1.31371,1.324753,1.418283,3.499609,1.514422,3.462855,1.532796,3.312508,1.352032,1.253998,1.263477,1.263313,1.273948,1.251066,10
871,1.610337,1.621085,1.662892,1.71674,4.30979,2.088118,4.953342,2.055183,4.735266,1.686236,1.592124,1.592254,1.592254,1.587086,1.57789,40
872,1.572959,1.58927,1.598941,1.621384,4.209054,1.987406,5.01596,1.885503,4.433396,1.64405,1.572959,1.572959,1.572959,1.572959,1.572718,20
873,1.525061,1.557271,1.598966,1.69287,4.105095,2.021539,5.02885,1.969455,4.523311,1.701996,1.518494,1.521677,1.521677,1.521677,1.514373,10
874,1.440372,1.485611,1.532827,1.617719,4.451806,1.828172,4.662642,1.799052,4.074413,1.563184,1.427794,1.428424,1.428424,1.428424,1.427693,10
875,1.625598,1.625598,1.666567,1.791384,4.624524,2.052632,4.945276,2.01809,4.396695,1.72282,1.624739,1.620436,1.620436,1.620436,1.60789,20
876,1.833944,1.890905,1.965412,2.015307,4.976259,2.272551,5.242144,2.424992,5.08497,1.993631,1.831045,1.837486,1.836578,1.83568,1.824339,10
877,1.677884,1.733408,1.710944,1.778828,4.589342,2.113423,5.045966,2.047133,4.918348,1.788471,1.677884,1.677884,1.677884,1.677884,1.675179,20
878,1.571958,1.616012,1.669201,1.779894,4.687066,1.941338,4.992845,1.974568,4.661303,1.766308,1.556776,1.557286,1.560408,1.560408,1.544725,10
879,1.628265,1.637533,1.670163,1.814044,4.623244,2.124568,5.03563,2.081898,4.464948,1.683255,1.601212,1.601212,1.601212,1.601212,1.59079,20
880,1.739611,1.777476,1.778591,1.896008,5.114788,2.242643,5.260396,2.103077,5.006793,1.848414,1.676281,1.667542,1.662511,1.662248,1.658026,40
881,1.729035,1.742445,1.779025,1.82231,4.696343,2.087402,4.708276,1.992182,4.572292,1.753979,1.700707,1.700707,1.694793,1.694793,1.691462,40
882,1.712131,1.715955,1.799234,1.884317,4.617486,2.242336,5.252284,2.01455,4.794142,1.879455,1.699621,1.699621,1.697416,1.688166,1.686289,40
883,1.551032,1.561163,1.568523,1.675238,4.452661,1.957352,4.853683,1.786068,4.482322,1.704878,1.476139,1.484538,1.485356,1.477189,1.453854,10
884,1.622616,1.678577,1.690913,1.80781,4.616706,2.110571,4.905034,2.146786,4.697391,1.874484,1.615453,1.608019,1.608019,1.608019,1.605295,20
885,1.700989,1.700989,1.755924,1.845052,5.129545,2.145256,5.158628,2.203248,4.921612,1.811824,1.700989,1.700989,1.69184,1.69184,1.688796,30
886,1.528838,1.532016,1.563925,1.704887,4.099818,2.053325,4.599852,1.859086,4.177282,1.635206,1.524506,1.512759,1.512759,1.512759,1.50064,20
887,1.44103,1.457883,1.503583,1.676891,3.913783,1.938324,4.190659,1.759721,4.102952,1.58528,1.429905,1.428604,1.428604,1.427525,1.426519,40
888,1.797054,1.857989,1.912309,1.897086,5.041162,2.216149,5.28159,2.235482,4.632922,1.922307,1.765575,1.76464,1.765575,1.776938,1.763155,20
889,1.846226,1.839083,1.897444,2.06182,5.021348,2.487873,5.365938,2.332639,4.971583,1.921392,1.828794,1.833645,1.833645,1.83597,1.80402,10
890,1.428038,1.473124,1.528044,1.656434,4.193587,2.164138,4.644965,1.727047,4.277219,1.563079,1.41331,1.40471,1.40471,1.40471,1.40471,20
891,1.665022,1.68247,1.699396,1.847678,3.753103,2.118412,4.597323,2.124866,4.37622,1.76012,1.663313,1.656052,1.656052,1.661157,1.654026,20
892,1.760179,1.776536,1.858352,1.893342,4.980585,2.251138,5.000927,2.33375,4.721336,1.985606,1.751722,1.749188,1.748109,1.74617,1.730256,40
893,1.728308,1.742769,1.873687,1.954668,4.751752,2.341373,5.057848,2.168739,4.884011,1.880325,1.703819,1.69523,1.69523,1.69523,1.69523,20
894,1.455974,1.502174,1.564579,1.615351,3.584756,1.817386,4.713784,1.698679,4.166846,1.594819,1.448435,1.432569,1.43756,1.43756,1.404071,20
895,1.672972,1.662668,1.702743,1.847344,5.010849,2.223182,5.332415,1.973974,4.789607,1.703231,1.639366,1.639366,1.639366,1.639366,1.63674,20
896,1.582529,1.624365,1.706223,1.88925,4.888666,2.101825,5.087841,1.93158,4.846868,1.70458,1.575436,1.573427,1.573427,1.573427,1.564232,20
897,1.678776,1.665872,1.710223,1.876946,4.275706,2.248051,4.750823,1.926656,4.518366,1.727719,1.654537,1.650397,1.650397,1.656053,1.645611,30
898,1.563961,1.580739,1.590087,1.620525,3.909128,2.046197,4.865693,1.954119,4.317612,1.646178,1.542448,1.527603,1.518986,1.518986,1.510387,30
899,1.766483,1.780776,1.843475,1.922681,4.615998,2.294427,4.848343,2.073526,4.68599,1.833311,1.739576,1.749071,1.747632,1.747632,1.731048,10
900,1.542575,1.539108,1.566222,1.680492,3.986586,1.968671,4.606088,1.811491,4.373936,1.678373,1.520808,1.520808,1.520808,1.520808,1.51999,20
901,1.554704,1.574666,1.62206,1.759265,4.346905,2.230643,4.827325,1.948148,4.594407,1.6613,1.558949,1.542373,1.542373,1.542373,1.531686,20
902,1.743807,1.761817,1.873894,1.862368,4.57323,2.166021,5.055935,2.084381,4.815107,1.84821,1.722549,1.723637,1.722084,1.722084,1.712992,30
903,1.544092,1.552033,1.611034,1.675211,4.628098,1.925139,5.189451,1.832145,4.256122,1.62564,1.5369,1.52888,1.527823,1.52888,1.513096,30
904,1.615756,1.645568,1.684893,1.707626,4.198183,1.914308,4.517054,1.916061,4.251012,1.700657,1.574366,1.578663,1.578842,1.583316,1.557704,10
905,1.441996,1.459731,1.501131,1.589834,4.047285,1.939207,4.338127,1.776315,4.192658,1.53611,1.441996,1.453386,1.457717,1.453495,1.426197,-40
906,1.67396,1.685992,1.710985,1.809456,4.452916,2.146451,4.959971,2.163169,4.291853,1.738288,1.648098,1.648098,1.648098,1.647072,1.635722,40
907,1.589277,1.611467,1.646513,1.701699,4.490936,2.032264,5.005348,1.942411,4.757285,1.694052,1.599279,1.582184,1.582184,1.582184,1.582184,30
908,1.36704,1.414519,1.43693,1.575383,3.799495,1.876049,4.369175,1.922245,3.990427,1.531992,1.369711,1.360569,1.360569,1.360569,1.360569,20
909,1.496203,1.498582,1.569631,1.699837,4.21654,1.957905,4.588192,1.850773,4.304399,1.620025,1.462031,1.460337,1.447764,1.447764,1.440625,40
910,1.597236,1.598642,1.628504,1.749559,4.336478,2.157282,4.877292,1.967926,4.693724,1.71731,1.603942,1.588705,1.588879,1.602385,1.567346,20
911,1.792923,1.809783,1.840638,1.994484,5.074496,2.234755,5.080547,2.292205,4.754987,1.932059,1.758243,1.76056,1.750099,1.746374,1.726895,40
912,1.611944,1.641108,1.657076,1.823487,3.853805,2.052266,4.599473,2.075426,4.31024,1.719999,1.562386,1.553398,1.555977,1.555977,1.533594,20
913,1.554874,1.562391,1.62112,1.812619,4.36129,2.132544,4.697857,1.987165,4.12674,1.687737,1.530223,1.530223,1.530223,1.530223,1.524361,20
914,1.702655,1.695397,1.743408,1.973306,4.723516,2.471107,5.116083,2.116819,4.851345,1.862321,1.692211,1.671279,1.66705,1.678748,1.646748,30
915,1.427457,1.445281,1.427755,1.488685,4.141114,1.931319,4.604874,1.663804,4.134448,1.515567,1.399975,1.386306,1.391567,1.386306,1.383594,20
916,1.557871,1.56967,1.708577,1.82273,4.434682,2.230539,4.824976,2.020978,4.456471,1.703532,1.542931,1.546971,1.546971,1.551152,1.540048,10
917,1.717341,1.7726,1.840455,1.922719,4.498204,2.18638,4.958488,2.067984,4.526701,1.883278,1.718915,1.703899,1.702364,1.702364,1.693799,30
918,1.761924,1.771379,1.779183,1.827275,4.659828,2.238561,5.122242,2.158635,4.915858,1.863496,1.750695,1.734001,1.734001,1.734001,1.722444,20
919,1.374707,1.374707,1.425784,1.531862,4.620877,1.751083,4.759797,1.65519,4.292506,1.434787,1.369511,1.371227,1.371227,1.371227,1.364441,10
920,1.653859,1.670287,1.69423,1.834816,4.867346,2.269887,5.325457,1.905349,4.623182,1.710223,1.603589,1.607693,1.607693,1.607693,1.59304,10
921,1.687127,1.682964,1.729595,1.755525,3.958982,2.17927,5.11022,2.002562,4.606988,1.79228,1.674298,1.670295,1.670295,1.670295,1.642075,30
922,1.521033,1.566817,1.618508,1.664116,3.992772,1.857765,4.357496,1.861589,4.10452,1.654076,1.507775,1.50969,1.507775,1.507775,1.501634,10
923,1.724225,1.739184,1.799399,1.997668,4.672327,2.285982,5.103153,2.223432,4.611422,1.828238,1.728879,1.726714,1.726714,1.714986,1.698655,40
924,1.522208,1.515951,1.56343,1.604662,3.632298,1.673423,4.195752,1.811543,3.953079,1.630196,1.484248,1.482428,1.482428,1.480269,1.474082,40
925,1.738197,1.771548,1.805333,1.836857,4.344758,2.076487,4.93768,2.044021,4.717845,1.84939,1.68697,1.685902,1.680303,1.680303,1.667383,30
926,1.723476,1.720574,1.743402,1.86209,4.451512,2.080217,4.947372,2.022899,4.598438,1.788876,1.675253,1.675253,1.675253,1.675253,1.667499,20
927,1.34185,1.360163,1.375121,1.437058,3.413767,1.653256,3.8008,1.594079,3.767952,1.399099,1.307031,1.307031,1.307031,1.307031,1.299205,20
928,1.554583,1.545869,1.617116,1.717628,4.120366,2.023756,4.600698,1.916709,4.270321,1.640931,1.538611,1.538611,1.538643,1.541665,1.525567,20
929,1.649314,1.66033,1.741871,1.879637,4.36769,2.181015,4.620456,2.045909,4.502798,1.816229,1.658113,1.663026,1.647006,1.647006,1.645801,30
930,1.771981,1.776849,1.825401,2.057778,4.84936,2.32072,5.193364,2.322762,4.806632,1.878723,1.744481,1.742755,1.742755,1.742755,1.740001,30
931,1.537372,1.560909,1.600678,1.82098,4.52579,2.073165,4.862816,1.867426,4.428962,1.678963,1.544634,1.514727,1.514727,1.514727,1.514727,20
932,1.508768,1.526405,1.523352,1.624302,4.225672,2.068916,4.530707,1.777193,4.14426,1.583875,1.513047,1.491826,1.508092,1.501588,1.491826,20
933,1.811088,1.826034,1.899089,2.081672,5.155708,2.464197,5.730895,2.352356,5.302658,1.983699,1.751827,1.751827,1.751827,1.751827,1.749977,30
934,1.529578,1.580519,1.561443,1.673571,4.083079,1.902588,4.625636,1.962637,4.414123,1.642964,1.501306,1.501306,1.501306,1.514291,1.500357,20
935,1.415078,1.443289,1.477364,1.556619,4.023635,1.91272,4.541562,1.69416,4.218622,1.545835,1.415078,1.415078,1.415078,1.415078,1.414692,20
936,1.653703,1.666079,1.690455,1.826801,4.480026,2.135409,4.649047,2.018811,4.32711,1.70803,1.662395,1.658971,1.656006,1.656006,1.646233,-40
937,1.825546,1.819706,1.844042,2.016562,5.112533,2.490617,5.321186,2.36937,5.159375,1.988059,1.794614,1.785636,1.766777,1.766777,1.76494,30
938,1.612681,1.628223,1.685737,1.951761,4.762882,2.054003,4.846951,1.997582,4.475892,1.789426,1.624134,1.612681,1.597411,1.60058,1.591667,30
939,1.736077,1.736317,1.762045,1.900194,4.653591,2.350008,5.461953,2.108881,5.117822,1.758173,1.725867,1.714307,1.714307,1.714307,1.709177,20
940,1.556752,1.58394,1.619231,1.794948,4.67383,1.931633,4.938471,1.812667,4.766686,1.648343,1.54891,1.5432,1.5432,1.5432,1.535871,20
941,1.682202,1.689752,1.801686,1.953044,4.659765,2.351397,5.129582,2.216289,4.904976,1.996223,1.682202,1.682202,1.679588,1.679588,1.673951,40
942,1.618205,1.644963,1.721037,1.766227,4.062951,2.132376,4.496778,1.985361,4.509115,1.847552,1.612781,1.609574,1.605807,1.604531,1.601363,40
943,1.390209,1.400503,1.433172,1.642035,3.774172,1.951394,4.378963,1.796492,3.863037,1.508824,1.385325,1.376319,1.376319,1.376319,1.375515,20
944,1.693594,1.715223,1.792749,1.914976,4.447628,2.115458,5.30654,2.152332,4.796986,1.843694,1.683432,1.671459,1.679783,1.679783,1.650576,20
945,1.507093,1.536745,1.575328,1.703128,4.63798,2.038853,4.767641,1.889754,4.420444,1.641853,1.493243,1.497774,1.491539,1.499371,1.480583,30
946,1.700422,1.719016,1.821038,1.852158,4.865092,2.297984,5.393244,2.272557,5.137056,1.92038,1.712963,1.695425,1.692267,1.692267,1.692267,30
947,1.526425,1.526425,1.590432,1.712678,4.264336,1.964412,4.731653,1.763068,4.034786,1.652662,1.518531,1.518531,1.518531,1.518531,1.518531,20
948,1.585193,1.591704,1.596386,1.737132,4.380555,1.985729,4.728534,2.058073,4.212222,1.685155,1.573236,1.578164,1.573236,1.573236,1.571398,10
949,1.481625,1.498849,1.570052,1.644779,4.517605,1.880298,4.594992,1.728536,4.48947,1.531214,1.489236,1.476645,1.476719,1.480195,1.467484,20
950,1.705266,1.706847,1.808529,1.943251,4.865054,1.982784,5.092099,2.168404,4.723422,1.814861,1.692172,1.692172,1.692172,1.692172,1.68957,20
951,1.53532,1.562754,1.577412,1.613267,4.723026,1.990336,5.007497,1.790556,4.739036,1.647758,1.53532,1.53532,1.53532,1.53532,1.53532,20
952,1.631287,1.652544,1.700484,1.799291,4.572884,2.058697,4.839958,1.961396,4.589089,1.793281,1.626505,1.618581,1.618581,1.618581,1.608693,20
953,1.405027,1.442221,1.481863,1.490015,3.903223,1.707184,4.185646,1.699904,3.881773,1.526699,1.420822,1.406157,1.406157,1.406157,1.401394,-40
954,1.54223,1.580307,1.607615,1.746481,4.774354,2.250087,5.025601,2.037047,4.72641,1.62183,1.550299,1.532472,1.532472,1.532472,1.532472,20
955,1.680424,1.736797,1.769558,1.908374,4.795224,2.29054,5.11542,1.95084,4.976966,1.886899,1.664149,1.655795,1.655795,1.655795,1.655795,20
956,1.349742,1.359339,1.419162,1.619653,3.608633,1.898902,4.297655,1.735254,3.933873,1.433415,1.347756,1.347756,1.353965,1.353965,1.341701,20
957,1.484402,1.491087,1.512436,1.580334,3.945931,1.892442,4.60174,1.801738,4.081787,1.633903,1.454161,1.446401,1.445796,1.445796,1.429909,30
958,1.519039,1.524609,1.569638,1.687026,4.185238,2.067945,4.614501,1.883537,4.379822,1.680027,1.519039,1.519039,1.519039,1.519039,1.51043,20
959,1.361398,1.376387,1.431773,1.459854,4.282641,1.763147,4.67435,1.715417,4.100534,1.460915,1.345262,1.345262,1.345262,1.345262,1.34036,20
960,1.498803,1.50837,1.542963,1.709796,4.317491,2.038771,4.658904,1.906132,4.49501,1.600396,1.504729,1.497622,1.497622,1.497622,1.491289,20
961,1.90561,1.913303,1.925954,2.125688,4.90985,2.367969,5.062166,2.434716,4.953776,2.08658,1.92787,1.909685,1.90905,1.90905,1.890926,-40
962,1.551776,1.584899,1.645388,1.772311,4.055058,1.962864,4.310752,1.921727,4.11279,1.694019,1.505349,1.505349,1.505349,1.505349,1.504444,20
963,1.529926,1.54049,1.59711,1.754312,4.255256,1.974288,4.738655,1.863346,4.477196,1.639437,1.525626,1.521721,1.521721,1.521721,1.508499,20
964,1.636496,1.636496,1.756955,1.898656,4.231125,2.170399,4.916821,2.110425,4.504422,1.803074,1.636496,1.636496,1.636496,1.636496,1.634242,20
965,1.55719,1.597595,1.679234,1.733401,4.096778,2.041749,4.693842,1.856157,4.350296,1.670109,1.552064,1.525061,1.525061,1.525061,1.511123,20
966,1.671656,1.637241,1.681815,1.709413,4.535916,2.15012,4.871601,1.951358,4.534327,1.771775,1.64094,1.614542,1.621398,1.631884,1.603041,20
967,1.495482,1.534133,1.55857,1.6911,4.297582,1.724725,4.600243,1.78083,4.168872,1.612253,1.479616,1.486773,1.486773,1.48954,1.478153,10
968,1.544593,1.574318,1.621566,1.764518,3.769497,2.051353,4.557758,2.012935,4.333623,1.763766,1.568114,1.558781,1.54748,1.54748,1.539152,-40
969,1.60712,1.644743,1.702144,1.788897,4.320627,2.168419,4.610144,2.115466,4.632209,1.764285,1.624371,1.596444,1.596444,1.596444,1.580529,20
970,1.713263,1.722458,1.781059,1.906101,5.402868,2.158455,5.493973,2.185196,5.007998,1.874955,1.721932,1.689701,1.689701,1.689701,1.682064,20
971,1.927641,1.909067,1.934155,2.008495,5.170149,2.620707,5.98288,2.441399,5.210367,1.899088,1.852401,1.82951,1.82951,1.82951,1.802387,20
972,1.753591,1.764228,1.899445,1.846005,4.56913,2.355231,5.318537,2.137035,4.941967,1.920839,1.747349,1.748529,1.736304,1.724226,1.723528,40
973,1.505142,1.5039,1.524766,1.708728,4.572793,2.100578,4.98476,1.811195,4.615268,1.668145,1.510921,1.50809,1.50809,1.50809,1.496958,-30
974,1.692668,1.697647,1.738223,1.936937,4.153041,2.144513,5.232612,2.114713,4.840247,1.835225,1.678132,1.675254,1.670802,1.670802,1.670802,30
975,1.366254,1.367963,1.473406,1.60615,3.776385,1.796617,4.260392,1.670607,3.712445,1.468219,1.335876,1.335876,1.335876,1.335876,1.334052,20
976,1.506379,1.526856,1.58396,1.710376,3.867414,2.011004,4.407893,1.812725,4.087699,1.647728,1.498834,1.501669,1.503485,1.494317,1.488626,40
977,1.620923,1.622458,1.661895,1.747409,4.237031,2.146708,4.530196,1.930804,4.316116,1.694254,1.586853,1.598404,1.58641,1.593362,1.570532,30
978,1.728037,1.753138,1.809459,1.920178,4.843126,2.343801,5.387808,1.978525,4.896448,1.848987,1.739404,1.723139,1.705399,1.705399,1.699244,30
979,1.695662,1.707614,1.736299,1.765752,4.511006,2.224379,4.674137,2.085173,4.517348,1.78466,1.67122,1.666174,1.666174,1.666174,1.666174,20
980,1.765238,1.765238,1.875999,2.011613,4.81107,2.290245,5.305531,2.214134,5.171131,1.928239,1.777328,1.777328,1.777328,1.765238,1.757237,-30
981,1.595268,1.655572,1.744469,1.806382,4.293568,2.233494,4.85066,1.84454,4.947592,1.701606,1.566214,1.566214,1.566214,1.566214,1.56042,30
982,1.549653,1.601221,1.631058,1.729631,4.480299,2.131561,4.682563,1.853197,4.397335,1.675607,1.562342,1.534593,1.534593,1.534593,1.530726,20
983,1.669473,1.663374,1.71208,1.810997,4.50434,2.155232,4.705966,2.102989,4.426984,1.779558,1.661129,1.656579,1.656579,1.656579,1.652817,20
984,1.552287,1.572292,1.624278,1.834231,4.377146,2.130408,5.031393,1.899602,4.691414,1.656383,1.547786,1.563368,1.555199,1.548518,1.538518,10
985,1.679791,1.683253,1.678207,1.795204,4.608724,2.107937,4.88991,2.006422,4.653414,1.81965,1.67309,1.650907,1.648099,1.648099,1.642593,30
986,1.345194,1.357393,1.413779,1.542766,3.756982,1.881267,4.050941,1.579869,3.728135,1.441404,1.34413,1.345127,1.345127,1.345127,1.340318,10
987,1.468397,1.475733,1.542001,1.614777,3.96995,1.940057,4.666253,1.893943,4.142589,1.629959,1.474695,1.462001,1.465415,1.448653,1.43042,40
988,1.518316,1.515101,1.564004,1.678507,4.058287,1.848546,4.539331,1.865455,4.299844,1.56499,1.518659,1.522537,1.508058,1.508058,1.490397,30
989,1.420944,1.405053,1.431305,1.544422,3.4681,1.821108,4.515683,1.740542,3.774092,1.552823,1.380642,1.379974,1.379974,1.379974,1.36756,20
990,1.368968,1.356225,1.396052,1.474437,3.681629,1.664169,3.794092,1.606723,3.525105,1.458337,1.340712,1.3405,1.340712,1.340295,1.332376,40
991,1.769919,1.78467,1.80345,1.924465,5.072257,2.261335,5.326396,2.046268,4.929543,1.805756,1.761799,1.75814,1.75814,1.75814,1.748714,30
992,1.577599,1.590847,1.619653,1.805424,4.473464,2.078693,4.826379,2.031438,4.724478,1.658325,1.560386,1.557873,1.557873,1.557873,1.549703,30
993,1.476027,1.49941,1.585099,1.658572,3.640045,1.957579,4.356606,1.800557,4.116807,1.642439,1.479452,1.471038,1.471038,1.471038,1.463693,20
994,1.536769,1.601977,1.607139,1.68349,3.994561,1.997749,4.682909,1.860722,4.51451,1.630125,1.504311,1.504311,1.504311,1.504311,1.49819,20
995,1.343227,1.373551,1.38573,1.509777,3.348696,1.818318,4.482485,1.642688,3.755879,1.468542,1.341375,1.340376,1.340703,1.342228,1.335726,20
996,1.483403,1.540408,1.537472,1.598723,4.198282,1.952091,4.663697,1.883072,4.285816,1.642202,1.464114,1.464884,1.464884,1.464884,1.454899,10
997,1.556875,1.566849,1.669687,1.735344,4.220022,2.11629,4.906641,1.908606,4.170796,1.744304,1.54793,1.542013,1.542013,1.524814,1.512994,40
998,1.575299,1.584374,1.606136,1.723828,4.463188,1.899869,4.915089,1.79768,4.479572,1.714645,1.552299,1.547609,1.547609,1.547609,1.53428,20
999,1.637285,1.653172,1.687739,1.860434,4.491836,2.0914,5.075251,2.078296,4.772812,1.78627,1.614706,1.614706,1.614706,1.614706,1.614706,20
